,"ILLIQ Composite"
1998-04-01,199.85637955917704
1998-04-02,201.62317605455158
1998-04-03,199.869863187473
1998-04-06,201.86746704057174
1998-04-07,197.28660743956794
1998-04-08,197.54109792963249
1998-04-09,197.21605865191916
1998-04-10,197.21605865191916
1998-04-13,197.63919060887488
1998-04-14,198.8632990902513
1998-04-15,199.9647274208409
1998-04-16,200.13222508698829
1998-04-17,199.75527956748783
1998-04-20,200.0547957976383
1998-04-21,199.62294559788063
1998-04-22,199.19275170625565
1998-04-23,200.40415387884784
1998-04-24,201.70464117375337
1998-04-27,206.8200914462361
1998-04-28,207.3978132706317
1998-04-29,207.21936705727975
1998-04-30,209.09433077965426
1998-05-01,210.24547674309176
1998-05-04,211.5668510455631
1998-05-05,211.91008766687906
1998-05-06,216.2554198920568
1998-05-07,217.05437728115234
1998-05-08,217.3103129709906
1998-05-11,214.63260674828794
1998-05-12,212.50131985463892
1998-05-13,210.51595568710405
1998-05-14,207.70732807845783
1998-05-15,208.92242594936565
1998-05-18,209.0520047334345
1998-05-19,206.77230839215738
1998-05-20,207.37277200231927
1998-05-21,209.10284285030758
1998-05-22,209.80156030157448
1998-05-25,209.80156030157448
1998-05-26,214.87870657224443
1998-05-27,211.64485227124587
1998-05-28,209.6083645355231
1998-05-29,213.34293912143644
1998-06-01,215.9449320306864
1998-06-02,212.32388895415718
1998-06-03,215.24127801006958
1998-06-04,215.21709465640774
1998-06-05,218.33100242534834
1998-06-08,218.2921076053987
1998-06-09,216.24239548190366
1998-06-10,215.0741579218125
1998-06-11,219.058620224159
1998-06-12,216.8868190758948
1998-06-15,223.30857881270452
1998-06-16,223.09527628389745
1998-06-17,224.67666759183484
1998-06-18,221.79517651494973
1998-06-19,220.571911254207
1998-06-22,219.49880862378163
1998-06-23,218.8116208132094
1998-06-24,218.63982871340414
1998-06-25,212.6697164341986
1998-06-26,211.93266489677836
1998-06-29,212.32579195530533
1998-06-30,207.27862378304903
1998-07-01,209.36450346483977
1998-07-02,209.5673341149164
1998-07-03,209.5673341149164
1998-07-06,208.57147070234896
1998-07-07,205.41490512783284
1998-07-08,200.241355443547
1998-07-09,199.59323080814065
1998-07-10,198.04463521480525
1998-07-13,194.55969020113622
1998-07-14,192.51277375460677
1998-07-15,192.38031498907148
1998-07-16,185.5391619974132
1998-07-17,183.72433089417675
1998-07-20,183.32288956567064
1998-07-21,188.19090086309868
1998-07-22,186.49124995072788
1998-07-23,191.39025770106002
1998-07-24,187.75449155228566
1998-07-27,183.84020343650153
1998-07-28,187.4497952574139
1998-07-29,189.3474559796803
1998-07-30,190.48718088167706
1998-07-31,196.80143602249166
1998-08-03,198.28337891431127
1998-08-04,207.56792074004895
1998-08-05,203.8309130124534
1998-08-06,204.36395188407812
1998-08-07,205.71717798606252
1998-08-10,206.3160166360583
1998-08-11,208.48100898536697
1998-08-12,211.7397948262215
1998-08-13,212.58602339340365
1998-08-14,214.61745760900266
1998-08-17,217.68452477848044
1998-08-18,220.95820072880028
1998-08-19,219.42162418748146
1998-08-20,219.46962254187972
1998-08-21,218.2368458052523
1998-08-24,211.9316708156245
1998-08-25,210.46463801000687
1998-08-26,209.3649346920323
1998-08-27,215.55982195776187
1998-08-28,218.48339051139362
1998-08-31,239.48486517074517
1998-09-01,235.8781439289237
1998-09-02,237.69459865359937
1998-09-03,231.57122415176346
1998-09-04,236.61636422571289
1998-09-07,236.61636422571289
1998-09-08,246.71938601477746
1998-09-09,247.87937554726153
1998-09-10,255.71603391647616
1998-09-11,258.1243829123481
1998-09-14,260.06814839501465
1998-09-15,257.815251847043
1998-09-16,256.32147745770953
1998-09-17,261.8345734465848
1998-09-18,261.5197231314826
1998-09-21,261.8711341317358
1998-09-22,262.7106523498548
1998-09-23,268.52043445948084
1998-09-24,274.46110131371427
1998-09-25,274.87570644984345
1998-09-28,277.26618735291225
1998-09-29,269.7704979777466
1998-09-30,277.6255996409876
1998-10-01,269.96318408121397
1998-10-02,263.7283267420849
1998-10-05,267.43731418030984
1998-10-06,271.5096526684681
1998-10-07,272.3628756198663
1998-10-08,256.57823659418096
1998-10-09,260.59189264005386
1998-10-12,261.9754297370983
1998-10-13,262.8170507239895
1998-10-14,261.0638080452703
1998-10-15,265.1727534382709
1998-10-16,267.4696408022081
1998-10-19,262.4816839662347
1998-10-20,268.4299958653722
1998-10-21,263.67194993573537
1998-10-22,263.4803716131109
1998-10-23,256.8820472265877
1998-10-26,254.7027835661647
1998-10-27,255.97359392086832
1998-10-28,254.18406467158226
1998-10-29,253.43995766153753
1998-10-30,250.06777131785498
1998-11-02,244.50783726607906
1998-11-03,243.23910017763657
1998-11-04,238.07318079489542
1998-11-05,235.74200370984605
1998-11-06,230.93869817537333
1998-11-09,231.05966394417726
1998-11-10,222.45602440270704
1998-11-11,214.621519494079
1998-11-12,210.55521217386953
1998-11-13,207.71497973497102
1998-11-16,199.89019418259937
1998-11-17,196.14760766629226
1998-11-18,194.1467301599975
1998-11-19,191.55191460598812
1998-11-20,188.97242490560808
1998-11-23,188.04792123789323
1998-11-24,184.3421149364147
1998-11-25,180.69960347716818
1998-11-26,180.69960347716818
1998-11-27,188.39554432511144
1998-11-30,195.22507864541552
1998-12-01,188.90607751934505
1998-12-02,186.71026261700803
1998-12-03,192.27462251595395
1998-12-04,193.66898408853294
1998-12-07,192.7637583625399
1998-12-08,191.7718502556216
1998-12-09,190.37600895942802
1998-12-10,190.90073699859897
1998-12-11,188.77470633365985
1998-12-14,194.8797485364058
1998-12-15,193.27989532897305
1998-12-16,192.72754212313586
1998-12-17,191.74492558775572
1998-12-18,191.12160054830454
1998-12-21,189.79411893496015
1998-12-22,190.70989536570946
1998-12-23,192.44526684447658
1998-12-24,196.79705571429463
1998-12-25,196.79705571429463
1998-12-28,199.15827815395795
1998-12-29,202.17137479108297
1998-12-30,196.28955815217205
1998-12-31,192.93855253982196
1999-01-01,192.93855253982196
1999-01-04,192.44802677806317
1999-01-05,190.88939485140423
1999-01-06,185.48150650474446
1999-01-07,179.65916068731278
1999-01-08,183.54650898972326
1999-01-11,184.23888577702903
1999-01-12,188.65048637963343
1999-01-13,183.37662875388676
1999-01-14,185.49524652822328
1999-01-15,179.77713069331136
1999-01-18,179.77713069331136
1999-01-19,175.1164241149296
1999-01-20,172.26501941323133
1999-01-21,172.23693687162344
1999-01-22,171.38575073372763
1999-01-25,170.8683235817478
1999-01-26,166.5364927591366
1999-01-27,163.20412177044545
1999-01-28,157.35901498471355
1999-01-29,154.25592414927144
1999-02-01,151.99050329700344
1999-02-02,151.53452315540451
1999-02-03,149.65412304847374
1999-02-04,153.3429727207188
1999-02-05,154.06121743585717
1999-02-08,153.22447006370257
1999-02-09,158.67155906949725
1999-02-10,158.19712216731696
1999-02-11,158.3625470100913
1999-02-12,159.2477419192789
1999-02-15,159.2477419192789
1999-02-16,160.2610874574516
1999-02-17,162.1024869207641
1999-02-18,158.9630413952872
1999-02-19,157.6509858197609
1999-02-22,159.58110982701746
1999-02-23,156.78267631884864
1999-02-24,157.81199063666816
1999-02-25,156.48895500058595
1999-02-26,156.20982684568006
1999-03-01,155.44678122855046
1999-03-02,157.25213572955738
1999-03-03,155.2192937372497
1999-03-04,154.8042996721441
1999-03-05,156.89187953279776
1999-03-08,156.49349904211047
1999-03-09,153.47353447597146
1999-03-10,152.9770550626066
1999-03-11,151.28354221884274
1999-03-12,147.3299591930737
1999-03-15,145.13505896731107
1999-03-16,139.4022698634373
1999-03-17,138.01854284845996
1999-03-18,136.10201169251408
1999-03-19,135.80372640799985
1999-03-22,136.48911147984475
1999-03-23,142.79089049075944
1999-03-24,139.84713466966133
1999-03-25,139.86212422432774
1999-03-26,138.35643006182588
1999-03-29,142.63676670074616
1999-03-30,141.65224724553465
1999-03-31,143.2953745259696
1999-04-01,142.67334981073432
1999-04-02,142.67334981073432
1999-04-05,144.64513568323562
1999-04-06,141.7841013177723
1999-04-07,140.51407809673
1999-04-08,139.83043233624466
1999-04-09,139.9147356523351
1999-04-12,143.64776693641002
1999-04-13,146.96614766469582
1999-04-14,155.92760792840488
1999-04-15,157.96845721490075
1999-04-16,160.64431000155517
1999-04-19,167.5006608850005
1999-04-20,166.05910567160163
1999-04-21,166.08003399105644
1999-04-22,162.61777647596742
1999-04-23,157.42418297119997
1999-04-26,157.07767347134688
1999-04-27,157.841152525851
1999-04-28,162.08007827272002
1999-04-29,159.58952427976814
1999-04-30,158.0306315002604
1999-05-03,158.96930344523187
1999-05-04,161.93375061838788
1999-05-05,155.85014245630504
1999-05-06,159.5847595287264
1999-05-07,159.09149816641985
1999-05-10,159.01949935456756
1999-05-11,157.84179269383694
1999-05-12,155.1393177551778
1999-05-13,155.26669867278957
1999-05-14,156.849212648269
1999-05-17,155.2600369323092
1999-05-18,155.46045613264494
1999-05-19,153.89305960695978
1999-05-20,154.51926917999873
1999-05-21,151.8576574128995
1999-05-24,155.41475317736123
1999-05-25,158.60307614959842
1999-05-26,156.62898457034075
1999-05-27,158.38076196428835
1999-05-28,159.31053848582087
1999-05-31,159.31053848582087
1999-06-01,165.46339788374516
1999-06-02,166.10639512231427
1999-06-03,167.0879159714015
1999-06-04,166.94825443245887
1999-06-07,168.42076388992155
1999-06-08,172.3648558985029
1999-06-09,172.60557255314458
1999-06-10,176.233281456766
1999-06-11,178.05740197183755
1999-06-14,181.8212113440328
1999-06-15,181.23770319945393
1999-06-16,178.4456545090047
1999-06-17,177.31937157054435
1999-06-18,176.01347918848057
1999-06-21,174.97399230752396
1999-06-22,175.295417018372
1999-06-23,175.3860387801745
1999-06-24,173.768529720147
1999-06-25,172.8364581337398
1999-06-28,172.27848526664232
1999-06-29,169.68078668784338
1999-06-30,165.49899241680083
1999-07-01,162.63535722480003
1999-07-02,161.66486743600072
1999-07-05,161.66486743600072
1999-07-06,160.12517942019142
1999-07-07,155.34998054637188
1999-07-08,153.02338502970818
1999-07-09,149.53573706355073
1999-07-12,148.92736839543818
1999-07-13,145.57532706798386
1999-07-14,143.7876787995184
1999-07-15,141.14678814936673
1999-07-16,138.25788202321056
1999-07-19,135.57967237669519
1999-07-20,138.44367849533924
1999-07-21,138.12029717521025
1999-07-22,138.65215743941997
1999-07-23,137.2667530768231
1999-07-26,138.97650708440742
1999-07-27,136.19905651309801
1999-07-28,136.5908656678697
1999-07-29,138.36382880566964
1999-07-30,139.29326448175988
1999-08-02,138.55696004286955
1999-08-03,137.37623190483743
1999-08-04,139.25437253731107
1999-08-05,138.6782347729959
1999-08-06,140.84737257178156
1999-08-09,143.42524888187452
1999-08-10,145.8068483902949
1999-08-11,147.06034336918165
1999-08-12,149.91593015462868
1999-08-13,153.08612326427294
1999-08-16,155.0100327464088
1999-08-17,155.19659618433096
1999-08-18,155.77695080978953
1999-08-19,154.48596371074885
1999-08-20,156.2561115312211
1999-08-23,155.99989534313025
1999-08-24,153.56758003832235
1999-08-25,153.03379074723287
1999-08-26,155.61592717167758
1999-08-27,157.666280384243
1999-08-30,160.12902850867945
1999-08-31,159.49014114482821
1999-09-01,158.61926317660703
1999-09-02,159.1696654353467
1999-09-03,163.47739051532128
1999-09-06,163.47739051532128
1999-09-07,166.40568234705586
1999-09-08,166.21155946379542
1999-09-09,164.11274206797245
1999-09-10,162.60026704143502
1999-09-13,163.22420738016186
1999-09-14,161.46266339643765
1999-09-15,159.86291916349003
1999-09-16,156.83000602020567
1999-09-17,155.49378749450992
1999-09-20,155.006063420974
1999-09-21,158.41777782098418
1999-09-22,155.41653040257242
1999-09-23,157.928920598258
1999-09-24,157.68786964129376
1999-09-27,158.5982827138111
1999-09-28,155.69773401188766
1999-09-29,157.54689765651307
1999-09-30,154.03671017372318
1999-10-01,151.8425649028356
1999-10-04,156.24167351061618
1999-10-05,154.33601978537752
1999-10-06,149.560647908958
1999-10-07,146.80834466792592
1999-10-08,146.5974152998709
1999-10-11,150.53487905688985
1999-10-12,154.4091884868965
1999-10-13,158.6129833205907
1999-10-14,156.39464775223394
1999-10-15,161.5391320711848
1999-10-18,162.07809837147911
1999-10-19,162.9129133427016
1999-10-20,161.22413415362954
1999-10-21,158.15623370862687
1999-10-22,159.58662131798502
1999-10-25,157.76237821675892
1999-10-26,157.98146042313587
1999-10-27,159.91554731882874
1999-10-28,162.6189285017723
1999-10-29,158.87255484173673
1999-11-01,155.81114664608586
1999-11-02,157.26261976193578
1999-11-03,151.50106156276087
1999-11-04,149.84357369990227
1999-11-05,146.41518548294943
1999-11-08,146.91500979228869
1999-11-09,145.77593525444084
1999-11-10,143.3809665535408
1999-11-11,140.41090004276083
1999-11-12,136.1439956891005
1999-11-15,137.77696866878904
1999-11-16,133.30235832245887
1999-11-17,133.38031129995798
1999-11-18,130.41125452925138
1999-11-19,125.57535523777462
1999-11-22,124.29138175751592
1999-11-23,124.24105427347791
1999-11-24,123.75034474296402
1999-11-25,123.75034474296402
1999-11-26,129.27892128943589
1999-11-29,127.5104402768153
1999-11-30,127.69588764491922
1999-12-01,126.98719415847569
1999-12-02,125.42212960329083
1999-12-03,126.03536093766628
1999-12-06,126.44816850019998
1999-12-07,128.29040708893302
1999-12-08,127.43315315625128
1999-12-09,125.9364288599215
1999-12-10,125.1590483522829
1999-12-13,124.63270137187017
1999-12-14,125.0936367022312
1999-12-15,122.61046171543954
1999-12-16,122.5186586541437
1999-12-17,120.95605292869243
1999-12-20,120.44457269602783
1999-12-21,119.99912006087693
1999-12-22,121.16085766200523
1999-12-23,122.68604783491794
1999-12-24,122.68604783491794
1999-12-27,124.72521074521867
1999-12-28,125.56886184576702
1999-12-29,124.35149673294129
1999-12-30,123.50116601075233
1999-12-31,127.31785095512521
2000-01-03,127.05804358699179
2000-01-04,133.85598201734115
2000-01-05,134.24890899136636
2000-01-06,137.09113254335008
2000-01-07,136.78499740172313
2000-01-10,137.89983609745346
2000-01-11,139.6884164200875
2000-01-12,140.35645508473004
2000-01-13,140.04413900347112
2000-01-14,137.6743719345523
2000-01-17,137.6743719345523
2000-01-18,137.5398280615109
2000-01-19,137.76940866523086
2000-01-20,138.28337299260764
2000-01-21,137.90341885950303
2000-01-24,141.61721858189995
2000-01-25,139.6993450822763
2000-01-26,141.03869961360493
2000-01-27,138.2037936838595
2000-01-28,139.9219803920803
2000-01-31,135.37858169528596
2000-02-01,133.75080716841794
2000-02-02,130.43438704230553
2000-02-03,126.55532355986874
2000-02-04,121.93071070237069
2000-02-07,121.63026990395866
2000-02-08,118.76065732647442
2000-02-09,119.51694030410653
2000-02-10,117.03220716330895
2000-02-11,119.21997454439963
2000-02-14,118.95180567691965
2000-02-15,118.9827247705726
2000-02-16,119.69648713629336
2000-02-17,118.2014003667551
2000-02-18,122.31691664408655
2000-02-21,122.31691664408655
2000-02-22,122.12115097582632
2000-02-23,120.72626045298887
2000-02-24,118.55924636234191
2000-02-25,120.26056353507096
2000-02-28,119.56624213219537
2000-02-29,120.74804765954092
2000-03-01,117.96659898349958
2000-03-02,115.81877486027369
2000-03-03,113.4060187799244
2000-03-06,115.46359022587278
2000-03-07,117.1557840664624
2000-03-08,115.41151228586826
2000-03-09,113.68662320751288
2000-03-10,113.68689003600366
2000-03-13,114.52847876674181
2000-03-14,116.24620252729338
2000-03-15,118.40503359261832
2000-03-16,120.6524664715546
2000-03-17,119.32694709972087
2000-03-20,119.13342609395983
2000-03-21,117.57950287588369
2000-03-22,114.72392116507044
2000-03-23,114.2954293097435
2000-03-24,113.54987014374542
2000-03-27,113.25587882483899
2000-03-28,113.00225491704637
2000-03-29,114.60778456331471
2000-03-30,117.30784869048247
2000-03-31,116.47528434102006
2000-04-03,121.95479934147528
2000-04-04,120.17872144987273
2000-04-05,118.77219514732307
2000-04-06,118.16531341197029
2000-04-07,117.23439242418398
2000-04-10,119.51943893890358
2000-04-11,120.63005774142108
2000-04-12,125.81103654921245
2000-04-13,126.78398254813825
2000-04-14,131.66043914947377
2000-04-17,127.83511022362678
2000-04-18,128.51375968376067
2000-04-19,131.26335658867353
2000-04-20,132.18506118143875
2000-04-21,132.18506118143875
2000-04-24,135.48653911961404
2000-04-25,136.6952514878446
2000-04-26,138.69513993229924
2000-04-27,137.36167154699268
2000-04-28,138.4806132507312
2000-05-01,139.05283583355447
2000-05-02,141.58970218697456
2000-05-03,143.87347200759726
2000-05-04,142.9532086770143
2000-05-05,143.48675292361537
2000-05-08,147.21380031568987
2000-05-09,143.7494506665759
2000-05-10,147.22340334325244
2000-05-11,145.8913819881925
2000-05-12,145.0298508707769
2000-05-15,145.34926468464138
2000-05-16,143.65570839689843
2000-05-17,138.9654536838914
2000-05-18,135.22387392569414
2000-05-19,136.7143031421918
2000-05-22,136.9378804743816
2000-05-23,139.7936108419994
2000-05-24,136.11036807483717
2000-05-25,135.6833697392558
2000-05-26,135.76257311752164
2000-05-29,135.76257311752164
2000-05-30,138.21974364112006
2000-05-31,139.0039710353756
2000-06-01,139.03321152249816
2000-06-02,140.3726033488126
2000-06-05,139.8172391881816
2000-06-06,140.57858891255884
2000-06-07,138.6365462009035
2000-06-08,136.92531877361813
2000-06-09,139.20803924634262
2000-06-12,139.4450357063397
2000-06-13,136.74381408678303
2000-06-14,136.7277936657738
2000-06-15,134.34748965581198
2000-06-16,133.7539862459209
2000-06-19,132.24556019846295
2000-06-20,131.40219868360944
2000-06-21,128.40138597028854
2000-06-22,130.53517911346904
2000-06-23,130.35385478705064
2000-06-26,129.07306114404713
2000-06-27,128.96733806712808
2000-06-28,127.78027114708861
2000-06-29,124.14534373078561
2000-06-30,123.26895848801074
2000-07-03,130.65409045228787
2000-07-04,130.65409045228787
2000-07-05,130.6645856111597
2000-07-06,124.31925354965927
2000-07-07,122.47069426701111
2000-07-10,123.7127563361214
2000-07-11,123.85485298310351
2000-07-12,122.40106717997196
2000-07-13,120.67377325403307
2000-07-14,118.03626593538172
2000-07-17,116.87667336119499
2000-07-18,117.5831266800009
2000-07-19,119.00629077480197
2000-07-20,117.5649455526332
2000-07-21,119.12434969315242
2000-07-24,120.54633692227223
2000-07-25,119.931377038009
2000-07-26,119.89399905954481
2000-07-27,120.13846099565649
2000-07-28,122.31669604011738
2000-07-31,123.17704896995524
2000-08-01,124.86507897838504
2000-08-02,124.0609620628572
2000-08-03,117.22267426559327
2000-08-04,115.523931249542
2000-08-07,115.02376778386387
2000-08-08,113.53326244674844
2000-08-09,113.37681710442729
2000-08-10,116.0947594097376
2000-08-11,116.04812179163378
2000-08-14,116.06363866056309
2000-08-15,115.92604045026985
2000-08-16,115.63264093985332
2000-08-17,113.96741676834718
2000-08-18,114.16743417353786
2000-08-21,112.1107823361659
2000-08-22,111.11264139464785
2000-08-23,110.22378096615721
2000-08-24,108.54917163117943
2000-08-25,108.75092004100858
2000-08-28,107.23474884107956
2000-08-29,104.90157859343617
2000-08-30,104.47866456173264
2000-08-31,101.67896726672497
2000-09-01,101.29520384989816
2000-09-04,101.29520384989816
2000-09-05,102.6318158612116
2000-09-06,103.2721668611494
2000-09-07,101.35715268842634
2000-09-08,103.21488270966853
2000-09-11,104.93702176686739
2000-09-12,103.86221698716925
2000-09-13,101.95761018637019
2000-09-14,100.6892429717647
2000-09-15,100.57218924081992
2000-09-18,101.72417788142238
2000-09-19,101.94311321047687
2000-09-20,100.72842595324519
2000-09-21,101.95864672118478
2000-09-22,104.54506566445421
2000-09-25,105.04245869581385
2000-09-26,105.23685533920961
2000-09-27,105.41664633631223
2000-09-28,105.21105870069685
2000-09-29,107.74314698982046
2000-10-02,108.209129271337
2000-10-03,108.73271999351266
2000-10-04,108.56051564244558
2000-10-05,108.20986135251103
2000-10-06,108.53065630713081
2000-10-09,110.9687038996445
2000-10-10,111.96733134479716
2000-10-11,111.84213721192167
2000-10-12,113.97753504100314
2000-10-13,116.39725869428727
2000-10-16,118.96854254815649
2000-10-17,119.97151424877353
2000-10-18,120.7183617691256
2000-10-19,119.05316017665618
2000-10-20,120.32434814829597
2000-10-23,120.74281594789431
2000-10-24,121.21522885965308
2000-10-25,124.16751037520885
2000-10-26,123.98972404270901
2000-10-27,124.5451530582771
2000-10-30,130.0639094080648
2000-10-31,129.8629218359842
2000-11-01,129.3161452056049
2000-11-02,129.80174656106362
2000-11-03,129.35585591270674
2000-11-06,129.19335347991466
2000-11-07,128.74084093613214
2000-11-08,127.15004232934157
2000-11-09,124.65265908002807
2000-11-10,127.97766123984293
2000-11-13,128.34921305568685
2000-11-14,124.64446499315152
2000-11-15,122.13488163470127
2000-11-16,122.92322255008534
2000-11-17,123.30457992637525
2000-11-20,123.95357509245481
2000-11-21,122.45284465049225
2000-11-22,125.50165093281977
2000-11-23,125.57556552438746
2000-11-24,132.7415549145327
2000-11-27,132.50627230746846
2000-11-28,132.49496046498336
2000-11-29,133.05351840627202
2000-11-30,132.59107338192473
2000-12-01,139.13354770659407
2000-12-04,140.75843404936896
2000-12-05,141.68896025952355
2000-12-06,142.11689314220072
2000-12-07,142.67931734133617
2000-12-08,145.0878077222226
2000-12-11,145.48839354111922
2000-12-12,145.62953834807854
2000-12-13,145.0373916315701
2000-12-14,144.34810196503997
2000-12-15,143.96681970031256
2000-12-18,146.65342510874856
2000-12-19,148.89827775029306
2000-12-20,152.28457202231144
2000-12-21,151.19992248814597
2000-12-22,152.48974574516237
2000-12-25,152.48974574516237
2000-12-26,152.05440557957573
2000-12-27,145.9484299584103
2000-12-28,144.60429165659752
2000-12-29,144.65305541489374
2001-01-01,144.65305541489374
2001-01-02,148.98764182931484
2001-01-03,149.30616800495747
2001-01-04,143.3713695930094
2001-01-05,146.89294495160854
2001-01-08,144.10043379486638
2001-01-09,142.62640784467692
2001-01-10,142.41512198658063
2001-01-11,141.04767463961687
2001-01-12,140.57083214200196
2001-01-15,140.57083214200196
2001-01-16,140.37481711538157
2001-01-17,139.67343600327757
2001-01-18,136.68208589502126
2001-01-19,135.62690340665895
2001-01-22,135.45539121078298
2001-01-23,134.61668030285085
2001-01-24,129.983531448955
2001-01-25,128.43965769378582
2001-01-26,125.02224322864137
2001-01-29,122.59529653877006
2001-01-30,121.90334531325024
2001-01-31,120.67626920939038
2001-02-01,119.7040474991315
2001-02-02,117.90456216772431
2001-02-05,112.89218387688642
2001-02-06,112.10173924318774
2001-02-07,110.9007398892867
2001-02-08,110.82419358216679
2001-02-09,110.66735385812295
2001-02-12,110.35412442552919
2001-02-13,109.66207251726878
2001-02-14,109.62125776384171
2001-02-15,108.21699442630579
2001-02-16,110.46669915369694
2001-02-19,110.46669915369694
2001-02-20,114.34832949925747
2001-02-21,115.20984792430177
2001-02-22,113.69179290441471
2001-02-23,112.93950749140261
2001-02-26,115.60835627824318
2001-02-27,117.18979921939115
2001-02-28,117.43576604286096
2001-03-01,115.46965097015668
2001-03-02,117.32867481637587
2001-03-05,119.1944563596507
2001-03-06,119.25771122872109
2001-03-07,120.34943791523916
2001-03-08,119.96300655075858
2001-03-09,124.0527308190118
2001-03-12,132.74042399532516
2001-03-13,131.9147371718924
2001-03-14,135.24506819262274
2001-03-15,134.56843888632224
2001-03-16,135.28599674518165
2001-03-19,135.513830258558
2001-03-20,140.43585531591825
2001-03-21,143.41926402814423
2001-03-22,140.34710392161148
2001-03-23,140.1979915434839
2001-03-26,143.1469931269003
2001-03-27,144.4596473038974
2001-03-28,146.25255719352072
2001-03-29,146.70939235410978
2001-03-30,148.60044967211593
2001-04-02,150.1971703702359
2001-04-03,156.74294232758064
2001-04-04,158.01536372314618
2001-04-05,161.0347542129879
2001-04-06,161.00107386567552
2001-04-09,161.99496621963297
2001-04-10,161.07141241831255
2001-04-11,155.52880296021635
2001-04-12,154.10044143039516
2001-04-13,154.10044143039516
2001-04-16,151.912807523994
2001-04-17,151.5776198242637
2001-04-18,152.0840360636549
2001-04-19,150.76886008464706
2001-04-20,146.70576985691042
2001-04-23,145.53778421858215
2001-04-24,145.50589969672706
2001-04-25,144.53692713678018
2001-04-26,142.3828105922669
2001-04-27,140.7129500327192
2001-04-30,138.25803853482896
2001-05-01,137.47300836255096
2001-05-02,136.44432706146662
2001-05-03,135.55176656638528
2001-05-04,131.67587276100556
2001-05-07,129.01305297649864
2001-05-08,123.29613283328668
2001-05-09,120.19486332939366
2001-05-10,119.08795195009974
2001-05-11,116.86763664492658
2001-05-14,115.89356552321807
2001-05-15,113.77289820387654
2001-05-16,114.00204624067864
2001-05-17,112.49144669792128
2001-05-18,109.10483300963712
2001-05-21,108.52635695939328
2001-05-22,107.85192760660888
2001-05-23,107.57590109070746
2001-05-24,105.8889105565606
2001-05-25,105.81314749883828
2001-05-28,105.81314749883828
2001-05-29,106.18636589893394
2001-05-30,106.09877746516433
2001-05-31,104.58463958851856
2001-06-01,103.08983939491506
2001-06-04,103.56848689094309
2001-06-05,102.92087506428173
2001-06-06,102.1872198383481
2001-06-07,102.00883087641857
2001-06-08,103.81358241207612
2001-06-11,105.37544482221695
2001-06-12,103.95116914446874
2001-06-13,104.27291563637287
2001-06-14,105.95430672716545
2001-06-15,104.9167837863375
2001-06-18,103.08323903785094
2001-06-19,102.35239244171593
2001-06-20,103.41417081517712
2001-06-21,102.84115853311943
2001-06-22,104.10492051643382
2001-06-25,104.25669208905158
2001-06-26,104.13178999665865
2001-06-27,103.57753628767023
2001-06-28,103.19934481592396
2001-06-29,102.12510098663175
2001-07-02,103.08588395150008
2001-07-03,104.24860918677713
2001-07-04,104.24860918677713
2001-07-05,106.90173070702345
2001-07-06,111.46198042055431
2001-07-09,110.08589715644878
2001-07-10,113.48579289813974
2001-07-11,112.27171647180026
2001-07-12,113.8565512071412
2001-07-13,114.18191693342222
2001-07-16,116.18161506647847
2001-07-17,114.04666590997131
2001-07-18,116.00923097081935
2001-07-19,116.64573280839778
2001-07-20,117.53352444024603
2001-07-23,121.0226420624264
2001-07-24,122.1017817481754
2001-07-25,122.39490911279495
2001-07-26,122.1525825066109
2001-07-27,122.5483533343924
2001-07-30,123.06598976708742
2001-07-31,122.96483453545407
2001-08-01,123.93266282787432
2001-08-02,122.67093384540686
2001-08-03,118.0500244770028
2001-08-06,119.18217018277574
2001-08-07,115.30266978155515
2001-08-08,116.76613243122104
2001-08-09,114.76627016799203
2001-08-10,113.89654811837543
2001-08-13,111.34754379556071
2001-08-14,111.72534299268801
2001-08-15,115.8003739631704
2001-08-16,115.11665591231929
2001-08-17,118.36181484713988
2001-08-20,120.07724279337657
2001-08-21,122.47327469972964
2001-08-22,119.5839292628014
2001-08-23,118.8846810770904
2001-08-24,120.26850542397833
2001-08-27,121.08593569744905
2001-08-28,124.14656498665994
2001-08-29,125.58465993510166
2001-08-30,126.82464739030942
2001-08-31,126.80292472416635
2001-09-03,126.80292472416635
2001-09-04,127.74050314656857
2001-09-05,126.99148237906412
2001-09-06,129.10032932167567
2001-09-07,130.7136125959975
2001-09-10,127.80897020043406
2001-09-11,127.80897020043406
2001-09-12,127.80897020043406
2001-09-13,127.80897020043406
2001-09-14,127.80897020043406
2001-09-17,133.41260679190887
2001-09-18,134.498311155061
2001-09-19,133.50000083112786
2001-09-20,137.12587860665846
2001-09-21,138.98988136139872
2001-09-24,144.31874995607694
2001-09-25,141.7434156794044
2001-09-26,140.38482893595867
2001-09-27,142.4786217843919
2001-09-28,144.85182690883528
2001-10-01,143.81853370279467
2001-10-02,142.79904741327783
2001-10-03,146.2353561947739
2001-10-04,145.70649079924718
2001-10-05,145.1173266578391
2001-10-08,147.2273276131419
2001-10-09,150.05063812070344
2001-10-10,152.61106117548368
2001-10-11,155.5986893010197
2001-10-12,152.2923293610606
2001-10-15,150.35595275100422
2001-10-16,149.09256266271586
2001-10-17,146.9494724696615
2001-10-18,145.11336915717482
2001-10-19,145.96439554024835
2001-10-22,144.86310164589176
2001-10-23,143.7812525973149
2001-10-24,138.15817362217197
2001-10-25,137.46862445550914
2001-10-26,136.47332455433093
2001-10-29,140.1182583820798
2001-10-30,140.99288642467025
2001-10-31,141.49264153046786
2001-11-01,142.4467252857655
2001-11-02,141.96116972151898
2001-11-05,142.39579643298504
2001-11-06,142.86444890237445
2001-11-07,140.55851819565024
2001-11-08,138.51968963316045
2001-11-09,134.39494649109358
2001-11-12,132.23312244151563
2001-11-13,133.99641092405102
2001-11-14,133.48663068779507
2001-11-15,132.2585380253044
2001-11-16,130.21348743808142
2001-11-19,128.840202674745
2001-11-20,128.77817602744014
2001-11-21,126.2598578559618
2001-11-22,126.2598578559618
2001-11-23,134.9232594080905
2001-11-26,134.2424906270057
2001-11-27,134.4112603320416
2001-11-28,136.47890579062644
2001-11-29,131.74479636399522
2001-11-30,128.6525041002107
2001-12-03,128.49577446709472
2001-12-04,126.61622317328478
2001-12-05,126.43988563606354
2001-12-06,125.21087495953698
2001-12-07,124.10445152558331
2001-12-10,125.81596047580413
2001-12-11,126.03031764884913
2001-12-12,125.12127027359483
2001-12-13,126.23898325140796
2001-12-14,123.42707476758888
2001-12-17,122.40183652548808
2001-12-18,122.74923610608002
2001-12-19,122.7993258453079
2001-12-20,122.19237384988162
2001-12-21,120.8744841587659
2001-12-24,123.49636871052236
2001-12-25,123.49636871052236
2001-12-26,115.61099594083122
2001-12-27,114.70784033062536
2001-12-28,114.95809229082036
2001-12-31,115.71750556143155
2002-01-01,115.71750556143155
2002-01-02,114.48765054487465
2002-01-03,114.74696402347266
2002-01-04,114.01062352663702
2002-01-07,112.46069793356688
2002-01-08,110.35864140831258
2002-01-09,109.61271080349738
2002-01-10,109.1053612130605
2002-01-11,107.58492580637548
2002-01-14,107.05602377647423
2002-01-15,107.04426196231681
2002-01-16,106.97868906481298
2002-01-17,107.06889422033507
2002-01-18,106.63118585025204
2002-01-21,106.6371275950817
2002-01-22,108.07850788568992
2002-01-23,108.69515082960949
2002-01-24,108.83587780815837
2002-01-25,110.61102467027656
2002-01-28,107.743741789438
2002-01-29,111.59282527848649
2002-01-30,110.60335588094863
2002-01-31,111.25034375488852
2002-02-01,110.04310953568363
2002-02-04,114.49751131017483
2002-02-05,113.7169542487157
2002-02-06,114.1702423899654
2002-02-07,114.95146545893071
2002-02-08,116.45210386400348
2002-02-11,118.10724357146525
2002-02-12,118.09257010966799
2002-02-13,118.26618727231248
2002-02-14,117.07149454908287
2002-02-15,118.14355925051707
2002-02-18,118.14355925051707
2002-02-19,120.05000598723102
2002-02-20,120.15063010068802
2002-02-21,122.93615651387424
2002-02-22,123.03791423120423
2002-02-25,122.90401813213066
2002-02-26,123.18274587585314
2002-02-27,122.30406413243526
2002-02-28,121.98710837646516
2002-03-01,121.61289682077467
2002-03-04,122.71077417164689
2002-03-05,122.59073689049154
2002-03-06,122.56748176505589
2002-03-07,118.49222899635956
2002-03-08,117.62731209844515
2002-03-11,116.72367885674646
2002-03-12,115.54712921723237
2002-03-13,113.80805203304456
2002-03-14,111.90431961950019
2002-03-15,111.17009515412191
2002-03-18,109.63772693022565
2002-03-19,109.5088369645796
2002-03-20,111.37518157568489
2002-03-21,109.6905719070162
2002-03-22,106.88806208161778
2002-03-25,108.3170044932925
2002-03-26,107.55330254211002
2002-03-27,105.52091083921377
2002-03-28,105.7160625499941
2002-03-29,105.72050164344533
2002-04-01,106.35941330440086
2002-04-02,108.34710718267677
2002-04-03,105.21651843488958
2002-04-04,104.20880850561886
2002-04-05,104.25662018767063
2002-04-08,103.83462485065282
2002-04-09,106.51833821500384
2002-04-10,108.97727712436308
2002-04-11,112.52499373011739
2002-04-12,114.03623290794239
2002-04-15,116.03695166987049
2002-04-16,118.7700169532807
2002-04-17,118.99377817984261
2002-04-18,119.63410282680488
2002-04-19,121.33220852022725
2002-04-22,122.49638892149358
2002-04-23,122.38008305821371
2002-04-24,124.18407234386446
2002-04-25,121.3263785321536
2002-04-26,122.78599984632538
2002-04-29,124.35879112832616
2002-04-30,126.29714575582301
2002-05-01,125.98249848662927
2002-05-02,126.55444302549421
2002-05-03,128.7633714589233
2002-05-06,135.06894474525623
2002-05-07,134.61728007746845
2002-05-08,137.25781392396883
2002-05-09,140.38309715922205
2002-05-10,143.04935049574655
2002-05-13,143.21042230492338
2002-05-14,143.29603645792295
2002-05-15,142.28755137272378
2002-05-16,140.07261317581023
2002-05-17,138.89420136303343
2002-05-20,143.12514093950043
2002-05-21,145.85024555624352
2002-05-22,144.1723303940506
2002-05-23,144.48642758236107
2002-05-24,148.05699167584353
2002-05-27,148.05699167584353
2002-05-28,150.3966471241831
2002-05-29,149.0397948998356
2002-05-30,147.73630733358902
2002-05-31,147.76587580004562
2002-06-03,154.17396840121467
2002-06-04,154.14224381118393
2002-06-05,153.06750145691524
2002-06-06,154.73833251491672
2002-06-07,156.44559832686392
2002-06-10,152.2337545845755
2002-06-11,154.05542550459333
2002-06-12,151.80814308621612
2002-06-13,150.68898388080302
2002-06-14,147.83751595668852
2002-06-17,153.8260167024497
2002-06-18,152.81710970063182
2002-06-19,155.2078095145992
2002-06-20,155.4679758099717
2002-06-21,156.66222642402866
2002-06-24,154.6435620718747
2002-06-25,156.90453600613694
2002-06-26,153.65547056157808
2002-06-27,153.89210574982965
2002-06-28,154.49403762467526
2002-07-01,162.03078262057386
2002-07-02,164.38984160140802
2002-07-03,159.9192350523221
2002-07-04,159.9192350523221
2002-07-05,182.26422447140868
2002-07-08,184.1276276127508
2002-07-09,189.4557376719504
2002-07-10,197.11507103353176
2002-07-11,195.31031682109804
2002-07-12,193.53449782250556
2002-07-15,192.10463329434873
2002-07-16,194.4459714289172
2002-07-17,196.6899828438483
2002-07-18,197.85294434405517
2002-07-19,205.83841768615605
2002-07-22,211.93178724454873
2002-07-23,215.79780279326428
2002-07-24,218.18527002968048
2002-07-25,222.8282231818674
2002-07-26,223.0124324136457
2002-07-29,234.6663949101658
2002-07-30,232.25795687251534
2002-07-31,230.1757877353583
2002-08-01,236.03266741620885
2002-08-02,239.255884491264
2002-08-05,252.36945804285557
2002-08-06,236.33737528704287
2002-08-07,234.48968123626207
2002-08-08,236.35597366761678
2002-08-09,229.7800344032659
2002-08-12,232.1407009495496
2002-08-13,238.10689668964847
2002-08-14,244.15185532279537
2002-08-15,242.17198121547906
2002-08-16,244.24668125832977
2002-08-19,242.27815049379976
2002-08-20,240.11457998208343
2002-08-21,237.31594437498092
2002-08-22,234.95143349223613
2002-08-23,235.38738378603884
2002-08-26,236.21293352247883
2002-08-27,235.17905765426656
2002-08-28,228.78490383626155
2002-08-29,227.43706044517663
2002-08-30,228.84831862103266
2002-09-02,228.84831862103266
2002-09-03,239.54916082456367
2002-09-04,235.91836462950644
2002-09-05,229.8043816984616
2002-09-06,227.35317261268608
2002-09-09,222.4893353225969
2002-09-10,216.05469085076345
2002-09-11,216.53046732103388
2002-09-12,225.25592659478005
2002-09-13,221.10530306617312
2002-09-16,212.477271392054
2002-09-17,215.15023337822203
2002-09-18,214.16245101097155
2002-09-19,220.35534687244436
2002-09-20,216.56590121932794
2002-09-23,218.24393397716864
2002-09-24,219.5688604063461
2002-09-25,216.64701389760802
2002-09-26,219.86607049967574
2002-09-27,229.1420126523617
2002-09-30,226.98342207617034
2002-10-01,230.1667023333677
2002-10-02,235.1591410338307
2002-10-03,226.23005423909035
2002-10-04,224.56593107719917
2002-10-07,225.3229252837736
2002-10-08,222.61411493757768
2002-10-09,225.83695426863753
2002-10-10,229.51103591323357
2002-10-11,233.60105681478365
2002-10-14,228.38914141494618
2002-10-15,232.37136346161955
2002-10-16,234.95399399390894
2002-10-17,237.2292770509202
2002-10-18,236.78965408103642
2002-10-21,233.15004519141155
2002-10-22,234.70203174877906
2002-10-23,229.79153606175146
2002-10-24,231.18473655134585
2002-10-25,228.9924790190676
2002-10-28,229.98578015415407
2002-10-29,222.7731115294663
2002-10-30,222.45714961035955
2002-10-31,215.04959809542572
2002-11-01,212.45043904698204
2002-11-04,211.15269277188597
2002-11-05,207.21896884186896
2002-11-06,203.63582880089547
2002-11-07,204.0818793418647
2002-11-08,199.01479814640876
2002-11-11,199.07367205097154
2002-11-12,190.52374398961507
2002-11-13,187.10727602796544
2002-11-14,184.1438971501857
2002-11-15,178.92447755967225
2002-11-18,177.1644749631368
2002-11-19,175.50339945096198
2002-11-20,175.59549844300645
2002-11-21,175.26422934679073
2002-11-22,175.40737386297212
2002-11-25,172.20218785717196
2002-11-26,172.57236114687822
2002-11-27,177.036256600135
2002-11-28,177.036256600135
2002-11-29,181.0192311530865
2002-12-02,178.90468221418405
2002-12-03,181.77363923906537
2002-12-04,177.00341366380698
2002-12-05,177.0648023891503
2002-12-06,175.14418716409244
2002-12-09,180.11080126992437
2002-12-10,179.11075332255035
2002-12-11,176.81936146778918
2002-12-12,171.5422015684969
2002-12-13,171.6000071144788
2002-12-16,174.26899540120297
2002-12-17,170.0151505472565
2002-12-18,170.19238705316792
2002-12-19,168.68670460459433
2002-12-20,167.43940470929704
2002-12-23,164.6166382478364
2002-12-24,167.68406738523018
2002-12-25,167.68406738523018
2002-12-26,170.0344711007637
2002-12-27,177.41286304445782
2002-12-30,175.10214250551323
2002-12-31,167.5576987626742
2003-01-01,167.5576987626742
2003-01-02,170.07027254049572
2003-01-03,170.1852521956877
2003-01-06,170.36084665357694
2003-01-07,170.2480508629441
2003-01-08,170.36878545765657
2003-01-09,174.2258997345144
2003-01-10,168.3933329104704
2003-01-13,163.57080872576825
2003-01-14,162.41936604373413
2003-01-15,163.87039629364372
2003-01-16,161.94777832372708
2003-01-17,159.0474175272141
2003-01-20,159.08777427449758
2003-01-21,160.37698282812724
2003-01-22,160.07959374389097
2003-01-23,162.37423136581936
2003-01-24,169.42136258126737
2003-01-27,173.6671131649971
2003-01-28,169.49972686105343
2003-01-29,167.00321366946466
2003-01-30,165.50675919705833
2003-01-31,166.47067400168277
2003-02-03,166.39302581957776
2003-02-04,161.0868820642039
2003-02-05,159.55338507254817
2003-02-06,155.6420314468698
2003-02-07,155.1841021935259
2003-02-10,153.61441321885474
2003-02-11,152.12839488251785
2003-02-12,155.63596422382014
2003-02-13,156.6603804534835
2003-02-14,161.13890980280257
2003-02-17,161.19317578174812
2003-02-18,164.41310028099855
2003-02-19,166.2858223024095
2003-02-20,168.28247168141735
2003-02-21,167.01746864711268
2003-02-24,174.31232007584268
2003-02-25,171.95656645569997
2003-02-26,169.08036282197963
2003-02-27,167.08762442257554
2003-02-28,164.21597109612014
2003-03-03,166.0114271399024
2003-03-04,166.01624557952744
2003-03-05,164.5478020595269
2003-03-06,164.73043190650583
2003-03-07,162.81141133032875
2003-03-10,173.8678095294928
2003-03-11,174.77767898513258
2003-03-12,172.00437295747577
2003-03-13,176.2039513505912
2003-03-14,174.50626627929435
2003-03-17,176.23135050123528
2003-03-18,177.38509072374214
2003-03-19,171.9963815028541
2003-03-20,164.91326666463172
2003-03-21,166.2890433518194
2003-03-24,177.00454661260824
2003-03-25,174.9145120198817
2003-03-26,168.4779995039371
2003-03-27,167.26019438781665
2003-03-28,166.1674329587351
2003-03-31,168.7640363079125
2003-04-01,170.95576257759956
2003-04-02,175.32533692306507
2003-04-03,172.47604967054002
2003-04-04,171.58556200322656
2003-04-07,170.7044338510987
2003-04-08,169.34412047568833
2003-04-09,164.125474903689
2003-04-10,162.89078819393072
2003-04-11,162.81589203096607
2003-04-14,159.68045466778455
2003-04-15,160.67986348967182
2003-04-16,158.27840545303695
2003-04-17,160.78644130736382
2003-04-18,160.78644130736382
2003-04-21,160.52902925233755
2003-04-22,164.5283537954182
2003-04-23,159.15323140354906
2003-04-24,147.5551935800197
2003-04-25,148.14771830512672
2003-04-28,150.528966511188
2003-04-29,149.29609518695656
2003-04-30,147.61244832291294
2003-05-01,143.31711695098795
2003-05-02,142.60253348678677
2003-05-05,136.80586069425394
2003-05-06,135.73285068117266
2003-05-07,134.17013529606643
2003-05-08,136.0881750726256
2003-05-09,138.22088694280973
2003-05-12,136.765858677877
2003-05-13,136.0706140567358
2003-05-14,135.657915339418
2003-05-15,129.94530359134927
2003-05-16,128.84648503110498
2003-05-19,132.77767966732955
2003-05-20,129.676235736582
2003-05-21,128.3761684264452
2003-05-22,124.57595454621281
2003-05-23,124.48694969886354
2003-05-26,124.48694969886354
2003-05-27,125.183105743549
2003-05-28,121.9948593355164
2003-05-29,118.2110856657225
2003-05-30,120.72400969059916
2003-06-02,121.90779129731077
2003-06-03,122.22950813651053
2003-06-04,121.50079406079803
2003-06-05,121.73343111813213
2003-06-06,120.76489748552044
2003-06-09,122.17104395186135
2003-06-10,121.52451456787145
2003-06-11,119.9821606500987
2003-06-12,118.13870734349561
2003-06-13,120.31126925294448
2003-06-16,124.5865882713179
2003-06-17,123.72456547175537
2003-06-18,123.05241576126758
2003-06-19,120.07624741760434
2003-06-20,117.59182269913484
2003-06-23,120.01316461789199
2003-06-24,119.95078912961324
2003-06-25,121.24260296421458
2003-06-26,118.22539702881114
2003-06-27,121.36891964890982
2003-06-30,120.53419013445301
2003-07-01,118.07663905876457
2003-07-02,118.9866850722979
2003-07-03,122.23895787497695
2003-07-04,122.23895787497695
2003-07-07,123.62635832646178
2003-07-08,123.19444328673475
2003-07-09,123.99186177264103
2003-07-10,124.783066724149
2003-07-11,125.10026832283498
2003-07-14,123.27349964305682
2003-07-15,123.41819770489899
2003-07-16,122.08949776696956
2003-07-17,119.00969278683615
2003-07-18,120.96455142113012
2003-07-21,125.8875576122371
2003-07-22,124.4419160563835
2003-07-23,125.5843237973044
2003-07-24,125.84647647210508
2003-07-25,129.60611342239
2003-07-28,129.69032164046405
2003-07-29,129.09632057984555
2003-07-30,126.890229917455
2003-07-31,126.25276379708622
2003-08-01,128.67658162410157
2003-08-04,126.8723267736667
2003-08-05,128.93896570288007
2003-08-06,124.95865348092188
2003-08-07,124.96035283587503
2003-08-08,125.74038911770023
2003-08-11,123.99246349758414
2003-08-12,123.46826641863302
2003-08-13,126.99833237091883
2003-08-14,127.72395072275108
2003-08-15,128.9810997678545
2003-08-18,127.91996126659593
2003-08-19,125.57290379498545
2003-08-20,121.88602408326904
2003-08-21,120.66431536668854
2003-08-22,122.84141164913504
2003-08-25,122.24880950075715
2003-08-26,116.32717273627154
2003-08-27,116.60450889572336
2003-08-28,116.89262430651394
2003-08-29,116.6282581359142
2003-09-01,116.62964345533078
2003-09-02,118.59569543306017
2003-09-03,116.67499198878413
2003-09-04,116.08136730035828
2003-09-05,112.29935899464576
2003-09-08,113.2883316892732
2003-09-09,112.75863771046006
2003-09-10,114.35947612808985
2003-09-11,113.32113366222697
2003-09-12,110.88198319991298
2003-09-15,109.7575516198677
2003-09-16,110.28799432589248
2003-09-17,109.58738180684223
2003-09-18,108.83856948442839
2003-09-19,108.16654944592999
2003-09-22,110.76806708777907
2003-09-23,110.9230967719364
2003-09-24,113.42108052040201
2003-09-25,111.43747929044149
2003-09-26,112.2228934517401
2003-09-29,112.6532478467948
2003-09-30,113.5100557814715
2003-10-01,117.29583385534364
2003-10-02,114.59672421708572
2003-10-03,114.87745562977425
2003-10-06,116.45095346688444
2003-10-07,115.98551085318816
2003-10-08,114.36880250854227
2003-10-09,113.12610966006355
2003-10-10,111.95553139854705
2003-10-13,113.9107191388994
2003-10-14,114.66743440878882
2003-10-15,114.89280416613587
2003-10-16,112.11398360509016
2003-10-17,112.69706927690225
2003-10-20,111.01184904225728
2003-10-21,111.26762672731536
2003-10-22,112.27636320964267
2003-10-23,111.30908017984486
2003-10-24,108.4153554170563
2003-10-27,108.2828954841901
2003-10-28,109.50976399114741
2003-10-29,108.19829036255618
2003-10-30,106.84351351867907
2003-10-31,101.20400988454898
2003-11-03,102.76988394625138
2003-11-04,102.89150581750067
2003-11-05,101.11430808827559
2003-11-06,100.59868674989629
2003-11-07,102.006523795439
2003-11-10,102.83837373076622
2003-11-11,102.32663511451254
2003-11-12,101.73733736319154
2003-11-13,101.58957859268405
2003-11-14,102.91453576987597
2003-11-17,103.02612969510122
2003-11-18,103.54671450887002
2003-11-19,102.81868071048474
2003-11-20,103.97254291469444
2003-11-21,101.02434304656725
2003-11-24,103.22889355568547
2003-11-25,103.64760619068342
2003-11-26,103.20987345817231
2003-11-27,103.20987345817231
2003-11-28,103.7121746187924
2003-12-01,105.35014752934403
2003-12-02,105.09511040448719
2003-12-03,104.37050472897621
2003-12-04,103.1830683181229
2003-12-05,104.0247846847367
2003-12-08,105.81400990421305
2003-12-09,107.15538022565114
2003-12-10,106.25982521910078
2003-12-11,106.65658420418961
2003-12-12,106.11921757351962
2003-12-15,104.32018562361232
2003-12-16,103.71306913371892
2003-12-17,101.98979437858159
2003-12-18,102.91292109962254
2003-12-19,100.37081499663813
2003-12-22,99.5766055530632
2003-12-23,98.39087622419784
2003-12-24,101.94523612523426
2003-12-25,101.94523612523426
2003-12-26,102.8412245435737
2003-12-29,105.72405976157172
2003-12-30,105.0788088856486
2003-12-31,101.11273750343793
2004-01-01,101.12688232503966
2004-01-02,100.18402046755435
2004-01-05,101.60373500596171
2004-01-06,101.57351943160161
2004-01-07,100.24375187459634
2004-01-08,99.22147032218574
2004-01-09,98.73666318379924
2004-01-12,97.67281991644523
2004-01-13,97.5272021896401
2004-01-14,96.64514099337477
2004-01-15,95.60124738096148
2004-01-16,95.049232127802
2004-01-19,95.04666924175774
2004-01-20,95.1762859621283
2004-01-21,95.7465746023907
2004-01-22,94.651504735684
2004-01-23,95.704387990075
2004-01-26,97.00343628256223
2004-01-27,98.15824222453672
2004-01-28,97.13391261918352
2004-01-29,93.1995448442468
2004-01-30,90.31529827342956
2004-02-02,90.20070377011764
2004-02-03,90.62273408374598
2004-02-04,90.3274351109885
2004-02-05,88.99245031571117
2004-02-06,92.17073149784018
2004-02-09,93.23923083468698
2004-02-10,93.59414048344377
2004-02-11,93.38270719109894
2004-02-12,93.48991901162832
2004-02-13,93.01071264480004
2004-02-16,93.01071264480004
2004-02-17,94.63088082023631
2004-02-18,95.57335144902711
2004-02-19,95.73371842915822
2004-02-20,94.39198230439511
2004-02-23,93.81144528397418
2004-02-24,93.19332919768034
2004-02-25,93.08703412394664
2004-02-26,91.1907512456314
2004-02-27,89.80727205169553
2004-03-01,89.73584912602121
2004-03-02,89.09890668672055
2004-03-03,88.55352881440801
2004-03-04,88.59996543366141
2004-03-05,88.99867108816133
2004-03-08,89.97872958933489
2004-03-09,89.36548838754972
2004-03-10,89.83150074968763
2004-03-11,91.3365439893384
2004-03-12,93.6741991606196
2004-03-15,95.286012631964
2004-03-16,94.82508486694068
2004-03-17,97.07181932426752
2004-03-18,95.3733041336382
2004-03-19,96.60146432175225
2004-03-22,98.32198432638256
2004-03-23,98.57380000622152
2004-03-24,97.5673769935294
2004-03-25,100.57526804963663
2004-03-26,100.78365643744102
2004-03-29,103.55413702418836
2004-03-30,104.3791796541858
2004-03-31,103.00581539955533
2004-04-01,105.48193698063345
2004-04-02,106.88872195124408
2004-04-05,107.53374371460478
2004-04-06,106.98071268182825
2004-04-07,103.93165162911907
2004-04-08,106.59461510050022
2004-04-09,106.60494764801355
2004-04-12,105.39159999983936
2004-04-13,105.58436309809062
2004-04-14,103.63540454890837
2004-04-15,101.84442553577723
2004-04-16,101.27957787982035
2004-04-19,100.0667038532799
2004-04-20,104.6543160700742
2004-04-21,102.63339748283883
2004-04-22,102.84732893797444
2004-04-23,102.88691435243527
2004-04-26,103.33438481179431
2004-04-27,100.2128462617806
2004-04-28,102.82351936703806
2004-04-29,101.22259897058683
2004-04-30,101.03316215818673
2004-05-03,102.71290917374391
2004-05-04,102.51760445103018
2004-05-05,100.70712310009205
2004-05-06,100.64521056291262
2004-05-07,104.08829472341324
2004-05-10,104.87059311218479
2004-05-11,105.88191553975881
2004-05-12,103.32358612047166
2004-05-13,100.78248262490175
2004-05-14,100.436110913279
2004-05-17,101.51202310483858
2004-05-18,103.01699864325462
2004-05-19,103.14433943347599
2004-05-20,99.6204837000168
2004-05-21,99.17793014647523
2004-05-24,98.49474823767255
2004-05-25,102.0595743339808
2004-05-26,101.88373850131595
2004-05-27,95.9288045023275
2004-05-28,93.42432217784176
2004-05-31,93.42432217784176
2004-06-01,99.88420124733992
2004-06-02,100.27582725056035
2004-06-03,100.22790842451171
2004-06-04,101.15281135858254
2004-06-07,106.4015889817136
2004-06-08,105.16388722382632
2004-06-09,104.08330237753407
2004-06-10,102.68520898735221
2004-06-11,102.68520898735221
2004-06-14,103.80738817007764
2004-06-15,105.19976869950243
2004-06-16,105.33433462776226
2004-06-17,105.40785918208518
2004-06-18,102.68404786187999
2004-06-21,102.04046141547195
2004-06-22,101.9266305396469
2004-06-23,102.08564616065948
2004-06-24,101.77041334875241
2004-06-25,102.24677849493581
2004-06-28,98.7291693735272
2004-06-29,99.05444134204086
2004-06-30,97.88171007940105
2004-07-01,102.57840845558
2004-07-02,103.03477510652982
2004-07-05,103.03477510652982
2004-07-06,104.27859211191648
2004-07-07,102.82725558258161
2004-07-08,103.54536569045818
2004-07-09,99.16165213848464
2004-07-12,99.4224745957653
2004-07-13,97.76099149381132
2004-07-14,97.99241916794722
2004-07-15,97.37759514184908
2004-07-16,97.68103160474962
2004-07-19,97.44839750599236
2004-07-20,97.6187265623114
2004-07-21,101.2263318318103
2004-07-22,100.64016015520482
2004-07-23,102.6294581995332
2004-07-26,102.52786210123558
2004-07-27,104.87071556173584
2004-07-28,103.8588716533895
2004-07-29,105.91497565079283
2004-07-30,105.3883056678656
2004-08-02,104.76035043841782
2004-08-03,105.68398791740044
2004-08-04,106.51954639846402
2004-08-05,111.55999086623747
2004-08-06,115.26863117496856
2004-08-09,113.78330678131064
2004-08-10,117.92053077023465
2004-08-11,118.72879448092955
2004-08-12,121.3386527776111
2004-08-13,121.30866971085213
2004-08-16,124.92981306819138
2004-08-17,124.97898868059951
2004-08-18,127.63554850594448
2004-08-19,128.32591334724913
2004-08-20,127.18874138333618
2004-08-23,126.86120032245691
2004-08-24,124.87288296613123
2004-08-25,125.41455629509343
2004-08-26,123.36629384703943
2004-08-27,123.69006987456723
2004-08-30,126.20465197261092
2004-08-31,127.74458171966056
2004-09-01,128.0908196656358
2004-09-02,129.4952075486533
2004-09-03,130.56248991627297
2004-09-06,130.56248991627297
2004-09-07,126.71432386113992
2004-09-08,123.40210167889795
2004-09-09,123.80144704925941
2004-09-10,120.7249607259061
2004-09-13,119.5454748897269
2004-09-14,116.05759104845582
2004-09-15,115.48328720408756
2004-09-16,112.67959353883163
2004-09-17,111.07687222286204
2004-09-20,108.68177374724421
2004-09-21,108.72063576161834
2004-09-22,110.7526706140951
2004-09-23,110.93401739373633
2004-09-24,110.99113340052303
2004-09-27,110.45468391860437
2004-09-28,110.67950670353646
2004-09-29,110.78536192900505
2004-09-30,108.01446285654194
2004-10-01,108.91595796582627
2004-10-04,107.98059246297186
2004-10-05,104.45027177587849
2004-10-06,104.10757954138762
2004-10-07,105.24408966510248
2004-10-08,105.97767280334982
2004-10-11,105.91086175838427
2004-10-12,105.05320234602954
2004-10-13,105.97484522004777
2004-10-14,108.20331339145305
2004-10-15,107.87963687324608
2004-10-18,107.75088005829461
2004-10-19,104.49800016924756
2004-10-20,104.94771410835294
2004-10-21,104.28099343438181
2004-10-22,104.03229326091933
2004-10-25,103.18448247596122
2004-10-26,105.52624322034904
2004-10-27,106.79584395742935
2004-10-28,105.9704647851507
2004-10-29,104.87078706159653
2004-11-01,105.16072216002121
2004-11-02,102.16661463309389
2004-11-03,104.53262200735348
2004-11-04,107.29935439031175
2004-11-05,105.63267598210422
2004-11-08,102.88512431346695
2004-11-09,101.10857333703842
2004-11-10,100.06433619302186
2004-11-11,100.66552135963377
2004-11-12,100.26179967480343
2004-11-15,100.23146747707469
2004-11-16,100.05804354577273
2004-11-17,98.84958073537358
2004-11-18,94.34174951780948
2004-11-19,98.1376796287356
2004-11-22,98.95413773171084
2004-11-23,96.3147040067162
2004-11-24,96.29900989200362
2004-11-25,96.29900989200362
2004-11-26,96.93087380887324
2004-11-29,93.96405682684824
2004-11-30,92.96130220521432
2004-12-01,96.33637096615163
2004-12-02,96.37747717309549
2004-12-03,96.22319708173193
2004-12-06,94.44232419838038
2004-12-07,93.0297693042017
2004-12-08,93.3094137453364
2004-12-09,93.49285017583504
2004-12-10,93.89615763388515
2004-12-13,94.82046203112618
2004-12-14,92.9481578217956
2004-12-15,91.9577075813028
2004-12-16,91.14724741650464
2004-12-17,90.49030040757836
2004-12-20,89.97571826786503
2004-12-21,90.8314494323607
2004-12-22,88.66004721364642
2004-12-23,87.37947713804968
2004-12-24,87.37947713804968
2004-12-27,89.38821358491559
2004-12-28,91.55178073159492
2004-12-29,88.51321062000194
2004-12-30,88.12053455236988
2004-12-31,88.23201069025465
2005-01-03,85.55324638635375
2005-01-04,85.91525301976895
2005-01-05,85.50468269626913
2005-01-06,85.13961252038985
2005-01-07,83.20957292793253
2005-01-10,82.44400020893328
2005-01-11,82.39830620103045
2005-01-12,81.72244466567813
2005-01-13,83.11621530139274
2005-01-14,84.01682917435507
2005-01-17,84.0242961895009
2005-01-18,85.03505795257902
2005-01-19,87.04545679029437
2005-01-20,87.62990818216278
2005-01-21,88.6559215404706
2005-01-24,86.0308497907796
2005-01-25,87.87364862283695
2005-01-26,88.00451291953537
2005-01-27,86.41033251004278
2005-01-28,84.21257235539278
2005-01-31,85.68218279244428
2005-02-01,86.64016522316122
2005-02-02,86.29773119115916
2005-02-03,85.48030870139364
2005-02-04,85.96910285231498
2005-02-07,85.44847871529002
2005-02-08,85.11394057200016
2005-02-09,86.91028021296549
2005-02-10,87.5343650288347
2005-02-11,87.91949525851027
2005-02-14,88.12745059882621
2005-02-15,85.52989105876854
2005-02-16,85.17374870527394
2005-02-17,84.77960647715787
2005-02-18,83.22089248229744
2005-02-21,83.2204807127273
2005-02-22,86.09457921635362
2005-02-23,86.29787303968453
2005-02-24,86.83219795025236
2005-02-25,87.43678329552814
2005-02-28,87.72869089583887
2005-03-01,88.41004298645178
2005-03-02,87.73783050017765
2005-03-03,86.08238353036995
2005-03-04,86.82079849498528
2005-03-07,86.58291777243059
2005-03-08,86.80988295744025
2005-03-09,86.3219407407376
2005-03-10,85.90456177176807
2005-03-11,87.59344748094723
2005-03-14,86.3414677036025
2005-03-15,87.23383201265165
2005-03-16,87.69311051478556
2005-03-17,87.71179878734029
2005-03-18,87.13187387741688
2005-03-21,87.14198390818268
2005-03-22,88.00906588314788
2005-03-23,87.17038076095245
2005-03-24,84.6329733945342
2005-03-25,84.6329733945342
2005-03-28,83.59999657109547
2005-03-29,83.3114998467978
2005-03-30,84.2318592090315
2005-03-31,84.1257350585536
2005-04-01,84.18381034342357
2005-04-04,84.21345455003441
2005-04-05,85.33966716700921
2005-04-06,84.20469600834727
2005-04-07,84.27089487590618
2005-04-08,85.87252193773128
2005-04-11,84.86350774430784
2005-04-12,85.37393220318674
2005-04-13,86.48953005813304
2005-04-14,86.96784791968925
2005-04-15,88.49416414961921
2005-04-18,87.86537522753292
2005-04-19,88.62981062391943
2005-04-20,91.94302336725532
2005-04-21,95.08544745828613
2005-04-22,94.47670735126384
2005-04-25,95.5147889702057
2005-04-26,96.81474600348687
2005-04-27,97.26799198721348
2005-04-28,98.57659789780826
2005-04-29,97.30827317639418
2005-05-02,97.89055633164632
2005-05-03,97.16293907261534
2005-05-04,98.92020021181122
2005-05-05,98.15945657908844
2005-05-06,98.64970137226288
2005-05-09,98.62624312402662
2005-05-10,99.1945359350272
2005-05-11,98.79616056331896
2005-05-12,99.19351210660942
2005-05-13,97.91191447971362
2005-05-16,99.73695507680064
2005-05-17,98.05750172221386
2005-05-18,99.48876778013508
2005-05-19,98.9727499351805
2005-05-20,96.36186452754306
2005-05-23,92.95461955187066
2005-05-24,91.59903841060913
2005-05-25,90.63230079609689
2005-05-26,89.83738300607561
2005-05-27,89.33942736149092
2005-05-30,89.33811727755835
2005-05-31,88.50096329939348
2005-06-01,87.68617974607461
2005-06-02,86.77516940866036
2005-06-03,88.82864329661452
2005-06-06,87.60634630002426
2005-06-07,86.92658579656549
2005-06-08,87.17146829498955
2005-06-09,86.8596674387355
2005-06-10,85.29572540644061
2005-06-13,84.51351903605487
2005-06-14,83.2341121539714
2005-06-15,82.14731322603102
2005-06-16,79.55207859148317
2005-06-17,77.7094090120904
2005-06-20,75.81735952588417
2005-06-21,75.45788896477588
2005-06-22,75.61438805798258
2005-06-23,77.86957596428716
2005-06-24,78.90670929828535
2005-06-27,78.70457803076803
2005-06-28,80.80570221843718
2005-06-29,80.61389319823297
2005-06-30,80.64887526699236
2005-07-01,80.41690241913498
2005-07-04,80.41690241913498
2005-07-05,81.91701297326728
2005-07-06,82.39030268779914
2005-07-07,81.68738894766543
2005-07-08,84.78272247370191
2005-07-11,85.57697643103285
2005-07-12,84.6114602399459
2005-07-13,84.01575099366124
2005-07-14,84.07665355398022
2005-07-15,83.13610692048242
2005-07-18,84.62413732657458
2005-07-19,85.1426948535208
2005-07-20,86.20763221793771
2005-07-21,87.98467363228502
2005-07-22,89.05438842644645
2005-07-25,89.45127360613213
2005-07-26,87.14172785457835
2005-07-27,86.61940185135204
2005-07-28,86.84478245293296
2005-07-29,86.16497755728837
2005-08-01,85.8092250274981
2005-08-02,85.72347198695124
2005-08-03,84.38369565513291
2005-08-04,83.94762462177698
2005-08-05,83.44378322312163
2005-08-08,84.16777425975584
2005-08-09,82.12933913569529
2005-08-10,80.72984251912287
2005-08-11,82.83436404203202
2005-08-12,83.95138406441987
2005-08-15,83.86366110970786
2005-08-16,87.05452636462729
2005-08-17,85.97534493176313
2005-08-18,84.81584106592994
2005-08-19,85.36798988985971
2005-08-22,84.21834014560596
2005-08-23,83.58023176991259
2005-08-24,84.56062747486013
2005-08-25,84.61344131766401
2005-08-26,85.02492762598702
2005-08-29,85.44725542782582
2005-08-30,84.5989371495442
2005-08-31,85.43038875173093
2005-09-01,84.94304194590032
2005-09-02,85.54128265114694
2005-09-05,85.54128265114694
2005-09-06,86.98101709472672
2005-09-07,85.29834795163362
2005-09-08,85.13140843605582
2005-09-09,85.4551779593766
2005-09-12,85.30799835235275
2005-09-13,85.14532911242848
2005-09-14,84.4205689781161
2005-09-15,83.5121830524221
2005-09-16,80.46264407038605
2005-09-19,81.40241576648016
2005-09-20,81.54333795063657
2005-09-21,82.33623053393767
2005-09-22,81.9353883005269
2005-09-23,82.49959574754945
2005-09-26,81.98721724880329
2005-09-27,81.52273702741383
2005-09-28,80.58131014975262
2005-09-29,80.5150195029783
2005-09-30,80.29914446346895
2005-10-03,79.92238504520317
2005-10-04,79.72220440798124
2005-10-05,82.38531732575507
2005-10-06,79.81631631364709
2005-10-07,80.11719878528022
2005-10-10,81.21737526635252
2005-10-11,80.68774943114911
2005-10-12,80.48816877192621
2005-10-13,79.9296264686071
2005-10-14,80.83132253189412
2005-10-17,81.42814227926603
2005-10-18,82.86432328536448
2005-10-19,83.70493583309671
2005-10-20,85.12626931162764
2005-10-21,83.8234767815123
2005-10-24,87.35705666236316
2005-10-25,87.46343472764555
2005-10-26,88.02348505865402
2005-10-27,89.95059238186721
2005-10-28,93.0686827077269
2005-10-31,92.65312509260232
2005-11-01,92.62308731977696
2005-11-02,94.0950797265138
2005-11-03,92.78999536124142
2005-11-04,90.7935375722708
2005-11-07,90.88177195048928
2005-11-08,90.69132625211115
2005-11-09,89.50006948609517
2005-11-10,90.72902162258907
2005-11-11,90.65787522654826
2005-11-14,90.37536808635394
2005-11-15,89.4777345385595
2005-11-16,89.26422619405552
2005-11-17,90.20212203709607
2005-11-18,87.4559867987143
2005-11-21,86.04608052285629
2005-11-22,86.21924829321203
2005-11-23,82.93616330663926
2005-11-24,82.93616330663926
2005-11-25,85.002656466028
2005-11-28,85.36601408991463
2005-11-29,83.65642567248783
2005-11-30,80.68828852064198
2005-12-01,81.37259908310455
2005-12-02,80.8858925236127
2005-12-05,80.54581262257089
2005-12-06,79.53505499787119
2005-12-07,79.642936149656
2005-12-08,79.12721469905233
2005-12-09,79.25130051281423
2005-12-12,79.28235874117406
2005-12-13,77.68921056930859
2005-12-14,77.03909309407413
2005-12-15,76.42783566883925
2005-12-16,75.64647762887049
2005-12-19,76.03747165384411
2005-12-20,74.65645275553345
2005-12-21,74.75878090426217
2005-12-22,74.77006719152992
2005-12-23,74.39813004870578
2005-12-26,74.39813004870578
2005-12-27,76.94657036442446
2005-12-28,74.67550600130633
2005-12-29,73.8675055853874
2005-12-30,74.61495748106974
2006-01-02,76.00265103118132
2006-01-03,77.69002566598756
2006-01-04,76.74143240664493
2006-01-05,76.20838488747879
2006-01-06,76.66256556586667
2006-01-09,77.0106170481584
2006-01-10,76.90978128307539
2006-01-11,76.70916258461813
2006-01-12,76.4874880349691
2006-01-13,76.20258694751894
2006-01-16,76.20258694751894
2006-01-17,76.75971427740834
2006-01-18,76.21326496563705
2006-01-19,77.39795039507841
2006-01-20,80.92584372321524
2006-01-23,79.7832785648277
2006-01-24,80.07114648235104
2006-01-25,80.07698403139955
2006-01-26,80.42506955427035
2006-01-27,80.54611177254729
2006-01-30,78.31038480326293
2006-01-31,77.451604215763
2006-02-01,77.53972317699818
2006-02-02,77.43443943435695
2006-02-03,75.2504979586582
2006-02-06,75.6020420957445
2006-02-07,76.60731467935364
2006-02-08,75.84098500808291
2006-02-09,76.29104365745654
2006-02-10,75.86853223414438
2006-02-13,76.092655246822
2006-02-14,76.72072581967711
2006-02-15,76.25705434106824
2006-02-16,75.78254587262076
2006-02-17,76.1381128323637
2006-02-20,76.1381128323637
2006-02-21,75.8084669769762
2006-02-22,75.25177188358255
2006-02-23,74.7323111529967
2006-02-24,74.53072591249506
2006-02-27,75.17233022943664
2006-02-28,75.5679134297802
2006-03-01,75.92670530692179
2006-03-02,75.69891947108967
2006-03-03,75.52781892770413
2006-03-06,76.36176236038264
2006-03-07,75.70265725620932
2006-03-08,75.24383236583299
2006-03-09,75.68821293058373
2006-03-10,75.8935292192379
2006-03-13,74.83817330354293
2006-03-14,76.0610493189086
2006-03-15,76.04566224969105
2006-03-16,76.04619494439447
2006-03-17,74.03007640927505
2006-03-20,73.80591031398575
2006-03-21,73.6100901493965
2006-03-22,74.22588324756738
2006-03-23,74.51720270626625
2006-03-24,72.79566252609771
2006-03-27,72.54575047364288
2006-03-28,73.23067346142352
2006-03-29,73.21822615621852
2006-03-30,72.29607029292413
2006-03-31,71.34862461160986
2006-04-03,72.67557410777066
2006-04-04,73.28690813469795
2006-04-05,72.6142380807753
2006-04-06,72.51779445950126
2006-04-07,74.25025403971588
2006-04-10,73.8426567787302
2006-04-11,73.48221630787859
2006-04-12,74.0092848051254
2006-04-13,72.81817359244222
2006-04-14,72.81817359244222
2006-04-17,74.19138761395845
2006-04-18,76.95826979312602
2006-04-19,78.1004248986111
2006-04-20,78.09750378160702
2006-04-21,77.68469775982228
2006-04-24,77.95031864051394
2006-04-25,77.64516751109477
2006-04-26,78.2324078595632
2006-04-27,78.49416293371031
2006-04-28,78.68912454094514
2006-05-01,78.80561037190951
2006-05-02,79.12098058564968
2006-05-03,79.85309172556896
2006-05-04,80.40677053999602
2006-05-05,81.55124342270331
2006-05-08,81.96034935119911
2006-05-09,81.85868727459965
2006-05-10,79.90711123927825
2006-05-11,81.23455616663387
2006-05-12,81.97165750877507
2006-05-15,81.75682352531261
2006-05-16,81.67363424785202
2006-05-17,83.07624368120224
2006-05-18,80.89885421231565
2006-05-19,79.93045806754498
2006-05-22,79.2605380158289
2006-05-23,79.24078606860779
2006-05-24,78.69805655908554
2006-05-25,80.6288692988265
2006-05-26,80.62906146143358
2006-05-29,80.62906146143358
2006-05-30,84.4427047913816
2006-05-31,84.378648200684
2006-06-01,85.77759856958251
2006-06-02,85.79300247954585
2006-06-05,90.05426679370663
2006-06-06,89.07249401619963
2006-06-07,88.07162967713226
2006-06-08,86.87896791518237
2006-06-09,87.4730697558909
2006-06-12,90.72231177886484
2006-06-13,89.69057840184635
2006-06-14,88.5009806243267
2006-06-15,91.3243448089003
2006-06-16,90.7422018762271
2006-06-19,89.94838878179344
2006-06-20,88.88585597578303
2006-06-21,90.79086338032413
2006-06-22,91.87326490437908
2006-06-23,92.7276103760764
2006-06-26,93.90915739485568
2006-06-27,92.99333275057784
2006-06-28,93.99272554020236
2006-06-29,95.38494825970828
2006-06-30,95.1572585976787
2006-07-03,98.99035663584654
2006-07-04,98.99035663584654
2006-07-05,99.5335664678726
2006-07-06,95.63427197059924
2006-07-07,96.24852241745616
2006-07-10,97.01941640210376
2006-07-11,98.11801158336918
2006-07-12,100.08471300685783
2006-07-13,99.36853052710046
2006-07-14,99.03455644752584
2006-07-17,98.69604086608342
2006-07-18,95.76492810926878
2006-07-19,99.42097704711526
2006-07-20,99.1947110595377
2006-07-21,99.68477216166023
2006-07-24,102.45987420200886
2006-07-25,102.58036250846779
2006-07-26,102.6575780874638
2006-07-27,101.89980554791359
2006-07-28,102.99333206191496
2006-07-31,102.35375120226536
2006-08-01,99.20220071840396
2006-08-02,99.1595211838893
2006-08-03,95.09631640416404
2006-08-04,93.59515358641784
2006-08-07,93.13585066103856
2006-08-08,93.13006315283477
2006-08-09,92.5459252345715
2006-08-10,92.7485402739218
2006-08-11,91.50166690934776
2006-08-14,90.36225108281104
2006-08-15,92.49562634395994
2006-08-16,93.0796633341976
2006-08-17,92.76808742020296
2006-08-18,89.45269464303888
2006-08-21,88.59099666919882
2006-08-22,87.57372971576983
2006-08-23,84.82260712449924
2006-08-24,83.97097504723199
2006-08-25,83.70006377904954
2006-08-28,84.68252894705739
2006-08-29,82.45522888664816
2006-08-30,82.40929507678717
2006-08-31,82.29679915814094
2006-09-01,82.12303499929183
2006-09-04,82.12303499929183
2006-09-05,81.9723887451803
2006-09-06,82.8745695396175
2006-09-07,82.42067369951533
2006-09-08,82.97195975707182
2006-09-11,82.96076907849206
2006-09-12,83.51646485933185
2006-09-13,82.90020508494679
2006-09-14,81.3900604995937
2006-09-15,77.4814752939475
2006-09-18,76.26329122842237
2006-09-19,75.80290310646684
2006-09-20,76.5126952215648
2006-09-21,76.10267425247162
2006-09-22,75.80343077586438
2006-09-25,76.25863506434256
2006-09-26,76.01904301749961
2006-09-27,75.75691598109779
2006-09-28,73.92480124812062
2006-09-29,73.28190359465124
2006-10-02,74.08829104731116
2006-10-03,74.23371839014462
2006-10-04,74.93823479615307
2006-10-05,75.18851515688358
2006-10-06,73.8238677769212
2006-10-09,73.59835925678607
2006-10-10,71.98016399049801
2006-10-11,70.48818791302195
2006-10-12,70.10258213228092
2006-10-13,69.69949076496603
2006-10-16,70.7283467405943
2006-10-17,70.96852708660641
2006-10-18,70.26514994386137
2006-10-19,70.87932384724635
2006-10-20,69.336190428985
2006-10-23,68.59784337307825
2006-10-24,68.2566171263158
2006-10-25,67.42149758606755
2006-10-26,67.01846265087609
2006-10-27,67.81267622195195
2006-10-30,68.5079024245015
2006-10-31,67.89516141908865
2006-11-01,67.52619862518608
2006-11-02,65.9376455968063
2006-11-03,64.73589765699991
2006-11-06,66.35483796158725
2006-11-07,65.9523140091477
2006-11-08,65.55475890121788
2006-11-09,66.58254606878708
2006-11-10,67.21488223289364
2006-11-13,66.14828572376308
2006-11-14,65.79016670372032
2006-11-15,65.19029875527775
2006-11-16,65.66699776453139
2006-11-17,65.1117056270245
2006-11-20,65.0580966878861
2006-11-21,65.64667468902172
2006-11-22,65.43764186315187
2006-11-23,65.43764186315187
2006-11-24,69.50909583250433
2006-11-27,71.23139129656457
2006-11-28,70.90237739325961
2006-11-29,70.95839723542662
2006-11-30,70.20398904721883
2006-12-01,70.22857302938782
2006-12-04,72.26816064569827
2006-12-05,72.18292135979965
2006-12-06,71.74981222444666
2006-12-07,70.11074361537138
2006-12-08,69.63790870974093
2006-12-11,69.33160646046768
2006-12-12,68.03042492083503
2006-12-13,67.09042989138058
2006-12-14,67.1964534543137
2006-12-15,66.32654368915269
2006-12-18,66.48310935044522
2006-12-19,65.65924097887746
2006-12-20,65.82019354746251
2006-12-21,65.89742549302021
2006-12-22,66.6348468494551
2006-12-25,66.6348468494551
2006-12-26,68.65630839104114
2006-12-27,66.88151182723675
2006-12-28,64.6066264811635
2006-12-29,65.05790249771186
2007-01-01,67.9930137268415
2007-01-02,67.9930137268415
2007-01-03,66.70081942054425
2007-01-04,66.54614251781786
2007-01-05,67.31444124461876
2007-01-08,65.52123442320428
2007-01-09,64.71739155214854
2007-01-10,65.42500448281683
2007-01-11,65.98339104259439
2007-01-12,66.44554285516311
2007-01-15,66.44554285516311
2007-01-16,66.23387375624756
2007-01-17,66.1162584046019
2007-01-18,66.18348605715883
2007-01-19,66.06309490109065
2007-01-22,66.6439909852323
2007-01-23,66.99408182193245
2007-01-24,67.96091622246821
2007-01-25,69.90418814361804
2007-01-26,69.75015159709383
2007-01-29,68.74781305756716
2007-01-30,67.10147584302914
2007-01-31,65.18452352929249
2007-02-01,65.16852666736946
2007-02-02,63.847152275464396
2007-02-05,63.33333089558557
2007-02-06,63.00513483669901
2007-02-07,61.053251358424994
2007-02-08,61.90276022935122
2007-02-09,62.733025286304105
2007-02-12,63.17986429658089
2007-02-13,63.63431814600442
2007-02-14,63.424806005899505
2007-02-15,63.30449535140722
2007-02-16,63.12172068986939
2007-02-19,63.12172068986939
2007-02-20,62.99054779065675
2007-02-21,62.798095682018875
2007-02-22,62.06739843005992
2007-02-23,61.771258159601174
2007-02-26,60.94017428041547
2007-02-27,64.63659180392145
2007-02-28,63.95880035093117
2007-03-01,63.3834343858936
2007-03-02,64.30588527492911
2007-03-05,64.6136299945234
2007-03-06,66.53848613221382
2007-03-07,66.89925857068961
2007-03-08,67.4409473653594
2007-03-09,67.56156296331011
2007-03-12,68.14154375788642
2007-03-13,71.60955867073888
2007-03-14,70.63875507373858
2007-03-15,70.85869419394622
2007-03-16,69.09878484967582
2007-03-19,70.53417769045934
2007-03-20,71.37230538890522
2007-03-21,73.99687388099485
2007-03-22,74.78123180615319
2007-03-23,74.42873615805875
2007-03-26,74.05431704517436
2007-03-27,74.5175849422388
2007-03-28,74.65631867812522
2007-03-29,70.05237510592097
2007-03-30,69.3844746067211
2007-04-02,70.44462933798724
2007-04-03,70.02754966627035
2007-04-04,68.847744303944
2007-04-05,66.425179453995
2007-04-06,66.425179453995
2007-04-09,65.76238245426181
2007-04-10,65.17715323290558
2007-04-11,65.81734886024896
2007-04-12,65.87287321851896
2007-04-13,62.446951250092546
2007-04-16,63.403983510304414
2007-04-17,63.03423314406413
2007-04-18,63.273678274906594
2007-04-19,61.32877052612964
2007-04-20,60.781736215118656
2007-04-23,59.027532869065695
2007-04-24,58.36951674249959
2007-04-25,59.277114194666986
2007-04-26,59.69436993915474
2007-04-27,59.23269068747189
2007-04-30,59.14332810603025
2007-05-01,58.682532993630154
2007-05-02,59.3885538174363
2007-05-03,59.13055629764396
2007-05-04,58.0312898531228
2007-05-07,57.88262960011115
2007-05-08,57.86150547372556
2007-05-09,57.830005336846625
2007-05-10,59.7764335169433
2007-05-11,60.74394012392527
2007-05-14,60.187738773065426
2007-05-15,59.891365712784456
2007-05-16,59.05476482289669
2007-05-17,58.968075207187944
2007-05-18,58.99454785594553
2007-05-21,58.57052393927687
2007-05-22,58.32886288865884
2007-05-23,57.66086015750336
2007-05-24,58.181434076357284
2007-05-25,58.17504556055762
2007-05-28,58.17504556055762
2007-05-29,57.40888789949903
2007-05-30,58.15031217819884
2007-05-31,57.76150996256494
2007-06-01,57.89513712413963
2007-06-04,57.61124619843358
2007-06-05,57.48969092653507
2007-06-06,58.29052667855786
2007-06-07,60.31648807472304
2007-06-08,61.37775235953346
2007-06-11,61.54358847174192
2007-06-12,60.85594419164388
2007-06-13,61.13168746427742
2007-06-14,61.09120109339483
2007-06-15,60.907342974609364
2007-06-18,60.190470991808034
2007-06-19,60.230311787887366
2007-06-20,62.126671311632315
2007-06-21,62.11151808206752
2007-06-22,63.460495785677644
2007-06-25,63.20405129414685
2007-06-26,62.236855757537306
2007-06-27,61.842767733841946
2007-06-28,61.468594982645726
2007-06-29,60.85178007482541
2007-07-02,63.82990581463562
2007-07-03,65.54962774625704
2007-07-04,65.54962774625704
2007-07-05,65.93313945567844
2007-07-06,65.90009282068642
2007-07-09,65.32030141401496
2007-07-10,65.07398565324402
2007-07-11,63.78443404758479
2007-07-12,65.92275740219407
2007-07-13,64.71492701817603
2007-07-16,62.79264573537753
2007-07-17,62.373675744945864
2007-07-18,62.61401400886489
2007-07-19,62.946302870299014
2007-07-20,63.75838406297026
2007-07-23,62.497123076781804
2007-07-24,64.23465488462016
2007-07-25,63.045697944792664
2007-07-26,64.63575488994427
2007-07-27,65.96618803855446
2007-07-30,65.86181268885757
2007-07-31,67.15078070116925
2007-08-01,67.27749267809934
2007-08-02,66.22786140344968
2007-08-03,67.55830431631392
2007-08-06,69.29908678248331
2007-08-07,69.21993376815838
2007-08-08,70.513100968895
2007-08-09,72.20134229150767
2007-08-10,72.51404170160576
2007-08-13,71.09623546117794
2007-08-14,73.14218293006331
2007-08-15,74.20285034573037
2007-08-16,74.82137960720188
2007-08-17,77.1313494041034
2007-08-20,77.96464199244384
2007-08-21,78.03557720090946
2007-08-22,79.46949603704051
2007-08-23,77.85684665951389
2007-08-24,80.1213389583234
2007-08-27,81.21373747138367
2007-08-28,84.78937143293855
2007-08-29,89.18295140942256
2007-08-30,89.15593456059231
2007-08-31,90.70161463684644
2007-09-03,90.7441356687758
2007-09-04,92.04250958404764
2007-09-05,90.74982906915776
2007-09-06,88.45768144133278
2007-09-07,90.83939014556408
2007-09-10,89.57607320077085
2007-09-11,89.11092360092478
2007-09-12,88.76657120080456
2007-09-13,88.87369757814413
2007-09-14,86.61682189949912
2007-09-17,85.67489327982747
2007-09-18,90.02346998388447
2007-09-19,88.16821626576454
2007-09-20,88.07068710768647
2007-09-21,85.28018675269026
2007-09-24,85.9962190259424
2007-09-25,85.84437527683683
2007-09-26,84.41563635904316
2007-09-27,82.97747471548222
2007-09-28,78.31578099338283
2007-10-01,75.60153843983946
2007-10-02,75.12608397253462
2007-10-03,74.23907231158192
2007-10-04,73.0266820418839
2007-10-05,73.34721068552878
2007-10-08,74.25264150590233
2007-10-09,72.71803003210803
2007-10-10,72.68604593006674
2007-10-11,71.65395179564916
2007-10-12,71.86301628986763
2007-10-15,71.7965108408005
2007-10-16,72.35634685673776
2007-10-17,71.61252526953113
2007-10-18,67.61928892359902
2007-10-19,70.09765240796435
2007-10-22,70.28581856300565
2007-10-23,71.52052145217009
2007-10-24,70.94838328138145
2007-10-25,71.45546379137932
2007-10-26,72.7160832051051
2007-10-29,72.97633812796438
2007-10-30,74.08454834968914
2007-10-31,72.49270762497001
2007-11-01,75.85185893585279
2007-11-02,75.57881932418849
2007-11-05,75.31219881224432
2007-11-06,75.34170511910132
2007-11-07,78.57527990363599
2007-11-08,78.8408101587497
2007-11-09,80.33105470472165
2007-11-12,81.31791286139214
2007-11-13,83.95882864970837
2007-11-14,83.17577828078403
2007-11-15,83.57410532163722
2007-11-16,83.55596512019989
2007-11-19,85.30158662742927
2007-11-20,82.39769030094467
2007-11-21,83.68403783049595
2007-11-22,83.79686418391736
2007-11-23,90.68384409172756
2007-11-26,94.47409360122354
2007-11-27,95.08684374835336
2007-11-28,97.39731620665673
2007-11-29,96.34353805133156
2007-11-30,95.80162971233815
2007-12-03,95.75167634385448
2007-12-04,92.91794700505716
2007-12-05,94.2623189020109
2007-12-06,96.37088056325682
2007-12-07,95.73622953421136
2007-12-10,93.00013975459694
2007-12-11,95.014428525628
2007-12-12,93.96421507445496
2007-12-13,92.25954343149492
2007-12-14,90.59017299809388
2007-12-17,92.24976845452888
2007-12-18,86.92974511869598
2007-12-19,86.86450514657182
2007-12-20,86.02407550914317
2007-12-21,86.76137750947618
2007-12-24,90.6838105773977
2007-12-25,90.6838105773977
2007-12-26,85.20911236246984
2007-12-27,84.3452495892455
2007-12-28,83.16437496566311
2007-12-31,82.64832602735218
2008-01-01,82.70282780441562
2008-01-02,88.98856683818636
2008-01-03,88.86147250794411
2008-01-04,91.61430320347807
2008-01-07,91.36780956823344
2008-01-08,91.05487248152689
2008-01-09,89.3227805667795
2008-01-10,89.3493034428073
2008-01-11,90.22823657065192
2008-01-14,88.05173757061853
2008-01-15,90.2242413776546
2008-01-16,91.37806762444832
2008-01-17,92.56318629713786
2008-01-18,90.46358463695576
2008-01-21,90.46358463695576
2008-01-22,92.168379961146
2008-01-23,94.49021975267048
2008-01-24,95.0646415549065
2008-01-25,96.29322541820704
2008-01-28,93.7972033968394
2008-01-29,93.81360144453838
2008-01-30,90.34604144436102
2008-01-31,90.2178432714845
2008-02-01,90.79229372571568
2008-02-04,90.47958274998884
2008-02-05,95.04561611503394
2008-02-06,92.3494623798853
2008-02-07,91.67955727493846
2008-02-08,91.24579215616924
2008-02-11,91.20464840736568
2008-02-12,91.85891128537584
2008-02-13,91.83045597879752
2008-02-14,92.46985706073536
2008-02-15,89.44051963270604
2008-02-18,89.44013897933898
2008-02-19,89.02910071236461
2008-02-20,87.04943694419406
2008-02-21,87.99262468351621
2008-02-22,87.38235097310562
2008-02-25,88.06461321249267
2008-02-26,87.15161794359395
2008-02-27,85.8101526446537
2008-02-28,85.34168771178756
2008-02-29,88.38531349092018
2008-03-03,88.33847060858278
2008-03-04,87.4580763307141
2008-03-05,86.41864744935783
2008-03-06,88.06483928484973
2008-03-07,84.32840113159659
2008-03-10,85.1559187347201
2008-03-11,89.68847030042784
2008-03-12,89.15744496568978
2008-03-13,87.88575219887466
2008-03-14,88.83652428294378
2008-03-17,87.51451499892097
2008-03-18,90.53595923056103
2008-03-19,93.66252449247342
2008-03-20,94.23874489135534
2008-03-21,94.23874489135534
2008-03-24,96.36745217276898
2008-03-25,96.35610764782533
2008-03-26,97.02622550383524
2008-03-27,96.70229114718376
2008-03-28,96.6368208505476
2008-03-31,98.68917513832574
2008-04-01,101.91922187267656
2008-04-02,99.15347013990105
2008-04-03,98.2635191323274
2008-04-04,98.85838846002426
2008-04-07,98.387284701866
2008-04-08,96.11632362605816
2008-04-09,95.681757305826
2008-04-10,94.1192355264778
2008-04-11,92.4000790280038
2008-04-14,92.16583273234347
2008-04-15,92.75877215213949
2008-04-16,94.96553577185246
2008-04-17,93.9240103147237
2008-04-18,90.07445832470697
2008-04-21,87.01369366823391
2008-04-22,85.65096506337494
2008-04-23,83.90391733675166
2008-04-24,84.89876045376359
2008-04-25,84.30560172897903
2008-04-28,83.60618834959327
2008-04-29,83.65127663312016
2008-04-30,83.40642951513894
2008-05-01,81.8243322989135
2008-05-02,80.82306422880148
2008-05-05,81.74459328765079
2008-05-06,81.40570830097734
2008-05-07,83.7642434003333
2008-05-08,83.28638645829177
2008-05-09,82.96934324352888
2008-05-12,84.6984901326747
2008-05-13,82.23045025149565
2008-05-14,81.28896355891315
2008-05-15,81.50009048542323
2008-05-16,78.32432852868975
2008-05-19,77.99308306900835
2008-05-20,77.77264561776218
2008-05-21,78.56962769314833
2008-05-22,78.14550257709277
2008-05-23,79.42591805391042
2008-05-26,79.42591805391042
2008-05-27,78.9021111703252
2008-05-28,78.37706101886002
2008-05-29,79.4860479445217
2008-05-30,76.83729514348715
2008-06-02,78.74964045554808
2008-06-03,76.49082265176278
2008-06-04,76.27235584228931
2008-06-05,77.6733842490172
2008-06-06,81.87557419517462
2008-06-09,80.12882140221494
2008-06-10,79.84679082110353
2008-06-11,81.38231858643726
2008-06-12,80.22449075500745
2008-06-13,81.77720622000774
2008-06-16,82.21418419014205
2008-06-17,82.4315400333357
2008-06-18,83.05771965324614
2008-06-19,83.62689807107365
2008-06-20,84.33378746047543
2008-06-23,84.00837782794737
2008-06-24,83.60628574714386
2008-06-25,82.46298140082344
2008-06-26,85.48802927088441
2008-06-27,84.55495968786266
2008-06-30,83.38172549895803
2008-07-01,82.962749447412
2008-07-02,83.9865291389629
2008-07-03,83.84708808519359
2008-07-04,83.84708808519359
2008-07-07,85.00700068270066
2008-07-08,85.06798029410959
2008-07-09,84.38141955267744
2008-07-10,83.6383121519104
2008-07-11,84.03548071564477
2008-07-14,82.77092377414611
2008-07-15,82.96242152044779
2008-07-16,85.21032696395426
2008-07-17,86.58502639897861
2008-07-18,86.05587120876896
2008-07-21,87.04269745025843
2008-07-22,89.16151223403551
2008-07-23,89.94214570067417
2008-07-24,90.55906599440117
2008-07-25,90.6287785735492
2008-07-28,93.0249595131911
2008-07-29,92.7542446038632
2008-07-30,94.21529796821694
2008-07-31,95.39618882264804
2008-08-01,96.34386803435387
2008-08-04,96.95681471519178
2008-08-05,98.53859380643598
2008-08-06,97.9988332507154
2008-08-07,97.49432850919584
2008-08-08,98.7119822081703
2008-08-11,98.8791373380551
2008-08-12,99.34753063664962
2008-08-13,99.67778797905898
2008-08-14,99.58311497978735
2008-08-15,97.66977418171028
2008-08-18,98.25119760405678
2008-08-19,99.6444616641088
2008-08-20,98.77534242542065
2008-08-21,97.25663585796794
2008-08-22,98.83004208366184
2008-08-25,100.82802037896025
2008-08-26,101.20673275187178
2008-08-27,99.96219891371356
2008-08-28,100.45957575612651
2008-08-29,101.88033882492782
2008-09-01,101.88033882492782
2008-09-02,102.93865506777688
2008-09-03,103.00525691675993
2008-09-04,105.34771508289049
2008-09-05,102.10042441953438
2008-09-08,104.29115087118137
2008-09-09,105.2192938271707
2008-09-10,102.20014312170832
2008-09-11,100.40905698063108
2008-09-12,101.00149897780489
2008-09-15,104.97031031551872
2008-09-16,105.08704547635516
2008-09-17,108.69049206633952
2008-09-18,110.32544140489777
2008-09-19,118.96218149918087
2008-09-22,124.59674654204454
2008-09-23,126.07319241222024
2008-09-24,123.61912303250094
2008-09-25,120.92285623501994
2008-09-26,121.07881825123658
2008-09-29,132.81404660680343
2008-09-30,135.5121913598672
2008-10-01,134.69636133525427
2008-10-02,137.02771173674708
2008-10-03,137.18041347719472
2008-10-06,136.54147160478124
2008-10-07,145.69462781159183
2008-10-08,142.9445608566285
2008-10-09,150.44282940729937
2008-10-10,155.29951602617655
2008-10-13,174.21481670991034
2008-10-14,175.89363580661202
2008-10-15,189.5565681181362
2008-10-16,191.71302610035104
2008-10-17,191.0249740089633
2008-10-20,197.6812374431272
2008-10-21,193.69585115056654
2008-10-22,196.9511844746913
2008-10-23,192.92756691314744
2008-10-24,197.8842289160764
2008-10-27,200.2923804285776
2008-10-28,211.0772872283374
2008-10-29,209.64728523623612
2008-10-30,210.62205125206202
2008-10-31,213.36632628891908
2008-11-03,213.44230671364895
2008-11-04,217.68249005359223
2008-11-05,225.9865548495537
2008-11-06,225.98305565313933
2008-11-07,229.47463044847333
2008-11-10,221.94773587462265
2008-11-11,220.55849703060943
2008-11-12,212.4023224800514
2008-11-13,218.47884077049315
2008-11-14,210.2931337797931
2008-11-17,209.04989869943878
2008-11-18,205.83209502888718
2008-11-19,206.41889459673243
2008-11-20,206.78660532495257
2008-11-21,204.7992309638464
2008-11-24,214.01182964558745
2008-11-25,213.29044543726513
2008-11-26,214.84652399425082
2008-11-27,214.84652399425082
2008-11-28,210.73856931973248
2008-12-01,224.73430340604227
2008-12-02,227.3745632917836
2008-12-03,228.46344359603503
2008-12-04,231.11422366940414
2008-12-05,233.52088633517457
2008-12-08,231.6581138483319
2008-12-09,226.95266668269073
2008-12-10,226.12770184921837
2008-12-11,224.41716815477477
2008-12-12,226.1858566430843
2008-12-15,216.86146730025428
2008-12-16,218.2391495238354
2008-12-17,214.8097562495064
2008-12-18,213.3961349206178
2008-12-19,212.88338997450742
2008-12-22,203.76340710860072
2008-12-23,197.93418720567155
2008-12-24,196.86638751740043
2008-12-25,196.86638751740043
2008-12-26,195.41464707673595
2008-12-29,194.05304668494867
2008-12-30,197.52886172607302
2008-12-31,193.8521409274061
2009-01-01,193.9121047277046
2009-01-02,181.4065167477895
2009-01-05,176.79984299119346
2009-01-06,177.54007358325336
2009-01-07,175.7926225190291
2009-01-08,172.65567503032565
2009-01-09,170.05832862383056
2009-01-12,167.71920180532967
2009-01-13,166.40677772426378
2009-01-14,166.85395383949748
2009-01-15,166.36910543307405
2009-01-16,165.2497150259982
2009-01-19,165.2497150259982
2009-01-20,163.3360713389892
2009-01-21,168.13577687075477
2009-01-22,165.7214138822433
2009-01-23,167.15493429676764
2009-01-26,167.12804012917601
2009-01-27,166.7028895113529
2009-01-28,166.3419239614493
2009-01-29,164.56215259500598
2009-01-30,163.64342096874185
2009-02-02,158.55173170618505
2009-02-03,157.54825841961159
2009-02-04,151.8135384830034
2009-02-05,150.5609249774558
2009-02-06,152.8712288216319
2009-02-09,148.96208387925435
2009-02-10,154.10582437556482
2009-02-11,151.88727334487677
2009-02-12,147.79813709053116
2009-02-13,147.7830131908966
2009-02-16,147.7830131908966
2009-02-17,149.29457185155061
2009-02-18,146.66467380208098
2009-02-19,146.56415406211357
2009-02-20,139.44433464192647
2009-02-23,139.0284470391357
2009-02-24,144.17500997091744
2009-02-25,142.9800079749903
2009-02-26,146.4715011978493
2009-02-27,147.40605205312548
2009-03-02,150.24549058422892
2009-03-03,144.1067827984778
2009-03-04,145.89398599524336
2009-03-05,149.56236083863377
2009-03-06,146.66859929775967
2009-03-09,147.2019878234813
2009-03-10,156.76007183842353
2009-03-11,156.18219330269028
2009-03-12,163.16470411900463
2009-03-13,157.70403548319
2009-03-16,158.47289174663294
2009-03-17,165.26823569489153
2009-03-18,168.07789538554806
2009-03-19,162.4611092283001
2009-03-20,161.54953660728702
2009-03-23,173.47783789014903
2009-03-24,174.211895649812
2009-03-25,168.60443065687224
2009-03-26,166.6355269660172
2009-03-27,167.15510307038195
2009-03-30,168.11103705118157
2009-03-31,168.25515433300822
2009-04-01,163.34689166270536
2009-04-02,170.47878481548057
2009-04-03,169.08255424318952
2009-04-06,161.316296297518
2009-04-07,163.099672800021
2009-04-08,162.05163003471398
2009-04-09,160.80873048559783
2009-04-10,160.80427818953999
2009-04-13,159.76320648003824
2009-04-14,154.21628963128495
2009-04-15,155.57586817535062
2009-04-16,157.29870167602357
2009-04-17,153.0536282680042
2009-04-20,155.71666858443234
2009-04-21,158.155437773212
2009-04-22,159.406751976573
2009-04-23,147.9127854311367
2009-04-24,147.11143063397947
2009-04-27,145.91346664162987
2009-04-28,144.15462477751066
2009-04-29,145.3295249142653
2009-04-30,138.58865410791432
2009-05-01,138.32621262183332
2009-05-04,141.98468326457646
2009-05-05,138.87486903612518
2009-05-06,137.93049602192613
2009-05-07,136.81676350778673
2009-05-08,135.8490669168476
2009-05-11,135.64018581585088
2009-05-12,129.81939123501877
2009-05-13,129.51112628812206
2009-05-14,128.95814922111668
2009-05-15,126.78066124481423
2009-05-18,131.71110685950907
2009-05-19,131.82754786735327
2009-05-20,125.21023795497301
2009-05-21,124.21569105130402
2009-05-22,123.15167557854836
2009-05-25,123.15824969858782
2009-05-26,128.0534060492986
2009-05-27,129.05230831864387
2009-05-28,128.7867549795177
2009-05-29,129.2096889129685
2009-06-01,131.1889596917367
2009-06-02,130.66248049049335
2009-06-03,129.00674226850563
2009-06-04,126.89831384545846
2009-06-05,124.37058964199512
2009-06-08,122.42907616955291
2009-06-09,121.07142894415091
2009-06-10,118.42295948767939
2009-06-11,115.77541893226521
2009-06-12,114.41644870470012
2009-06-15,114.272640559678
2009-06-16,113.82861154584491
2009-06-17,113.2726463532508
2009-06-18,108.52449915174022
2009-06-19,107.10213789046219
2009-06-22,111.3880495915993
2009-06-23,108.77650270087148
2009-06-24,108.78654964943158
2009-06-25,108.11260701727832
2009-06-26,105.01462653429058
2009-06-29,103.61005027522343
2009-06-30,102.68708968937473
2009-07-01,100.48027063471224
2009-07-02,106.23881471330348
2009-07-03,106.23881471330348
2009-07-06,105.08147024283484
2009-07-07,107.2116293184755
2009-07-08,106.28830731635055
2009-07-09,107.96521113532988
2009-07-10,108.55711133626288
2009-07-13,113.06499311832154
2009-07-14,113.67466949182014
2009-07-15,118.26553199390162
2009-07-16,114.91272963733735
2009-07-17,112.96595614563972
2009-07-20,114.16935526626885
2009-07-21,112.05310688444692
2009-07-22,112.7743579088451
2009-07-23,111.28355330723417
2009-07-24,111.67936377206522
2009-07-27,111.74099788237505
2009-07-28,108.35616347154257
2009-07-29,108.0706052875407
2009-07-30,108.96210476497183
2009-07-31,108.8967490062939
2009-08-03,110.21872086843018
2009-08-04,103.54243372947677
2009-08-05,102.89092076236095
2009-08-06,98.75685993730688
2009-08-07,100.7823693501807
2009-08-10,100.4332743970552
2009-08-11,101.21035930080747
2009-08-12,98.51582297701415
2009-08-13,95.77997929653452
2009-08-14,93.07780169215503
2009-08-17,96.75595697408522
2009-08-18,98.2506359830581
2009-08-19,97.3953671166305
2009-08-20,97.84550569537546
2009-08-21,100.44167963844419
2009-08-24,97.56464661569676
2009-08-25,96.29489121358556
2009-08-26,95.7027797863981
2009-08-27,94.83990339170794
2009-08-28,94.19220356353378
2009-08-31,93.41822054265045
2009-09-01,95.35241981777152
2009-09-02,93.94677122175806
2009-09-03,95.37713613025852
2009-09-04,97.46780991375364
2009-09-07,97.53629829923338
2009-09-08,98.42694036391777
2009-09-09,97.7566520026872
2009-09-10,97.3652792931271
2009-09-11,95.70058856712843
2009-09-14,94.6852869723352
2009-09-15,94.87275841988992
2009-09-16,95.43409638319233
2009-09-17,89.40874368065963
2009-09-18,85.95138505959635
2009-09-21,85.24571186845284
2009-09-22,84.96691229401105
2009-09-23,83.12178041338555
2009-09-24,82.38594282162718
2009-09-25,82.49705959660938
2009-09-28,87.04833709107804
2009-09-29,87.59095902608632
2009-09-30,86.65744901150313
2009-10-01,88.89063817934229
2009-10-02,85.97151474933949
2009-10-05,87.96733998282788
2009-10-06,88.27902283566318
2009-10-07,85.03246191618665
2009-10-08,84.37607590050457
2009-10-09,84.16671356878213
2009-10-12,83.75144224645484
2009-10-13,83.21494083145177
2009-10-14,84.67219103532041
2009-10-15,83.53809679350533
2009-10-16,86.67475528624806
2009-10-19,87.89006424473999
2009-10-20,88.56779666721016
2009-10-21,88.22242201983492
2009-10-22,88.39164738885015
2009-10-23,88.67396746138598
2009-10-26,88.44441504075382
2009-10-27,87.51232805982427
2009-10-28,85.14650658533117
2009-10-29,87.99974679948575
2009-10-30,92.01060031960829
2009-11-02,88.30443206761727
2009-11-03,88.36474920799495
2009-11-04,88.93869576095399
2009-11-05,91.26751166748043
2009-11-06,88.19257488948085
2009-11-09,94.70136234847216
2009-11-10,93.31522624843048
2009-11-11,92.57914825854203
2009-11-12,93.5157095341192
2009-11-13,92.31907508879186
2009-11-16,94.37034292427283
2009-11-17,93.2189132168439
2009-11-18,92.08982517928231
2009-11-19,93.01023457018287
2009-11-20,92.2493787929982
2009-11-23,93.74143854200727
2009-11-24,91.75524631085824
2009-11-25,91.77904502957476
2009-11-26,91.77904502957476
2009-11-27,99.0710521011918
2009-11-30,97.1767837158112
2009-12-01,96.07446352659734
2009-12-02,92.95658771755116
2009-12-03,93.74501029073892
2009-12-04,93.7811063979774
2009-12-07,94.08353394477722
2009-12-08,91.4475570494332
2009-12-09,91.7334034032568
2009-12-10,87.90736940190716
2009-12-11,88.31540304888935
2009-12-14,90.27641571465236
2009-12-15,89.42340808048554
2009-12-16,88.40469491853123
2009-12-17,88.3140632668342
2009-12-18,87.29333432208811
2009-12-21,88.68591555550418
2009-12-22,87.44822049376445
2009-12-23,88.1913763381043
2009-12-24,90.47139378980548
2009-12-25,90.47139378980548
2009-12-28,90.81333652044395
2009-12-29,90.3600289162887
2009-12-30,82.93879040068163
2009-12-31,85.9684040066978
2010-01-01,85.9684040066978
2010-01-04,87.0933138854312
2010-01-05,86.8446166546901
2010-01-06,86.16943261269921
2010-01-07,86.0702209629164
2010-01-08,85.83471825791176
2010-01-11,84.49775797979666
2010-01-12,85.1740866863514
2010-01-13,85.55185227809392
2010-01-14,85.17592337665805
2010-01-15,84.41313551201723
2010-01-18,84.41313551201723
2010-01-19,85.26801547529834
2010-01-20,86.53251625876173
2010-01-21,87.62659469997153
2010-01-22,90.79698137269868
2010-01-25,89.50742533217962
2010-01-26,88.82211187343285
2010-01-27,88.16765443563337
2010-01-28,84.55955413516543
2010-01-29,83.60992726348465
2010-02-01,85.25009216111502
2010-02-02,86.02790759243564
2010-02-03,82.44569399312579
2010-02-04,84.43624183409885
2010-02-05,82.89291728851912
2010-02-08,83.96870326099423
2010-02-09,85.23874964936492
2010-02-10,84.85508057683701
2010-02-11,85.98323176446875
2010-02-12,84.9756864922486
2010-02-15,87.37908834374018
2010-02-16,90.02832981766267
2010-02-17,89.88527955637319
2010-02-18,89.5394828826916
2010-02-19,88.32338335190587
2010-02-22,86.78694095893357
2010-02-23,85.35975845175473
2010-02-24,83.49901582299256
2010-02-25,82.44697900217288
2010-02-26,81.91847099032428
2010-03-01,83.68490908479716
2010-03-02,82.94545183790575
2010-03-03,81.87903421848839
2010-03-04,79.6694575507551
2010-03-05,79.98497446917075
2010-03-08,79.16669309820293
2010-03-09,73.61405838797849
2010-03-10,73.02299906414105
2010-03-11,71.47785432989762
2010-03-12,69.76479297720321
2010-03-15,69.99807043401603
2010-03-16,69.13595234283964
2010-03-17,69.29022477906365
2010-03-18,65.61892543687046
2010-03-19,64.26166154488148
2010-03-22,64.04069100633113
2010-03-23,64.69812037359154
2010-03-24,65.4577963374317
2010-03-25,63.49367805102312
2010-03-26,61.56618772752631
2010-03-29,62.61499612520715
2010-03-30,62.77142904803264
2010-03-31,61.12969025752933
2010-04-01,62.191934384094864
2010-04-02,62.205393149138736
2010-04-05,64.53848704025663
2010-04-06,64.55977473909367
2010-04-07,62.89205553146675
2010-04-08,62.45449589101092
2010-04-09,63.51016343737544
2010-04-12,63.43581365606925
2010-04-13,63.30269400622446
2010-04-14,64.73786557471692
2010-04-15,64.16265144014189
2010-04-16,64.77117528084335
2010-04-19,64.1180065100287
2010-04-20,65.5987190863462
2010-04-21,65.91885859552879
2010-04-22,66.07208569533626
2010-04-23,65.87404096216096
2010-04-26,65.15409225984607
2010-04-27,68.14137930255194
2010-04-28,68.03488344388305
2010-04-29,69.83145321707563
2010-04-30,71.58035009130026
2010-05-03,73.77985398957084
2010-05-04,75.93970236065486
2010-05-05,74.29465787684153
2010-05-06,77.01413987419569
2010-05-07,76.69288144982698
2010-05-10,83.81343706219891
2010-05-11,83.1464254817867
2010-05-12,86.06499724254104
2010-05-13,87.88142676689908
2010-05-14,88.98364689993817
2010-05-17,88.7350502332066
2010-05-18,89.42645529811287
2010-05-19,89.12077159648321
2010-05-20,93.32166590238135
2010-05-21,91.24450698981884
2010-05-24,95.78710647751431
2010-05-25,94.90597126891612
2010-05-26,95.58992679907142
2010-05-27,100.35565583679865
2010-05-28,101.26421193861741
2010-05-31,101.26421193861741
2010-06-01,101.73767237688503
2010-06-02,105.65818883981423
2010-06-03,104.27956449906729
2010-06-04,107.15176365086052
2010-06-07,108.05683358143826
2010-06-08,106.26955064209015
2010-06-09,106.9498075906761
2010-06-10,107.3637353696974
2010-06-11,108.06407248592461
2010-06-14,106.91117233901407
2010-06-15,110.49383470577173
2010-06-16,107.90726358516788
2010-06-17,107.41309182734327
2010-06-18,105.68862755480858
2010-06-21,105.88150909701649
2010-06-22,103.2308677168053
2010-06-23,102.60173877514448
2010-06-24,103.38136285144904
2010-06-25,105.21897369138681
2010-06-28,107.43815576677083
2010-06-29,106.0140829991051
2010-06-30,104.83693164407941
2010-07-01,102.44307344824352
2010-07-02,97.50779814404989
2010-07-05,97.50779814404989
2010-07-06,96.82016655146622
2010-07-07,97.165945074803
2010-07-08,96.33142158468986
2010-07-09,96.96104047255386
2010-07-12,96.78924842730694
2010-07-13,94.8825032494027
2010-07-14,93.22035986392528
2010-07-15,92.63271600774053
2010-07-16,94.1245611281715
2010-07-19,95.0268801459757
2010-07-20,97.90985857703464
2010-07-21,100.81334137508236
2010-07-22,105.90594298676535
2010-07-23,105.17577765275242
2010-07-26,107.28396846923091
2010-07-27,105.10227036408207
2010-07-28,105.45229783709813
2010-07-29,104.75129701123598
2010-07-30,100.23087237913593
2010-08-02,103.86758213676006
2010-08-03,104.33477914035534
2010-08-04,105.26154599417568
2010-08-05,104.44516627503891
2010-08-06,98.59712010036962
2010-08-09,90.99447586598043
2010-08-10,97.45394121248592
2010-08-11,103.37838917795429
2010-08-12,101.28037349118537
2010-08-13,102.05650566488478
2010-08-16,102.7602085818703
2010-08-17,100.92330560637086
2010-08-18,99.66226802294165
2010-08-19,100.8631676724128
2010-08-20,98.61875952596174
2010-08-23,95.09045781579368
2010-08-24,96.03086511381646
2010-08-25,94.1378023662929
2010-08-26,94.7891736870238
2010-08-27,98.60811113047758
2010-08-30,103.13057438973281
2010-08-31,103.2927743953345
2010-09-01,106.1537525054375
2010-09-02,106.85372516454649
2010-09-03,108.76457626705458
2010-09-06,108.76457626705458
2010-09-07,111.1123909602942
2010-09-08,111.35303600754699
2010-09-09,110.83030581276377
2010-09-10,110.56859439314074
2010-09-13,106.68434144442558
2010-09-14,105.27980597801603
2010-09-15,104.76820645730076
2010-09-16,104.33080720902899
2010-09-17,101.16805255077254
2010-09-20,103.79102178673759
2010-09-21,99.5910332827688
2010-09-22,99.11308867127266
2010-09-23,99.38334540853812
2010-09-24,102.47205246614257
2010-09-27,103.00203680463922
2010-09-28,102.63783300509851
2010-09-29,99.28440085804117
2010-09-30,93.8311799029434
2010-10-01,93.62436473462712
2010-10-04,88.26796345711192
2010-10-05,90.16311978689156
2010-10-06,87.39470183657801
2010-10-07,83.8883818451189
2010-10-08,83.17495501309908
2010-10-11,81.5762031519459
2010-10-12,81.1657796736564
2010-10-13,80.08293812466984
2010-10-14,79.62285302873893
2010-10-15,78.6706471841069
2010-10-18,78.92968959395691
2010-10-19,82.00631426702489
2010-10-20,81.38138440144299
2010-10-21,80.90588421937993
2010-10-22,80.73839431954221
2010-10-25,79.31694024576979
2010-10-26,74.66078835575694
2010-10-27,73.64147910975583
2010-10-28,73.09335523931738
2010-10-29,73.52010465184006
2010-11-01,73.7917487302489
2010-11-02,75.19737047129874
2010-11-03,74.01062543330782
2010-11-04,72.85224791443865
2010-11-05,72.25857288859353
2010-11-08,72.4699304966322
2010-11-09,72.67717918597235
2010-11-10,72.89944245081814
2010-11-11,73.62087062858198
2010-11-12,74.95922593389814
2010-11-15,75.16983721714037
2010-11-16,77.59018110679344
2010-11-17,77.25675046270322
2010-11-18,78.44689371074132
2010-11-19,75.5792740701887
2010-11-22,76.08197985452216
2010-11-23,79.4711852965383
2010-11-24,83.66527174226718
2010-11-25,83.66527174226718
2010-11-26,89.66096900392881
2010-11-29,89.346398632551
2010-11-30,89.38993386962693
2010-12-01,92.805846263324
2010-12-02,94.17211562658
2010-12-03,92.61872778125898
2010-12-06,92.61418642327686
2010-12-07,90.22496750967794
2010-12-08,90.3113852382712
2010-12-09,90.02375153599971
2010-12-10,89.73365151627267
2010-12-13,89.14628785454279
2010-12-14,89.18108002594724
2010-12-15,87.53756260195236
2010-12-16,87.8514979949695
2010-12-17,84.83221611616126
2010-12-20,84.49691830629544
2010-12-21,82.87818088039755
2010-12-22,83.14035137201324
2010-12-23,83.24883084616073
2010-12-24,83.24883084616073
2010-12-27,82.08221557539152
2010-12-28,78.22546989010436
2010-12-29,72.31311366373887
2010-12-30,71.8735590075952
2010-12-31,71.90904798510994
2011-01-03,69.96462474120794
2011-01-04,67.8564026654003
2011-01-05,68.10574848266498
2011-01-06,68.29534443449019
2011-01-07,68.28203846748988
2011-01-10,67.65777771503868
2011-01-11,68.2794565993006
2011-01-12,69.02314130025802
2011-01-13,68.93965083078135
2011-01-14,69.34978496119514
2011-01-17,69.34978496119514
2011-01-18,69.42292810373465
2011-01-19,69.68248006605634
2011-01-20,70.06942545518007
2011-01-21,69.9994117753309
2011-01-24,69.82251264389603
2011-01-25,69.17157333491656
2011-01-26,69.28610136650116
2011-01-27,68.22004962555035
2011-01-28,70.67484903950029
2011-01-31,70.93279543827808
2011-02-01,72.980012559487
2011-02-02,73.00342935002959
2011-02-03,71.51192230391383
2011-02-04,70.95504380430336
2011-02-07,71.36402166416897
2011-02-08,71.08310030791085
2011-02-09,71.35027040972068
2011-02-10,71.74232600616563
2011-02-11,72.04310181651567
2011-02-14,71.44766404646782
2011-02-15,71.60100510712385
2011-02-16,71.39894191005656
2011-02-17,71.61577906518664
2011-02-18,70.65195208964417
2011-02-21,70.65195208964417
2011-02-22,73.68529370606454
2011-02-23,73.70595705213914
2011-02-24,72.91225806583269
2011-02-25,75.53722670247552
2011-02-28,75.88637595119876
2011-03-01,78.12956587967271
2011-03-02,75.5675297687751
2011-03-03,77.46569982549127
2011-03-04,75.614364811928
2011-03-07,75.67807728924639
2011-03-08,77.26616724984697
2011-03-09,77.42255070322454
2011-03-10,79.96874974685595
2011-03-11,79.9956945831851
2011-03-14,80.26824457928015
2011-03-15,81.12378768232769
2011-03-16,83.04821771477565
2011-03-17,83.99590628508565
2011-03-18,83.89849744074566
2011-03-21,87.5894368523464
2011-03-22,87.70490461501772
2011-03-23,87.69895260708027
2011-03-24,86.01209263670658
2011-03-25,85.55160162504313
2011-03-28,86.012359530585
2011-03-29,85.38218959243811
2011-03-30,85.84505294824534
2011-03-31,84.18835498523508
2011-04-01,85.2495199428369
2011-04-04,82.77409510951601
2011-04-05,82.26448692117485
2011-04-06,82.05275575191631
2011-04-07,79.81940435091155
2011-04-08,79.88870277271738
2011-04-11,78.370677621644
2011-04-12,78.61085611258675
2011-04-13,77.99324471162497
2011-04-14,77.2183714665402
2011-04-15,76.0584099470388
2011-04-18,75.96947381966162
2011-04-19,76.51181826906178
2011-04-20,76.1008523795276
2011-04-21,76.37418667810616
2011-04-22,76.37418667810616
2011-04-25,76.58779627495224
2011-04-26,76.78079565160333
2011-04-27,76.63287631826582
2011-04-28,76.68990624122947
2011-04-29,75.56318291267442
2011-05-02,74.62937063802624
2011-05-03,74.85454665432974
2011-05-04,74.64046123630912
2011-05-05,75.85082538974345
2011-05-06,75.7097693773479
2011-05-09,76.42832637652907
2011-05-10,78.19142380246114
2011-05-11,78.96856177595474
2011-05-12,79.07729229618089
2011-05-13,78.89004415649364
2011-05-16,79.24420557245469
2011-05-17,78.89719451624308
2011-05-18,80.28506291683026
2011-05-19,78.7536178866957
2011-05-20,78.8672196786852
2011-05-23,78.61699947969187
2011-05-24,77.40921286167017
2011-05-25,77.6968402605058
2011-05-26,76.68651484494211
2011-05-27,76.80312479872515
2011-05-30,76.80312479872515
2011-05-31,77.44337199742081
2011-06-01,81.64968249180612
2011-06-02,81.53144411018435
2011-06-03,82.13007844960973
2011-06-06,83.04116765215775
2011-06-07,81.90505768952843
2011-06-08,81.78234289958077
2011-06-09,82.1213337998709
2011-06-10,83.83916223811157
2011-06-13,82.4992125245243
2011-06-14,84.51590010305611
2011-06-15,86.92367434648453
2011-06-16,86.22797968119357
2011-06-17,85.9352190241101
2011-06-20,86.18188574939205
2011-06-21,88.77153994547139
2011-06-22,88.90545953189762
2011-06-23,86.84036543383215
2011-06-24,87.98613059382684
2011-06-27,88.66187563186465
2011-06-28,91.4059469672158
2011-06-29,91.80871371909755
2011-06-30,92.11891417233002
2011-07-01,91.1624976892803
2011-07-04,91.1624976892803
2011-07-05,91.043340145191
2011-07-06,90.08886862823404
2011-07-07,90.07390348463932
2011-07-08,90.50797523858964
2011-07-11,94.7828243287996
2011-07-12,94.02748258900805
2011-07-13,90.96526579779552
2011-07-14,89.9927893305016
2011-07-15,87.82195338826949
2011-07-18,85.52155817743639
2011-07-19,88.13401905669755
2011-07-20,88.8960655020419
2011-07-21,89.94422281984687
2011-07-22,87.6873024578299
2011-07-25,87.66920496424908
2011-07-26,87.59773141179626
2011-07-27,89.72456340988896
2011-07-28,88.6344220027082
2011-07-29,86.39650598009436
2011-08-01,84.84701476761958
2011-08-02,87.46493570973837
2011-08-03,84.62231949943254
2011-08-04,90.33388022491498
2011-08-05,89.14009738504565
2011-08-08,94.56656889862518
2011-08-09,99.52203061213376
2011-08-10,101.5108502081471
2011-08-11,107.39628527735157
2011-08-12,107.88127711100255
2011-08-15,112.61269003990655
2011-08-16,113.07307302092589
2011-08-17,112.14179677636987
2011-08-18,115.52015862065296
2011-08-19,116.33566881922494
2011-08-22,114.70352225710042
2011-08-23,121.68967850082167
2011-08-24,122.78490506338187
2011-08-25,125.32487375434133
2011-08-26,125.28712325398999
2011-08-29,134.39686888995703
2011-08-30,134.51577458954162
2011-08-31,135.12479127062318
2011-09-01,132.72977159102018
2011-09-02,138.66685659873258
2011-09-05,138.66685659873258
2011-09-06,133.51773862263553
2011-09-07,141.23728390495134
2011-09-08,135.77964390254476
2011-09-09,135.57385916975568
2011-09-12,130.5847525849938
2011-09-13,126.68772081467081
2011-09-14,127.472331097778
2011-09-15,126.68438893862766
2011-09-16,124.61333379263732
2011-09-19,125.37691745903344
2011-09-20,119.68967340721272
2011-09-21,122.86255822379798
2011-09-22,126.26473711742771
2011-09-23,120.83874745359574
2011-09-26,122.41586753497033
2011-09-27,121.85886282506317
2011-09-28,122.43866758309746
2011-09-29,117.95205877296677
2011-09-30,121.32014136687877
2011-10-03,124.35344668646691
2011-10-04,127.42646301047034
2011-10-05,124.5907330760339
2011-10-06,126.89429088307084
2011-10-07,121.04361571742584
2011-10-10,130.4705122720381
2011-10-11,126.56066008431971
2011-10-12,128.17068039282546
2011-10-13,127.59865832409513
2011-10-14,130.642303010863
2011-10-17,131.6292307983532
2011-10-18,136.1005716077435
2011-10-19,136.5246135200244
2011-10-20,136.114568708525
2011-10-21,134.26912048186253
2011-10-24,133.94577519168234
2011-10-25,136.36261898136118
2011-10-26,134.96869602333737
2011-10-27,138.8325495250508
2011-10-28,135.22483101323095
2011-10-31,136.11499760772813
2011-11-01,135.2780979902986
2011-11-02,133.88073884293587
2011-11-03,134.61209638285038
2011-11-04,133.49164770609696
2011-11-07,130.5729893873738
2011-11-08,130.920778349157
2011-11-09,128.2069034821375
2011-11-10,128.306702297367
2011-11-11,133.32866717324146
2011-11-14,134.16615171184066
2011-11-15,131.18754891277743
2011-11-16,129.49969508171517
2011-11-17,127.6097924675358
2011-11-18,125.60278010945274
2011-11-21,126.86929604656565
2011-11-22,126.31381301976761
2011-11-23,129.6883216568839
2011-11-24,129.6883216568839
2011-11-25,129.12920773375794
2011-11-28,136.0969767372227
2011-11-29,133.93654925859497
2011-11-30,141.59568037556133
2011-12-01,137.40522523180968
2011-12-02,133.38041989003
2011-12-05,131.5636519936652
2011-12-06,127.91384898540636
2011-12-07,126.11484835940378
2011-12-08,129.39877810033144
2011-12-09,132.33266859919922
2011-12-12,127.98654053256669
2011-12-13,125.76387324825374
2011-12-14,121.81433988344305
2011-12-15,120.44506582089012
2011-12-16,119.31805380680015
2011-12-19,118.13209111089833
2011-12-20,123.84937375386582
2011-12-21,124.99594419280197
2011-12-22,123.20488456523859
2011-12-23,125.56564382149061
2011-12-26,125.56564382149061
2011-12-27,121.05823291352077
2011-12-28,121.7348875401789
2011-12-29,117.99257599881744
2011-12-30,117.3007051825059
2012-01-02,117.30261906394797
2012-01-03,113.41046007453774
2012-01-04,112.26137885265395
2012-01-05,112.35824823060321
2012-01-06,111.5919671179142
2012-01-09,111.9065539426253
2012-01-10,113.55100778338307
2012-01-11,109.92547487689852
2012-01-12,106.08290817901795
2012-01-13,102.99560176703051
2012-01-16,102.99560176703051
2012-01-17,101.98325763293951
2012-01-18,101.97406696803843
2012-01-19,101.51811859210817
2012-01-20,102.34540677348912
2012-01-23,100.77978909356449
2012-01-24,94.57502994180771
2012-01-25,93.17393019167274
2012-01-26,91.71274204120678
2012-01-27,88.70761587776417
2012-01-30,87.22314819616402
2012-01-31,82.09718441263672
2012-02-01,78.52360573540243
2012-02-02,75.0430569706769
2012-02-03,75.33286222164068
2012-02-06,74.49985643056544
2012-02-07,73.60900454889043
2012-02-08,72.599726726356
2012-02-09,71.86369099360395
2012-02-10,71.54229754990564
2012-02-13,72.00523266545308
2012-02-14,71.29313422821251
2012-02-15,71.13772389584457
2012-02-16,72.54493199579353
2012-02-17,70.71874121178153
2012-02-20,70.71874121178153
2012-02-21,70.26709786837276
2012-02-22,70.09290546157087
2012-02-23,70.23824267049567
2012-02-24,69.65449020736304
2012-02-27,68.13827619398059
2012-02-28,67.45060159461352
2012-02-29,66.65093172250049
2012-03-01,66.53170814157482
2012-03-02,66.64366912319433
2012-03-05,66.8051069562091
2012-03-06,69.14640801334583
2012-03-07,67.93195252488601
2012-03-08,69.68411222141346
2012-03-09,70.0709741887303
2012-03-12,70.60701322797814
2012-03-13,73.42976931291254
2012-03-14,72.3250601800504
2012-03-15,71.45616592647693
2012-03-16,70.469330366489
2012-03-19,70.04933741935156
2012-03-20,68.40358470695601
2012-03-21,68.13144013633365
2012-03-22,67.9754814021229
2012-03-23,67.94038784558768
2012-03-26,70.43857145948955
2012-03-27,69.79654787615846
2012-03-28,70.20280829484886
2012-03-29,69.78916462469005
2012-03-30,70.07720323180065
2012-04-02,70.45465516660758
2012-04-03,70.30326532155108
2012-04-04,70.77061673442365
2012-04-05,68.22745651066516
2012-04-06,68.22745651066516
2012-04-09,69.9928433629582
2012-04-10,70.60675282641154
2012-04-11,71.67319415995821
2012-04-12,74.13633090090134
2012-04-13,74.00612648063749
2012-04-16,74.76199738510878
2012-04-17,77.2943824219603
2012-04-18,78.28244893090492
2012-04-19,79.09314217513688
2012-04-20,79.74931476517371
2012-04-23,80.94280719496328
2012-04-24,81.6226184802222
2012-04-25,83.1232569824079
2012-04-26,81.53950438578502
2012-04-27,81.81694216892052
2012-04-30,82.08643076255342
2012-05-01,82.90084156531172
2012-05-02,83.22841343016032
2012-05-03,83.15421982968132
2012-05-04,84.94300702096469
2012-05-07,84.6891799931093
2012-05-08,84.14460826594133
2012-05-09,82.378943746752
2012-05-10,80.060632864444
2012-05-11,78.93337611996483
2012-05-14,78.13327609253855
2012-05-15,76.1991072636559
2012-05-16,75.48532081829593
2012-05-17,74.99775167438145
2012-05-18,74.68122135532819
2012-05-21,78.27543841416365
2012-05-22,77.43319470625191
2012-05-23,76.6606989744285
2012-05-24,76.0560076314703
2012-05-25,74.9090034655747
2012-05-28,74.9090034655747
2012-05-29,76.06892752667862
2012-05-30,78.70153615951641
2012-05-31,78.2163673602929
2012-06-01,82.2349224236254
2012-06-04,82.02975715548963
2012-06-05,83.07869890563457
2012-06-06,86.043659109395
2012-06-07,85.23732222543629
2012-06-08,86.72817830264182
2012-06-11,88.45474257563144
2012-06-12,90.23573138003248
2012-06-13,90.69518408813283
2012-06-14,90.93881214953124
2012-06-15,90.89423788089108
2012-06-18,91.08886771590294
2012-06-19,91.11676056760793
2012-06-20,90.38678556162316
2012-06-21,91.4846007925573
2012-06-22,91.3821957177008
2012-06-25,94.68806039936138
2012-06-26,94.5202419929443
2012-06-27,96.58228749992875
2012-06-28,95.54825149967152
2012-06-29,97.81671945600962
2012-07-02,98.82967717245316
2012-07-03,98.52115366394028
2012-07-04,98.52115366394028
2012-07-05,98.8821255581621
2012-07-06,99.80941994222056
2012-07-09,94.86062681539768
2012-07-10,95.5002577538054
2012-07-11,94.63315865942302
2012-07-12,93.03187374465377
2012-07-13,94.91027791172444
2012-07-16,94.32921988744064
2012-07-17,93.24943018100748
2012-07-18,93.59531611899264
2012-07-19,93.4543513828004
2012-07-20,93.47806135160072
2012-07-23,94.83977506995724
2012-07-24,91.7949302035738
2012-07-25,92.3071075798269
2012-07-26,92.6049033589642
2012-07-27,94.99032960013746
2012-07-30,93.03752528946812
2012-07-31,92.66763361279033
2012-08-01,88.00881134014061
2012-08-02,88.09990973672971
2012-08-03,90.23927064196089
2012-08-06,89.28271856411803
2012-08-07,89.42627972833228
2012-08-08,88.69961135882934
2012-08-09,88.01345608221983
2012-08-10,87.43281854520231
2012-08-13,86.82344366279997
2012-08-14,82.66932093885217
2012-08-15,82.40910040906932
2012-08-16,82.86488402220284
2012-08-17,82.10857960855483
2012-08-20,81.41169390493525
2012-08-21,80.52276509487419
2012-08-22,78.60422443135946
2012-08-23,78.50835862610501
2012-08-24,78.97460416231512
2012-08-27,75.89647710393587
2012-08-28,72.7294790879184
2012-08-29,72.0853147065442
2012-08-30,73.25366649871833
2012-08-31,73.27244183715459
2012-09-03,73.27244183715459
2012-09-04,72.72803938016952
2012-09-05,68.10331649683198
2012-09-06,71.41645112026968
2012-09-07,71.06274948263946
2012-09-10,71.88067487926395
2012-09-11,72.04635137286462
2012-09-12,71.70814278603866
2012-09-13,73.29189357827099
2012-09-14,74.09924582684134
2012-09-17,73.74437958376927
2012-09-18,72.07073023949692
2012-09-19,71.99482030741058
2012-09-20,71.51354310743423
2012-09-21,70.19951852456838
2012-09-24,70.23963746884077
2012-09-25,69.9705517915006
2012-09-26,68.67322254675685
2012-09-27,69.73552631739736
2012-09-28,69.84832058119201
2012-10-01,70.03959163504871
2012-10-02,68.10952805041987
2012-10-03,68.02100085940248
2012-10-04,68.69409479314902
2012-10-05,68.67674721706688
2012-10-08,65.64977541168562
2012-10-09,66.2917021623456
2012-10-10,66.62617352651026
2012-10-11,66.83969268968315
2012-10-12,67.31059029105504
2012-10-15,66.35111046393448
2012-10-16,67.58878161346452
2012-10-17,69.199127750764
2012-10-18,70.11337283725109
2012-10-19,72.9975802263607
2012-10-22,72.74417746871232
2012-10-23,77.0040916500619
2012-10-24,76.87879104475087
2012-10-25,76.75641347280111
2012-10-26,76.84315920356698
2012-10-29,76.84315920356698
2012-10-30,76.84315920356698
2012-10-31,76.56343494230761
2012-11-01,78.54919177676882
2012-11-02,79.843782544591
2012-11-05,80.89364611938409
2012-11-06,81.62680337326069
2012-11-07,85.32672967592313
2012-11-08,87.87776410399873
2012-11-09,86.7905605016453
2012-11-12,85.69776121210847
2012-11-13,85.0368893784261
2012-11-14,87.25307327514489
2012-11-15,86.96809129090272
2012-11-16,85.97135402277539
2012-11-19,87.90858115460175
2012-11-20,86.47699789125105
2012-11-21,86.40440618517322
2012-11-22,86.40440618517322
2012-11-23,93.38465943926884
2012-11-26,93.21529132955877
2012-11-27,91.38920308590106
2012-11-28,91.91076139916012
2012-11-29,91.76533086870842
2012-11-30,90.80996233004052
2012-12-03,90.49060396480658
2012-12-04,88.6722834811828
2012-12-05,88.38778928310367
2012-12-06,87.2176558131793
2012-12-07,86.64821961516651
2012-12-10,82.97344292592368
2012-12-11,80.75737241265855
2012-12-12,80.44430333865435
2012-12-13,80.6000117454437
2012-12-14,80.49888645865029
2012-12-17,79.2712407423355
2012-12-18,79.96632991329979
2012-12-19,80.80758803510463
2012-12-20,77.36067547968798
2012-12-21,76.54741477671918
2012-12-24,78.27620334144822
2012-12-25,78.27620334144822
2012-12-26,71.07947541743061
2012-12-27,68.84528454530563
2012-12-28,71.87441323722021
2012-12-31,74.27850314611571
2013-01-01,74.27850314611571
2013-01-02,79.24511512406124
2013-01-03,79.65378786986757
2013-01-04,80.73358751617347
2013-01-07,81.09401822804234
2013-01-08,80.61858103101835
2013-01-09,81.20056125228874
2013-01-10,81.16967817000419
2013-01-11,80.81498770222912
2013-01-14,80.89645626881024
2013-01-15,81.44089452995556
2013-01-16,80.66489365575875
2013-01-17,81.3427496916971
2013-01-18,79.65690717902473
2013-01-21,79.65690717902473
2013-01-22,78.96901936097352
2013-01-23,77.81591697548258
2013-01-24,78.48255003909473
2013-01-25,78.93229148271566
2013-01-28,77.08665535416986
2013-01-29,75.61423760901037
2013-01-30,75.47836873831861
2013-01-31,72.3252860156624
2013-02-01,69.89048842298226
2013-02-04,66.6023743304043
2013-02-05,67.17024452123641
2013-02-06,66.0064663042249
2013-02-07,65.50859059541624
2013-02-08,65.80321289460882
2013-02-11,65.3968563766682
2013-02-12,65.01663543031836
2013-02-13,65.03313838878809
2013-02-14,64.61423781557303
2013-02-15,64.37616070554911
2013-02-18,64.37572636931164
2013-02-19,65.28923708988965
2013-02-20,66.26634068351922
2013-02-21,66.7124801243916
2013-02-22,67.86946245230966
2013-02-25,71.3411264648291
2013-02-26,70.9182881447326
2013-02-27,73.40371819486256
2013-02-28,72.82026609465066
2013-03-01,72.13398070350236
2013-03-04,73.12058014992826
2013-03-05,74.31216737966972
2013-03-06,73.34651028687492
2013-03-07,71.4868845937662
2013-03-08,70.40914091015202
2013-03-11,70.31480327244576
2013-03-12,70.409903991615
2013-03-13,69.97414085387297
2013-03-14,70.48728123684191
2013-03-15,69.67999982633414
2013-03-18,70.4998871384095
2013-03-19,70.36567196711259
2013-03-20,71.61263109459166
2013-03-21,71.59336331675523
2013-03-22,70.75468810461241
2013-03-25,69.9115739623869
2013-03-26,69.95764357927676
2013-03-27,66.97446325229741
2013-03-28,66.89902561056796
2013-03-29,66.90357771873809
2013-04-01,65.28470905178229
2013-04-02,66.3862398236272
2013-04-03,67.8809242937287
2013-04-04,67.3566152550911
2013-04-05,66.8701873245255
2013-04-08,68.11909223140225
2013-04-09,68.40665039411255
2013-04-10,70.71108435224463
2013-04-11,70.97362619106208
2013-04-12,71.27511189484572
2013-04-15,75.87521601856393
2013-04-16,78.40014851244825
2013-04-17,80.812977871732
2013-04-18,81.5752555833507
2013-04-19,83.89718953747513
2013-04-22,83.34354595639815
2013-04-23,83.99467575171796
2013-04-24,84.91556444514715
2013-04-25,85.84743300575056
2013-04-26,84.4260401469854
2013-04-29,85.27573547967464
2013-04-30,85.33196963665007
2013-05-01,85.3816170385176
2013-05-02,85.91478193987605
2013-05-03,86.46029947776111
2013-05-06,86.9551433595752
2013-05-07,87.49872258804638
2013-05-08,86.66736490494716
2013-05-09,86.74600758736517
2013-05-10,84.33320767322067
2013-05-13,84.04211929451435
2013-05-14,86.24069224844908
2013-05-15,82.23363264236684
2013-05-16,79.49209391027193
2013-05-17,78.48566589536038
2013-05-20,77.90773198477294
2013-05-21,75.78874224705511
2013-05-22,75.85539448174787
2013-05-23,73.53018649584844
2013-05-24,72.60386405392042
2013-05-27,72.60386405392042
2013-05-28,72.99031153683822
2013-05-29,74.12755020034426
2013-05-30,73.37453303309624
2013-05-31,74.92471883754783
2013-06-03,73.78725745107741
2013-06-04,72.51157325609263
2013-06-05,72.96743488641084
2013-06-06,73.23776207860531
2013-06-07,74.70402154052121
2013-06-10,74.4788311560488
2013-06-11,76.02777367761465
2013-06-12,76.9930676930444
2013-06-13,80.47651262437584
2013-06-14,80.09076881997267
2013-06-17,80.4721979909007
2013-06-18,80.87775122320784
2013-06-19,82.84597707190723
2013-06-20,86.37937217718701
2013-06-21,86.08359064871765
2013-06-24,86.88964491108446
2013-06-25,88.28198104542597
2013-06-26,89.79037770227553
2013-06-27,90.63480889274103
2013-06-28,88.97635336496484
2013-07-01,89.96674439991853
2013-07-02,88.44073754548346
2013-07-03,88.73379623134613
2013-07-04,88.73379623134613
2013-07-05,91.99425686622244
2013-07-08,91.04676067869735
2013-07-09,91.09058782320386
2013-07-10,89.26509158496481
2013-07-11,91.69002485362913
2013-07-12,89.85154487138253
2013-07-15,88.61639037631814
2013-07-16,85.27402741116406
2013-07-17,83.7578619581018
2013-07-18,83.90612259918053
2013-07-19,83.56870662986128
2013-07-22,80.93251657220736
2013-07-23,76.88029270597202
2013-07-24,77.38519915039006
2013-07-25,76.63551976111728
2013-07-26,75.18774601249308
2013-07-29,74.26395055708247
2013-07-30,73.11005591771071
2013-07-31,72.9761177920492
2013-08-01,74.34177195141402
2013-08-02,74.10460369718177
2013-08-05,73.5455072337949
2013-08-06,70.6407177197588
2013-08-07,69.54408310416326
2013-08-08,69.21426367176574
2013-08-09,69.50044926505477
2013-08-12,67.65066939397096
2013-08-13,67.58017819994394
2013-08-14,68.36244152157867
2013-08-15,71.52839204707423
2013-08-16,71.55909894400617
2013-08-19,71.93546460966989
2013-08-20,72.57799560050223
2013-08-21,73.35067599218996
2013-08-22,76.16648778027246
2013-08-23,75.88488284878845
2013-08-26,76.84224115350153
2013-08-27,80.64981899632016
2013-08-28,80.02452140909801
2013-08-29,80.92107385264266
2013-08-30,81.38751121645902
2013-09-02,81.3879423462359
2013-09-03,80.25303712607732
2013-09-04,81.07450119399232
2013-09-05,81.24274267817071
2013-09-06,80.27291546161649
2013-09-09,82.22035803490533
2013-09-10,83.15627515781397
2013-09-11,84.04454649685758
2013-09-12,83.99115156415624
2013-09-13,84.16908150104537
2013-09-16,84.62164278570289
2013-09-17,82.26182637182663
2013-09-18,83.61801990268407
2013-09-19,81.98867559226808
2013-09-20,80.9456755178267
2013-09-23,80.8303497952467
2013-09-24,78.56935063463543
2013-09-25,77.7022585376291
2013-09-26,76.99319118061014
2013-09-27,74.19170100347864
2013-09-30,73.93252922584506
2013-10-01,74.34674796287858
2013-10-02,73.37618592857184
2013-10-03,73.7235331188984
2013-10-04,73.66707206881502
2013-10-07,75.28172571471889
2013-10-08,77.60009824288625
2013-10-09,74.95419276188669
2013-10-10,79.19554292913395
2013-10-11,79.79262745702243
2013-10-14,79.7555430579068
2013-10-15,80.16218023683878
2013-10-16,81.49489520612345
2013-10-17,82.7352268708527
2013-10-18,80.74458283508113
2013-10-21,80.13344140973345
2013-10-22,81.02037147265662
2013-10-23,80.96417345064427
2013-10-24,81.40778191794553
2013-10-25,81.38564989790841
2013-10-28,80.78616702157532
2013-10-29,80.73341211617773
2013-10-30,80.57599740559998
2013-10-31,79.59043149850646
2013-11-01,79.44604206147864
2013-11-04,79.27949146761222
2013-11-05,78.16124833175432
2013-11-06,76.70835135151914
2013-11-07,76.34575383098446
2013-11-08,78.29387731420415
2013-11-11,73.28748413677316
2013-11-12,71.87978812265379
2013-11-13,72.24299673284332
2013-11-14,71.85884474980962
2013-11-15,69.2042317786173
2013-11-18,67.64074488852305
2013-11-19,67.3165233713955
2013-11-20,67.52942172904476
2013-11-21,68.53565642896748
2013-11-22,68.13717247798364
2013-11-25,67.79449844835075
2013-11-26,67.4323107764759
2013-11-27,67.63896173403728
2013-11-28,67.63896173403728
2013-11-29,67.80953154161914
2013-12-02,67.27253726307848
2013-12-03,67.22845481138833
2013-12-04,66.93186580251788
2013-12-05,67.11803463262255
2013-12-06,69.70064844015297
2013-12-09,68.34933045392033
2013-12-10,66.717913228414
2013-12-11,66.36747188745538
2013-12-12,66.30967869392913
2013-12-13,66.22013002803627
2013-12-16,65.75846589428598
2013-12-17,65.13213973805482
2013-12-18,67.02679926957755
2013-12-19,66.98439693246043
2013-12-20,66.53383738552736
2013-12-23,66.70134331036175
2013-12-24,67.54879649786274
2013-12-25,67.54879649786274
2013-12-26,68.01745958332127
2013-12-27,67.95564985192165
2013-12-30,68.36880334372465
2013-12-31,68.49250271115137
2014-01-01,68.49609459129194
2014-01-02,69.31756853769281
2014-01-03,69.39566638373873
2014-01-06,68.9479995877783
2014-01-07,69.75967391192125
2014-01-08,69.44205610967656
2014-01-09,67.02652375302895
2014-01-10,67.31411322018342
2014-01-13,69.08776383597369
2014-01-14,68.4388132767239
2014-01-15,68.08322275843908
2014-01-16,68.1635926801616
2014-01-17,67.8066711835349
2014-01-20,67.8078872732706
2014-01-21,67.82971229667469
2014-01-22,66.08628995084182
2014-01-23,66.75178477707715
2014-01-24,70.35402207444886
2014-01-27,69.71888484443113
2014-01-28,69.16755951662513
2014-01-29,68.42991794247482
2014-01-30,70.03693735377021
2014-01-31,70.19687079416084
2014-02-03,72.25006916284195
2014-02-04,70.97270751416413
2014-02-05,70.15472443516268
2014-02-06,71.70167650634747
2014-02-07,72.4325560635741
2014-02-10,72.62537692954625
2014-02-11,73.85347730244239
2014-02-12,73.70248916636281
2014-02-13,72.62143649785996
2014-02-14,71.52083166638583
2014-02-17,71.52083166638583
2014-02-18,71.23932650537887
2014-02-19,72.10594036816005
2014-02-20,72.715583222553
2014-02-21,72.36628335044784
2014-02-24,72.37993055161884
2014-02-25,71.17375091562813
2014-02-26,68.20942549835273
2014-02-27,67.72847940840278
2014-02-28,66.28645136160429
2014-03-03,66.1909318871661
2014-03-04,66.94478064894614
2014-03-05,66.37168676809668
2014-03-06,63.70217625497834
2014-03-07,62.91551301724222
2014-03-10,60.979120632320495
2014-03-11,61.452697422568065
2014-03-12,59.59226142505612
2014-03-13,60.834841586456115
2014-03-14,59.870048380160696
2014-03-17,61.15392278245333
2014-03-18,61.470309451110936
2014-03-19,61.907524437215194
2014-03-20,62.55572888951844
2014-03-21,61.32950971956819
2014-03-24,61.10635006014711
2014-03-25,61.50236001621438
2014-03-26,62.0652111639088
2014-03-27,62.19684547544736
2014-03-28,62.94515911678347
2014-03-31,64.11700822874434
2014-04-01,65.22009106781123
2014-04-02,64.29797222990192
2014-04-03,64.6418129749891
2014-04-04,65.47557496855444
2014-04-07,66.76023356470341
2014-04-08,67.22001296968443
2014-04-09,68.93765868556946
2014-04-10,71.62392990143783
2014-04-11,72.21079195754534
2014-04-14,71.61092800716466
2014-04-15,71.38833895387117
2014-04-16,71.66084692505497
2014-04-17,71.23083438495787
2014-04-18,71.25183968294517
2014-04-21,70.54714250954797
2014-04-22,69.84896785275686
2014-04-23,70.47497788187191
2014-04-24,70.21585444272853
2014-04-25,70.6504468036774
2014-04-28,69.99862028302279
2014-04-29,70.44289736721925
2014-04-30,69.92051399213027
2014-05-01,69.17689887564907
2014-05-02,67.3592048600651
2014-05-05,66.6902600766972
2014-05-06,69.41503773326497
2014-05-07,69.45026577207439
2014-05-08,68.34540516974708
2014-05-09,68.08868685025263
2014-05-12,68.97129646038266
2014-05-13,65.31411925095449
2014-05-14,64.92154643051971
2014-05-15,65.13284956137178
2014-05-16,64.88731172672732
2014-05-19,64.11599651838927
2014-05-20,64.3242073164833
2014-05-21,65.39269313881718
2014-05-22,65.75795361629726
2014-05-23,66.21145252201333
2014-05-26,66.21145252201333
2014-05-27,66.54008033551152
2014-05-28,65.23653266538184
2014-05-29,64.7811661811049
2014-05-30,63.73061585752051
2014-06-02,63.929721365055926
2014-06-03,63.84454833545324
2014-06-04,63.6904736313621
2014-06-05,64.23962796334145
2014-06-06,63.784022161827664
2014-06-09,62.95721391602465
2014-06-10,62.16835692511177
2014-06-11,62.33623593045207
2014-06-12,61.65696872638122
2014-06-13,61.564411335293016
2014-06-16,60.8576451412401
2014-06-17,59.946549525611246
2014-06-18,60.44976147569378
2014-06-19,59.86596487824211
2014-06-20,58.57229776674073
2014-06-23,56.934439092511894
2014-06-24,57.334656734891944
2014-06-25,57.18986068061298
2014-06-26,56.33566597093467
2014-06-27,56.18873998274393
2014-06-30,55.63105443065586
2014-07-01,56.60539326414182
2014-07-02,56.45306007924545
2014-07-03,58.198832054847
2014-07-04,58.198832054847
2014-07-07,58.85151554857538
2014-07-08,58.49810972121033
2014-07-09,57.946226637249545
2014-07-10,57.90645265536559
2014-07-11,58.15696463753727
2014-07-14,58.12860120463772
2014-07-15,57.001660583151384
2014-07-16,57.10646029720246
2014-07-17,59.098317023150194
2014-07-18,60.8211049489361
2014-07-21,60.27526833054042
2014-07-22,60.85129667441975
2014-07-23,61.34169629697243
2014-07-24,61.31226037456455
2014-07-25,61.33694298696541
2014-07-28,61.20987096050885
2014-07-29,61.82111496458595
2014-07-30,62.448953271724804
2014-07-31,66.04445033065689
2014-08-01,51.64587563401208
2014-08-04,52.528418340585645
2014-08-05,52.24531314875984
2014-08-06,65.90779514078349
2014-08-07,66.04512437208437
2014-08-08,68.09926801375117
2014-08-11,68.18325565791986
2014-08-12,67.6937419643233
2014-08-13,68.4523086078394
2014-08-14,69.16438509038329
2014-08-15,68.36677587596876
2014-08-18,68.50998852008242
2014-08-19,67.03036603045184
2014-08-20,66.6477364945561
2014-08-21,66.42512874063186
2014-08-22,66.4961238476892
2014-08-25,67.14203996883819
2014-08-26,66.81505730880446
2014-08-27,66.67343328221736
2014-08-28,66.2479850461093
2014-08-29,66.20882815370567
2014-09-01,66.20882815370567
2014-09-02,63.654461542458975
2014-09-03,63.304488854677224
2014-09-04,62.257103973927904
2014-09-05,61.2042807000205
2014-09-08,61.45720249898911
2014-09-09,61.743815195248814
2014-09-10,59.786281287188324
2014-09-11,59.03185702228828
2014-09-12,59.77032454833062
2014-09-15,58.43021724113297
2014-09-16,58.270037269492434
2014-09-17,58.00516573899276
2014-09-18,56.74704400972663
2014-09-19,55.39639685333471
2014-09-22,56.646006426729755
2014-09-23,57.228889577239165
2014-09-24,57.97908974263735
2014-09-25,60.750683957499746
2014-09-26,61.73926562845155
2014-09-29,61.577209480228774
2014-09-30,61.053138500030926
2014-10-01,62.48251714291363
2014-10-02,61.81473580674165
2014-10-03,63.399023890722155
2014-10-06,61.344979183420385
2014-10-07,65.98495669362923
2014-10-08,67.90424152073669
2014-10-09,70.22703769711849
2014-10-10,70.72493525562042
2014-10-13,72.33312942787629
2014-10-14,72.84247376483673
2014-10-15,73.5242070180852
2014-10-16,72.8783306887044
2014-10-17,74.97605655702651
2014-10-20,75.84582031311535
2014-10-21,79.87203150634406
2014-10-22,79.42743591173858
2014-10-23,80.17353267557225
2014-10-24,80.22497780291502
2014-10-27,77.50896823363645
2014-10-28,78.63041124672002
2014-10-29,78.38070569107569
2014-10-30,79.39277106894893
2014-10-31,79.09446031367224
2014-11-03,79.21361555076506
2014-11-04,78.0126151934092
2014-11-05,78.79344895405285
2014-11-06,76.66603552000991
2014-11-07,74.03905818892295
2014-11-10,71.11834241160975
2014-11-11,69.61772748377213
2014-11-12,67.77050181260891
2014-11-13,67.21153699605391
2014-11-14,67.58854305380079
2014-11-17,67.2463607515905
2014-11-18,66.25502841884554
2014-11-19,64.99008397252811
2014-11-20,61.99363647829935
2014-11-21,60.84580090630629
2014-11-24,59.68175309951023
2014-11-25,58.204605806393324
2014-11-26,58.34956843799693
2014-11-27,58.316820536446926
2014-11-28,59.23663967819903
2014-12-01,59.93930252353055
2014-12-02,59.813554899636195
2014-12-03,59.89837460732646
2014-12-04,59.44597024054225
2014-12-05,59.52195110283829
2014-12-08,59.56535692201859
2014-12-09,59.473206841922284
2014-12-10,61.70024380556222
2014-12-11,61.33134880489604
2014-12-12,64.20035351587573
2014-12-15,64.31068574160659
2014-12-16,65.2863243359195
2014-12-17,68.20468517197115
2014-12-18,70.93776741768112
2014-12-19,69.93706700051075
2014-12-22,70.63463826034398
2014-12-23,71.63347440966689
2014-12-24,72.9557504176841
2014-12-26,73.45764878971715
2014-12-29,74.66752651835456
2014-12-30,74.96633036526227
2014-12-31,74.62905753842116
2015-01-02,73.7271805636751
2015-01-05,76.16822931454243
2015-01-06,76.16249027477963
2015-01-07,77.7235777211444
2015-01-08,79.65349517482726
2015-01-09,80.00210846449646
2015-01-12,81.14914161503283
2015-01-13,78.52797033562665
2015-01-14,78.58401405586159
2015-01-15,77.1882899995751
2015-01-16,78.74581105344816
2015-01-20,77.99134298184141
2015-01-21,75.73550207701224
2015-01-22,74.57282246456809
2015-01-23,75.78131367513012
2015-01-26,75.61505960334779
2015-01-27,76.93003910976368
2015-01-28,77.72370875567573
2015-01-29,77.26074297041968
2015-01-30,78.62479974661986
2015-02-02,79.45228677100462
2015-02-03,79.13501338070046
2015-02-04,78.83244504181415
2015-02-05,77.86317532718044
2015-02-06,77.53561898494307
2015-02-09,76.21599868775456
2015-02-10,74.43442600680154
2015-02-11,72.79608687933418
2015-02-12,73.0523748397779
2015-02-13,73.76138529007571
2015-02-17,73.0767082189122
2015-02-18,72.74288920946897
2015-02-19,71.49787976161853
2015-02-20,70.97746324797617
2015-02-23,70.6326022052877
2015-02-24,68.42996990666406
2015-02-25,67.79049224200823
2015-02-26,67.55984178787705
2015-02-27,66.2106322603268
2015-03-02,64.44874096394356
2015-03-03,63.64001851030017
2015-03-04,62.05954120802719
2015-03-05,60.50001573441955
2015-03-06,60.99580586786965
2015-03-09,60.532389992676976
2015-03-10,62.15262958742324
2015-03-11,61.873546785200766
2015-03-12,64.11019066708359
2015-03-13,63.331939383061695
2015-03-16,64.91957762728028
2015-03-17,64.2622491004311
2015-03-18,64.92084840018512
2015-03-19,66.03202073082772
2015-03-20,65.42627229976131
2015-03-23,65.47586794616335
2015-03-24,65.97262479674295
2015-03-25,68.5191776202107
2015-03-26,68.1867671464354
2015-03-27,68.48010256137188
2015-03-30,70.2825396116667
2015-03-31,71.42704838640717
2015-04-01,71.1374562519737
2015-04-02,71.2722592971511
2015-04-06,71.5018141354681
2015-04-07,71.71774042555387
2015-04-08,69.82729068494437
2015-04-09,69.3783593825437
2015-04-10,66.81403912392891
2015-04-13,66.88546865887474
2015-04-14,64.71066042738737
2015-04-15,64.615174060631
2015-04-16,62.551780757667366
2015-04-17,63.67481730631636
2015-04-20,63.52013429874237
2015-04-21,62.75276246531419
2015-04-22,62.53676431374846
2015-04-23,62.81481262666414
2015-04-24,61.92194352151499
2015-04-27,59.59802946477006
2015-04-28,59.89084051650302
2015-04-29,60.09497017915024
2015-04-30,58.61145585782927
2015-05-01,58.73750031240056
2015-05-04,58.66190905287877
2015-05-05,59.903337226301694
2015-05-06,59.26996331825287
2015-05-07,59.12380873321028
2015-05-08,60.740025681614895
2015-05-11,61.386211013421594
2015-05-12,61.20605491103612
2015-05-13,60.67675273671876
2015-05-14,62.314041835181854
2015-05-15,62.02959927447598
2015-05-18,62.54526965036035
2015-05-19,61.30827286675593
2015-05-20,59.77346711298949
2015-05-21,59.398519369603754
2015-05-22,59.349919965906246
2015-05-26,60.76459389469807
2015-05-27,61.48897761756344
2015-05-28,60.842843473383454
2015-05-29,60.84971637203947
2015-06-01,59.96323462625947
2015-06-02,59.4072713007581
2015-06-03,58.460062149975016
2015-06-04,59.34510107300638
2015-06-05,58.43455810064267
2015-06-08,58.893011734834666
2015-06-09,58.08315541403178
2015-06-10,57.793959469543154
2015-06-11,56.911766055195116
2015-06-12,57.99282688420113
2015-06-15,58.41532292738272
2015-06-16,56.93031650328756
2015-06-17,56.34944394144847
2015-06-18,57.0401599363054
2015-06-19,56.26913491694499
2015-06-22,56.845384373887754
2015-06-23,56.981125371936734
2015-06-24,57.601022037841325
2015-06-25,56.75273996820726
2015-06-26,54.96959327009524
2015-06-29,59.23382366549045
2015-06-30,58.36729103194817
2015-07-01,59.692129157326676
2015-07-02,59.89900342865174
2015-07-06,59.67599960003006
2015-07-07,58.59484432947915
2015-07-08,61.27585261037757
2015-07-09,60.89358206122249
2015-07-10,63.45309083494293
2015-07-13,63.25990768319941
2015-07-14,63.22819980328376
2015-07-15,62.28201317182315
2015-07-16,62.673892338126
2015-07-17,61.36831321961681
2015-07-20,62.167251332807545
2015-07-21,61.207698854194184
2015-07-22,62.020867666128765
2015-07-23,62.50762814966697
2015-07-24,63.7554443316429
2015-07-27,63.84397894865041
2015-07-28,64.64550760568848
2015-07-29,65.94952521943455
2015-07-30,62.56497935715541
2015-07-31,62.752980362752545
2015-08-03,62.07033521818723
2015-08-04,62.252020072126335
2015-08-05,62.698441432113384
2015-08-06,63.51617251759882
2015-08-07,61.27463403330441
2015-08-10,63.13760724950628
2015-08-11,62.6064133672299
2015-08-12,60.77694028908873
2015-08-13,60.69978885755139
2015-08-14,61.23352101485079
2015-08-17,60.79085273243514
2015-08-18,60.79481952401316
2015-08-19,61.5034663257414
2015-08-20,65.00817578005169
2015-08-21,69.1028121495824
2015-08-24,72.13633420508124
2015-08-25,71.8967877191791
2015-08-26,74.4889426887794
2015-08-27,76.17218697008109
2015-08-28,75.63550946419332
2015-08-31,77.06249120935996
2015-09-01,81.99821201895696
2015-09-02,83.73911806670031
2015-09-03,84.22217341842415
2015-09-04,86.80403523342567
2015-09-08,90.52832043381176
2015-09-09,92.4377952920229
2015-09-10,90.33463364374104
2015-09-11,89.10740944851788
2015-09-14,89.20533258845671
2015-09-15,90.84010689722167
2015-09-16,91.69905121337422
2015-09-17,91.824794569871
2015-09-18,92.34530315779703
2015-09-21,92.38917182173962
2015-09-22,90.98156430006868
2015-09-23,87.83129350511707
2015-09-24,84.56599880548333
2015-09-25,83.74920733521364
2015-09-28,83.78149787826705
2015-09-29,81.29311620096472
2015-09-30,83.53683352977912
2015-10-01,82.83669720443687
2015-10-02,80.75266440797488
2015-10-05,81.53870740869947
2015-10-06,81.91127783014439
2015-10-07,80.82211235020748
2015-10-08,77.36714373492103
2015-10-09,75.14505663990501
2015-10-12,75.25643947121873
2015-10-13,75.10290196075445
2015-10-14,75.99937636424895
2015-10-15,76.60116211619919
2015-10-16,75.7616919586241
2015-10-19,75.36937272169043
2015-10-20,75.83453702254899
2015-10-21,75.10022211676723
2015-10-22,75.61741737748208
2015-10-23,75.42791533484609
2015-10-26,75.7348827905902
2015-10-27,75.06767810596727
2015-10-28,73.67269479672828
2015-10-29,72.81580713166731
2015-10-30,71.26842292809343
2015-11-02,72.51759001598845
2015-11-03,71.12330552517146
2015-11-04,67.59475964803084
2015-11-05,66.66815401404264
2015-11-06,66.36654725826801
2015-11-09,66.19956050511983
2015-11-10,66.34127658280755
2015-11-11,66.10630044562863
2015-11-12,67.26450301288229
2015-11-13,68.4244609965304
2015-11-16,68.50472267539493
2015-11-17,67.97529354494732
2015-11-18,70.2754919328388
2015-11-19,69.88775559137659
2015-11-20,69.36415449852362
2015-11-23,67.13580530258655
2015-11-24,66.2316793327006
2015-11-25,66.04663528532446
2015-11-27,67.19259908853915
2015-11-30,65.73204543222725
2015-12-01,66.04159207664075
2015-12-02,66.62478497455461
2015-12-03,66.83785250858081
2015-12-04,69.0476250740379
2015-12-07,69.3379146461482
2015-12-08,70.04225386773146
2015-12-09,70.67850528300016
2015-12-10,69.43416047267625
2015-12-11,71.82125528792955
2015-12-14,70.79922965255128
2015-12-15,70.15009570525899
2015-12-16,70.43394088366553
2015-12-17,69.98809081669803
2015-12-18,70.78729752004729
2015-12-21,69.06291911264333
2015-12-22,69.83575470230885
2015-12-23,72.29670580077641
2015-12-24,73.46595897808261
2015-12-28,73.82723912994754
2015-12-29,75.83839550978237
2015-12-30,76.06026414435156
2015-12-31,78.23963461496152
2016-01-04,78.84890532482707
2016-01-05,77.96528371875654
2016-01-06,77.44530831727617
2016-01-07,76.73715371200849
2016-01-08,76.59689696175315
2016-01-11,75.60200495449206
2016-01-12,75.37072587817256
2016-01-13,78.61659847685864
2016-01-14,77.44998847623232
2016-01-15,78.9381821543829
2016-01-19,77.64028438805352
2016-01-20,76.81456989268314
2016-01-21,75.76442178427318
2016-01-22,78.58696740244024
2016-01-25,79.7532696175553
2016-01-26,81.33590816032813
2016-01-27,80.75023956959143
2016-01-28,80.51196495399113
2016-01-29,82.73042596085942
2016-02-01,81.12328652712755
2016-02-02,82.05556657394307
2016-02-03,81.26766354706982
2016-02-04,81.22874715559452
2016-02-05,82.94896289451837
2016-02-08,82.59482965433334
2016-02-09,79.69927821193535
2016-02-10,79.33135064805818
2016-02-11,80.10881253001955
2016-02-12,83.04210480259461
2016-02-16,82.33864622059511
2016-02-17,82.94087425087532
2016-02-18,82.38000233719669
2016-02-19,81.72948745385943
2016-02-22,82.990232662133
2016-02-23,84.5039091951385
2016-02-24,81.64104929030665
2016-02-25,81.06771154423164
2016-02-26,80.20950100056068
2016-02-29,79.96237330030716
2016-03-01,81.78837316768855
2016-03-02,79.69430995975607
2016-03-03,80.27126906567982
2016-03-04,77.73421781037636
2016-03-07,77.78241807228989
2016-03-08,77.45786791589823
2016-03-09,75.93939339440695
2016-03-10,73.91484064269622
2016-03-11,76.33962894886842
2016-03-14,75.2723653452014
2016-03-15,73.65361528573109
2016-03-16,71.59576352239242
2016-03-17,70.95790562877238
2016-03-18,68.37131830284987
2016-03-21,67.06685680163673
2016-03-22,66.80988143926334
2016-03-23,65.25426718066181
2016-03-24,63.24744272234774
2016-03-28,63.492075833054415
2016-03-29,63.60599371570924
2016-03-30,62.952477191656996
2016-03-31,62.53983162307926
2016-04-01,59.30014592473841
2016-04-04,59.1404425930355
2016-04-05,60.101059949504794
2016-04-06,61.31945934043379
2016-04-07,62.43188693198354
2016-04-08,61.79725181218875
2016-04-11,61.285232696575505
2016-04-12,62.90890960865479
2016-04-13,62.5937746448563
2016-04-14,61.952561405306994
2016-04-15,61.805911671598075
2016-04-18,61.778493228539126
2016-04-19,61.51963561418006
2016-04-20,62.60854577181021
2016-04-21,63.49881772543863
2016-04-22,64.7553897018139
2016-04-25,63.205838774029765
2016-04-26,64.01861459660827
2016-04-27,64.29769903215306
2016-04-28,63.96909365456401
2016-04-29,63.58654020767275
2016-05-02,64.75549650788625
2016-05-03,64.9125312474687
2016-05-04,64.82801842464907
2016-05-05,63.35205906956448
2016-05-06,62.35650713259546
2016-05-09,60.79350131374508
2016-05-10,62.43950637187126
2016-05-11,63.73069371993193
2016-05-12,62.43867954867455
2016-05-13,61.89930752021629
2016-05-16,63.47392515329812
2016-05-17,64.64334136120134
2016-05-18,64.66165560089566
2016-05-19,64.5481814252867
2016-05-20,64.80808599989477
2016-05-23,64.2534326829261
2016-05-24,66.07402103756823
2016-05-25,66.53463619431581
2016-05-26,66.14396289384983
2016-05-27,66.19412194543666
2016-05-31,64.72309381704642
2016-06-01,64.57323939825127
2016-06-02,63.78498359612329
2016-06-03,63.00321906977823
2016-06-06,63.13714644240329
2016-06-07,63.28983897417832
2016-06-08,62.95817554801724
2016-06-09,62.68163936772302
2016-06-10,61.52499196577946
2016-06-13,60.913611657949886
2016-06-14,60.89444846397638
2016-06-15,59.574262025692185
2016-06-16,57.88925911399584
2016-06-17,56.820367444441985
2016-06-20,56.67723555017062
2016-06-21,55.74423290851725
2016-06-22,54.759985843189554
2016-06-23,57.27519265491967
2016-06-24,57.861393463587575
2016-06-27,58.484896599104495
2016-06-28,60.56762260485533
2016-06-29,63.10949667624644
2016-06-30,64.85451732822983
2016-07-01,65.05047830911494
2016-07-05,65.57669712131776
2016-07-06,65.03045402882209
2016-07-07,64.72349384804032
2016-07-08,67.28182445482321
2016-07-11,67.07393593653524
2016-07-12,67.91425916336941
2016-07-13,66.7548843772304
2016-07-14,65.8725688552725
2016-07-15,65.03742361397303
2016-07-18,64.90557280207341
2016-07-19,64.3627035015975
2016-07-20,64.57935436229666
2016-07-21,64.39122961707865
2016-07-22,64.80108506863809
2016-07-25,65.21161620989707
2016-07-26,63.663139703671405
2016-07-27,60.52307938837278
2016-07-28,58.455179558724005
2016-07-29,56.01174473185975
2016-08-01,53.19224175524732
2016-08-02,52.004391003605775
2016-08-03,52.691073713969715
2016-08-04,51.398828410958586
2016-08-05,52.25215570091499
2016-08-08,51.90452600441439
2016-08-09,49.32131245322616
2016-08-10,49.27142891870951
2016-08-11,48.7821052673385
2016-08-12,48.72146261628571
2016-08-15,49.14400335174797
2016-08-16,50.272509505117355
2016-08-17,50.13323894488847
2016-08-18,50.48210879821485
2016-08-19,50.15433488458606
2016-08-22,49.64772232510401
2016-08-23,49.15752881331047
2016-08-24,49.18006426686375
2016-08-25,48.72447547409447
2016-08-26,48.374107262149025
2016-08-29,48.93035422086502
2016-08-30,49.174715454582795
2016-08-31,48.43083632982225
2016-09-01,47.42740037280919
2016-09-02,47.60005548398116
2016-09-06,47.851216789989195
2016-09-07,46.8795383766041
2016-09-08,47.428023094443695
2016-09-09,51.552131035412415
2016-09-12,52.96792955807408
2016-09-13,54.72511344508116
2016-09-14,54.37629985907098
2016-09-15,54.92711335405706
2016-09-16,53.9043537317351
2016-09-19,54.44954471555465
2016-09-20,54.29123249756368
2016-09-21,56.11185723099064
2016-09-22,57.17157651235296
2016-09-23,57.579759229514316
2016-09-26,58.569175623031015
2016-09-27,59.28729223125621
2016-09-28,60.10061684268831
2016-09-29,60.230374539374054
2016-09-30,60.99786386549897
2016-10-03,61.47260142310727
2016-10-04,61.88149348058734
2016-10-05,62.16262637268597
2016-10-06,61.39667814794473
2016-10-07,59.49535483258777
2016-10-10,60.9160916235825
2016-10-11,59.98153396385986
2016-10-12,58.17148172166702
2016-10-13,56.14672320813061
2016-10-14,56.078919863500765
2016-10-17,54.97476859845621
2016-10-18,56.25303993955311
2016-10-19,56.5036297949084
2016-10-20,56.64122987736368
2016-10-21,55.274921627757834
2016-10-24,55.061054048051936
2016-10-25,54.72776608577859
2016-10-26,53.98204601676565
2016-10-27,53.055952553418074
2016-10-28,53.07212090664227
2016-10-31,51.84282677483824
2016-11-01,51.66914734721871
2016-11-02,51.95402060008873
2016-11-03,48.785857333526415
2016-11-04,51.66342399588592
2016-11-07,55.6330910895212
2016-11-08,55.83110973987341
2016-11-09,56.441035849801096
2016-11-10,55.85943050330389
2016-11-11,56.157692800956305
2016-11-14,57.30988463077457
2016-11-15,57.976669074471026
2016-11-16,58.97439480361887
2016-11-17,58.71044784612098
2016-11-18,58.52590964100852
2016-11-21,59.22655674351135
2016-11-22,59.30637881827539
2016-11-23,59.17651314603401
2016-11-25,60.770356120032524
2016-11-28,60.79194204769414
2016-11-29,60.35314606854067
2016-11-30,61.174478691907176
2016-12-01,61.987200934833425
2016-12-02,61.69473815892552
2016-12-05,61.92183540942592
2016-12-06,61.799331278028944
2016-12-07,63.14123661923244
2016-12-08,59.849627244619
2016-12-09,59.44599385304456
2016-12-12,58.42182107887739
2016-12-13,56.274941554684034
2016-12-14,56.781498334205935
2016-12-15,55.854489219192395
2016-12-16,54.376887179406594
2016-12-19,53.979767865124664
2016-12-20,53.913614161323395
2016-12-21,53.79341310606161
2016-12-22,52.98378292531349
2016-12-23,53.180931816194786
2016-12-27,52.87229578953027
2016-12-28,52.8571286538316
2016-12-29,52.30165728465912
2016-12-30,52.451642482066816
2017-01-03,52.11703386734513
2017-01-04,52.01146728653818
2017-01-05,52.03428839248888
2017-01-06,51.36429757352041
2017-01-09,51.659351288030045
2017-01-10,50.184497676575134
2017-01-11,50.41454372929602
2017-01-12,49.712969031292836
2017-01-13,49.085963221555765
2017-01-17,49.58361354630164
2017-01-18,49.02131731785323
2017-01-19,49.092814835007594
2017-01-20,49.411836767140265
2017-01-23,49.476519656875084
2017-01-24,50.645807605935104
2017-01-25,51.41891631903092
2017-01-26,51.06974028726143
2017-01-27,50.94832736905237
2017-01-30,51.00115427317459
2017-01-31,49.648998817493926
2017-02-01,49.1457644095397
2017-02-02,48.88236441118382
2017-02-03,48.96558185813417
2017-02-06,48.361839239874236
2017-02-07,47.59697703346739
2017-02-08,47.19371191162223
2017-02-09,47.399050759177456
2017-02-10,47.49022648891727
2017-02-13,47.26834067700616
2017-02-14,47.20000271509283
2017-02-15,47.45157893276833
2017-02-16,46.50892901969581
2017-02-17,45.992842625947766
2017-02-21,45.81466731434056
2017-02-22,45.32092060504193
2017-02-23,45.05368087860808
2017-02-24,44.155744684705546
2017-02-27,43.50191438934614
2017-02-28,42.94472262328166
2017-03-01,43.94139493479229
2017-03-02,44.01618389760088
2017-03-03,43.498537397530235
2017-03-06,43.004819408826854
2017-03-07,42.450693305085345
2017-03-08,41.75002462353094
2017-03-09,41.20866883432879
2017-03-10,41.04195059335546
2017-03-13,40.720701328366644
2017-03-14,40.020389411767205
2017-03-15,40.93399579629285
2017-03-16,40.14162039886992
2017-03-17,39.59438314876335
2017-03-20,39.53444641373304
2017-03-21,40.71892724967371
2017-03-22,40.861825133371354
2017-03-23,40.532204302188816
2017-03-24,40.520609611986416
2017-03-27,40.09967257696694
2017-03-28,40.334802977148186
2017-03-29,40.36824750049585
2017-03-30,40.87596206846178
2017-03-31,39.35730444570958
2017-04-03,38.21304935267968
2017-04-04,38.23521206006101
2017-04-05,38.15273070381619
2017-04-06,38.67527541109242
2017-04-07,37.49463869159715
2017-04-10,38.253926694725415
2017-04-11,38.29684644816075
2017-04-12,38.763526196329956
2017-04-13,39.50027594823579
2017-04-17,40.30045917210291
2017-04-18,40.56771616976456
2017-04-19,41.29816669422447
2017-04-20,42.19769414206924
2017-04-21,40.94939995477162
2017-04-24,42.19481226932201
2017-04-25,42.739693424360134
2017-04-26,43.01234441962122
2017-04-27,43.169958822854234
2017-04-28,42.68506049282551
2017-05-01,42.76010190747294
2017-05-02,42.226553733199516
2017-05-03,42.4606208859536
2017-05-04,42.830891166428636
2017-05-05,43.45497105731984
2017-05-08,43.46311249399268
2017-05-09,43.55730435652669
2017-05-10,44.03539745870135
2017-05-11,44.07580909288036
2017-05-12,44.23808164257742
2017-05-15,44.29790036397395
2017-05-16,43.509974306550035
2017-05-17,44.07590148722811
2017-05-18,43.70958351330706
2017-05-19,44.108114802348474
2017-05-22,43.770725940147834
2017-05-23,43.76649444084253
2017-05-24,42.24805315371758
2017-05-25,42.48567348027723
2017-05-26,42.858774693948625
2017-05-30,42.63450822452606
2017-05-31,42.25157444009802
2017-06-01,42.925697778913644
2017-06-02,43.15790021012147
2017-06-05,42.76821477300155
2017-06-06,42.89983227823229
2017-06-07,42.49781294885331
2017-06-08,42.41987506379515
2017-06-09,44.36792606929528
2017-06-12,44.34607887282398
2017-06-13,44.58044215565108
2017-06-14,44.52379060123358
2017-06-15,44.369003782110084
2017-06-16,43.9140507021816
2017-06-19,42.680513966901366
2017-06-20,43.18994804464276
2017-06-21,43.2253935022463
2017-06-22,42.96962572062409
2017-06-23,42.77776146928069
2017-06-26,42.78480334098083
2017-06-27,43.368919933587954
2017-06-28,44.80901192506708
2017-06-29,46.086476686167465
2017-06-30,46.04531266869267
2017-07-03,48.140178844047654
2017-07-05,48.2109223203605
2017-07-06,49.1647442449454
2017-07-07,49.92033641224542
2017-07-10,50.03613807368641
2017-07-11,49.72643161339237
2017-07-12,49.386772973670624
2017-07-13,49.56510572858036
2017-07-14,49.94393694243098
2017-07-17,49.64391342452742
2017-07-18,49.41491309494607
2017-07-19,50.396785838869455
2017-07-20,49.42129506623615
2017-07-21,48.45165510627742
2017-07-24,47.938713463172064
2017-07-25,48.596057354115935
2017-07-26,49.124185267448304
2017-07-27,49.43783152307562
2017-07-28,48.92336513772278
2017-07-31,47.81592521645219
2017-08-01,46.718683192597844
2017-08-02,46.79093653575646
2017-08-03,44.757797321046674
2017-08-04,44.15114173820429
2017-08-07,43.658947763054215
2017-08-08,42.75124989309377
2017-08-09,42.313740317363575
2017-08-10,44.3648279978113
2017-08-11,43.90479789964892
2017-08-14,45.488963531315385
2017-08-15,44.75668567569493
2017-08-16,45.181855209573975
2017-08-17,47.79556419168362
2017-08-18,47.28161117168976
2017-08-21,47.600430656400135
2017-08-22,49.28956174021955
2017-08-23,49.78615885764763
2017-08-24,49.466073621349224
2017-08-25,49.64090796811419
2017-08-28,49.17726800097071
2017-08-29,48.64248001192038
2017-08-30,49.01312950402162
2017-08-31,49.340048467057485
2017-09-01,49.61062256656299
2017-09-05,50.39707694188547
2017-09-06,50.38325815001713
2017-09-07,50.72886777159321
2017-09-08,51.56700555347222
2017-09-11,52.9012440144894
2017-09-12,51.84692391921689
2017-09-13,51.457632153859784
2017-09-14,49.99195818734816
2017-09-15,49.20889044390217
2017-09-18,49.30387941963778
2017-09-19,47.00639860004149
2017-09-20,47.31887535695991
2017-09-21,47.479487919415256
2017-09-22,45.84526765511971
2017-09-25,46.12121939988996
2017-09-26,45.903983865279415
2017-09-27,46.26949809745093
2017-09-28,46.15186643357296
2017-09-29,45.8337505091484
2017-10-02,45.86029570726553
2017-10-03,42.66343549006295
2017-10-04,45.3396216272006
2017-10-05,44.68258563156294
2017-10-06,44.13992936073158
2017-10-09,43.55965919202676
2017-10-10,43.07855364728904
2017-10-11,41.46771680511947
2017-10-12,41.102713408952944
2017-10-13,40.81307182887329
2017-10-16,40.82777736545996
2017-10-17,41.21979013418911
2017-10-18,41.65468174242902
2017-10-19,41.8904616822876
2017-10-20,42.12608141467876
2017-10-23,42.05913784704235
2017-10-24,41.95047871299212
2017-10-25,41.66356608807261
2017-10-26,41.88240824442682
2017-10-27,41.34342553177473
2017-10-30,41.69069485346974
2017-10-31,41.82336618049949
2017-11-01,41.34105426065466
2017-11-02,43.60012978430507
2017-11-03,43.79307579043701
2017-11-06,43.85832319712637
2017-11-07,44.128749681505326
2017-11-08,44.09553133802996
2017-11-09,44.259780306891514
2017-11-10,44.28514730819361
2017-11-13,44.090326194746815
2017-11-14,44.3340692250425
2017-11-15,44.59195599593633
2017-11-16,45.472900657870774
2017-11-17,45.84307672496762
2017-11-20,45.61146841028848
2017-11-21,45.720304119463556
2017-11-22,45.78035503762636
2017-11-24,46.867665701675946
2017-11-27,46.509947640922654
2017-11-28,47.46180153043896
2017-11-29,48.01566172313607
2017-11-30,47.22339867225861
2017-12-01,46.927422461010885
2017-12-04,47.44367126590607
2017-12-05,46.51572967036167
2017-12-06,45.87233755066354
2017-12-07,45.25683380807795
2017-12-08,44.65113632398334
2017-12-11,44.60867847843606
2017-12-12,44.32461686021293
2017-12-13,44.26441015206019
2017-12-14,43.84874176351311
2017-12-15,43.24808841861849
2017-12-18,43.30201769919667
2017-12-19,42.632971792489144
2017-12-20,42.50174145117266
2017-12-21,42.83660708332263
2017-12-22,42.07467190006502
2017-12-26,42.59369321556757
2017-12-27,41.48734421887026
2017-12-28,41.35623375607827
2017-12-29,40.76758717576478
2018-01-02,41.1431974581506
2018-01-03,41.524447975086076
2018-01-04,41.787566122397266
2018-01-05,41.12956673735836
2018-01-08,40.82326131512796
2018-01-09,40.3761659165244
2018-01-10,40.25661128398211
2018-01-11,40.58211332200499
2018-01-12,40.76610272448774
2018-01-16,39.82608579018101
2018-01-17,40.90314918440399
2018-01-18,40.47831401330139
2018-01-19,40.78006192322772
2018-01-22,40.73359899077994
2018-01-23,40.462414769904036
2018-01-24,40.31421764938025
2018-01-25,40.08585838650911
2018-01-26,40.6467828316851
2018-01-29,40.645529252261234
2018-01-30,40.96966121385321
2018-01-31,40.65296396932568
2018-02-01,40.49266004692248
2018-02-02,41.365225088344644
2018-02-05,44.4748964610345
2018-02-06,44.128802532801465
2018-02-07,44.056797561778666
2018-02-08,47.89461245495843
2018-02-09,48.044734586801226
2018-02-12,48.550509467210745
2018-02-13,48.124816149461
2018-02-14,49.05343337043512
2018-02-15,49.91516655932548
2018-02-16,49.30730477687028
2018-02-19,49.30730477687028
2018-02-20,49.89039046511667
2018-02-21,50.293889055938735
2018-02-22,49.70310477192589
2018-02-23,51.650656213981144
2018-02-26,52.35764872441933
2018-02-27,53.18322936573117
2018-02-28,53.20459860082633
2018-03-01,53.75891814796997
2018-03-02,53.53041374301942
2018-03-05,54.11776817767116
2018-03-06,54.25989099013559
2018-03-07,52.62093447260045
2018-03-08,49.56896357919485
2018-03-09,50.52935012432751
2018-03-12,50.37463895773986
2018-03-13,47.63902327916155
2018-03-14,47.31342267155728
2018-03-15,46.04881924408684
2018-03-16,45.51847441647619
2018-03-19,45.446060280200236
2018-03-20,44.39029766099521
2018-03-21,44.93033866953173
2018-03-22,47.36455383523817
2018-03-23,49.334315694786056
2018-03-26,51.687012863877406
2018-03-27,51.78178718579595
2018-03-28,51.397777621660246
2018-03-29,51.32012642268755
2018-04-02,52.9973535513696
2018-04-03,53.19487067102062
2018-04-04,53.711779302449386
2018-04-05,53.41491451911044
2018-04-06,56.02835422060342
2018-04-09,55.75332407957384
2018-04-10,57.18468365719996
2018-04-11,56.47607044643062
2018-04-12,57.2363588345082
2018-04-13,57.28623618770645
2018-04-16,57.94833029948125
2018-04-17,58.77801696386965
2018-04-18,59.71137653944511
2018-04-19,57.09515152203554
2018-04-20,59.9547952602758
2018-04-23,59.75493331055978
2018-04-24,58.60816587605116
2018-04-25,56.483135997783364
2018-04-26,54.043182335670195
2018-04-27,52.82719379359604
2018-04-30,51.570100814684935
2018-05-01,52.2527052894371
2018-05-02,50.83590101032321
2018-05-03,49.56696483165721
2018-05-04,50.01015919506167
2018-05-07,49.84499943666576
2018-05-08,47.48342618445751
2018-05-09,48.14898022976032
2018-05-10,47.0743358248786
2018-05-11,46.52191335806072
2018-05-14,45.37205302776672
2018-05-15,45.54450154106814
2018-05-16,44.97102793866755
2018-05-17,44.30126058106933
2018-05-18,44.26007542654733
2018-05-21,44.100103915282176
2018-05-22,44.073532495195415
2018-05-23,44.3129378026465
2018-05-24,43.4509099243505
2018-05-25,43.63531847557968
2018-05-29,43.59077656842251
2018-05-30,44.44819111855572
2018-05-31,43.70792260888159
2018-06-01,44.132212637928816
2018-06-04,43.77747635700501
2018-06-05,43.802039345697125
2018-06-06,43.200831170887646
2018-06-07,43.12284603955657
2018-06-08,43.06732096683593
2018-06-11,42.057805680837006
2018-06-12,41.28790321204997
2018-06-13,41.14965277376144
2018-06-14,41.34437666987856
2018-06-15,40.528644414835114
2018-06-18,40.575031531092286
2018-06-19,40.69104650459983
2018-06-20,40.61955159951427
2018-06-21,40.16336306351696
2018-06-22,40.005124129417325
2018-06-25,40.95499556559408
2018-06-26,40.98113871250161
2018-06-27,41.6119294611479
2018-06-28,41.17444217326811
2018-06-29,39.56053377012386
2018-07-02,39.87865800327916
2018-07-03,41.15364057814798
2018-07-05,41.523344974476515
2018-07-06,42.069829478124035
2018-07-09,42.652966643401214
2018-07-10,42.55291203785126
2018-07-11,43.32946091235978
2018-07-12,43.8847595152069
2018-07-13,43.999424709176594
2018-07-16,44.209642378574955
2018-07-17,44.22705551671727
2018-07-18,44.90468615312138
2018-07-19,45.434925568566854
2018-07-20,45.032000269376994
2018-07-23,45.009430112834345
2018-07-24,44.552918421884684
2018-07-25,45.052073364622935
2018-07-26,44.937456195875576
2018-07-27,45.518766187694354
2018-07-30,45.636711075672714
2018-07-31,45.26987047959358
2018-08-01,45.58008088297616
2018-08-02,45.6176392048545
2018-08-03,44.07402615106494
2018-08-06,43.01333186710568
2018-08-07,42.530952589045704
2018-08-08,41.100643686410926
2018-08-09,41.19052803389934
2018-08-10,40.97328642516231
2018-08-13,40.03049111389621
2018-08-14,40.49585602275916
2018-08-15,40.87390918703243
2018-08-16,41.301992297075245
2018-08-17,41.297193322900895
2018-08-20,40.98842500306943
2018-08-21,41.357384552588016
2018-08-22,41.81600275091015
2018-08-23,41.387653087596505
2018-08-24,40.95528626481906
2018-08-27,41.29974996436388
2018-08-28,40.459374707724116
2018-08-29,39.86084549604155
2018-08-30,39.70710055447639
2018-08-31,39.470187893551774
2018-09-04,39.10306587862424
2018-09-05,39.453901366205166
2018-09-06,39.85762808757867
2018-09-07,39.50723853715024
2018-09-10,39.58108143833554
2018-09-11,39.36152455863096
2018-09-12,39.267490564106865
2018-09-13,39.24564554258282
2018-09-14,38.850991663073906
2018-09-17,38.782274390161874
2018-09-18,38.27474194483341
2018-09-19,38.579712505477026
2018-09-20,39.030359601478374
2018-09-21,38.29110143635974
2018-09-24,38.506004117522046
2018-09-25,38.451973018944145
2018-09-26,38.12135604031857
2018-09-27,37.15952292838305
2018-09-28,37.21616506799481
2018-10-01,36.97634068735188
2018-10-02,36.94548802630326
2018-10-03,37.12623870745465
2018-10-04,37.52513236008961
2018-10-05,37.26423538869989
2018-10-08,37.36230039101252
2018-10-09,37.48680769739973
2018-10-10,40.36253143936101
2018-10-11,41.5274729302465
2018-10-12,41.537438031325465
2018-10-15,40.84175173671688
2018-10-16,44.23825985732599
2018-10-17,43.933131803935034
2018-10-18,44.964790724544265
2018-10-19,44.48907222113811
2018-10-22,44.52381098790226
2018-10-23,45.31271435067698
2018-10-24,48.00686784349441
2018-10-25,48.963821070161174
2018-10-26,50.07814949657492
2018-10-29,51.40700148471208
2018-10-30,52.93477074209602
2018-10-31,52.91936656288764
2018-11-01,53.82400719715356
2018-11-02,54.31068329250046
2018-11-05,54.76784944564436
2018-11-06,54.98474638637826
2018-11-07,55.80015887162054
2018-11-08,55.68656658972378
2018-11-09,54.15127339686823
2018-11-12,54.98024224057057
2018-11-13,54.40742175492558
2018-11-14,54.36800342845935
2018-11-15,52.92234248513197
2018-11-16,52.87154045621159
2018-11-19,53.57543577181516
2018-11-20,54.85616498446617
2018-11-21,55.5358759619298
2018-11-23,58.01811402720056
2018-11-26,56.45986306364265
2018-11-27,54.729515175948315
2018-11-28,55.55329886030302
2018-11-29,55.05490952377525
2018-11-30,53.73540568232176
2018-12-03,53.4763134999958
2018-12-04,55.608936941208675
2018-12-06,55.17403336791841
2018-12-07,56.80794965670294
2018-12-10,56.239978130903914
2018-12-11,54.41064105948668
2018-12-12,54.57967049648759
2018-12-13,53.62287614722152
2018-12-14,53.7145622946272
2018-12-17,55.252056782436746
2018-12-18,54.92479887858469
2018-12-19,55.018715385836934
2018-12-20,55.34530460303102
2018-12-21,54.856213359703595
2018-12-24,59.81053283491157
2018-12-26,64.09112521723898
2018-12-27,61.977913719175255
2018-12-28,60.31643989868876
2018-12-31,60.477287867572336
2019-01-02,59.43761462138642
2019-01-03,62.37240764654514
2019-01-04,65.88853802297977
2019-01-07,66.06810130515744
2019-01-08,64.15060147241786
2019-01-09,64.79310820710285
2019-01-10,63.52726740233212
2019-01-11,63.063707320166536
2019-01-14,63.360651256797404
2019-01-15,63.74472159483328
2019-01-16,63.818588847599834
2019-01-17,62.573153757187896
2019-01-18,61.76400518412884
2019-01-22,62.45943551849839
2019-01-23,61.54874170101008
2019-01-24,61.459346935634635
2019-01-25,62.06352685923149
2019-01-28,57.28846757206007
2019-01-29,51.68049335065981
2019-01-30,51.65231165599297
2019-01-31,52.17137409734033
2019-02-01,51.8576847796613
2019-02-04,50.9949252055001
2019-02-05,48.43363216834826
2019-02-06,44.49549776477341
2019-02-07,44.799044970687156
2019-02-08,44.26267924265889
2019-02-11,43.89661573418647
2019-02-12,44.76897319650215
2019-02-13,44.6601220926867
2019-02-14,44.320559531204864
2019-02-15,44.40408701655783
2019-02-19,43.936360370630126
2019-02-20,43.559865396994454
2019-02-21,42.926833543506916
2019-02-22,42.5049699340001
2019-02-25,42.06370798993115
2019-02-26,41.214588318683994
2019-02-27,40.20022613270875
2019-02-28,39.43827941584557
2019-03-01,39.256848487895574
2019-03-04,37.752246465564426
2019-03-05,36.850153990484884
2019-03-06,36.70114348630311
2019-03-07,36.64942783437679
2019-03-08,36.24270831076031
2019-03-11,37.67425278578805
2019-03-12,36.597298313281826
2019-03-13,36.44595007057449
2019-03-14,36.36940235709426
2019-03-15,34.49414162981887
2019-03-18,34.93425878484988
2019-03-19,34.84353107949968
2019-03-20,34.0377457605101
2019-03-21,35.205148563818426
2019-03-22,37.04227882067748
2019-03-25,36.758944037016185
2019-03-26,36.97816029321433
2019-03-27,37.230676723187536
2019-03-28,37.8739994913846
2019-03-29,37.884552417006795
2019-04-01,39.15863773167344
2019-04-02,38.85053135793544
2019-04-03,38.695055133998615
2019-04-04,39.29552949312122
2019-04-05,39.21137977790125
2019-04-08,38.55561282987203
2019-04-09,39.02078014541396
2019-04-10,37.757004937529544
2019-04-11,38.032560323520265
2019-04-12,38.484481127724564
2019-04-15,38.48223852331593
2019-04-16,39.4559651767842
2019-04-17,39.30617465188426
2019-04-18,39.09205971094953
2019-04-22,38.94470944410905
2019-04-23,38.447907460896175
2019-04-24,36.62472705470437
2019-04-25,36.72610355743037
2019-04-26,36.82999995906443
2019-04-29,36.718454270175
2019-04-30,36.79354496770338
2019-05-01,37.4264020542518
2019-05-02,36.65714697853441
2019-05-03,37.652283008475834
2019-05-06,37.954949870378044
2019-05-07,39.168620806124885
2019-05-08,38.90448623174434
2019-05-09,38.899993120678154
2019-05-10,38.879158020872865
2019-05-13,41.49456587553552
2019-05-14,42.16184026384257
2019-05-15,41.84773834843485
2019-05-16,42.40802288375362
2019-05-17,42.19743119783864
2019-05-20,42.46232355373315
2019-05-21,43.384732087799
2019-05-22,43.41222735833853
2019-05-23,44.12543085841151
2019-05-24,44.402202867697376
2019-05-28,44.24937273048954
2019-05-29,43.93497497847559
2019-05-30,44.09501830170406
2019-05-31,45.11014309498384
2019-06-03,45.95813562780947
2019-06-04,47.95518302384539
2019-06-05,47.7737779771452
2019-06-06,47.77116790071306
2019-06-07,47.00976901163299
2019-06-10,47.51361431046007
2019-06-11,47.76195044922937
2019-06-12,48.0833402766938
2019-06-13,46.28519486367023
2019-06-14,45.53050699358715
2019-06-17,45.45447816386379
2019-06-18,45.54725289205599
2019-06-19,45.383423352776305
2019-06-20,45.2699175586132
2019-06-21,44.081308648981036
2019-06-24,43.43403773575731
2019-06-25,43.222106211275516
2019-06-26,43.6488378968885
2019-06-27,43.919965236245915
2019-06-28,43.7205578303276
2019-07-01,43.66754905263849
2019-07-02,42.86779895413612
2019-07-03,43.51164113236404
2019-07-04,43.51164113236404
2019-07-05,41.579880303201676
2019-07-08,40.78335112896507
2019-07-09,40.33114497411166
2019-07-10,39.52204994959752
2019-07-11,39.11771115281371
2019-07-12,39.576865344730116
2019-07-15,38.723879203408515
2019-07-16,38.610621698316095
2019-07-17,38.983103733354504
2019-07-18,38.77485960849981
2019-07-19,38.590299166412024
2019-07-22,38.588905933796056
2019-07-23,38.51697388501026
2019-07-24,39.54944996584129
2019-07-25,39.77998837220169
2019-07-26,39.53524295962772
2019-07-29,39.028434512450026
2019-07-30,39.27734966083276
2019-07-31,40.07782704896913
2019-08-01,40.30001348772735
2019-08-02,40.22588659353248
2019-08-05,41.45359233861852
2019-08-06,42.157247032440466
2019-08-07,41.91700128945573
2019-08-08,43.88519749467547
2019-08-09,44.20191980941549
2019-08-12,45.37527309762916
2019-08-13,45.7948091793478
2019-08-14,49.11326529165139
2019-08-15,49.20271638114449
2019-08-16,50.4660872826806
2019-08-19,51.245211227512826
2019-08-20,51.64528956454579
2019-08-21,52.02271696643563
2019-08-22,51.80811749875828
2019-08-23,54.32142031444713
2019-08-26,55.158344991598405
2019-08-27,54.60861280748034
2019-08-28,54.98406159344372
2019-08-29,56.32265590324059
2019-08-30,55.447181105263226
2019-09-03,55.76653343093784
2019-09-04,56.597655173799694
2019-09-05,55.64984091428535
2019-09-06,54.849680114126514
2019-09-09,56.20318213610387
2019-09-10,55.327762692352145
2019-09-11,55.1863107756121
2019-09-12,53.80308400137515
2019-09-13,52.823819884423315
2019-09-16,50.75355217094431
2019-09-17,50.38270118763954
2019-09-18,48.46515741839155
2019-09-19,47.24300242932071
2019-09-20,46.06163188515211
2019-09-23,45.14090428477045
2019-09-24,45.4104031146707
2019-09-25,42.994842621174875
2019-09-26,41.55037833390918
2019-09-27,41.70824918945026
2019-09-30,41.249158319497745
2019-10-01,40.4754863757929
2019-10-02,42.40376088784674
2019-10-03,41.68676843040683
2019-10-04,41.93554959298489
2019-10-07,40.50800808738007
2019-10-08,41.913903357437846
2019-10-09,41.9817801201356
2019-10-10,41.67852949322286
2019-10-11,42.37625420851662
2019-10-14,42.14522736322424
2019-10-15,42.77829484098725
2019-10-16,42.177737910249284
2019-10-17,42.04379058560309
2019-10-18,42.613383410879464
2019-10-21,43.34103329970532
2019-10-22,44.581338131285
2019-10-23,44.94770734537607
2019-10-24,44.83648467238395
2019-10-25,44.83676452294126
2019-10-28,44.82193902972442
2019-10-29,45.080754303634166
2019-10-30,45.162830517659756
2019-10-31,43.9872382176437
2019-11-01,43.49048037493351
2019-11-04,43.88996307264696
2019-11-05,42.245005326085085
2019-11-06,41.93622916677238
2019-11-07,40.42790579284931
2019-11-08,39.139363400446165
2019-11-11,38.919673811824026
2019-11-12,37.734772812092665
2019-11-13,37.905946460664964
2019-11-14,36.95567950555777
2019-11-15,37.25504850040514
2019-11-18,36.86706660586496
2019-11-19,36.57955247146517
2019-11-20,35.800130412218486
2019-11-21,35.049269620246044
2019-11-22,34.702989477690735
2019-11-25,34.84264376720399
2019-11-26,34.19791865600278
2019-11-27,33.870542649462124
2019-11-29,34.19691586254977
2019-12-02,34.111215319754656
2019-12-03,34.214099499915314
2019-12-04,33.60086399243201
2019-12-05,32.681106932480965
2019-12-06,33.12952064179922
2019-12-09,33.07098997353504
2019-12-10,32.639374727836646
2019-12-11,32.412583047027645
2019-12-12,32.77173637706097
2019-12-13,32.83063985126841
2019-12-16,32.570478906776735
2019-12-17,32.39192445479704
2019-12-18,31.688987754428716
2019-12-19,31.493702638359697
2019-12-20,30.932921661992477
2019-12-23,30.8615137760992
2019-12-24,31.347518424287006
2019-12-26,31.562955175679186
2019-12-27,30.71814047992456
2019-12-30,31.2904741860872
2019-12-31,30.905554047794766
2020-01-02,30.758013819395504
2020-01-03,30.802655644687736
2020-01-06,30.39262324512695
2020-01-07,30.06794220837968
2020-01-08,29.993882151897907
2020-01-09,29.450699979611972
2020-01-10,29.409616811933095
2020-01-13,29.97673111906074
2020-01-14,29.901106446747534
2020-01-15,29.5770673826486
2020-01-16,29.88037004500422
2020-01-17,29.348971687005626
2020-01-21,29.49194388765219
2020-01-22,29.47215372657932
2020-01-23,29.301115182887404
2020-01-24,30.302138784988696
2020-01-27,31.356840319378236
2020-01-28,31.34010584963853
2020-01-29,30.90768692040899
2020-01-30,31.2675281628039
2020-01-31,31.93315393375488
2020-02-03,32.47709730398914
2020-02-04,32.62185309349869
2020-02-05,33.19423520032574
2020-02-06,33.141594044224895
2020-02-07,33.35331878189299
2020-02-10,33.335282586819964
2020-02-11,33.547278262653215
2020-02-12,33.79365858230427
2020-02-13,33.43989191051185
2020-02-14,33.604566581963596
2020-02-18,33.5623491374101
2020-02-19,33.36705365000343
2020-02-20,33.895676966680476
2020-02-21,34.629562163215056
2020-02-24,37.30978228236144
2020-02-25,39.1123367333327
2020-02-26,38.40185677751767
2020-02-27,40.40205925825098
2020-02-28,39.497445413384156
2020-03-02,40.80977994657118
2020-03-03,42.08564719164446
2020-03-04,43.522842600264354
2020-03-05,45.357024845087004
2020-03-06,44.612537477636
2020-03-09,48.0242203058317
2020-03-10,49.66882861004776
2020-03-11,52.101130921328654
2020-03-12,56.77325158620134
2020-03-13,60.11168383854942
2020-03-16,67.71310999072195
2020-03-17,70.2750172548461
2020-03-18,70.06013439780388
2020-03-19,74.02119058615749
2020-03-20,76.67959050776962
2020-03-23,77.6968152078043
2020-03-24,84.28484069306599
2020-03-25,86.4110619172872
2020-03-26,88.92033152539072
2020-03-27,91.5442242666724
2020-03-30,90.6244994257113
2020-03-31,91.9369872859462
2020-04-01,92.15774932058078
2020-04-02,92.65579893037211
2020-04-03,91.41219172786803
2020-04-06,94.80447519536638
2020-04-07,96.014534996475
2020-04-08,95.73440190098913
2020-04-09,96.218038368263
2020-04-13,92.2089381901876
2020-04-14,87.7648625911474
2020-04-15,82.92452733909857
2020-04-16,74.53863107216448
2020-04-17,74.85707897112057
2020-04-20,72.86103054581554
2020-04-21,73.48925978056306
2020-04-22,72.6692858472187
2020-04-23,71.12639280075368
2020-04-24,66.66978011168722
2020-04-27,68.00648456669914
2020-04-28,67.0238773465305
2020-04-29,66.73685281236583
2020-04-30,62.868242495499736
2020-05-01,64.10512413083973
2020-05-04,60.548739730371224
2020-05-05,59.1744601271445
2020-05-06,58.050184110166015
2020-05-07,54.44456860271835
2020-05-08,55.98298262310004
2020-05-11,53.56306717069377
2020-05-12,54.056245765744904
2020-05-13,52.360216726438246
2020-05-14,50.33518158100627
2020-05-15,48.98656132503192
2020-05-18,51.65164993022138
2020-05-19,50.463435043975416
2020-05-20,50.44023555461545
2020-05-21,48.96388771284101
2020-05-22,46.94790096989484
2020-05-26,48.7182378426064
2020-05-27,49.02397638728573
2020-05-28,47.820508108336
2020-05-29,46.25779085499464
2020-06-01,45.18079906451814
2020-06-02,44.61530083704746
2020-06-03,43.796943327994384
2020-06-04,44.149392949184886
2020-06-05,44.86320156971579
2020-06-08,44.883038162211754
2020-06-09,43.425912562383836
2020-06-10,41.39894884725826
2020-06-11,43.71840593577982
2020-06-12,43.064937805651745
2020-06-15,42.63767829494775
2020-06-16,43.16487802209616
2020-06-17,42.53949958188253
2020-06-18,40.49364938490799
2020-06-19,39.26096713767954
2020-06-22,38.35382370015484
2020-06-23,37.59142824650902
2020-06-24,38.635513705170375
2020-06-25,38.30712217790002
2020-06-26,38.5436063779381
2020-06-29,39.303974498131154
2020-06-30,39.722603446664046
2020-07-01,39.10268624542979
2020-07-02,38.92534181629701
2020-07-06,38.53892683936097
2020-07-07,38.312004727051374
2020-07-08,37.43343450718865
2020-07-09,36.96929171176685
2020-07-10,37.07296906691285
2020-07-13,37.16609904499244
2020-07-14,34.574195941016896
2020-07-15,35.3439675114478
2020-07-16,35.3279143882833
2020-07-17,34.9847493079807
2020-07-20,35.0281866534604
2020-07-21,36.172448724014835
2020-07-22,36.56222346538351
2020-07-23,37.512807107193574
2020-07-24,37.51660438685532
2020-07-27,36.588025258435664
2020-07-28,36.788435477580904
2020-07-29,37.22680387755901
2020-07-30,36.234490016254576
2020-07-31,34.74727613061298
2020-08-03,34.60875313943135
2020-08-04,34.89752610222455
2020-08-05,34.544826809392326
2020-08-06,33.70239400319338
2020-08-07,34.51599398447455
2020-08-10,34.69673931050907
2020-08-11,34.90549790365938
2020-08-12,34.77092399202037
2020-08-13,33.925550664658395
2020-08-14,33.26907880398459
2020-08-17,33.3740889548402
2020-08-18,32.7549661071906
2020-08-19,31.69100998939914
2020-08-20,31.158050359052336
2020-08-21,30.47904695118795
2020-08-24,30.638701690934006
2020-08-25,30.455611030876316
2020-08-26,29.422569469240234
2020-08-27,29.037011771270688
2020-08-28,28.383375107206916
2020-08-31,27.795826309755526
2020-09-01,27.744942648122162
2020-09-02,28.206669898946537
2020-09-03,30.198874079437
2020-09-04,30.043021245572053
2020-09-08,31.870963298996003
2020-09-09,31.93962958648359
2020-09-10,32.56078419730276
2020-09-11,32.42499630649255
2020-09-14,32.397789882732596
2020-09-15,32.214515327901246
2020-09-16,33.21526629124581
2020-09-17,33.17899616053702
2020-09-18,32.961813868333635
2020-09-21,33.12924789060169
2020-09-22,32.82485130359265
2020-09-23,34.868696784927714
2020-09-24,34.180991827420776
2020-09-25,34.735302566317294
2020-09-28,35.39844069248083
2020-09-29,35.424463387914955
2020-09-30,35.09063510546264
2020-10-01,35.01670241239688
2020-10-02,36.21501911623495
2020-10-05,36.81999842206776
2020-10-06,36.38561037470339
2020-10-07,37.3076670811654
2020-10-08,36.77369020963195
2020-10-09,35.85922995810459
2020-10-12,34.65563683746312
2020-10-13,34.73372105402682
2020-10-14,34.31428245968054
2020-10-15,34.354293601995096
2020-10-16,34.05100049684328
2020-10-19,35.20496915915516
2020-10-20,35.35232462542371
2020-10-21,34.62460129628238
2020-10-22,35.022549179283764
2020-10-23,33.62583060530141
2020-10-26,34.54013189726071
2020-10-27,33.843054187487645
2020-10-28,35.48518385408013
2020-10-29,35.47835736686264
2020-10-30,36.62846473617005
2020-11-02,37.57646616579999
2020-11-03,38.213490938651226
2020-11-04,37.065138501936275
2020-11-05,37.42565573076774
2020-11-06,36.37337129515492
2020-11-09,39.011033810227616
2020-11-10,39.89976423797073
2020-11-11,39.547920611028154
2020-11-12,39.25051441013184
2020-11-13,40.29664279416708
2020-11-16,41.041254990913494
2020-11-17,41.30401752619341
2020-11-18,40.63960268072636
2020-11-19,40.55633598670546
2020-11-20,40.74071874119906
2020-11-23,41.263892662546354
2020-11-24,41.766852903132545
2020-11-25,40.18067825404145
2020-11-27,40.0097347619325
2020-11-30,37.179161230823794
2020-12-01,36.62893132340713
2020-12-02,36.190245650827315
2020-12-03,35.55242796927945
2020-12-04,35.09554256885706
2020-12-07,33.42502843985638
2020-12-08,32.14131267515738
2020-12-09,32.67709041969158
2020-12-10,31.346594738164097
2020-12-11,30.43443596289441
2020-12-14,29.23006496221708
2020-12-15,29.491573539094443
2020-12-16,28.444410963915402
2020-12-17,28.013050787231062
2020-12-18,27.355952567328256
2020-12-21,26.825005025711704
2020-12-22,26.956292322353026
2020-12-23,27.483622876071934
2020-12-24,27.93337831343772
2020-12-28,27.3554822690048
2020-12-29,27.148438126592744
2020-12-30,26.986725833964844
2020-12-31,27.255969679084494
2021-01-04,27.51336498457147
2021-01-05,27.65738656876717
2021-01-06,29.487739589100503
2021-01-07,29.47560807372537
2021-01-08,29.061296463626093
2021-01-11,30.00842655789416
2021-01-12,30.190179246636365
2021-01-13,29.969497683511346
2021-01-14,30.86007484861527
2021-01-15,30.68133190499313
2021-01-19,30.390143020878526
2021-01-20,30.465569611876894
2021-01-21,30.189692607370507
2021-01-22,30.68397871163238
2021-01-25,30.29781115709733
2021-01-26,30.116653304508826
2021-01-27,30.64654528055947
2021-01-28,30.466888379252303
2021-01-29,30.73768075649823
2021-02-01,31.27543512048216
2021-02-02,31.610048360330136
2021-02-03,31.43183058490854
2021-02-04,31.24496235945053
2021-02-05,31.40212107650972
2021-02-08,31.112498237657732
2021-02-09,30.539830701104577
2021-02-10,30.595269058796383
2021-02-11,30.15405774722207
2021-02-12,30.00956650226288
2021-02-16,30.11981069154311
2021-02-17,29.719608648073688
2021-02-18,29.547617926521472
2021-02-19,30.272250670978607
2021-02-22,30.902834073984025
2021-02-23,30.480969412559908
2021-02-24,30.98045236483086
2021-02-25,32.04003269587149
2021-02-26,31.60595781139483
2021-03-01,31.73675202977014
2021-03-02,31.248561329113684
2021-03-03,31.65661051183898
2021-03-04,30.79103392037573
2021-03-05,30.85325387290933
2021-03-08,31.922709735938913
2021-03-09,31.671605895154883
2021-03-10,32.19601856110912
2021-03-11,32.31881596195031
2021-03-12,32.62768636753596
2021-03-15,33.05305521307055
2021-03-16,32.84354298067843
2021-03-17,32.715484686537366
2021-03-18,33.41600764916181
2021-03-19,32.93883365552657
2021-03-22,32.70108238980045
2021-03-23,32.0646469867939
2021-03-24,31.743603421297465
2021-03-25,32.392742063379664
2021-03-26,33.00264940580803
2021-03-29,31.766253382518386
2021-03-30,32.177561034660656
2021-03-31,30.87064753487109
2021-04-01,31.279154216915437
2021-04-05,30.752331207912285
2021-04-06,30.298636676556114
2021-04-07,29.25104503745219
2021-04-08,28.495090815440896
2021-04-09,27.767151913145327
2021-04-12,27.32355721586273
2021-04-13,26.698960698649984
2021-04-14,26.956521229618232
2021-04-15,26.84018078904357
2021-04-16,26.53553366005681
2021-04-19,26.51131905776376
2021-04-20,25.900685707182223
2021-04-21,26.847284578837176
2021-04-22,27.031434884229192
2021-04-23,27.15366587216297
2021-04-26,27.013155429660234
2021-04-27,26.71221325688083
2021-04-28,25.943169207449714
2021-04-29,26.01909788915147
2021-04-30,25.669156501548485
2021-05-03,25.956830810588944
2021-05-04,25.781456214826747
2021-05-05,25.63625111687552
2021-05-06,25.843616315442443
2021-05-07,25.963360324922537
2021-05-10,26.56968475755276
2021-05-11,26.57636888852477
2021-05-12,27.808872648387133
2021-05-13,27.607687951077082
2021-05-14,29.030981018187617
2021-05-17,28.71461197333676
2021-05-18,29.268673389704116
2021-05-19,29.044303758875905
2021-05-20,29.049390113093448
2021-05-21,28.62691661850312
2021-05-24,28.55082671314615
2021-05-25,27.718340974927592
2021-05-26,27.500836619612738
2021-05-27,27.77598856889337
2021-05-28,27.461127366614956
2021-06-01,27.2685898572301
2021-06-02,27.05216112314504
2021-06-03,26.944757610622922
2021-06-04,26.74391122778022
2021-06-07,26.382699699699167
2021-06-08,26.114229281608733
2021-06-09,25.983726864629386
2021-06-10,25.665827338451194
2021-06-11,25.374445464429023
2021-06-14,24.124625081710512
2021-06-15,23.351056781221125
2021-06-16,22.128601658926446
2021-06-17,22.06814282674294
2021-06-18,21.749056207510478
2021-06-21,22.846876501830113
2021-06-22,22.143047241865997
2021-06-23,22.169653883573172
2021-06-24,21.799180712214888
2021-06-25,21.766240485783264
2021-06-28,22.01753797728114
2021-06-29,22.0106709823827
2021-06-30,22.17777267278301
2021-07-01,22.3154691413557
2021-07-02,22.405093716574587
2021-07-06,22.165792035069632
2021-07-07,21.8794369177764
2021-07-08,21.930186226827264
2021-07-09,22.777649409164713
2021-07-12,22.60642075099717
2021-07-13,22.15422229259815
2021-07-14,22.116408142372627
2021-07-15,22.03265612668797
2021-07-16,22.232261799083414
2021-07-19,22.725298381166382
2021-07-20,23.236408957455044
2021-07-21,23.841383709631845
2021-07-22,23.203637881340246
2021-07-23,23.631658902020863
2021-07-26,23.779168608740388
2021-07-27,23.938528633046303
2021-07-28,24.44445551198421
2021-07-29,24.498018229176253
2021-07-30,24.71050213959011
2021-08-02,24.62750777102182
2021-08-03,24.812551072601014
2021-08-04,24.562083849449213
2021-08-05,24.812823118601173
2021-08-06,24.884853302769816
2021-08-09,24.62742372478276
2021-08-10,24.687638718731233
2021-08-11,24.953004080069213
2021-08-12,24.83841981844816
2021-08-13,24.668689788232356
2021-08-16,24.622908798727234
2021-08-17,24.670923228075544
2021-08-18,24.843150263423944
2021-08-19,24.108714797167192
2021-08-20,23.917761756400328
2021-08-23,24.09533144298078
2021-08-24,23.865951839880402
2021-08-25,23.92599765002477
2021-08-26,23.991806557484065
2021-08-27,24.564502107690195
2021-08-30,24.51598701732331
2021-08-31,24.27364063884738
2021-09-01,24.362754567394703
2021-09-02,24.37365720118129
2021-09-03,23.905856090183256
2021-09-07,23.108101012895364
2021-09-08,23.57392678759974
2021-09-09,23.76251663653249
2021-09-10,23.845532156756263
2021-09-13,23.699785391708666
2021-09-14,23.454344608360742
2021-09-15,23.489750424717624
2021-09-16,23.140998637460523
2021-09-17,22.746566233551114
2021-09-20,22.66356381935716
2021-09-21,22.208277722137336
2021-09-22,22.427373384209947
2021-09-23,22.522120499896598
2021-09-24,22.365215125460328
2021-09-27,23.202153837061054
2021-09-28,23.997753036427625
2021-09-29,23.541543158907142
2021-09-30,23.364023004770896
2021-10-01,24.06122288097539
2021-10-04,24.97306788370511
2021-10-05,25.077873839056025
2021-10-06,25.084264125101505
2021-10-07,25.27493585245714
2021-10-08,25.291495073566608
2021-10-11,25.5902536295709
2021-10-12,25.666717256648507
2021-10-13,25.616837356549038
2021-10-14,26.43486443496912
2021-10-15,26.16545577151049
2021-10-18,26.389502843168334
2021-10-19,26.907417828845798
2021-10-20,26.77590190081786
2021-10-21,27.07366918739322
2021-10-22,27.152602772382636
2021-10-25,26.43411300736401
2021-10-26,26.40970678618301
2021-10-27,25.96279987655566
2021-10-28,25.55265837196021
2021-10-29,25.543352116104977
2021-11-01,25.826731322989332
2021-11-02,25.40754880199335
2021-11-03,25.05101692283602
2021-11-04,24.266752611113354
2021-11-05,24.74697793787618
2021-11-08,24.52714335304276
2021-11-09,24.450277177822706
2021-11-10,24.677877589220916
2021-11-11,24.779379679582313
2021-11-12,24.79507993684105
2021-11-15,23.682210140716858
2021-11-16,23.537480064808218
2021-11-17,23.11764760988373
2021-11-18,22.53786631457544
2021-11-19,22.168059385421667
2021-11-22,22.251978019495304
2021-11-23,21.974686207472455
2021-11-24,21.93715251712516
2021-11-26,23.609549144562898
2021-11-29,23.169401416199552
2021-11-30,22.936941754926973
2021-12-01,22.914533053437687
2021-12-02,23.616758936921627
2021-12-03,23.725965591470874
2021-12-06,24.14313968241187
2021-12-07,24.632244105913628
2021-12-08,24.4626575951791
2021-12-09,24.606726723121287
2021-12-10,24.5986000756104
2021-12-13,24.65225865861985
2021-12-14,24.623611722635182
2021-12-15,24.51544628173697
2021-12-16,25.370740206646513
2021-12-17,25.286587415054846
2021-12-20,25.493979984750727
2021-12-21,26.365473149478294
2021-12-22,26.452456066614992
2021-12-23,26.25987979109052
2021-12-27,27.026464561932297
2021-12-28,27.174911362468173
2021-12-29,25.433207288048894
2021-12-30,25.16221997167824
2021-12-31,24.982028062742152
2022-01-03,24.97573051924006
2022-01-04,24.89688079078382
2022-01-05,25.37360273722917
2022-01-06,25.09748815013831
2022-01-07,24.601694744322298
2022-01-10,24.388295701613977
2022-01-11,24.483548843197216
2022-01-12,23.929651665296376
2022-01-13,24.32616847925412
2022-01-14,24.19090371636691
2022-01-18,24.411011547571455
2022-01-19,24.221941795136466
2022-01-20,24.592026671062364
2022-01-21,24.737805607979578
2022-01-24,23.763137391173053
2022-01-25,23.897094732820094
2022-01-26,23.526196252699066
2022-01-27,22.44441997500022
2022-01-28,22.882263372366783
2022-01-31,23.47687192993615
2022-02-01,23.62462742394176
2022-02-02,23.47411041011843
2022-02-03,23.99430496471795
2022-02-04,23.634542366623144
2022-02-07,23.232659825725445
2022-02-08,23.406556689475448
2022-02-09,23.787986531428675
2022-02-10,24.621873602159656
2022-02-11,25.22803899657702
2022-02-14,25.07135185216556
2022-02-15,25.28515761326077
2022-02-16,24.984294063926296
2022-02-17,25.638790913416962
2022-02-18,25.33993812356638
2022-02-22,25.18352419819517
2022-02-23,25.831704370369852
2022-02-24,26.505426017267872
2022-02-25,27.354896703187254
2022-02-28,27.240652050903467
2022-03-01,27.60928959322677
2022-03-02,27.615950688180163
2022-03-03,27.371853476159313
2022-03-04,27.880260152102068
2022-03-07,28.99439873879314
2022-03-08,28.83696791429167
2022-03-09,29.872809934566728
2022-03-10,30.237941726036052
2022-03-11,30.516935767705167
2022-03-14,30.62892592487591
2022-03-15,30.613546836833088
2022-03-16,30.89570387330514
2022-03-17,31.44331547245557
2022-03-18,30.485113675060095
2022-03-21,30.54604337286413
2022-03-22,29.543871286506963
2022-03-23,30.014699739951624
2022-03-24,30.20479928043662
2022-03-25,29.66631154917698
2022-03-28,29.08307947507688
2022-03-29,28.676410896474167
2022-03-30,28.821432738193906
2022-03-31,28.850058321904655
2022-04-01,28.438820575367266
2022-04-04,28.181795567644887
2022-04-05,28.194340186022814
2022-04-06,27.80455067960813
2022-04-07,27.338448776455092
2022-04-08,26.549098413264595
2022-04-11,27.322485612392917
2022-04-12,26.91950599936793
2022-04-13,26.948944214152036
2022-04-14,26.74769019370444
2022-04-18,26.021103644416403
2022-04-19,26.59351080392764
2022-04-20,27.4264590029172
2022-04-21,27.80527281502798
2022-04-22,29.15241860418909
2022-04-25,28.598929565639963
2022-04-26,29.778906169850437
2022-04-27,29.467632813531974
2022-04-28,29.864125395399835
2022-04-29,31.402448311974158
2022-05-02,31.241579529454228
2022-05-03,31.147401103962903
2022-05-04,32.063361533071514
2022-05-05,33.665210311014505
2022-05-06,33.2021779920758
2022-05-09,33.908267926989325
2022-05-10,33.91623319580904
2022-05-11,34.4680844265697
2022-05-12,34.40157255885319
2022-05-13,35.71745040282477
2022-05-16,35.740531280359015
2022-05-17,36.65497844738638
2022-05-18,39.25814310654922
2022-05-19,39.02838474801147
2022-05-20,38.78754131872072
2022-05-23,38.78765444440742
2022-05-24,37.896159238743415
2022-05-25,38.07927643541233
2022-05-26,37.78972282839921
2022-05-27,38.909076167123544
2022-05-31,37.44633920406498
2022-06-01,36.02939504017872
2022-06-02,36.917292595696956
2022-06-03,38.24586166501581
2022-06-06,36.76528921440383
2022-06-07,35.6275995076378
2022-06-08,36.1502149353049
2022-06-09,36.623424303039684
2022-06-10,38.43678538345968
2022-06-13,40.114006533629045
2022-06-14,40.12333578275342
2022-06-15,39.274387342920015
2022-06-16,40.45301588623669
2022-06-17,39.35693257141419
2022-06-21,38.16103767095272
2022-06-22,38.12156600219278
2022-06-23,39.10525184727067
2022-06-24,39.526559366282015
2022-06-27,39.2542242298449
2022-06-28,40.81921881430347
2022-06-29,39.94872531624447
2022-06-30,39.09099965770578
2022-07-01,40.28202128093887
2022-07-05,40.537797255286826
2022-07-06,39.34717889384254
2022-07-07,39.27283786222638
2022-07-08,39.04005829618669
2022-07-11,39.4913521039637
2022-07-12,39.42850806104848
2022-07-13,37.65398767989456
2022-07-14,35.906135006720945
2022-07-15,34.83585970585658
2022-07-18,35.537908385968585
2022-07-19,37.08474900924726
2022-07-20,35.87723351537111
2022-07-21,36.1908887375074
2022-07-22,35.28904071198535
2022-07-25,35.73553872173393
2022-07-26,35.75619137643702
2022-07-27,35.21561287625364
2022-07-28,35.965914424323536
2022-07-29,34.51917833244215
2022-08-01,34.2268482969534
2022-08-02,34.1195674381745
2022-08-03,33.76294617183284
2022-08-04,33.05997856657182
2022-08-05,33.37442614205022
2022-08-08,32.90417099598775
2022-08-09,33.104448479775385
2022-08-10,33.499284697607315
2022-08-11,33.49294865561904
2022-08-12,34.339217399996386
2022-08-15,33.77246527716778
2022-08-16,33.003447605483174
2022-08-17,32.42036320815448
2022-08-18,30.52037602252183
2022-08-19,30.719578731051733
2022-08-22,31.871372250464358
2022-08-23,31.79238635849457
2022-08-24,31.4187988316818
2022-08-25,31.62566519575486
2022-08-26,33.18741483464431
2022-08-29,32.746794851640665
2022-08-30,32.81040063347339
2022-08-31,32.81155187233383
2022-09-01,32.55337007443049
2022-09-02,32.51796694370778
2022-09-06,32.40344191958881
2022-09-07,33.64555951662555
2022-09-08,34.014341103320014
2022-09-09,34.54161962772872
2022-09-12,33.6104482746877
2022-09-13,36.091534708995965
2022-09-14,34.946582344943
2022-09-15,35.60008459445824
2022-09-16,35.1125568404691
2022-09-19,35.01368575903384
2022-09-20,36.010706104384916
2022-09-21,36.30098831260553
2022-09-22,35.10195925553228
2022-09-23,35.48500520681339
2022-09-26,35.64060711047777
2022-09-27,34.81876511267476
2022-09-28,33.63549112828581
2022-09-29,34.752285972369144
2022-09-30,35.03599907425146
2022-10-03,37.2129547474503
2022-10-04,39.13430840017406
2022-10-05,38.43765651769022
2022-10-06,38.929261799859724
2022-10-07,39.99967657814699
2022-10-10,40.26561409302534
2022-10-11,40.01277589480629
2022-10-12,39.691037931390966
2022-10-13,37.91757675194842
2022-10-14,39.60916357422527
2022-10-17,40.700666185359054
2022-10-18,41.4953249551324
2022-10-19,41.45808385092229
2022-10-20,40.99277467527913
2022-10-21,41.211785195681294
2022-10-24,40.90467347705232
2022-10-25,41.24143948142176
2022-10-26,42.16637593066827
2022-10-27,42.80526179786786
2022-10-28,42.67812831797729
2022-10-31,41.757555259785285
2022-11-01,41.995903759877294
2022-11-02,41.44323101105398
2022-11-03,40.398137798010524
2022-11-04,41.12813777215915
2022-11-07,40.81146157959909
2022-11-08,38.82471427024351
2022-11-09,39.75020098822604
2022-11-10,41.82529262261109
2022-11-11,42.28172154421136
2022-11-14,40.97524883508193
2022-11-15,39.54818445014534
2022-11-16,37.87041204005089
2022-11-17,37.348488022508626
2022-11-18,36.85541279967841
2022-11-21,37.00083706676068
2022-11-22,36.313224129452294
2022-11-23,35.79322807378288
2022-11-25,36.07988306426641
2022-11-28,36.56153271178548
2022-11-29,36.92216526426769
2022-11-30,35.90186306331766
2022-12-01,35.90132541275164
2022-12-02,35.80568045011673
2022-12-05,35.44994031615023
2022-12-06,35.68602670717892
2022-12-07,34.93898882414533
2022-12-08,34.71956791160619
2022-12-09,34.94813665339783
2022-12-12,34.37325518180796
2022-12-13,31.57521021161304
2022-12-14,30.774677632363804
2022-12-15,31.951226775439377
2022-12-16,31.562058138425424
2022-12-19,31.35316306095504
2022-12-20,31.16987113921638
2022-12-21,31.982342567171916
2022-12-22,32.636860251030335
2022-12-23,32.481010738978185
2022-12-27,32.83814803545426
2022-12-28,33.24682625976743
2022-12-29,34.09642652103742
2022-12-30,33.32430472828535
2023-01-03,32.99044918231584
2023-01-04,34.1252377492967
2023-01-05,35.04176799554492
2023-01-06,35.513873485823126
2023-01-09,35.19411695588338
2023-01-10,35.46952826701157
2023-01-11,35.687526637175885
2023-01-12,35.66808545983652
2023-01-13,34.851165122072146
2023-01-17,34.80074889939688
2023-01-18,35.72996032647618
2023-01-19,34.64938580461143
2023-01-20,35.54876204301605
2023-01-23,35.540461250057724
2023-01-24,35.63727242914376
2023-01-25,34.65191074972708
2023-01-26,34.10767712484232
2023-01-27,33.62493944068962
2023-01-30,33.759028221682755
2023-01-31,33.11022899423809
2023-02-01,31.440427334609826
2023-02-02,31.687942037788012
2023-02-03,31.505892041952503
2023-02-06,30.898919276269247
2023-02-07,30.183656386730682
2023-02-08,29.00387022699194
2023-02-09,28.781428567571755
2023-02-10,28.93868896956676
2023-02-13,28.683488647848282
2023-02-14,28.56137889913047
2023-02-15,28.726102082460887
2023-02-16,29.419551943007697
2023-02-17,28.868712171435366
2023-02-21,29.568614847844845
2023-02-22,28.584165213594275
2023-02-23,28.09079286804082
2023-02-24,28.465255688093194
2023-02-27,28.29881912820436
2023-02-28,27.656633801256277
2023-03-01,27.820701718382164
2023-03-02,27.633674006866308
2023-03-03,27.62308827964518
2023-03-06,27.103788163227435
2023-03-07,27.417799575612012
2023-03-08,27.108456508066727
2023-03-09,27.713447788876074
2023-03-10,27.60058250577982
2023-03-13,27.001932035334256
2023-03-14,27.08451995481008
2023-03-15,26.68633513701348
2023-03-16,26.411433375595575
2023-03-17,25.94723257913723
2023-03-20,26.76829711761844
2023-03-21,26.66085497749688
2023-03-22,27.07154916459223
2023-03-23,25.85697478754757
2023-03-24,26.385498650714016
2023-03-27,26.97813615127658
2023-03-28,26.71436299971683
2023-03-29,27.44457680226765
2023-03-30,27.535036824791238
2023-03-31,27.723454555395392
2023-04-03,27.517411375398847
2023-04-04,26.798239137807528
2023-04-05,27.130891677103953
2023-04-06,26.241272463159227
2023-04-10,26.642891043258853
2023-04-11,26.1764819130655
2023-04-12,25.755938261683536
2023-04-13,25.962421087052405
2023-04-14,25.444530620049164
2023-04-17,25.350415584847678
2023-04-18,24.785067955069337
2023-04-19,24.897334754921534
2023-04-20,24.636244580554624
2023-04-21,23.99365634366885
2023-04-24,23.122994381961014
2023-04-25,23.723139713613065
2023-04-26,23.536611085199397
2023-04-27,23.772013081712455
2023-04-28,23.604155323769717
2023-05-01,22.975617858164593
2023-05-02,23.17894161498768
2023-05-03,22.929758635110673
2023-05-04,23.213365581081774
2023-05-05,23.975969433391835
2023-05-08,23.499652677463192
2023-05-09,23.51380548195978
2023-05-10,23.26081464560366
2023-05-11,22.91695421931585
2023-05-12,22.89549153653596
2023-05-15,22.562276911625247
2023-05-16,22.628743091128
2023-05-17,22.99220889351127
2023-05-18,23.113184500954617
2023-05-19,22.861563126954703
2023-05-22,23.028752258224785
2023-05-23,23.710106248172863
2023-05-24,23.753915224786304
2023-05-25,22.777225363772704
2023-05-26,22.409455369925432
2023-05-30,21.502113759443727
2023-05-31,21.116396358161936
2023-06-01,21.249150459070844
2023-06-02,21.78608737213846
2023-06-05,21.58256629583131
2023-06-06,21.856600682765745
2023-06-07,21.856794471584724
2023-06-08,21.767431453187786
2023-06-09,21.36505502657277
2023-06-12,21.276168003352684
2023-06-13,21.325196384779918
2023-06-14,21.104172972737576
2023-06-15,21.161401517109862
2023-06-16,20.454829383653095
2023-06-20,19.92163114762918
2023-06-21,19.879620871689564
2023-06-22,20.02202154934401
2023-06-23,19.70912635337611
2023-06-26,19.916596418177868
2023-06-27,20.030318414849738
2023-06-28,19.594895234707973
2023-06-29,19.573793262264452
2023-06-30,19.543463593814685
2023-07-03,20.295715874197317
2023-07-05,19.831850460644432
2023-07-06,19.26738686000214
2023-07-07,19.538015688680506
2023-07-10,19.63762329132089
2023-07-11,19.50358393951327
2023-07-12,19.38644318972605
2023-07-13,19.605746168637197
2023-07-14,19.232329356399433
2023-07-17,19.545862772207094
2023-07-18,19.56438071348807
2023-07-19,19.329125889066653
2023-07-20,20.432000020079805
2023-07-21,20.23696965839323
2023-07-24,20.063858941108005
2023-07-25,19.66286512797456
2023-07-26,19.921642471066423
2023-07-27,19.618664055542805
2023-07-28,19.34981044558503
2023-07-31,19.39125079195252
2023-08-01,19.183209893134723
2023-08-02,19.610203797015608
2023-08-03,19.01070487705782
2023-08-04,19.24384164655101
2023-08-07,19.45641386542584
2023-08-08,19.40997867793792
2023-08-09,19.48384953543434
2023-08-10,19.03082212164381
2023-08-11,19.004255673805346
2023-08-14,18.752985044515324
2023-08-15,19.182342763873134
2023-08-16,18.913802542091936
2023-08-17,19.17010214210951
2023-08-18,19.07459113830582
2023-08-21,18.587198877868683
2023-08-22,18.68060703730436
2023-08-23,19.08197903804631
2023-08-24,19.81922003555457
2023-08-25,20.049112656083366
2023-08-28,20.187970561313897
2023-08-29,20.056230022500188
2023-08-30,19.981541516787832
2023-08-31,19.766639930241386
2023-09-01,19.549338274622865
2023-09-05,19.506007300057192
2023-09-06,19.63247687885783
2023-09-07,19.337269522726874
2023-09-08,19.153663397149547
2023-09-11,18.962588433051234
2023-09-12,19.589621925138804
2023-09-13,19.415494996207304
2023-09-14,19.50505371995352
2023-09-15,18.910879710528835
2023-09-18,19.010662832104707
2023-09-19,18.624144928180584
2023-09-20,19.31230317540242
2023-09-21,19.8252804727903
2023-09-22,19.953281100157067
2023-09-25,19.4927507326336
2023-09-26,19.62091636582464
2023-09-27,19.522910563917595
2023-09-28,19.48983686235125
2023-09-29,18.890329002804446
2023-10-02,18.910169491459246
2023-10-03,19.71425986910667
2023-10-04,19.755966684437187
2023-10-05,19.466455978419056
2023-10-06,19.64185793789836
2023-10-09,19.702202535137072
2023-10-10,19.899712714703714
2023-10-11,19.812545267114775
2023-10-12,19.536098111027496
2023-10-13,19.964248580582485
2023-10-16,20.133680441223106
2023-10-17,20.443566294089766
2023-10-18,20.938020207593674
2023-10-19,21.11994135207969
2023-10-20,21.09083805863345
2023-10-23,20.30579388479375
2023-10-24,20.55531992134901
2023-10-25,21.106736010365807
2023-10-26,21.344589706429304
2023-10-27,21.34936787746341
2023-10-30,21.65869040336981
2023-10-31,21.779224957020347
2023-11-01,21.33664059043408
2023-11-02,21.580550856106218
2023-11-03,21.75565464909837
2023-11-06,21.47983111843864
2023-11-07,20.985122960273163
2023-11-08,20.54950770116104
2023-11-09,20.55626876968097
2023-11-10,20.6698722558425
2023-11-13,20.382757429497243
2023-11-14,21.234976467749053
2023-11-15,20.942033202848886
2023-11-16,20.882412514446983
2023-11-17,20.142231419498675
2023-11-20,19.88354984384953
2023-11-21,19.5804414541894
2023-11-22,19.504147597736928
2023-11-24,19.73641559595481
2023-11-27,18.90757683224245
2023-11-28,18.353205493271805
2023-11-29,18.194768506066332
2023-11-30,17.616793387805362
2023-12-01,17.996735931798888
2023-12-04,17.90413958632653
2023-12-05,17.020433496881754
2023-12-06,16.839789207815716
2023-12-07,16.686553891119576
2023-12-08,16.554762792764674
2023-12-11,16.837239005050076
2023-12-12,16.596211255372403
2023-12-13,16.57743207383241
2023-12-14,17.30029247446911
2023-12-15,15.972209508104651
2023-12-18,15.898664803093325
2023-12-19,15.830577149967828
2023-12-20,16.220545078146294
2023-12-21,16.54142291324623
2023-12-22,16.482058379753095
2023-12-26,16.53809136347608
2023-12-27,16.004019715632783
2023-12-28,15.995345681555799
2023-12-29,15.820706030613024
2024-01-02,16.367317699257384
2024-01-03,16.580596692366985
2024-01-04,16.471747998255477
2024-01-05,16.276207612723876
2024-01-08,16.525680117987243
2024-01-09,16.32817905116253
2024-01-10,16.18964593944612
2024-01-11,15.996360336674227
2024-01-12,15.842708264064624
2024-01-16,15.709174385928401
2024-01-17,15.316916532808744
2024-01-18,15.201600670178829
2024-01-19,15.569624993615463
2024-01-22,15.571801691060296
2024-01-23,15.530011458642592
2024-01-24,15.026439677410991
2024-01-25,14.977792389154862
2024-01-26,14.956378331277579
2024-01-29,15.050528713578256
2024-01-30,15.292100062991922
2024-01-31,15.834960336705086
2024-02-01,16.318285895569336
2024-02-02,15.615164564847277
2024-02-05,15.30511314983159
2024-02-06,15.442645700300933
2024-02-07,15.432014966827134
2024-02-08,14.968816269648011
2024-02-09,14.962413270953302
2024-02-12,15.14834844629072
2024-02-13,15.414622437109085
2024-02-14,15.652662926756301
2024-02-15,16.03885599067359
2024-02-16,16.007554154150483
2024-02-20,15.798988480814751
2024-02-21,15.659481716963375
2024-02-22,15.751275335177066
2024-02-23,15.751825188877365
2024-02-26,15.58167293696107
2024-02-27,15.450887140730892
2024-02-28,15.47353880741554
2024-02-29,15.286105758200947
2024-03-01,15.251603567201412
2024-03-04,15.06255249765143
2024-03-05,15.013906937032473
2024-03-06,14.874136856087198
2024-03-07,14.783655246363063
2024-03-08,14.847262563658106
2024-03-11,14.969936742018044
2024-03-12,14.91490537177852
2024-03-13,14.906545382654295
2024-03-14,14.737168922027305
2024-03-15,14.240153885995113
2024-03-18,13.883951449013958
2024-03-19,13.631841287894396
2024-03-20,13.916495766382205
2024-03-21,14.046767969220113
2024-03-22,13.84087602391217
2024-03-25,13.461376455455303
2024-03-26,13.634379025009302
2024-03-27,14.052571579552524
2024-03-28,14.025336883624513
2024-04-01,14.130630504748522
2024-04-02,14.235689221594434
2024-04-03,14.063755744517657
2024-04-04,14.253799494824403
2024-04-05,14.22164438864491
2024-04-08,14.40914159479585
2024-04-09,14.379294569024845
2024-04-10,14.555698860060339
2024-04-11,14.347743082186522
2024-04-12,14.498433347011208
2024-04-15,14.813461250865384
2024-04-16,14.64846694641482
2024-04-17,15.03705543881676
2024-04-18,15.195216208668011
2024-04-19,15.802771824163772
2024-04-22,15.677984215158567
2024-04-23,15.957420722098565
2024-04-24,15.96136116948579
2024-04-25,16.03665202747148
2024-04-26,16.134249464485343
2024-04-29,15.925892744356114
2024-04-30,16.580381141669147
2024-05-01,16.52159084221293
2024-05-02,16.606481985568415
2024-05-03,16.57317684901176
2024-05-06,16.63750088330898
2024-05-07,16.440212561364604
2024-05-08,16.39071479948963
2024-05-09,16.596350507364626
2024-05-10,16.254838623447576
2024-05-13,16.102334499167437
2024-05-14,15.762499221863814
2024-05-15,15.678682228807464
2024-05-16,15.662026957023105
2024-05-17,15.5512853152404
2024-05-20,15.520624021373596
2024-05-21,15.210459339040352
2024-05-22,15.086386240902161
2024-05-23,14.99782175666275
2024-05-24,14.958911698295935
2024-05-28,14.81225900643621
2024-05-29,14.574584018160534
2024-05-30,15.094998373892382
2024-05-31,14.75257449758739
2024-06-03,14.728060844289537
2024-06-04,14.39929871650959
2024-06-05,14.296887906332612
2024-06-06,13.96486842922514
2024-06-07,13.883700835420077
2024-06-10,14.038507287628974
2024-06-11,13.752475855796407
2024-06-12,13.805395382886509
2024-06-13,13.732885126606888
2024-06-14,13.530164941963706
2024-06-17,13.354431235784451
2024-06-18,13.374797087539138
2024-06-20,13.59050333921857
2024-06-21,13.250334971991819
2024-06-24,13.626147576369505
2024-06-25,13.512189126770165
2024-06-26,12.991560995190985
2024-06-27,12.803700506367843
2024-06-28,12.715728719598955
2024-07-01,12.631767384618318
2024-07-02,12.405205008867041
2024-07-03,12.45002897825277
2024-07-05,12.452472736451135
2024-07-08,12.401462218129161
2024-07-09,12.136761961620516
2024-07-10,12.319858941869335
2024-07-11,13.214585511358692
2024-07-12,13.219865834935586
2024-07-15,13.304185776101614
2024-07-16,13.751457304061912
2024-07-17,14.255862068607273
2024-07-18,14.386385221952665
2024-07-19,14.456061440579525
2024-07-22,14.648860152174208
2024-07-23,14.71310977301614
2024-07-24,15.970307872833398
2024-07-25,16.380027002894856
2024-07-26,16.568445067663426
2024-07-29,16.515519761198053
2024-07-30,16.961187254201125
2024-07-31,17.0137044088896
2024-08-01,17.20074550559898
2024-08-02,17.415390203927384
2024-08-05,18.059490452218046
2024-08-06,17.947022639121908
2024-08-07,18.047589800197237
2024-08-08,18.67258758128256
2024-08-09,18.361233589901616
2024-08-12,17.791211858273275
2024-08-13,18.047039198849088
2024-08-14,17.914236319309552
2024-08-15,17.929947038852934
2024-08-16,17.43516858472531
2024-08-19,17.298187860719874
2024-08-20,17.25812281786957
2024-08-21,17.10339556592567
2024-08-22,17.332591441953134
2024-08-23,17.070237062427058
2024-08-26,17.05624034180987
2024-08-27,16.75612163680911
2024-08-28,16.913617873059483
2024-08-29,17.010288456799298
2024-08-30,16.78138529287499
2024-09-03,17.088902490330433
2024-09-04,16.728249969760288
2024-09-05,15.933477053350598
2024-09-06,16.229530134235226
2024-09-09,16.315771729504572
2024-09-10,15.561286018231444
2024-09-11,15.63490372831857
2024-09-12,15.626532338799196
2024-09-13,15.404030016959934
2024-09-16,15.709691762660345
2024-09-17,15.462173049593197
2024-09-18,15.496678963171535
2024-09-19,15.662165909493925
2024-09-20,15.290128645558582
2024-09-23,15.293740443820257
2024-09-24,15.064086583446901
2024-09-25,14.569454533788882
2024-09-26,14.661086264963734
2024-09-27,14.72191632593552
2024-09-30,14.487343662993307
2024-10-01,14.693550378897394
2024-10-02,14.647203264198616
2024-10-03,14.051782527563923
2024-10-04,14.234440723561365
2024-10-07,14.4911345190532
2024-10-08,14.209577858466321
2024-10-09,14.125358536938919
2024-10-10,14.005876405696297
2024-10-11,14.09055089563024
2024-10-14,14.074170999166789
2024-10-15,14.118829007489095
2024-10-16,14.146239276936155
2024-10-17,13.91676539915168
2024-10-18,13.826339083903616
2024-10-21,13.327688206485346
2024-10-22,13.532234067351721
2024-10-23,13.850045332903004
2024-10-24,13.796783297150089
2024-10-25,13.758545779312541
2024-10-28,13.877522205993596
2024-10-29,13.853224231796855
2024-10-30,13.958264993645455
2024-10-31,14.242856834860868
2024-11-01,14.163081904744443
2024-11-04,14.039524169930377
2024-11-05,14.124971264169451
2024-11-06,14.358585186990206
2024-11-07,14.132122540821344
2024-11-08,14.046037052214999
2024-11-11,14.33810488880312
2024-11-12,13.97828642488969
2024-11-13,13.747607276519293
2024-11-14,13.669203586575726
2024-11-15,13.890392075091642
2024-11-18,13.966360427630983
2024-11-19,14.01106059272803
2024-11-20,13.888643751578064
2024-11-21,14.205576971519067
2024-11-22,14.276917212844644
2024-11-25,14.387824801221802
2024-11-26,14.317631916933728
2024-11-27,14.284004412106956
2024-11-29,14.176380064037758
2024-12-02,14.102420366798412
2024-12-03,13.695718104800875
2024-12-04,13.625990117303505
2024-12-05,13.48345272015794
2024-12-06,13.124934623619193
2024-12-09,12.774475276833757
2024-12-10,12.501364297433929
2024-12-11,12.39518666312808
2024-12-12,12.156176614397733
2024-12-13,12.054330986836504
2024-12-16,12.023628379168516
2024-12-17,11.789241556031357
2024-12-18,12.265278642240517
2024-12-19,12.093827314499354
2024-12-20,11.85649490628471
2024-12-23,11.767971168343411
2024-12-24,12.147806005779088
2024-12-26,12.108851343586513
2024-12-27,12.443425165836922
2024-12-30,12.700665244569663
2024-12-31,12.839906334043913
2025-01-02,13.113561004955187
2025-01-03,13.20008450842466
2025-01-06,13.423807706356076
2025-01-07,13.70855197114601
2025-01-08,13.617159786870742
2025-01-10,13.939982633506913
2025-01-13,13.903600233702315
2025-01-14,14.13128446809177
2025-01-15,14.220667116522138
2025-01-16,14.6721570319329
2025-01-17,14.56733785151195
2025-01-21,14.769687672207569
2025-01-22,14.68561997245312
2025-01-23,13.835179607511149
2025-01-24,13.940400827405561
2025-01-27,14.870563247304277
2025-01-28,14.774395269048014
2025-01-29,14.000458410842302
2025-01-30,14.454094270841432
2025-01-31,14.080315725740387
2025-02-03,13.852349368728847
2025-02-04,13.869025471456451
2025-02-05,13.805245666949654
2025-02-06,13.471141868855685
2025-02-07,13.38544508006534
2025-02-10,13.121049260455155
2025-02-11,13.14641735845812
2025-02-12,12.81450379217507
2025-02-13,12.809551146424022
2025-02-14,12.691185375037039
2025-02-18,12.349687757073905
2025-02-19,12.075932834135902
2025-02-20,12.112131176037606
2025-02-21,12.276670866920709
2025-02-24,12.25958353393107
2025-02-25,12.45091138974471
2025-02-26,12.647639619007913
2025-02-27,12.717202457503895
2025-02-28,12.500286497102316
2025-03-03,13.027451388465378
2025-03-04,12.824816338437376
2025-03-05,13.012039393437174
2025-03-06,13.377494697777903
2025-03-07,13.355373117639001
2025-03-10,13.902826494414056
2025-03-11,13.9818577403362
2025-03-12,13.861948752403055
2025-03-13,14.13011877704263
2025-03-14,14.601266799408986
2025-03-17,14.81192808476285
2025-03-18,14.894737570325592
2025-03-19,14.920095862524914
2025-03-20,14.738721774977224
2025-03-21,14.412208411309464
2025-03-24,14.652511479731906
2025-03-25,14.344551890529567
2025-03-26,14.82513131117464
2025-03-27,14.851708172447744
2025-03-28,15.304360779328983
2025-03-31,14.986459936837703
2025-04-01,14.858629675519015
2025-04-02,14.596361432851191
2025-04-03,15.531602178112928
2025-04-04,16.634965861826867
2025-04-07,16.151552155309208
2025-04-08,16.185664248168276
2025-04-09,16.6608321044396
2025-04-10,17.164586268999237
2025-04-11,17.233733350284666
2025-04-14,17.27478588826073
2025-04-15,16.836205014075016
2025-04-16,17.5828086659595
2025-04-17,17.8619325256006
2025-04-21,18.632638884795735
2025-04-22,19.62774020448055
2025-04-23,19.962970595518744
2025-04-24,20.083869811427817
2025-04-25,19.803618177877993
2025-04-28,19.46881240534676
2025-04-29,19.409818979074792
2025-04-30,18.74214749721043
2025-05-01,18.65803371212696
2025-05-02,19.157350381686122
2025-05-05,19.201602351744597
2025-05-06,18.217235191526992
2025-05-07,17.144929049946793
2025-05-08,17.35930544885364
2025-05-09,17.211058742742352
2025-05-12,16.347319026621804
2025-05-13,15.624594673092975
2025-05-14,15.118130045676194
2025-05-15,15.236479217490356
2025-05-16,15.195071267288355
2025-05-19,14.568182857874428
2025-05-20,14.341564256131619
2025-05-21,13.83987044651477
2025-05-22,12.841481781067667
2025-05-23,12.65479755252578
2025-05-27,12.373894552310858
2025-05-28,12.201296560222897
2025-05-29,12.190733082871995
2025-05-30,12.077129178873907
2025-06-02,12.112829568782345
2025-06-03,12.03439733387688
2025-06-04,11.613694360270083
2025-06-05,11.66376075117664
2025-06-06,11.810490662030245
2025-06-09,11.755535872280868
2025-06-10,11.5927668856291
2025-06-11,11.659996424126323
2025-06-12,10.879291287437395
2025-06-13,11.010483997607038
2025-06-16,11.170477337384392
2025-06-17,11.117481778091806
2025-06-18,11.088745737382578
2025-06-20,11.005926641820272
2025-06-23,11.179123333631074
2025-06-24,10.957579424130095
2025-06-25,10.994634208548671
2025-06-26,10.963707744062672
2025-06-27,10.26034956593458
2025-06-30,10.193379267284504
2025-07-01,10.549313691529937
2025-07-02,10.736319816848976
2025-07-03,10.907885558716423
2025-07-07,10.906242754235324
2025-07-08,10.892677670709572
2025-07-09,10.866839073351155
2025-07-10,10.606433679048038
2025-07-11,10.513561763169543
2025-07-14,10.502548453586108
2025-07-15,10.43902269685112
2025-07-16,10.383557820122917
2025-07-17,10.1576112208052
2025-07-18,9.815911698369604
2025-07-21,9.643063567154131
2025-07-22,10.012700998581945
2025-07-23,10.22946462291447
2025-07-24,10.022735025778019
2025-07-25,9.791372093363904
2025-07-28,9.623194724040422
2025-07-29,9.618928523371036
2025-07-30,9.687728552018047
2025-07-31,9.708713185164813
2025-08-01,9.888171604728711
2025-08-04,10.016527783850472
2025-08-05,9.835036136607192
2025-08-06,9.743619345409776
2025-08-07,9.736468899205285
2025-08-08,9.677957646154494
2025-08-11,9.559349962944784
2025-08-12,9.734743576596289
2025-08-13,10.050334141861198
2025-08-14,9.76747212834342
2025-08-15,9.809251174385231
2025-08-18,9.740280307382776
2025-08-19,10.137622543012176
2025-08-20,10.219590522040066
2025-08-21,10.018445849012414
2025-08-22,10.312301385400623
2025-08-25,10.267439996517284
2025-08-26,10.24514808866849
2025-08-27,10.148241513043374
2025-08-28,10.080424810620595
2025-08-29,10.210771923242575
2025-09-02,10.151133126004527
2025-09-03,9.81187122163051
2025-09-04,9.543628765926112
2025-09-05,9.740035121852008
2025-09-08,9.5641607216592
2025-09-09,9.47214503773336
2025-09-10,9.459375681302252
2025-09-11,9.753721223003636
2025-09-12,9.506749525476785
2025-09-15,9.318911248411558
2025-09-16,9.34714872304689
2025-09-17,9.37743870348785
2025-09-18,9.53936838625668
2025-09-19,9.027167637953037
2025-09-22,8.986339758820753
2025-09-23,9.149889907367484
2025-09-24,8.803439640730987
2025-09-25,8.701007188829072
2025-09-26,8.7897577248601
2025-09-29,8.779572221605124
2025-09-30,8.722042293596772
2025-10-01,8.666555410186868
2025-10-02,8.660496528224146
2025-10-03,8.668562903306896
2025-10-06,8.623281594287954
2025-10-07,8.530594335714358
2025-10-08,8.587822514877947
2025-10-09,8.562405353262138
2025-10-10,8.965736623970846
2025-10-13,9.103289274187572
2025-10-14,9.333634401993962
2025-10-15,9.27822006947283
2025-10-16,9.288617426554294
2025-10-17,9.30345237065564
2025-10-20,9.427174208026967
2025-10-21,9.664374463246888
2025-10-22,9.65146284911872
2025-10-23,9.673032541287183
2025-10-24,9.74427678346308
2025-10-27,9.72344298861269
2025-10-28,9.595072437289168
2025-10-29,9.53700400072552
2025-10-30,9.749099183466804
2025-10-31,9.651154018096726
2025-11-03,9.568983302652027
2025-11-04,9.801083159127607
2025-11-05,9.855389886123252
2025-11-06,9.98288188479736
2025-11-07,9.996057739649316
2025-11-10,9.91070233980331
2025-11-11,9.675885713823414
2025-11-12,9.454066458644045
2025-11-13,9.580908676442196
2025-11-14,9.453187734379627
2025-11-17,9.457584020168005
2025-11-18,9.56111065488868
2025-11-19,9.350834878998468
2025-11-20,9.43431280692825
2025-11-21,9.625458583474694
2025-11-24,9.499863920398546
2025-11-25,9.586617884658043
2025-11-26,9.435787000555964
2025-11-28,9.670205074757591
2025-12-01,9.620457388188688
2025-12-02,9.46069440280722
2025-12-03,9.751223521711845
2025-12-04,9.78701782321607
2025-12-05,9.564926044125285
2025-12-08,9.547803134891168
2025-12-09,9.46189362679537
2025-12-10,9.6577275231534
2025-12-11,9.658552156221134
2025-12-12,9.623677110077296
2025-12-15,9.585386277421284
2025-12-16,9.240042045154086
2025-12-17,9.48053532170375
2025-12-18,9.230985666470458
2025-12-19,9.013570317778438
2025-12-22,9.04144502288824
2025-12-23,8.8411669633768
2025-12-24,8.812864312708708
2025-12-26,8.658927625216375
2025-12-29,8.504342456210699
2025-12-30,8.381129721971076
2025-12-31,8.170819123372631
2026-01-02,8.355149698789406
2026-01-05,8.582792980771083
2026-01-06,8.675913157691447
2026-01-07,8.66491536418989
2026-01-08,8.969387800816445
2026-01-09,8.911824033877867
2026-01-12,8.928155435660297
2026-01-13,8.873579892352923
2026-01-14,9.021333565167764
2026-01-15,8.952097257821178
2026-01-16,8.841384109913799
2026-01-20,9.308701286754294
2026-01-21,9.3573036547835
2026-01-22,9.324335616845488
2026-01-23,9.41132665540229
2026-01-26,9.3716303943962
2026-01-27,9.38232206039276
2026-01-28,9.229081642549447
2026-01-29,9.37106075665195
2026-01-30,9.219251696746708
2026-02-02,9.515770791330436
2026-02-03,9.6937127921838
2026-02-04,9.75185214396572
2026-02-05,9.693256923884888
2026-02-06,9.91074827406434
2026-02-09,9.87727836828256
2026-02-10,9.781622775692089
2026-02-11,9.854762293097709
2026-02-12,10.06114467230744
2026-02-13,10.243885582334405
2026-02-17,10.197443594097448
2026-02-18,10.215417736853732
2026-02-19,10.295407725320786
2026-02-20,9.98543586256588
2026-02-23,10.086984222601798
2026-02-24,10.09554843435385
2026-02-25,10.0594640718476
2026-02-26,10.334051732662024
2026-02-27,10.394214110768877
2026-03-02,10.473243690267934
2026-03-03,10.47348972190948
2026-03-04,10.49307367877438
2026-03-05,10.342275433085847
2026-03-06,10.353119653837416
2026-03-09,10.172257021033417
2026-03-10,10.065431936138612
2026-03-11,9.693576749364285
2026-03-12,9.841072137190707
2026-03-13,9.99435770119238
2026-03-16,9.92236306522584
2026-03-17,9.807428331388182
2026-03-18,9.999227988375251
2026-03-19,9.949459386268588
2026-03-20,9.8821179351386
2026-03-23,10.104425402265617
2026-03-24,10.289499015032545
2026-03-25,10.086675743610298
2026-03-26,10.42375232696701
2026-03-27,10.730801760544212
2026-03-30,10.765651431404656
2026-03-31,11.038754549940448
2026-04-01,11.028950776761366
2026-04-02,11.037059746290666
2026-04-06,11.11949736037244
2026-04-07,11.093972919560327
2026-04-08,11.554430836796406
2026-04-09,11.566088275041116
2026-04-10,11.585766511068302
2026-04-13,11.853583172400025
2026-04-14,11.609672303825587
2026-04-15,11.534643642274169
2026-04-16,11.528401195133632
2026-04-17,11.718572359142746
2026-04-20,11.60638276519553
2026-04-21,11.78163427713187
2026-04-22,11.814790883408394
2026-04-23,11.954648733879866
2026-04-24,11.794206589464578
2026-04-27,11.727120518651065
2026-04-28,11.504384563067934
2026-04-29,11.271761640327126
2026-04-30,11.596492480816798
2026-05-01,11.03846612636276
2026-05-04,10.959226364661903
2026-05-05,11.056056992194282
2026-05-06,11.013202456641793
2026-05-07,10.90845947302049
2026-05-08,10.331303183665444
2026-05-11,10.303631185902466
2026-05-12,10.258979543763603
2026-05-13,10.059121038145681
2026-05-14,9.900943381040692
2026-05-15,9.9159101130214
2026-05-18,10.075664336399575
2026-05-19,10.012013906038861
2026-05-20,10.128978464227641
2026-05-21,10.025273815610449
2026-05-22,9.904312034181624
2026-05-26,9.819370963139493
2026-05-27,9.666297475315524
2026-05-28,9.53935134044048
2026-05-29,9.386407808059724
2026-06-01,9.503321212514026
2026-06-02,9.533061465285126
2026-06-03,9.666272380316729
2026-06-04,9.842088828825917
2026-06-05,10.196598497117408
2026-06-08,10.046501620244799
2026-06-09,10.22838600157278
2026-06-10,10.468647610348302
2026-06-11,10.575939647198663
2026-06-12,10.645137300940966
2026-06-15,10.51792223673303
2026-06-16,10.624445648850914
2026-06-17,10.749240353920431
2026-06-18,10.42320105702761
2026-06-22,10.620309589061945
2026-06-23,10.808531982846644
2026-06-24,10.849431668673395
2026-06-25,11.172040863404535
2026-06-26,11.184960449700133