Date;ISIN;YL017
15/04/2011;DE0001030518;-0.465
18/04/2011;DE0001030518;-0.536
19/04/2011;DE0001030518;-0.426
20/04/2011;DE0001030518;-0.408
21/04/2011;DE0001030518;-0.499
22/04/2011;DE0001030518;#N/A N/A
25/04/2011;DE0001030518;#N/A N/A
26/04/2011;DE0001030518;-0.507
27/04/2011;DE0001030518;-0.406
28/04/2011;DE0001030518;-0.466
29/04/2011;DE0001030518;-0.492
02/05/2011;DE0001030518;-0.456
03/05/2011;DE0001030518;-0.418
04/05/2011;DE0001030518;-0.315
05/05/2011;DE0001030518;-0.321
06/05/2011;DE0001030518;-0.272
09/05/2011;DE0001030518;-0.276
10/05/2011;DE0001030518;-0.292
11/05/2011;DE0001030518;-0.222
12/05/2011;DE0001030518;-0.12
13/05/2011;DE0001030518;-0.108
16/05/2011;DE0001030518;-0.063
17/05/2011;DE0001030518;0.008
18/05/2011;DE0001030518;0.075
19/05/2011;DE0001030518;0.074
20/05/2011;DE0001030518;0.053
23/05/2011;DE0001030518;0.066
24/05/2011;DE0001030518;0.081
25/05/2011;DE0001030518;0.126
26/05/2011;DE0001030518;0.086
27/05/2011;DE0001030518;0.081
30/05/2011;DE0001030518;0.112
31/05/2011;DE0001030518;0.101
01/06/2011;DE0001030518;0.091
02/06/2011;DE0001030518;0.125
03/06/2011;DE0001030518;0.222
06/06/2011;DE0001030518;0.203
07/06/2011;DE0001030518;0.248
08/06/2011;DE0001030518;0.197
09/06/2011;DE0001030518;0.172
10/06/2011;DE0001030518;0.18
13/06/2011;DE0001030518;0.193
14/06/2011;DE0001030518;0.214
15/06/2011;DE0001030518;0.144
16/06/2011;DE0001030518;0.165
17/06/2011;DE0001030518;0.261
20/06/2011;DE0001030518;0.347
21/06/2011;DE0001030518;0.35
22/06/2011;DE0001030518;0.246
23/06/2011;DE0001030518;0.308
24/06/2011;DE0001030518;0.387
27/06/2011;DE0001030518;0.39
28/06/2011;DE0001030518;0.412
29/06/2011;DE0001030518;0.365
30/06/2011;DE0001030518;0.382
01/07/2011;DE0001030518;0.42
04/07/2011;DE0001030518;0.448
05/07/2011;DE0001030518;0.401
06/07/2011;DE0001030518;0.401
07/07/2011;DE0001030518;0.373
08/07/2011;DE0001030518;0.284
11/07/2011;DE0001030518;0.161
12/07/2011;DE0001030518;0.161
13/07/2011;DE0001030518;0.16
14/07/2011;DE0001030518;0.109
15/07/2011;DE0001030518;0.081
18/07/2011;DE0001030518;0.089
19/07/2011;DE0001030518;0.133
20/07/2011;DE0001030518;0.154
21/07/2011;DE0001030518;0.202
22/07/2011;DE0001030518;0.182
25/07/2011;DE0001030518;0.136
26/07/2011;DE0001030518;0.176
27/07/2011;DE0001030518;0.169
28/07/2011;DE0001030518;0.163
29/07/2011;DE0001030518;0.122
01/08/2011;DE0001030518;0.062
02/08/2011;DE0001030518;0.101
03/08/2011;DE0001030518;0.117
04/08/2011;DE0001030518;0.047
05/08/2011;DE0001030518;0.038
08/08/2011;DE0001030518;0.162
09/08/2011;DE0001030518;0.202
10/08/2011;DE0001030518;0.055
11/08/2011;DE0001030518;0.116
12/08/2011;DE0001030518;0.104
15/08/2011;DE0001030518;0.1
16/08/2011;DE0001030518;0.079
17/08/2011;DE0001030518;-0.005
18/08/2011;DE0001030518;0.018
19/08/2011;DE0001030518;0.086
22/08/2011;DE0001030518;0.079
23/08/2011;DE0001030518;0.111
24/08/2011;DE0001030518;0.092
25/08/2011;DE0001030518;-0.004
26/08/2011;DE0001030518;0.034
29/08/2011;DE0001030518;0.09
30/08/2011;DE0001030518;0.03
31/08/2011;DE0001030518;0.013
01/09/2011;DE0001030518;-0.112
02/09/2011;DE0001030518;-0.215
05/09/2011;DE0001030518;-0.288
06/09/2011;DE0001030518;-0.271
07/09/2011;DE0001030518;-0.302
08/09/2011;DE0001030518;-0.34
09/09/2011;DE0001030518;-0.332
12/09/2011;DE0001030518;-0.239
13/09/2011;DE0001030518;-0.173
14/09/2011;DE0001030518;-0.145
15/09/2011;DE0001030518;-0.127
16/09/2011;DE0001030518;-0.249
19/09/2011;DE0001030518;-0.308
20/09/2011;DE0001030518;-0.291
21/09/2011;DE0001030518;-0.357
22/09/2011;DE0001030518;-0.371
23/09/2011;DE0001030518;-0.403
26/09/2011;DE0001030518;-0.38
27/09/2011;DE0001030518;-0.353
28/09/2011;DE0001030518;-0.395
29/09/2011;DE0001030518;-0.449
30/09/2011;DE0001030518;-0.658
03/10/2011;DE0001030518;-0.7
04/10/2011;DE0001030518;-0.674
05/10/2011;DE0001030518;-0.683
06/10/2011;DE0001030518;-0.695
07/10/2011;DE0001030518;-0.719
10/10/2011;DE0001030518;-0.749
11/10/2011;DE0001030518;-0.78
12/10/2011;DE0001030518;-0.719
13/10/2011;DE0001030518;-0.728
14/10/2011;DE0001030518;-0.711
17/10/2011;DE0001030518;-0.79
18/10/2011;DE0001030518;-0.75
19/10/2011;DE0001030518;-0.721
20/10/2011;DE0001030518;-0.739
21/10/2011;DE0001030518;-0.68
24/10/2011;DE0001030518;-0.695
25/10/2011;DE0001030518;-0.856
26/10/2011;DE0001030518;-0.844
27/10/2011;DE0001030518;-0.791
28/10/2011;DE0001030518;-0.839
31/10/2011;DE0001030518;-0.825
01/11/2011;DE0001030518;-0.787
02/11/2011;DE0001030518;-0.781
03/11/2011;DE0001030518;-0.813
04/11/2011;DE0001030518;-0.885
07/11/2011;DE0001030518;-0.934
08/11/2011;DE0001030518;-0.9
09/11/2011;DE0001030518;-0.827
10/11/2011;DE0001030518;-0.749
11/11/2011;DE0001030518;-0.697
14/11/2011;DE0001030518;-0.709
15/11/2011;DE0001030518;-0.64
16/11/2011;DE0001030518;-0.633
17/11/2011;DE0001030518;-0.628
18/11/2011;DE0001030518;-0.644
21/11/2011;DE0001030518;-0.639
22/11/2011;DE0001030518;-0.582
23/11/2011;DE0001030518;-0.383
24/11/2011;DE0001030518;-0.188
25/11/2011;DE0001030518;-0.193
28/11/2011;DE0001030518;-0.141
29/11/2011;DE0001030518;-0.202
30/11/2011;DE0001030518;-0.581
01/12/2011;DE0001030518;-0.653
02/12/2011;DE0001030518;-0.694
05/12/2011;DE0001030518;-0.746
06/12/2011;DE0001030518;-0.787
07/12/2011;DE0001030518;-0.777
08/12/2011;DE0001030518;-0.776
09/12/2011;DE0001030518;-0.725
12/12/2011;DE0001030518;-0.759
13/12/2011;DE0001030518;-0.787
14/12/2011;DE0001030518;-0.787
15/12/2011;DE0001030518;-0.811
16/12/2011;DE0001030518;-0.864
19/12/2011;DE0001030518;-0.852
20/12/2011;DE0001030518;-0.859
21/12/2011;DE0001030518;-0.836
22/12/2011;DE0001030518;-0.846
23/12/2011;DE0001030518;-0.856
26/12/2011;DE0001030518;#N/A N/A
27/12/2011;DE0001030518;-0.911
28/12/2011;DE0001030518;-0.893
29/12/2011;DE0001030518;-0.959
30/12/2011;DE0001030518;-0.94
02/01/2012;DE0001030518;-0.965
03/01/2012;DE0001030518;-0.964
04/01/2012;DE0001030518;-0.954
05/01/2012;DE0001030518;-0.961
06/01/2012;DE0001030518;-0.96
09/01/2012;DE0001030518;-1.031
10/01/2012;DE0001030518;-1.054
11/01/2012;DE0001030518;-1.059
12/01/2012;DE0001030518;-1.093
13/01/2012;DE0001030518;-1.077
16/01/2012;DE0001030518;-0.992
17/01/2012;DE0001030518;-1.003
18/01/2012;DE0001030518;-1.001
19/01/2012;DE0001030518;-1.035
20/01/2012;DE0001030518;-1.031
23/01/2012;DE0001030518;-1.049
24/01/2012;DE0001030518;-1.033
25/01/2012;DE0001030518;-1.007
26/01/2012;DE0001030518;-1.027
27/01/2012;DE0001030518;-0.994
30/01/2012;DE0001030518;-0.942
31/01/2012;DE0001030518;-0.949
01/02/2012;DE0001030518;-0.938
02/02/2012;DE0001030518;-0.901
03/02/2012;DE0001030518;-0.864
06/02/2012;DE0001030518;-0.923
07/02/2012;DE0001030518;-0.869
08/02/2012;DE0001030518;-0.772
09/02/2012;DE0001030518;-0.676
10/02/2012;DE0001030518;-0.687
13/02/2012;DE0001030518;-0.681
14/02/2012;DE0001030518;-0.667
15/02/2012;DE0001030518;-0.675
16/02/2012;DE0001030518;-0.694
17/02/2012;DE0001030518;-0.726
20/02/2012;DE0001030518;-0.826
21/02/2012;DE0001030518;-0.803
22/02/2012;DE0001030518;-0.795
23/02/2012;DE0001030518;-0.879
24/02/2012;DE0001030518;-0.92
27/02/2012;DE0001030518;-0.919
28/02/2012;DE0001030518;-0.952
29/02/2012;DE0001030518;-0.924
01/03/2012;DE0001030518;-0.854
02/03/2012;DE0001030518;-0.891
05/03/2012;DE0001030518;-0.903
06/03/2012;DE0001030518;-0.937
07/03/2012;DE0001030518;-0.987
08/03/2012;DE0001030518;-1.056
09/03/2012;DE0001030518;-1.138
12/03/2012;DE0001030518;-1.182
13/03/2012;DE0001030518;-1.344
14/03/2012;DE0001030518;-1.428
15/03/2012;DE0001030518;-1.411
16/03/2012;DE0001030518;-1.402
19/03/2012;DE0001030518;-1.425
20/03/2012;DE0001030518;-1.425
21/03/2012;DE0001030518;-1.556
22/03/2012;DE0001030518;-1.579
23/03/2012;DE0001030518;-1.535
26/03/2012;DE0001030518;-1.603
27/03/2012;DE0001030518;-1.64
28/03/2012;DE0001030518;-1.665
29/03/2012;DE0001030518;-1.689
30/03/2012;DE0001030518;-1.75
02/04/2012;DE0001030518;-1.737
03/04/2012;DE0001030518;-1.752
04/04/2012;DE0001030518;-1.758
05/04/2012;DE0001030518;-1.759
06/04/2012;DE0001030518;-1.712
09/04/2012;DE0001030518;-1.717
10/04/2012;DE0001030518;-1.789
11/04/2012;DE0001030518;-1.688
12/04/2012;DE0001030518;-1.704
13/04/2012;DE0001030518;-1.714
16/04/2012;DE0001030518;-1.691
17/04/2012;DE0001030518;-1.692
18/04/2012;DE0001030518;-1.686
19/04/2012;DE0001030518;-1.696
20/04/2012;DE0001030518;-1.658
23/04/2012;DE0001030518;-1.571
24/04/2012;DE0001030518;-1.528
25/04/2012;DE0001030518;-1.46
26/04/2012;DE0001030518;-1.386
27/04/2012;DE0001030518;-1.351
30/04/2012;DE0001030518;-1.386
01/05/2012;DE0001030518;-1.386
02/05/2012;DE0001030518;-1.346
03/05/2012;DE0001030518;-1.372
04/05/2012;DE0001030518;-1.351
07/05/2012;DE0001030518;-1.336
08/05/2012;DE0001030518;-1.295
09/05/2012;DE0001030518;-1.201
10/05/2012;DE0001030518;-1.154
11/05/2012;DE0001030518;-1.07
14/05/2012;DE0001030518;-0.895
15/05/2012;DE0001030518;-0.857
16/05/2012;DE0001030518;-0.751
17/05/2012;DE0001030518;-0.625
18/05/2012;DE0001030518;-0.607
21/05/2012;DE0001030518;-0.507
22/05/2012;DE0001030518;-0.526
23/05/2012;DE0001030518;-0.31
24/05/2012;DE0001030518;-0.19
25/05/2012;DE0001030518;-0.159
28/05/2012;DE0001030518;-0.144
29/05/2012;DE0001030518;-0.145
30/05/2012;DE0001030518;-0.077
31/05/2012;DE0001030518;0.143
01/06/2012;DE0001030518;0.108
04/06/2012;DE0001030518;0.141
05/06/2012;DE0001030518;0.163
06/06/2012;DE0001030518;0.207
07/06/2012;DE0001030518;0.166
08/06/2012;DE0001030518;0.136
11/06/2012;DE0001030518;0.029
12/06/2012;DE0001030518;0.105
13/06/2012;DE0001030518;0.191
14/06/2012;DE0001030518;0.088
15/06/2012;DE0001030518;0.165
18/06/2012;DE0001030518;0.11
19/06/2012;DE0001030518;0.194
20/06/2012;DE0001030518;0.319
21/06/2012;DE0001030518;0.485
22/06/2012;DE0001030518;0.553
25/06/2012;DE0001030518;0.708
26/06/2012;DE0001030518;0.828
27/06/2012;DE0001030518;0.788
28/06/2012;DE0001030518;0.764
29/06/2012;DE0001030518;0.632
02/07/2012;DE0001030518;0.576
03/07/2012;DE0001030518;0.468
04/07/2012;DE0001030518;0.507
05/07/2012;DE0001030518;0.391
06/07/2012;DE0001030518;0.501
09/07/2012;DE0001030518;0.463
10/07/2012;DE0001030518;0.443
11/07/2012;DE0001030518;0.358
12/07/2012;DE0001030518;0.318
13/07/2012;DE0001030518;0.119
16/07/2012;DE0001030518;0.065
17/07/2012;DE0001030518;0.031
18/07/2012;DE0001030518;0.047
19/07/2012;DE0001030518;-0.015
20/07/2012;DE0001030518;-0.058
23/07/2012;DE0001030518;0.124
24/07/2012;DE0001030518;0.225
25/07/2012;DE0001030518;0.313
26/07/2012;DE0001030518;0.271
27/07/2012;DE0001030518;0.312
30/07/2012;DE0001030518;0.256
31/07/2012;DE0001030518;0.255
01/08/2012;DE0001030518;0.239
02/08/2012;DE0001030518;0.188
03/08/2012;DE0001030518;0.18
06/08/2012;DE0001030518;0.143
07/08/2012;DE0001030518;0.063
08/08/2012;DE0001030518;-0.087
09/08/2012;DE0001030518;0.013
10/08/2012;DE0001030518;0.026
13/08/2012;DE0001030518;0.025
14/08/2012;DE0001030518;0.038
15/08/2012;DE0001030518;-0.019
16/08/2012;DE0001030518;0.009
17/08/2012;DE0001030518;0.007
20/08/2012;DE0001030518;-0.055
21/08/2012;DE0001030518;-0.034
22/08/2012;DE0001030518;-0.04
23/08/2012;DE0001030518;-0.073
24/08/2012;DE0001030518;-0.06
27/08/2012;DE0001030518;-0.148
28/08/2012;DE0001030518;-0.017
29/08/2012;DE0001030518;-0.078
30/08/2012;DE0001030518;-0.144
31/08/2012;DE0001030518;-0.219
03/09/2012;DE0001030518;-0.278
04/09/2012;DE0001030518;-0.314
05/09/2012;DE0001030518;-0.381
06/09/2012;DE0001030518;-0.409
07/09/2012;DE0001030518;-0.397
10/09/2012;DE0001030518;-0.492
11/09/2012;DE0001030518;-0.496
12/09/2012;DE0001030518;-0.66
13/09/2012;DE0001030518;-0.809
14/09/2012;DE0001030518;-0.95
17/09/2012;DE0001030518;-0.948
18/09/2012;DE0001030518;-0.852
19/09/2012;DE0001030518;-0.845
20/09/2012;DE0001030518;-0.947
21/09/2012;DE0001030518;-0.927
24/09/2012;DE0001030518;-0.952
25/09/2012;DE0001030518;-1.003
26/09/2012;DE0001030518;-1.141
27/09/2012;DE0001030518;-1.166
28/09/2012;DE0001030518;-1.4
01/10/2012;DE0001030518;-1.355
02/10/2012;DE0001030518;-1.391
03/10/2012;DE0001030518;-1.327
04/10/2012;DE0001030518;-1.355
05/10/2012;DE0001030518;-1.346
08/10/2012;DE0001030518;-1.261
09/10/2012;DE0001030518;-1.251
10/10/2012;DE0001030518;-1.211
11/10/2012;DE0001030518;-1.113
12/10/2012;DE0001030518;-1.122
15/10/2012;DE0001030518;-1.101
16/10/2012;DE0001030518;-1.001
17/10/2012;DE0001030518;-0.975
18/10/2012;DE0001030518;-0.993
19/10/2012;DE0001030518;-1.001
22/10/2012;DE0001030518;-0.947
23/10/2012;DE0001030518;-0.935
24/10/2012;DE0001030518;-0.843
25/10/2012;DE0001030518;-0.83
26/10/2012;DE0001030518;-0.773
29/10/2012;DE0001030518;-0.727
30/10/2012;DE0001030518;-0.777
31/10/2012;DE0001030518;-0.679
01/11/2012;DE0001030518;-0.652
02/11/2012;DE0001030518;-0.637
05/11/2012;DE0001030518;-0.52
06/11/2012;DE0001030518;-0.549
07/11/2012;DE0001030518;-0.187
08/11/2012;DE0001030518;-0.179
09/11/2012;DE0001030518;-0.136
12/11/2012;DE0001030518;-0.081
13/11/2012;DE0001030518;-0.06
14/11/2012;DE0001030518;0.1
15/11/2012;DE0001030518;0.196
16/11/2012;DE0001030518;0.219
19/11/2012;DE0001030518;0.28
20/11/2012;DE0001030518;0.316
21/11/2012;DE0001030518;0.507
22/11/2012;DE0001030518;0.585
23/11/2012;DE0001030518;0.795
26/11/2012;DE0001030518;0.996
27/11/2012;DE0001030518;1.24
28/11/2012;DE0001030518;1.395
29/11/2012;DE0001030518;1.347
30/11/2012;DE0001030518;1.354
03/12/2012;DE0001030518;1.446
04/12/2012;DE0001030518;1.454
05/12/2012;DE0001030518;1.594
06/12/2012;DE0001030518;1.779
07/12/2012;DE0001030518;1.746
10/12/2012;DE0001030518;1.712
11/12/2012;DE0001030518;1.797
12/12/2012;DE0001030518;1.848
13/12/2012;DE0001030518;1.829
14/12/2012;DE0001030518;1.888
17/12/2012;DE0001030518;2.011
18/12/2012;DE0001030518;2.041
19/12/2012;DE0001030518;1.987
20/12/2012;DE0001030518;2.317
21/12/2012;DE0001030518;2.471
24/12/2012;DE0001030518;5.334
25/12/2012;DE0001030518;#N/A N/A
26/12/2012;DE0001030518;#N/A N/A
27/12/2012;DE0001030518;2.697
28/12/2012;DE0001030518;2.683
31/12/2012;DE0001030518;2.414
01/01/2013;DE0001030518;#N/A N/A
02/01/2013;DE0001030518;2.25
03/01/2013;DE0001030518;2.194
04/01/2013;DE0001030518;2.193
07/01/2013;DE0001030518;2.289
08/01/2013;DE0001030518;2.192
09/01/2013;DE0001030518;2.191
10/01/2013;DE0001030518;2.19
11/01/2013;DE0001030518;2.272
14/01/2013;DE0001030518;2.252
15/01/2013;DE0001030518;2.4
16/01/2013;DE0001030518;2.449
17/01/2013;DE0001030518;2.452
18/01/2013;DE0001030518;2.342
21/01/2013;DE0001030518;2.344
22/01/2013;DE0001030518;2.391
23/01/2013;DE0001030518;2.445
24/01/2013;DE0001030518;2.423
25/01/2013;DE0001030518;2.426
28/01/2013;DE0001030518;2.304
29/01/2013;DE0001030518;2.532
30/01/2013;DE0001030518;2.623
31/01/2013;DE0001030518;2.896
01/02/2013;DE0001030518;3.15
04/02/2013;DE0001030518;3.275
05/02/2013;DE0001030518;3.122
06/02/2013;DE0001030518;3.459
07/02/2013;DE0001030518;3.599
08/02/2013;DE0001030518;3.804
11/02/2013;DE0001030518;3.955
12/02/2013;DE0001030518;4.301
13/02/2013;DE0001030518;4.681
14/02/2013;DE0001030518;4.932
15/02/2013;DE0001030518;4.982
18/02/2013;DE0001030518;5.142
19/02/2013;DE0001030518;5.271
20/02/2013;DE0001030518;5.537
21/02/2013;DE0001030518;5.725
22/02/2013;DE0001030518;6.166
25/02/2013;DE0001030518;6.544
26/02/2013;DE0001030518;7.026
27/02/2013;DE0001030518;7.33
28/02/2013;DE0001030518;6.659
01/03/2013;DE0001030518;6.532
04/03/2013;DE0001030518;6.644
05/03/2013;DE0001030518;6.813
06/03/2013;DE0001030518;6.229
07/03/2013;DE0001030518;5.956
08/03/2013;DE0001030518;5.898
11/03/2013;DE0001030518;5.659
12/03/2013;DE0001030518;5.04
13/03/2013;DE0001030518;3.873
14/03/2013;DE0001030518;4.141
15/03/2013;DE0001030518;3.643
18/03/2013;DE0001030518;2.813
19/03/2013;DE0001030518;2.991
20/03/2013;DE0001030518;1.36
21/03/2013;DE0001030518;0.776
22/03/2013;DE0001030518;-0.054
25/03/2013;DE0001030518;-0.673
26/03/2013;DE0001030518;-4.684
27/03/2013;DE0001030518;-4.956
28/03/2013;DE0001030518;-5.43
29/03/2013;DE0001030518;#N/A N/A
01/04/2013;DE0001030518;#N/A N/A
02/04/2013;DE0001030518;-5.492
03/04/2013;DE0001030518;-6.26
04/04/2013;DE0001030518;-5.942
05/04/2013;DE0001030518;-7.164
08/04/2013;DE0001030518;-7.743
09/04/2013;DE0001030518;-8.698
10/04/2013;DE0001030518;-5.382
11/04/2013;DE0001030518;-3.679
12/04/2013;DE0001030518;-3.679
15/04/2013;DE0001030518;#N/A N/A
16/04/2013;DE0001030518;#N/A N/A
17/04/2013;DE0001030518;#N/A N/A
18/04/2013;DE0001030518;#N/A N/A
19/04/2013;DE0001030518;#N/A N/A
22/04/2013;DE0001030518;#N/A N/A
23/04/2013;DE0001030518;#N/A N/A
24/04/2013;DE0001030518;#N/A N/A
25/04/2013;DE0001030518;#N/A N/A
26/04/2013;DE0001030518;#N/A N/A
29/04/2013;DE0001030518;#N/A N/A
30/04/2013;DE0001030518;#N/A N/A
01/05/2013;DE0001030518;#N/A N/A
02/05/2013;DE0001030518;#N/A N/A
03/05/2013;DE0001030518;#N/A N/A
06/05/2013;DE0001030518;#N/A N/A
07/05/2013;DE0001030518;#N/A N/A
08/05/2013;DE0001030518;#N/A N/A
09/05/2013;DE0001030518;#N/A N/A
10/05/2013;DE0001030518;#N/A N/A
13/05/2013;DE0001030518;#N/A N/A
14/05/2013;DE0001030518;#N/A N/A
15/05/2013;DE0001030518;#N/A N/A
16/05/2013;DE0001030518;#N/A N/A
17/05/2013;DE0001030518;#N/A N/A
20/05/2013;DE0001030518;#N/A N/A
21/05/2013;DE0001030518;#N/A N/A
22/05/2013;DE0001030518;#N/A N/A
23/05/2013;DE0001030518;#N/A N/A
24/05/2013;DE0001030518;#N/A N/A
27/05/2013;DE0001030518;#N/A N/A
28/05/2013;DE0001030518;#N/A N/A
29/05/2013;DE0001030518;#N/A N/A
30/05/2013;DE0001030518;#N/A N/A
31/05/2013;DE0001030518;#N/A N/A
03/06/2013;DE0001030518;#N/A N/A
04/06/2013;DE0001030518;#N/A N/A
05/06/2013;DE0001030518;#N/A N/A
06/06/2013;DE0001030518;#N/A N/A
07/06/2013;DE0001030518;#N/A N/A
10/06/2013;DE0001030518;#N/A N/A
11/06/2013;DE0001030518;#N/A N/A
12/06/2013;DE0001030518;#N/A N/A
13/06/2013;DE0001030518;#N/A N/A
14/06/2013;DE0001030518;#N/A N/A
17/06/2013;DE0001030518;#N/A N/A
18/06/2013;DE0001030518;#N/A N/A
19/06/2013;DE0001030518;#N/A N/A
20/06/2013;DE0001030518;#N/A N/A
21/06/2013;DE0001030518;#N/A N/A
24/06/2013;DE0001030518;#N/A N/A
25/06/2013;DE0001030518;#N/A N/A
26/06/2013;DE0001030518;#N/A N/A
27/06/2013;DE0001030518;#N/A N/A
28/06/2013;DE0001030518;#N/A N/A
01/07/2013;DE0001030518;#N/A N/A
02/07/2013;DE0001030518;#N/A N/A
03/07/2013;DE0001030518;#N/A N/A
04/07/2013;DE0001030518;#N/A N/A
05/07/2013;DE0001030518;#N/A N/A
08/07/2013;DE0001030518;#N/A N/A
09/07/2013;DE0001030518;#N/A N/A
10/07/2013;DE0001030518;#N/A N/A
11/07/2013;DE0001030518;#N/A N/A
12/07/2013;DE0001030518;#N/A N/A
15/07/2013;DE0001030518;#N/A N/A
16/07/2013;DE0001030518;#N/A N/A
17/07/2013;DE0001030518;#N/A N/A
18/07/2013;DE0001030518;#N/A N/A
19/07/2013;DE0001030518;#N/A N/A
22/07/2013;DE0001030518;#N/A N/A
23/07/2013;DE0001030518;#N/A N/A
24/07/2013;DE0001030518;#N/A N/A
25/07/2013;DE0001030518;#N/A N/A
26/07/2013;DE0001030518;#N/A N/A
29/07/2013;DE0001030518;#N/A N/A
30/07/2013;DE0001030518;#N/A N/A
31/07/2013;DE0001030518;#N/A N/A
01/08/2013;DE0001030518;#N/A N/A
02/08/2013;DE0001030518;#N/A N/A
05/08/2013;DE0001030518;#N/A N/A
06/08/2013;DE0001030518;#N/A N/A
07/08/2013;DE0001030518;#N/A N/A
08/08/2013;DE0001030518;#N/A N/A
09/08/2013;DE0001030518;#N/A N/A
12/08/2013;DE0001030518;#N/A N/A
13/08/2013;DE0001030518;#N/A N/A
14/08/2013;DE0001030518;#N/A N/A
15/08/2013;DE0001030518;#N/A N/A
16/08/2013;DE0001030518;#N/A N/A
19/08/2013;DE0001030518;#N/A N/A
20/08/2013;DE0001030518;#N/A N/A
21/08/2013;DE0001030518;#N/A N/A
22/08/2013;DE0001030518;#N/A N/A
23/08/2013;DE0001030518;#N/A N/A
26/08/2013;DE0001030518;#N/A N/A
27/08/2013;DE0001030518;#N/A N/A
28/08/2013;DE0001030518;#N/A N/A
29/08/2013;DE0001030518;#N/A N/A
30/08/2013;DE0001030518;#N/A N/A
02/09/2013;DE0001030518;#N/A N/A
03/09/2013;DE0001030518;#N/A N/A
04/09/2013;DE0001030518;#N/A N/A
05/09/2013;DE0001030518;#N/A N/A
06/09/2013;DE0001030518;#N/A N/A
09/09/2013;DE0001030518;#N/A N/A
10/09/2013;DE0001030518;#N/A N/A
11/09/2013;DE0001030518;#N/A N/A
12/09/2013;DE0001030518;#N/A N/A
13/09/2013;DE0001030518;#N/A N/A
16/09/2013;DE0001030518;#N/A N/A
17/09/2013;DE0001030518;#N/A N/A
18/09/2013;DE0001030518;#N/A N/A
19/09/2013;DE0001030518;#N/A N/A
20/09/2013;DE0001030518;#N/A N/A
23/09/2013;DE0001030518;#N/A N/A
24/09/2013;DE0001030518;#N/A N/A
25/09/2013;DE0001030518;#N/A N/A
26/09/2013;DE0001030518;#N/A N/A
27/09/2013;DE0001030518;#N/A N/A
30/09/2013;DE0001030518;#N/A N/A
01/10/2013;DE0001030518;#N/A N/A
02/10/2013;DE0001030518;#N/A N/A
03/10/2013;DE0001030518;#N/A N/A
04/10/2013;DE0001030518;#N/A N/A
07/10/2013;DE0001030518;#N/A N/A
08/10/2013;DE0001030518;#N/A N/A
09/10/2013;DE0001030518;#N/A N/A
10/10/2013;DE0001030518;#N/A N/A
11/10/2013;DE0001030518;#N/A N/A
14/10/2013;DE0001030518;#N/A N/A
15/10/2013;DE0001030518;#N/A N/A
16/10/2013;DE0001030518;#N/A N/A
17/10/2013;DE0001030518;#N/A N/A
18/10/2013;DE0001030518;#N/A N/A
21/10/2013;DE0001030518;#N/A N/A
22/10/2013;DE0001030518;#N/A N/A
23/10/2013;DE0001030518;#N/A N/A
24/10/2013;DE0001030518;#N/A N/A
25/10/2013;DE0001030518;#N/A N/A
28/10/2013;DE0001030518;#N/A N/A
29/10/2013;DE0001030518;#N/A N/A
30/10/2013;DE0001030518;#N/A N/A
31/10/2013;DE0001030518;#N/A N/A
01/11/2013;DE0001030518;#N/A N/A
04/11/2013;DE0001030518;#N/A N/A
05/11/2013;DE0001030518;#N/A N/A
06/11/2013;DE0001030518;#N/A N/A
07/11/2013;DE0001030518;#N/A N/A
08/11/2013;DE0001030518;#N/A N/A
11/11/2013;DE0001030518;#N/A N/A
12/11/2013;DE0001030518;#N/A N/A
13/11/2013;DE0001030518;#N/A N/A
14/11/2013;DE0001030518;#N/A N/A
15/11/2013;DE0001030518;#N/A N/A
18/11/2013;DE0001030518;#N/A N/A
19/11/2013;DE0001030518;#N/A N/A
20/11/2013;DE0001030518;#N/A N/A
21/11/2013;DE0001030518;#N/A N/A
22/11/2013;DE0001030518;#N/A N/A
25/11/2013;DE0001030518;#N/A N/A
26/11/2013;DE0001030518;#N/A N/A
27/11/2013;DE0001030518;#N/A N/A
28/11/2013;DE0001030518;#N/A N/A
29/11/2013;DE0001030518;#N/A N/A
02/12/2013;DE0001030518;#N/A N/A
03/12/2013;DE0001030518;#N/A N/A
04/12/2013;DE0001030518;#N/A N/A
05/12/2013;DE0001030518;#N/A N/A
06/12/2013;DE0001030518;#N/A N/A
09/12/2013;DE0001030518;#N/A N/A
10/12/2013;DE0001030518;#N/A N/A
11/12/2013;DE0001030518;#N/A N/A
12/12/2013;DE0001030518;#N/A N/A
13/12/2013;DE0001030518;#N/A N/A
16/12/2013;DE0001030518;#N/A N/A
17/12/2013;DE0001030518;#N/A N/A
18/12/2013;DE0001030518;#N/A N/A
19/12/2013;DE0001030518;#N/A N/A
20/12/2013;DE0001030518;#N/A N/A
23/12/2013;DE0001030518;#N/A N/A
24/12/2013;DE0001030518;#N/A N/A
25/12/2013;DE0001030518;#N/A N/A
26/12/2013;DE0001030518;#N/A N/A
27/12/2013;DE0001030518;#N/A N/A
30/12/2013;DE0001030518;#N/A N/A
31/12/2013;DE0001030518;#N/A N/A
01/01/2014;DE0001030518;#N/A N/A
02/01/2014;DE0001030518;#N/A N/A
03/01/2014;DE0001030518;#N/A N/A
06/01/2014;DE0001030518;#N/A N/A
07/01/2014;DE0001030518;#N/A N/A
08/01/2014;DE0001030518;#N/A N/A
09/01/2014;DE0001030518;#N/A N/A
10/01/2014;DE0001030518;#N/A N/A
13/01/2014;DE0001030518;#N/A N/A
14/01/2014;DE0001030518;#N/A N/A
15/01/2014;DE0001030518;#N/A N/A
16/01/2014;DE0001030518;#N/A N/A
17/01/2014;DE0001030518;#N/A N/A
20/01/2014;DE0001030518;#N/A N/A
21/01/2014;DE0001030518;#N/A N/A
22/01/2014;DE0001030518;#N/A N/A
23/01/2014;DE0001030518;#N/A N/A
24/01/2014;DE0001030518;#N/A N/A
27/01/2014;DE0001030518;#N/A N/A
28/01/2014;DE0001030518;#N/A N/A
29/01/2014;DE0001030518;#N/A N/A
30/01/2014;DE0001030518;#N/A N/A
31/01/2014;DE0001030518;#N/A N/A
03/02/2014;DE0001030518;#N/A N/A
04/02/2014;DE0001030518;#N/A N/A
05/02/2014;DE0001030518;#N/A N/A
06/02/2014;DE0001030518;#N/A N/A
07/02/2014;DE0001030518;#N/A N/A
10/02/2014;DE0001030518;#N/A N/A
11/02/2014;DE0001030518;#N/A N/A
12/02/2014;DE0001030518;#N/A N/A
13/02/2014;DE0001030518;#N/A N/A
14/02/2014;DE0001030518;#N/A N/A
17/02/2014;DE0001030518;#N/A N/A
18/02/2014;DE0001030518;#N/A N/A
19/02/2014;DE0001030518;#N/A N/A
20/02/2014;DE0001030518;#N/A N/A
21/02/2014;DE0001030518;#N/A N/A
24/02/2014;DE0001030518;#N/A N/A
25/02/2014;DE0001030518;#N/A N/A
26/02/2014;DE0001030518;#N/A N/A
27/02/2014;DE0001030518;#N/A N/A
28/02/2014;DE0001030518;#N/A N/A
03/03/2014;DE0001030518;#N/A N/A
04/03/2014;DE0001030518;#N/A N/A
05/03/2014;DE0001030518;#N/A N/A
06/03/2014;DE0001030518;#N/A N/A
07/03/2014;DE0001030518;#N/A N/A
10/03/2014;DE0001030518;#N/A N/A
11/03/2014;DE0001030518;#N/A N/A
12/03/2014;DE0001030518;#N/A N/A
13/03/2014;DE0001030518;#N/A N/A
14/03/2014;DE0001030518;#N/A N/A
17/03/2014;DE0001030518;#N/A N/A
18/03/2014;DE0001030518;#N/A N/A
19/03/2014;DE0001030518;#N/A N/A
20/03/2014;DE0001030518;#N/A N/A
21/03/2014;DE0001030518;#N/A N/A
24/03/2014;DE0001030518;#N/A N/A
25/03/2014;DE0001030518;#N/A N/A
26/03/2014;DE0001030518;#N/A N/A
27/03/2014;DE0001030518;#N/A N/A
28/03/2014;DE0001030518;#N/A N/A
31/03/2014;DE0001030518;#N/A N/A
01/04/2014;DE0001030518;#N/A N/A
02/04/2014;DE0001030518;#N/A N/A
03/04/2014;DE0001030518;#N/A N/A
04/04/2014;DE0001030518;#N/A N/A
07/04/2014;DE0001030518;#N/A N/A
08/04/2014;DE0001030518;#N/A N/A
09/04/2014;DE0001030518;#N/A N/A
10/04/2014;DE0001030518;#N/A N/A
11/04/2014;DE0001030518;#N/A N/A
14/04/2014;DE0001030518;#N/A N/A
15/04/2014;DE0001030518;#N/A N/A
16/04/2014;DE0001030518;#N/A N/A
17/04/2014;DE0001030518;#N/A N/A
18/04/2014;DE0001030518;#N/A N/A
21/04/2014;DE0001030518;#N/A N/A
22/04/2014;DE0001030518;#N/A N/A
23/04/2014;DE0001030518;#N/A N/A
24/04/2014;DE0001030518;#N/A N/A
25/04/2014;DE0001030518;#N/A N/A
28/04/2014;DE0001030518;#N/A N/A
29/04/2014;DE0001030518;#N/A N/A
30/04/2014;DE0001030518;#N/A N/A
01/05/2014;DE0001030518;#N/A N/A
02/05/2014;DE0001030518;#N/A N/A
05/05/2014;DE0001030518;#N/A N/A
06/05/2014;DE0001030518;#N/A N/A
07/05/2014;DE0001030518;#N/A N/A
08/05/2014;DE0001030518;#N/A N/A
09/05/2014;DE0001030518;#N/A N/A
12/05/2014;DE0001030518;#N/A N/A
13/05/2014;DE0001030518;#N/A N/A
14/05/2014;DE0001030518;#N/A N/A
15/05/2014;DE0001030518;#N/A N/A
16/05/2014;DE0001030518;#N/A N/A
19/05/2014;DE0001030518;#N/A N/A
20/05/2014;DE0001030518;#N/A N/A
21/05/2014;DE0001030518;#N/A N/A
22/05/2014;DE0001030518;#N/A N/A
23/05/2014;DE0001030518;#N/A N/A
26/05/2014;DE0001030518;#N/A N/A
27/05/2014;DE0001030518;#N/A N/A
28/05/2014;DE0001030518;#N/A N/A
29/05/2014;DE0001030518;#N/A N/A
30/05/2014;DE0001030518;#N/A N/A
02/06/2014;DE0001030518;#N/A N/A
03/06/2014;DE0001030518;#N/A N/A
04/06/2014;DE0001030518;#N/A N/A
05/06/2014;DE0001030518;#N/A N/A
06/06/2014;DE0001030518;#N/A N/A
09/06/2014;DE0001030518;#N/A N/A
10/06/2014;DE0001030518;#N/A N/A
11/06/2014;DE0001030518;#N/A N/A
12/06/2014;DE0001030518;#N/A N/A
13/06/2014;DE0001030518;#N/A N/A
16/06/2014;DE0001030518;#N/A N/A
17/06/2014;DE0001030518;#N/A N/A
18/06/2014;DE0001030518;#N/A N/A
19/06/2014;DE0001030518;#N/A N/A
20/06/2014;DE0001030518;#N/A N/A
23/06/2014;DE0001030518;#N/A N/A
24/06/2014;DE0001030518;#N/A N/A
25/06/2014;DE0001030518;#N/A N/A
26/06/2014;DE0001030518;#N/A N/A
27/06/2014;DE0001030518;#N/A N/A
30/06/2014;DE0001030518;#N/A N/A
01/07/2014;DE0001030518;#N/A N/A
02/07/2014;DE0001030518;#N/A N/A
03/07/2014;DE0001030518;#N/A N/A
04/07/2014;DE0001030518;#N/A N/A
07/07/2014;DE0001030518;#N/A N/A
08/07/2014;DE0001030518;#N/A N/A
09/07/2014;DE0001030518;#N/A N/A
10/07/2014;DE0001030518;#N/A N/A
11/07/2014;DE0001030518;#N/A N/A
14/07/2014;DE0001030518;#N/A N/A
15/07/2014;DE0001030518;#N/A N/A
16/07/2014;DE0001030518;#N/A N/A
17/07/2014;DE0001030518;#N/A N/A
18/07/2014;DE0001030518;#N/A N/A
21/07/2014;DE0001030518;#N/A N/A
22/07/2014;DE0001030518;#N/A N/A
23/07/2014;DE0001030518;#N/A N/A
24/07/2014;DE0001030518;#N/A N/A
25/07/2014;DE0001030518;#N/A N/A
28/07/2014;DE0001030518;#N/A N/A
29/07/2014;DE0001030518;#N/A N/A
30/07/2014;DE0001030518;#N/A N/A
31/07/2014;DE0001030518;#N/A N/A
01/08/2014;DE0001030518;#N/A N/A
04/08/2014;DE0001030518;#N/A N/A
05/08/2014;DE0001030518;#N/A N/A
06/08/2014;DE0001030518;#N/A N/A
07/08/2014;DE0001030518;#N/A N/A
08/08/2014;DE0001030518;#N/A N/A
11/08/2014;DE0001030518;#N/A N/A
12/08/2014;DE0001030518;#N/A N/A
13/08/2014;DE0001030518;#N/A N/A
14/08/2014;DE0001030518;#N/A N/A
15/08/2014;DE0001030518;#N/A N/A
18/08/2014;DE0001030518;#N/A N/A
19/08/2014;DE0001030518;#N/A N/A
20/08/2014;DE0001030518;#N/A N/A
21/08/2014;DE0001030518;#N/A N/A
22/08/2014;DE0001030518;#N/A N/A
25/08/2014;DE0001030518;#N/A N/A
26/08/2014;DE0001030518;#N/A N/A
27/08/2014;DE0001030518;#N/A N/A
28/08/2014;DE0001030518;#N/A N/A
29/08/2014;DE0001030518;#N/A N/A
01/09/2014;DE0001030518;#N/A N/A
02/09/2014;DE0001030518;#N/A N/A
03/09/2014;DE0001030518;#N/A N/A
04/09/2014;DE0001030518;#N/A N/A
05/09/2014;DE0001030518;#N/A N/A
08/09/2014;DE0001030518;#N/A N/A
09/09/2014;DE0001030518;#N/A N/A
10/09/2014;DE0001030518;#N/A N/A
11/09/2014;DE0001030518;#N/A N/A
12/09/2014;DE0001030518;#N/A N/A
15/09/2014;DE0001030518;#N/A N/A
16/09/2014;DE0001030518;#N/A N/A
17/09/2014;DE0001030518;#N/A N/A
18/09/2014;DE0001030518;#N/A N/A
19/09/2014;DE0001030518;#N/A N/A
22/09/2014;DE0001030518;#N/A N/A
23/09/2014;DE0001030518;#N/A N/A
24/09/2014;DE0001030518;#N/A N/A
25/09/2014;DE0001030518;#N/A N/A
26/09/2014;DE0001030518;#N/A N/A
29/09/2014;DE0001030518;#N/A N/A
30/09/2014;DE0001030518;#N/A N/A
01/10/2014;DE0001030518;#N/A N/A
02/10/2014;DE0001030518;#N/A N/A
03/10/2014;DE0001030518;#N/A N/A
06/10/2014;DE0001030518;#N/A N/A
07/10/2014;DE0001030518;#N/A N/A
08/10/2014;DE0001030518;#N/A N/A
09/10/2014;DE0001030518;#N/A N/A
10/10/2014;DE0001030518;#N/A N/A
13/10/2014;DE0001030518;#N/A N/A
14/10/2014;DE0001030518;#N/A N/A
15/10/2014;DE0001030518;#N/A N/A
16/10/2014;DE0001030518;#N/A N/A
17/10/2014;DE0001030518;#N/A N/A
20/10/2014;DE0001030518;#N/A N/A
21/10/2014;DE0001030518;#N/A N/A
22/10/2014;DE0001030518;#N/A N/A
23/10/2014;DE0001030518;#N/A N/A
24/10/2014;DE0001030518;#N/A N/A
27/10/2014;DE0001030518;#N/A N/A
28/10/2014;DE0001030518;#N/A N/A
29/10/2014;DE0001030518;#N/A N/A
30/10/2014;DE0001030518;#N/A N/A
31/10/2014;DE0001030518;#N/A N/A
03/11/2014;DE0001030518;#N/A N/A
04/11/2014;DE0001030518;#N/A N/A
05/11/2014;DE0001030518;#N/A N/A
06/11/2014;DE0001030518;#N/A N/A
07/11/2014;DE0001030518;#N/A N/A
10/11/2014;DE0001030518;#N/A N/A
11/11/2014;DE0001030518;#N/A N/A
12/11/2014;DE0001030518;#N/A N/A
13/11/2014;DE0001030518;#N/A N/A
14/11/2014;DE0001030518;#N/A N/A
17/11/2014;DE0001030518;#N/A N/A
18/11/2014;DE0001030518;#N/A N/A
19/11/2014;DE0001030518;#N/A N/A
20/11/2014;DE0001030518;#N/A N/A
21/11/2014;DE0001030518;#N/A N/A
24/11/2014;DE0001030518;#N/A N/A
25/11/2014;DE0001030518;#N/A N/A
26/11/2014;DE0001030518;#N/A N/A
27/11/2014;DE0001030518;#N/A N/A
28/11/2014;DE0001030518;#N/A N/A
01/12/2014;DE0001030518;#N/A N/A
02/12/2014;DE0001030518;#N/A N/A
03/12/2014;DE0001030518;#N/A N/A
04/12/2014;DE0001030518;#N/A N/A
05/12/2014;DE0001030518;#N/A N/A
08/12/2014;DE0001030518;#N/A N/A
09/12/2014;DE0001030518;#N/A N/A
10/12/2014;DE0001030518;#N/A N/A
11/12/2014;DE0001030518;#N/A N/A
12/12/2014;DE0001030518;#N/A N/A
15/12/2014;DE0001030518;#N/A N/A
16/12/2014;DE0001030518;#N/A N/A
17/12/2014;DE0001030518;#N/A N/A
18/12/2014;DE0001030518;#N/A N/A
19/12/2014;DE0001030518;#N/A N/A
22/12/2014;DE0001030518;#N/A N/A
23/12/2014;DE0001030518;#N/A N/A
24/12/2014;DE0001030518;#N/A N/A
25/12/2014;DE0001030518;#N/A N/A
26/12/2014;DE0001030518;#N/A N/A
29/12/2014;DE0001030518;#N/A N/A
30/12/2014;DE0001030518;#N/A N/A
31/12/2014;DE0001030518;#N/A N/A
01/01/2015;DE0001030518;#N/A N/A
02/01/2015;DE0001030518;#N/A N/A
05/01/2015;DE0001030518;#N/A N/A
06/01/2015;DE0001030518;#N/A N/A
07/01/2015;DE0001030518;#N/A N/A
08/01/2015;DE0001030518;#N/A N/A
09/01/2015;DE0001030518;#N/A N/A
12/01/2015;DE0001030518;#N/A N/A
13/01/2015;DE0001030518;#N/A N/A
14/01/2015;DE0001030518;#N/A N/A
15/01/2015;DE0001030518;#N/A N/A
16/01/2015;DE0001030518;#N/A N/A
19/01/2015;DE0001030518;#N/A N/A
20/01/2015;DE0001030518;#N/A N/A
21/01/2015;DE0001030518;#N/A N/A
22/01/2015;DE0001030518;#N/A N/A
23/01/2015;DE0001030518;#N/A N/A
26/01/2015;DE0001030518;#N/A N/A
27/01/2015;DE0001030518;#N/A N/A
28/01/2015;DE0001030518;#N/A N/A
29/01/2015;DE0001030518;#N/A N/A
30/01/2015;DE0001030518;#N/A N/A
02/02/2015;DE0001030518;#N/A N/A
03/02/2015;DE0001030518;#N/A N/A
04/02/2015;DE0001030518;#N/A N/A
05/02/2015;DE0001030518;#N/A N/A
06/02/2015;DE0001030518;#N/A N/A
09/02/2015;DE0001030518;#N/A N/A
10/02/2015;DE0001030518;#N/A N/A
11/02/2015;DE0001030518;#N/A N/A
12/02/2015;DE0001030518;#N/A N/A
13/02/2015;DE0001030518;#N/A N/A
16/02/2015;DE0001030518;#N/A N/A
17/02/2015;DE0001030518;#N/A N/A
18/02/2015;DE0001030518;#N/A N/A
19/02/2015;DE0001030518;#N/A N/A
20/02/2015;DE0001030518;#N/A N/A
23/02/2015;DE0001030518;#N/A N/A
24/02/2015;DE0001030518;#N/A N/A
25/02/2015;DE0001030518;#N/A N/A
26/02/2015;DE0001030518;#N/A N/A
27/02/2015;DE0001030518;#N/A N/A
02/03/2015;DE0001030518;#N/A N/A
03/03/2015;DE0001030518;#N/A N/A
04/03/2015;DE0001030518;#N/A N/A
05/03/2015;DE0001030518;#N/A N/A
06/03/2015;DE0001030518;#N/A N/A
09/03/2015;DE0001030518;#N/A N/A
10/03/2015;DE0001030518;#N/A N/A
11/03/2015;DE0001030518;#N/A N/A
12/03/2015;DE0001030518;#N/A N/A
13/03/2015;DE0001030518;#N/A N/A
16/03/2015;DE0001030518;#N/A N/A
17/03/2015;DE0001030518;#N/A N/A
18/03/2015;DE0001030518;#N/A N/A
19/03/2015;DE0001030518;#N/A N/A
20/03/2015;DE0001030518;#N/A N/A
23/03/2015;DE0001030518;#N/A N/A
24/03/2015;DE0001030518;#N/A N/A
25/03/2015;DE0001030518;#N/A N/A
26/03/2015;DE0001030518;#N/A N/A
27/03/2015;DE0001030518;#N/A N/A
30/03/2015;DE0001030518;#N/A N/A
31/03/2015;DE0001030518;#N/A N/A
01/04/2015;DE0001030518;#N/A N/A
02/04/2015;DE0001030518;#N/A N/A
03/04/2015;DE0001030518;#N/A N/A
06/04/2015;DE0001030518;#N/A N/A
07/04/2015;DE0001030518;#N/A N/A
08/04/2015;DE0001030518;#N/A N/A
09/04/2015;DE0001030518;#N/A N/A
10/04/2015;DE0001030518;#N/A N/A
13/04/2015;DE0001030518;#N/A N/A
14/04/2015;DE0001030518;#N/A N/A
15/04/2015;DE0001030518;#N/A N/A
16/04/2015;DE0001030518;#N/A N/A
17/04/2015;DE0001030518;#N/A N/A
20/04/2015;DE0001030518;#N/A N/A
21/04/2015;DE0001030518;#N/A N/A
22/04/2015;DE0001030518;#N/A N/A
23/04/2015;DE0001030518;#N/A N/A
24/04/2015;DE0001030518;#N/A N/A
27/04/2015;DE0001030518;#N/A N/A
28/04/2015;DE0001030518;#N/A N/A
29/04/2015;DE0001030518;#N/A N/A
30/04/2015;DE0001030518;#N/A N/A
01/05/2015;DE0001030518;#N/A N/A
04/05/2015;DE0001030518;#N/A N/A
05/05/2015;DE0001030518;#N/A N/A
06/05/2015;DE0001030518;#N/A N/A
07/05/2015;DE0001030518;#N/A N/A
08/05/2015;DE0001030518;#N/A N/A
11/05/2015;DE0001030518;#N/A N/A
12/05/2015;DE0001030518;#N/A N/A
13/05/2015;DE0001030518;#N/A N/A
14/05/2015;DE0001030518;#N/A N/A
15/05/2015;DE0001030518;#N/A N/A
18/05/2015;DE0001030518;#N/A N/A
19/05/2015;DE0001030518;#N/A N/A
20/05/2015;DE0001030518;#N/A N/A
21/05/2015;DE0001030518;#N/A N/A
22/05/2015;DE0001030518;#N/A N/A
25/05/2015;DE0001030518;#N/A N/A
26/05/2015;DE0001030518;#N/A N/A
27/05/2015;DE0001030518;#N/A N/A
28/05/2015;DE0001030518;#N/A N/A
29/05/2015;DE0001030518;#N/A N/A
01/06/2015;DE0001030518;#N/A N/A
02/06/2015;DE0001030518;#N/A N/A
03/06/2015;DE0001030518;#N/A N/A
04/06/2015;DE0001030518;#N/A N/A
05/06/2015;DE0001030518;#N/A N/A
08/06/2015;DE0001030518;#N/A N/A
09/06/2015;DE0001030518;#N/A N/A
10/06/2015;DE0001030518;#N/A N/A
11/06/2015;DE0001030518;#N/A N/A
12/06/2015;DE0001030518;#N/A N/A
15/06/2015;DE0001030518;#N/A N/A
16/06/2015;DE0001030518;#N/A N/A
17/06/2015;DE0001030518;#N/A N/A
18/06/2015;DE0001030518;#N/A N/A
19/06/2015;DE0001030518;#N/A N/A
22/06/2015;DE0001030518;#N/A N/A
23/06/2015;DE0001030518;#N/A N/A
24/06/2015;DE0001030518;#N/A N/A
25/06/2015;DE0001030518;#N/A N/A
26/06/2015;DE0001030518;#N/A N/A
29/06/2015;DE0001030518;#N/A N/A
30/06/2015;DE0001030518;#N/A N/A
01/07/2015;DE0001030518;#N/A N/A
02/07/2015;DE0001030518;#N/A N/A
03/07/2015;DE0001030518;#N/A N/A
06/07/2015;DE0001030518;#N/A N/A
07/07/2015;DE0001030518;#N/A N/A
08/07/2015;DE0001030518;#N/A N/A
09/07/2015;DE0001030518;#N/A N/A
10/07/2015;DE0001030518;#N/A N/A
13/07/2015;DE0001030518;#N/A N/A
14/07/2015;DE0001030518;#N/A N/A
15/07/2015;DE0001030518;#N/A N/A
16/07/2015;DE0001030518;#N/A N/A
17/07/2015;DE0001030518;#N/A N/A
20/07/2015;DE0001030518;#N/A N/A
21/07/2015;DE0001030518;#N/A N/A
22/07/2015;DE0001030518;#N/A N/A
23/07/2015;DE0001030518;#N/A N/A
24/07/2015;DE0001030518;#N/A N/A
27/07/2015;DE0001030518;#N/A N/A
28/07/2015;DE0001030518;#N/A N/A
29/07/2015;DE0001030518;#N/A N/A
30/07/2015;DE0001030518;#N/A N/A
31/07/2015;DE0001030518;#N/A N/A
03/08/2015;DE0001030518;#N/A N/A
04/08/2015;DE0001030518;#N/A N/A
05/08/2015;DE0001030518;#N/A N/A
06/08/2015;DE0001030518;#N/A N/A
07/08/2015;DE0001030518;#N/A N/A
10/08/2015;DE0001030518;#N/A N/A
11/08/2015;DE0001030518;#N/A N/A
12/08/2015;DE0001030518;#N/A N/A
13/08/2015;DE0001030518;#N/A N/A
14/08/2015;DE0001030518;#N/A N/A
17/08/2015;DE0001030518;#N/A N/A
18/08/2015;DE0001030518;#N/A N/A
19/08/2015;DE0001030518;#N/A N/A
20/08/2015;DE0001030518;#N/A N/A
21/08/2015;DE0001030518;#N/A N/A
24/08/2015;DE0001030518;#N/A N/A
25/08/2015;DE0001030518;#N/A N/A
26/08/2015;DE0001030518;#N/A N/A
27/08/2015;DE0001030518;#N/A N/A
28/08/2015;DE0001030518;#N/A N/A
31/08/2015;DE0001030518;#N/A N/A
01/09/2015;DE0001030518;#N/A N/A
02/09/2015;DE0001030518;#N/A N/A
03/09/2015;DE0001030518;#N/A N/A
04/09/2015;DE0001030518;#N/A N/A
07/09/2015;DE0001030518;#N/A N/A
08/09/2015;DE0001030518;#N/A N/A
09/09/2015;DE0001030518;#N/A N/A
10/09/2015;DE0001030518;#N/A N/A
11/09/2015;DE0001030518;#N/A N/A
14/09/2015;DE0001030518;#N/A N/A
15/09/2015;DE0001030518;#N/A N/A
16/09/2015;DE0001030518;#N/A N/A
17/09/2015;DE0001030518;#N/A N/A
18/09/2015;DE0001030518;#N/A N/A
21/09/2015;DE0001030518;#N/A N/A
22/09/2015;DE0001030518;#N/A N/A
23/09/2015;DE0001030518;#N/A N/A
24/09/2015;DE0001030518;#N/A N/A
25/09/2015;DE0001030518;#N/A N/A
28/09/2015;DE0001030518;#N/A N/A
29/09/2015;DE0001030518;#N/A N/A
30/09/2015;DE0001030518;#N/A N/A
01/10/2015;DE0001030518;#N/A N/A
02/10/2015;DE0001030518;#N/A N/A
05/10/2015;DE0001030518;#N/A N/A
06/10/2015;DE0001030518;#N/A N/A
07/10/2015;DE0001030518;#N/A N/A
08/10/2015;DE0001030518;#N/A N/A
09/10/2015;DE0001030518;#N/A N/A
12/10/2015;DE0001030518;#N/A N/A
13/10/2015;DE0001030518;#N/A N/A
14/10/2015;DE0001030518;#N/A N/A
15/10/2015;DE0001030518;#N/A N/A
16/10/2015;DE0001030518;#N/A N/A
19/10/2015;DE0001030518;#N/A N/A
20/10/2015;DE0001030518;#N/A N/A
21/10/2015;DE0001030518;#N/A N/A
22/10/2015;DE0001030518;#N/A N/A
23/10/2015;DE0001030518;#N/A N/A
26/10/2015;DE0001030518;#N/A N/A
27/10/2015;DE0001030518;#N/A N/A
28/10/2015;DE0001030518;#N/A N/A
29/10/2015;DE0001030518;#N/A N/A
30/10/2015;DE0001030518;#N/A N/A
02/11/2015;DE0001030518;#N/A N/A
03/11/2015;DE0001030518;#N/A N/A
04/11/2015;DE0001030518;#N/A N/A
05/11/2015;DE0001030518;#N/A N/A
06/11/2015;DE0001030518;#N/A N/A
09/11/2015;DE0001030518;#N/A N/A
10/11/2015;DE0001030518;#N/A N/A
11/11/2015;DE0001030518;#N/A N/A
12/11/2015;DE0001030518;#N/A N/A
13/11/2015;DE0001030518;#N/A N/A
16/11/2015;DE0001030518;#N/A N/A
17/11/2015;DE0001030518;#N/A N/A
18/11/2015;DE0001030518;#N/A N/A
19/11/2015;DE0001030518;#N/A N/A
20/11/2015;DE0001030518;#N/A N/A
23/11/2015;DE0001030518;#N/A N/A
24/11/2015;DE0001030518;#N/A N/A
25/11/2015;DE0001030518;#N/A N/A
26/11/2015;DE0001030518;#N/A N/A
27/11/2015;DE0001030518;#N/A N/A
30/11/2015;DE0001030518;#N/A N/A
01/12/2015;DE0001030518;#N/A N/A
02/12/2015;DE0001030518;#N/A N/A
03/12/2015;DE0001030518;#N/A N/A
04/12/2015;DE0001030518;#N/A N/A
07/12/2015;DE0001030518;#N/A N/A
08/12/2015;DE0001030518;#N/A N/A
09/12/2015;DE0001030518;#N/A N/A
10/12/2015;DE0001030518;#N/A N/A
11/12/2015;DE0001030518;#N/A N/A
14/12/2015;DE0001030518;#N/A N/A
15/12/2015;DE0001030518;#N/A N/A
16/12/2015;DE0001030518;#N/A N/A
17/12/2015;DE0001030518;#N/A N/A
18/12/2015;DE0001030518;#N/A N/A
21/12/2015;DE0001030518;#N/A N/A
22/12/2015;DE0001030518;#N/A N/A
23/12/2015;DE0001030518;#N/A N/A
24/12/2015;DE0001030518;#N/A N/A
25/12/2015;DE0001030518;#N/A N/A
28/12/2015;DE0001030518;#N/A N/A
29/12/2015;DE0001030518;#N/A N/A
30/12/2015;DE0001030518;#N/A N/A
31/12/2015;DE0001030518;#N/A N/A
01/01/2016;DE0001030518;#N/A N/A
04/01/2016;DE0001030518;#N/A N/A
05/01/2016;DE0001030518;#N/A N/A
06/01/2016;DE0001030518;#N/A N/A
07/01/2016;DE0001030518;#N/A N/A
08/01/2016;DE0001030518;#N/A N/A
11/01/2016;DE0001030518;#N/A N/A
12/01/2016;DE0001030518;#N/A N/A
13/01/2016;DE0001030518;#N/A N/A
14/01/2016;DE0001030518;#N/A N/A
15/01/2016;DE0001030518;#N/A N/A
18/01/2016;DE0001030518;#N/A N/A
19/01/2016;DE0001030518;#N/A N/A
20/01/2016;DE0001030518;#N/A N/A
21/01/2016;DE0001030518;#N/A N/A
22/01/2016;DE0001030518;#N/A N/A
25/01/2016;DE0001030518;#N/A N/A
26/01/2016;DE0001030518;#N/A N/A
27/01/2016;DE0001030518;#N/A N/A
28/01/2016;DE0001030518;#N/A N/A
29/01/2016;DE0001030518;#N/A N/A
01/02/2016;DE0001030518;#N/A N/A
02/02/2016;DE0001030518;#N/A N/A
03/02/2016;DE0001030518;#N/A N/A
04/02/2016;DE0001030518;#N/A N/A
05/02/2016;DE0001030518;#N/A N/A
08/02/2016;DE0001030518;#N/A N/A
09/02/2016;DE0001030518;#N/A N/A
10/02/2016;DE0001030518;#N/A N/A
11/02/2016;DE0001030518;#N/A N/A
12/02/2016;DE0001030518;#N/A N/A
15/02/2016;DE0001030518;#N/A N/A
16/02/2016;DE0001030518;#N/A N/A
17/02/2016;DE0001030518;#N/A N/A
18/02/2016;DE0001030518;#N/A N/A
19/02/2016;DE0001030518;#N/A N/A
22/02/2016;DE0001030518;#N/A N/A
23/02/2016;DE0001030518;#N/A N/A
24/02/2016;DE0001030518;#N/A N/A
25/02/2016;DE0001030518;#N/A N/A
26/02/2016;DE0001030518;#N/A N/A
29/02/2016;DE0001030518;#N/A N/A
01/03/2016;DE0001030518;#N/A N/A
02/03/2016;DE0001030518;#N/A N/A
03/03/2016;DE0001030518;#N/A N/A
04/03/2016;DE0001030518;#N/A N/A
07/03/2016;DE0001030518;#N/A N/A
08/03/2016;DE0001030518;#N/A N/A
09/03/2016;DE0001030518;#N/A N/A
10/03/2016;DE0001030518;#N/A N/A
11/03/2016;DE0001030518;#N/A N/A
14/03/2016;DE0001030518;#N/A N/A
15/03/2016;DE0001030518;#N/A N/A
16/03/2016;DE0001030518;#N/A N/A
17/03/2016;DE0001030518;#N/A N/A
18/03/2016;DE0001030518;#N/A N/A
21/03/2016;DE0001030518;#N/A N/A
22/03/2016;DE0001030518;#N/A N/A
23/03/2016;DE0001030518;#N/A N/A
24/03/2016;DE0001030518;#N/A N/A
25/03/2016;DE0001030518;#N/A N/A
28/03/2016;DE0001030518;#N/A N/A
29/03/2016;DE0001030518;#N/A N/A
30/03/2016;DE0001030518;#N/A N/A
31/03/2016;DE0001030518;#N/A N/A
01/04/2016;DE0001030518;#N/A N/A
04/04/2016;DE0001030518;#N/A N/A
05/04/2016;DE0001030518;#N/A N/A
06/04/2016;DE0001030518;#N/A N/A
07/04/2016;DE0001030518;#N/A N/A
08/04/2016;DE0001030518;#N/A N/A
11/04/2016;DE0001030518;#N/A N/A
12/04/2016;DE0001030518;#N/A N/A
13/04/2016;DE0001030518;#N/A N/A
14/04/2016;DE0001030518;#N/A N/A
15/04/2016;DE0001030518;#N/A N/A
18/04/2016;DE0001030518;#N/A N/A
19/04/2016;DE0001030518;#N/A N/A
20/04/2016;DE0001030518;#N/A N/A
21/04/2016;DE0001030518;#N/A N/A
22/04/2016;DE0001030518;#N/A N/A
25/04/2016;DE0001030518;#N/A N/A
26/04/2016;DE0001030518;#N/A N/A
27/04/2016;DE0001030518;#N/A N/A
28/04/2016;DE0001030518;#N/A N/A
29/04/2016;DE0001030518;#N/A N/A
02/05/2016;DE0001030518;#N/A N/A
03/05/2016;DE0001030518;#N/A N/A
04/05/2016;DE0001030518;#N/A N/A
05/05/2016;DE0001030518;#N/A N/A
06/05/2016;DE0001030518;#N/A N/A
09/05/2016;DE0001030518;#N/A N/A
10/05/2016;DE0001030518;#N/A N/A
11/05/2016;DE0001030518;#N/A N/A
12/05/2016;DE0001030518;#N/A N/A
13/05/2016;DE0001030518;#N/A N/A
16/05/2016;DE0001030518;#N/A N/A
17/05/2016;DE0001030518;#N/A N/A
18/05/2016;DE0001030518;#N/A N/A
19/05/2016;DE0001030518;#N/A N/A
20/05/2016;DE0001030518;#N/A N/A
23/05/2016;DE0001030518;#N/A N/A
24/05/2016;DE0001030518;#N/A N/A
25/05/2016;DE0001030518;#N/A N/A
26/05/2016;DE0001030518;#N/A N/A
27/05/2016;DE0001030518;#N/A N/A
30/05/2016;DE0001030518;#N/A N/A
31/05/2016;DE0001030518;#N/A N/A
01/06/2016;DE0001030518;#N/A N/A
02/06/2016;DE0001030518;#N/A N/A
03/06/2016;DE0001030518;#N/A N/A
06/06/2016;DE0001030518;#N/A N/A
07/06/2016;DE0001030518;#N/A N/A
08/06/2016;DE0001030518;#N/A N/A
09/06/2016;DE0001030518;#N/A N/A
10/06/2016;DE0001030518;#N/A N/A
13/06/2016;DE0001030518;#N/A N/A
14/06/2016;DE0001030518;#N/A N/A
15/06/2016;DE0001030518;#N/A N/A
16/06/2016;DE0001030518;#N/A N/A
17/06/2016;DE0001030518;#N/A N/A
20/06/2016;DE0001030518;#N/A N/A
21/06/2016;DE0001030518;#N/A N/A
22/06/2016;DE0001030518;#N/A N/A
23/06/2016;DE0001030518;#N/A N/A
24/06/2016;DE0001030518;#N/A N/A
27/06/2016;DE0001030518;#N/A N/A
28/06/2016;DE0001030518;#N/A N/A
29/06/2016;DE0001030518;#N/A N/A
30/06/2016;DE0001030518;#N/A N/A
01/07/2016;DE0001030518;#N/A N/A
04/07/2016;DE0001030518;#N/A N/A
05/07/2016;DE0001030518;#N/A N/A
06/07/2016;DE0001030518;#N/A N/A
07/07/2016;DE0001030518;#N/A N/A
08/07/2016;DE0001030518;#N/A N/A
11/07/2016;DE0001030518;#N/A N/A
12/07/2016;DE0001030518;#N/A N/A
13/07/2016;DE0001030518;#N/A N/A
14/07/2016;DE0001030518;#N/A N/A
15/07/2016;DE0001030518;#N/A N/A
18/07/2016;DE0001030518;#N/A N/A
19/07/2016;DE0001030518;#N/A N/A
20/07/2016;DE0001030518;#N/A N/A
21/07/2016;DE0001030518;#N/A N/A
22/07/2016;DE0001030518;#N/A N/A
25/07/2016;DE0001030518;#N/A N/A
26/07/2016;DE0001030518;#N/A N/A
27/07/2016;DE0001030518;#N/A N/A
28/07/2016;DE0001030518;#N/A N/A
29/07/2016;DE0001030518;#N/A N/A
01/08/2016;DE0001030518;#N/A N/A
02/08/2016;DE0001030518;#N/A N/A
03/08/2016;DE0001030518;#N/A N/A
04/08/2016;DE0001030518;#N/A N/A
05/08/2016;DE0001030518;#N/A N/A
08/08/2016;DE0001030518;#N/A N/A
09/08/2016;DE0001030518;#N/A N/A
10/08/2016;DE0001030518;#N/A N/A
11/08/2016;DE0001030518;#N/A N/A
12/08/2016;DE0001030518;#N/A N/A
15/08/2016;DE0001030518;#N/A N/A
16/08/2016;DE0001030518;#N/A N/A
17/08/2016;DE0001030518;#N/A N/A
18/08/2016;DE0001030518;#N/A N/A
19/08/2016;DE0001030518;#N/A N/A
22/08/2016;DE0001030518;#N/A N/A
23/08/2016;DE0001030518;#N/A N/A
24/08/2016;DE0001030518;#N/A N/A
25/08/2016;DE0001030518;#N/A N/A
26/08/2016;DE0001030518;#N/A N/A
29/08/2016;DE0001030518;#N/A N/A
30/08/2016;DE0001030518;#N/A N/A
31/08/2016;DE0001030518;#N/A N/A
01/09/2016;DE0001030518;#N/A N/A
02/09/2016;DE0001030518;#N/A N/A
05/09/2016;DE0001030518;#N/A N/A
06/09/2016;DE0001030518;#N/A N/A
07/09/2016;DE0001030518;#N/A N/A
08/09/2016;DE0001030518;#N/A N/A
09/09/2016;DE0001030518;#N/A N/A
12/09/2016;DE0001030518;#N/A N/A
13/09/2016;DE0001030518;#N/A N/A
14/09/2016;DE0001030518;#N/A N/A
15/09/2016;DE0001030518;#N/A N/A
16/09/2016;DE0001030518;#N/A N/A
19/09/2016;DE0001030518;#N/A N/A
20/09/2016;DE0001030518;#N/A N/A
21/09/2016;DE0001030518;#N/A N/A
22/09/2016;DE0001030518;#N/A N/A
23/09/2016;DE0001030518;#N/A N/A
26/09/2016;DE0001030518;#N/A N/A
27/09/2016;DE0001030518;#N/A N/A
28/09/2016;DE0001030518;#N/A N/A
29/09/2016;DE0001030518;#N/A N/A
30/09/2016;DE0001030518;#N/A N/A
03/10/2016;DE0001030518;#N/A N/A
04/10/2016;DE0001030518;#N/A N/A
05/10/2016;DE0001030518;#N/A N/A
06/10/2016;DE0001030518;#N/A N/A
07/10/2016;DE0001030518;#N/A N/A
10/10/2016;DE0001030518;#N/A N/A
11/10/2016;DE0001030518;#N/A N/A
12/10/2016;DE0001030518;#N/A N/A
13/10/2016;DE0001030518;#N/A N/A
14/10/2016;DE0001030518;#N/A N/A
17/10/2016;DE0001030518;#N/A N/A
18/10/2016;DE0001030518;#N/A N/A
19/10/2016;DE0001030518;#N/A N/A
20/10/2016;DE0001030518;#N/A N/A
21/10/2016;DE0001030518;#N/A N/A
24/10/2016;DE0001030518;#N/A N/A
25/10/2016;DE0001030518;#N/A N/A
26/10/2016;DE0001030518;#N/A N/A
27/10/2016;DE0001030518;#N/A N/A
28/10/2016;DE0001030518;#N/A N/A
31/10/2016;DE0001030518;#N/A N/A
01/11/2016;DE0001030518;#N/A N/A
02/11/2016;DE0001030518;#N/A N/A
03/11/2016;DE0001030518;#N/A N/A
04/11/2016;DE0001030518;#N/A N/A
07/11/2016;DE0001030518;#N/A N/A
08/11/2016;DE0001030518;#N/A N/A
09/11/2016;DE0001030518;#N/A N/A
10/11/2016;DE0001030518;#N/A N/A
11/11/2016;DE0001030518;#N/A N/A
14/11/2016;DE0001030518;#N/A N/A
15/11/2016;DE0001030518;#N/A N/A
16/11/2016;DE0001030518;#N/A N/A
17/11/2016;DE0001030518;#N/A N/A
18/11/2016;DE0001030518;#N/A N/A
21/11/2016;DE0001030518;#N/A N/A
22/11/2016;DE0001030518;#N/A N/A
23/11/2016;DE0001030518;#N/A N/A
24/11/2016;DE0001030518;#N/A N/A
25/11/2016;DE0001030518;#N/A N/A
28/11/2016;DE0001030518;#N/A N/A
29/11/2016;DE0001030518;#N/A N/A
30/11/2016;DE0001030518;#N/A N/A
01/12/2016;DE0001030518;#N/A N/A
02/12/2016;DE0001030518;#N/A N/A
05/12/2016;DE0001030518;#N/A N/A
06/12/2016;DE0001030518;#N/A N/A
07/12/2016;DE0001030518;#N/A N/A
08/12/2016;DE0001030518;#N/A N/A
09/12/2016;DE0001030518;#N/A N/A
12/12/2016;DE0001030518;#N/A N/A
13/12/2016;DE0001030518;#N/A N/A
14/12/2016;DE0001030518;#N/A N/A
15/12/2016;DE0001030518;#N/A N/A
16/12/2016;DE0001030518;#N/A N/A
19/12/2016;DE0001030518;#N/A N/A
20/12/2016;DE0001030518;#N/A N/A
21/12/2016;DE0001030518;#N/A N/A
22/12/2016;DE0001030518;#N/A N/A
23/12/2016;DE0001030518;#N/A N/A
26/12/2016;DE0001030518;#N/A N/A
27/12/2016;DE0001030518;#N/A N/A
28/12/2016;DE0001030518;#N/A N/A
29/12/2016;DE0001030518;#N/A N/A
30/12/2016;DE0001030518;#N/A N/A
02/01/2017;DE0001030518;#N/A N/A
03/01/2017;DE0001030518;#N/A N/A
04/01/2017;DE0001030518;#N/A N/A
05/01/2017;DE0001030518;#N/A N/A
06/01/2017;DE0001030518;#N/A N/A
09/01/2017;DE0001030518;#N/A N/A
10/01/2017;DE0001030518;#N/A N/A
11/01/2017;DE0001030518;#N/A N/A
12/01/2017;DE0001030518;#N/A N/A
13/01/2017;DE0001030518;#N/A N/A
16/01/2017;DE0001030518;#N/A N/A
17/01/2017;DE0001030518;#N/A N/A
18/01/2017;DE0001030518;#N/A N/A
19/01/2017;DE0001030518;#N/A N/A
20/01/2017;DE0001030518;#N/A N/A
23/01/2017;DE0001030518;#N/A N/A
24/01/2017;DE0001030518;#N/A N/A
25/01/2017;DE0001030518;#N/A N/A
26/01/2017;DE0001030518;#N/A N/A
27/01/2017;DE0001030518;#N/A N/A
30/01/2017;DE0001030518;#N/A N/A
31/01/2017;DE0001030518;#N/A N/A
01/02/2017;DE0001030518;#N/A N/A
02/02/2017;DE0001030518;#N/A N/A
03/02/2017;DE0001030518;#N/A N/A
06/02/2017;DE0001030518;#N/A N/A
07/02/2017;DE0001030518;#N/A N/A
08/02/2017;DE0001030518;#N/A N/A
09/02/2017;DE0001030518;#N/A N/A
10/02/2017;DE0001030518;#N/A N/A
13/02/2017;DE0001030518;#N/A N/A
14/02/2017;DE0001030518;#N/A N/A
15/02/2017;DE0001030518;#N/A N/A
16/02/2017;DE0001030518;#N/A N/A
17/02/2017;DE0001030518;#N/A N/A
20/02/2017;DE0001030518;#N/A N/A
21/02/2017;DE0001030518;#N/A N/A
22/02/2017;DE0001030518;#N/A N/A
23/02/2017;DE0001030518;#N/A N/A
24/02/2017;DE0001030518;#N/A N/A
27/02/2017;DE0001030518;#N/A N/A
28/02/2017;DE0001030518;#N/A N/A
01/03/2017;DE0001030518;#N/A N/A
02/03/2017;DE0001030518;#N/A N/A
03/03/2017;DE0001030518;#N/A N/A
06/03/2017;DE0001030518;#N/A N/A
07/03/2017;DE0001030518;#N/A N/A
08/03/2017;DE0001030518;#N/A N/A
09/03/2017;DE0001030518;#N/A N/A
10/03/2017;DE0001030518;#N/A N/A
13/03/2017;DE0001030518;#N/A N/A
14/03/2017;DE0001030518;#N/A N/A
15/03/2017;DE0001030518;#N/A N/A
16/03/2017;DE0001030518;#N/A N/A
17/03/2017;DE0001030518;#N/A N/A
20/03/2017;DE0001030518;#N/A N/A
21/03/2017;DE0001030518;#N/A N/A
22/03/2017;DE0001030518;#N/A N/A
23/03/2017;DE0001030518;#N/A N/A
24/03/2017;DE0001030518;#N/A N/A
27/03/2017;DE0001030518;#N/A N/A
28/03/2017;DE0001030518;#N/A N/A
29/03/2017;DE0001030518;#N/A N/A
30/03/2017;DE0001030518;#N/A N/A
31/03/2017;DE0001030518;#N/A N/A
03/04/2017;DE0001030518;#N/A N/A
04/04/2017;DE0001030518;#N/A N/A
05/04/2017;DE0001030518;#N/A N/A
06/04/2017;DE0001030518;#N/A N/A
07/04/2017;DE0001030518;#N/A N/A
10/04/2017;DE0001030518;#N/A N/A
11/04/2017;DE0001030518;#N/A N/A
12/04/2017;DE0001030518;#N/A N/A
13/04/2017;DE0001030518;#N/A N/A
14/04/2017;DE0001030518;#N/A N/A
17/04/2017;DE0001030518;#N/A N/A
18/04/2017;DE0001030518;#N/A N/A
19/04/2017;DE0001030518;#N/A N/A
20/04/2017;DE0001030518;#N/A N/A
21/04/2017;DE0001030518;#N/A N/A
24/04/2017;DE0001030518;#N/A N/A
25/04/2017;DE0001030518;#N/A N/A
26/04/2017;DE0001030518;#N/A N/A
27/04/2017;DE0001030518;#N/A N/A
28/04/2017;DE0001030518;#N/A N/A
01/05/2017;DE0001030518;#N/A N/A
02/05/2017;DE0001030518;#N/A N/A
03/05/2017;DE0001030518;#N/A N/A
04/05/2017;DE0001030518;#N/A N/A
05/05/2017;DE0001030518;#N/A N/A
08/05/2017;DE0001030518;#N/A N/A
09/05/2017;DE0001030518;#N/A N/A
10/05/2017;DE0001030518;#N/A N/A
11/05/2017;DE0001030518;#N/A N/A
12/05/2017;DE0001030518;#N/A N/A
15/05/2017;DE0001030518;#N/A N/A
16/05/2017;DE0001030518;#N/A N/A
17/05/2017;DE0001030518;#N/A N/A
18/05/2017;DE0001030518;#N/A N/A
19/05/2017;DE0001030518;#N/A N/A
22/05/2017;DE0001030518;#N/A N/A
23/05/2017;DE0001030518;#N/A N/A
24/05/2017;DE0001030518;#N/A N/A
25/05/2017;DE0001030518;#N/A N/A
26/05/2017;DE0001030518;#N/A N/A
29/05/2017;DE0001030518;#N/A N/A
30/05/2017;DE0001030518;#N/A N/A
31/05/2017;DE0001030518;#N/A N/A
01/06/2017;DE0001030518;#N/A N/A
02/06/2017;DE0001030518;#N/A N/A
05/06/2017;DE0001030518;#N/A N/A
06/06/2017;DE0001030518;#N/A N/A
07/06/2017;DE0001030518;#N/A N/A
08/06/2017;DE0001030518;#N/A N/A
09/06/2017;DE0001030518;#N/A N/A
12/06/2017;DE0001030518;#N/A N/A
13/06/2017;DE0001030518;#N/A N/A
14/06/2017;DE0001030518;#N/A N/A
15/06/2017;DE0001030518;#N/A N/A
16/06/2017;DE0001030518;#N/A N/A
19/06/2017;DE0001030518;#N/A N/A
20/06/2017;DE0001030518;#N/A N/A
21/06/2017;DE0001030518;#N/A N/A
22/06/2017;DE0001030518;#N/A N/A
23/06/2017;DE0001030518;#N/A N/A
26/06/2017;DE0001030518;#N/A N/A
27/06/2017;DE0001030518;#N/A N/A
28/06/2017;DE0001030518;#N/A N/A
29/06/2017;DE0001030518;#N/A N/A
30/06/2017;DE0001030518;#N/A N/A
03/07/2017;DE0001030518;#N/A N/A
04/07/2017;DE0001030518;#N/A N/A
05/07/2017;DE0001030518;#N/A N/A
06/07/2017;DE0001030518;#N/A N/A
07/07/2017;DE0001030518;#N/A N/A
10/07/2017;DE0001030518;#N/A N/A
11/07/2017;DE0001030518;#N/A N/A
12/07/2017;DE0001030518;#N/A N/A
13/07/2017;DE0001030518;#N/A N/A
14/07/2017;DE0001030518;#N/A N/A
17/07/2017;DE0001030518;#N/A N/A
18/07/2017;DE0001030518;#N/A N/A
19/07/2017;DE0001030518;#N/A N/A
20/07/2017;DE0001030518;#N/A N/A
21/07/2017;DE0001030518;#N/A N/A
24/07/2017;DE0001030518;#N/A N/A
25/07/2017;DE0001030518;#N/A N/A
26/07/2017;DE0001030518;#N/A N/A
27/07/2017;DE0001030518;#N/A N/A
28/07/2017;DE0001030518;#N/A N/A
31/07/2017;DE0001030518;#N/A N/A
01/08/2017;DE0001030518;#N/A N/A
02/08/2017;DE0001030518;#N/A N/A
03/08/2017;DE0001030518;#N/A N/A
04/08/2017;DE0001030518;#N/A N/A
07/08/2017;DE0001030518;#N/A N/A
08/08/2017;DE0001030518;#N/A N/A
09/08/2017;DE0001030518;#N/A N/A
10/08/2017;DE0001030518;#N/A N/A
11/08/2017;DE0001030518;#N/A N/A
14/08/2017;DE0001030518;#N/A N/A
15/08/2017;DE0001030518;#N/A N/A
16/08/2017;DE0001030518;#N/A N/A
17/08/2017;DE0001030518;#N/A N/A
18/08/2017;DE0001030518;#N/A N/A
21/08/2017;DE0001030518;#N/A N/A
22/08/2017;DE0001030518;#N/A N/A
23/08/2017;DE0001030518;#N/A N/A
24/08/2017;DE0001030518;#N/A N/A
25/08/2017;DE0001030518;#N/A N/A
28/08/2017;DE0001030518;#N/A N/A
29/08/2017;DE0001030518;#N/A N/A
30/08/2017;DE0001030518;#N/A N/A
31/08/2017;DE0001030518;#N/A N/A
01/09/2017;DE0001030518;#N/A N/A
04/09/2017;DE0001030518;#N/A N/A
05/09/2017;DE0001030518;#N/A N/A
06/09/2017;DE0001030518;#N/A N/A
07/09/2017;DE0001030518;#N/A N/A
08/09/2017;DE0001030518;#N/A N/A
11/09/2017;DE0001030518;#N/A N/A
12/09/2017;DE0001030518;#N/A N/A
13/09/2017;DE0001030518;#N/A N/A
14/09/2017;DE0001030518;#N/A N/A
15/09/2017;DE0001030518;#N/A N/A
18/09/2017;DE0001030518;#N/A N/A
19/09/2017;DE0001030518;#N/A N/A
20/09/2017;DE0001030518;#N/A N/A
21/09/2017;DE0001030518;#N/A N/A
22/09/2017;DE0001030518;#N/A N/A
25/09/2017;DE0001030518;#N/A N/A
26/09/2017;DE0001030518;#N/A N/A
27/09/2017;DE0001030518;#N/A N/A
28/09/2017;DE0001030518;#N/A N/A
29/09/2017;DE0001030518;#N/A N/A
02/10/2017;DE0001030518;#N/A N/A
03/10/2017;DE0001030518;#N/A N/A
04/10/2017;DE0001030518;#N/A N/A
05/10/2017;DE0001030518;#N/A N/A
06/10/2017;DE0001030518;#N/A N/A
09/10/2017;DE0001030518;#N/A N/A
10/10/2017;DE0001030518;#N/A N/A
11/10/2017;DE0001030518;#N/A N/A
12/10/2017;DE0001030518;#N/A N/A
13/10/2017;DE0001030518;#N/A N/A
16/10/2017;DE0001030518;#N/A N/A
17/10/2017;DE0001030518;#N/A N/A
18/10/2017;DE0001030518;#N/A N/A
19/10/2017;DE0001030518;#N/A N/A
20/10/2017;DE0001030518;#N/A N/A
23/10/2017;DE0001030518;#N/A N/A
24/10/2017;DE0001030518;#N/A N/A
25/10/2017;DE0001030518;#N/A N/A
26/10/2017;DE0001030518;#N/A N/A
27/10/2017;DE0001030518;#N/A N/A
30/10/2017;DE0001030518;#N/A N/A
31/10/2017;DE0001030518;#N/A N/A
01/11/2017;DE0001030518;#N/A N/A
02/11/2017;DE0001030518;#N/A N/A
03/11/2017;DE0001030518;#N/A N/A
06/11/2017;DE0001030518;#N/A N/A
07/11/2017;DE0001030518;#N/A N/A
08/11/2017;DE0001030518;#N/A N/A
09/11/2017;DE0001030518;#N/A N/A
10/11/2017;DE0001030518;#N/A N/A
13/11/2017;DE0001030518;#N/A N/A
14/11/2017;DE0001030518;#N/A N/A
15/11/2017;DE0001030518;#N/A N/A
16/11/2017;DE0001030518;#N/A N/A
17/11/2017;DE0001030518;#N/A N/A
20/11/2017;DE0001030518;#N/A N/A
21/11/2017;DE0001030518;#N/A N/A
22/11/2017;DE0001030518;#N/A N/A
23/11/2017;DE0001030518;#N/A N/A
24/11/2017;DE0001030518;#N/A N/A
27/11/2017;DE0001030518;#N/A N/A
28/11/2017;DE0001030518;#N/A N/A
29/11/2017;DE0001030518;#N/A N/A
30/11/2017;DE0001030518;#N/A N/A
01/12/2017;DE0001030518;#N/A N/A
04/12/2017;DE0001030518;#N/A N/A
05/12/2017;DE0001030518;#N/A N/A
06/12/2017;DE0001030518;#N/A N/A
07/12/2017;DE0001030518;#N/A N/A
08/12/2017;DE0001030518;#N/A N/A
11/12/2017;DE0001030518;#N/A N/A
12/12/2017;DE0001030518;#N/A N/A
13/12/2017;DE0001030518;#N/A N/A
14/12/2017;DE0001030518;#N/A N/A
15/12/2017;DE0001030518;#N/A N/A
18/12/2017;DE0001030518;#N/A N/A
19/12/2017;DE0001030518;#N/A N/A
20/12/2017;DE0001030518;#N/A N/A
21/12/2017;DE0001030518;#N/A N/A
22/12/2017;DE0001030518;#N/A N/A
25/12/2017;DE0001030518;#N/A N/A
26/12/2017;DE0001030518;#N/A N/A
27/12/2017;DE0001030518;#N/A N/A
28/12/2017;DE0001030518;#N/A N/A
29/12/2017;DE0001030518;#N/A N/A
01/01/2018;DE0001030518;#N/A N/A
02/01/2018;DE0001030518;#N/A N/A
03/01/2018;DE0001030518;#N/A N/A
04/01/2018;DE0001030518;#N/A N/A
05/01/2018;DE0001030518;#N/A N/A
08/01/2018;DE0001030518;#N/A N/A
09/01/2018;DE0001030518;#N/A N/A
10/01/2018;DE0001030518;#N/A N/A
11/01/2018;DE0001030518;#N/A N/A
12/01/2018;DE0001030518;#N/A N/A
15/01/2018;DE0001030518;#N/A N/A
16/01/2018;DE0001030518;#N/A N/A
17/01/2018;DE0001030518;#N/A N/A
18/01/2018;DE0001030518;#N/A N/A
19/01/2018;DE0001030518;#N/A N/A
22/01/2018;DE0001030518;#N/A N/A
23/01/2018;DE0001030518;#N/A N/A
24/01/2018;DE0001030518;#N/A N/A
25/01/2018;DE0001030518;#N/A N/A
26/01/2018;DE0001030518;#N/A N/A
29/01/2018;DE0001030518;#N/A N/A
30/01/2018;DE0001030518;#N/A N/A
31/01/2018;DE0001030518;#N/A N/A
01/02/2018;DE0001030518;#N/A N/A
02/02/2018;DE0001030518;#N/A N/A
05/02/2018;DE0001030518;#N/A N/A
06/02/2018;DE0001030518;#N/A N/A
07/02/2018;DE0001030518;#N/A N/A
08/02/2018;DE0001030518;#N/A N/A
09/02/2018;DE0001030518;#N/A N/A
12/02/2018;DE0001030518;#N/A N/A
13/02/2018;DE0001030518;#N/A N/A
14/02/2018;DE0001030518;#N/A N/A
15/02/2018;DE0001030518;#N/A N/A
16/02/2018;DE0001030518;#N/A N/A
19/02/2018;DE0001030518;#N/A N/A
20/02/2018;DE0001030518;#N/A N/A
21/02/2018;DE0001030518;#N/A N/A
22/02/2018;DE0001030518;#N/A N/A
23/02/2018;DE0001030518;#N/A N/A
26/02/2018;DE0001030518;#N/A N/A
27/02/2018;DE0001030518;#N/A N/A
28/02/2018;DE0001030518;#N/A N/A
01/03/2018;DE0001030518;#N/A N/A
02/03/2018;DE0001030518;#N/A N/A
05/03/2018;DE0001030518;#N/A N/A
06/03/2018;DE0001030518;#N/A N/A
07/03/2018;DE0001030518;#N/A N/A
08/03/2018;DE0001030518;#N/A N/A
09/03/2018;DE0001030518;#N/A N/A
12/03/2018;DE0001030518;#N/A N/A
13/03/2018;DE0001030518;#N/A N/A
14/03/2018;DE0001030518;#N/A N/A
15/03/2018;DE0001030518;#N/A N/A
16/03/2018;DE0001030518;#N/A N/A
19/03/2018;DE0001030518;#N/A N/A
20/03/2018;DE0001030518;#N/A N/A
21/03/2018;DE0001030518;#N/A N/A
22/03/2018;DE0001030518;#N/A N/A
23/03/2018;DE0001030518;#N/A N/A
26/03/2018;DE0001030518;#N/A N/A
27/03/2018;DE0001030518;#N/A N/A
28/03/2018;DE0001030518;#N/A N/A
29/03/2018;DE0001030518;#N/A N/A
30/03/2018;DE0001030518;#N/A N/A
02/04/2018;DE0001030518;#N/A N/A
03/04/2018;DE0001030518;#N/A N/A
04/04/2018;DE0001030518;#N/A N/A
05/04/2018;DE0001030518;#N/A N/A
06/04/2018;DE0001030518;#N/A N/A
09/04/2018;DE0001030518;#N/A N/A
10/04/2018;DE0001030518;#N/A N/A
11/04/2018;DE0001030518;#N/A N/A
12/04/2018;DE0001030518;#N/A N/A
13/04/2018;DE0001030518;#N/A N/A
12/06/2009;DE0001030526;#N/A N/A
15/06/2009;DE0001030526;#N/A N/A
16/06/2009;DE0001030526;#N/A N/A
17/06/2009;DE0001030526;#N/A N/A
18/06/2009;DE0001030526;#N/A N/A
19/06/2009;DE0001030526;1.706
22/06/2009;DE0001030526;1.678
23/06/2009;DE0001030526;1.756
24/06/2009;DE0001030526;1.727
25/06/2009;DE0001030526;1.703
26/06/2009;DE0001030526;1.663
29/06/2009;DE0001030526;1.667
30/06/2009;DE0001030526;1.643
01/07/2009;DE0001030526;1.618
02/07/2009;DE0001030526;1.547
03/07/2009;DE0001030526;1.577
06/07/2009;DE0001030526;1.53
07/07/2009;DE0001030526;1.571
08/07/2009;DE0001030526;1.542
09/07/2009;DE0001030526;1.561
10/07/2009;DE0001030526;1.55
13/07/2009;DE0001030526;1.582
14/07/2009;DE0001030526;1.621
15/07/2009;DE0001030526;1.667
16/07/2009;DE0001030526;1.607
17/07/2009;DE0001030526;1.688
20/07/2009;DE0001030526;1.698
21/07/2009;DE0001030526;1.675
22/07/2009;DE0001030526;1.691
23/07/2009;DE0001030526;1.705
24/07/2009;DE0001030526;1.683
27/07/2009;DE0001030526;1.695
28/07/2009;DE0001030526;1.617
29/07/2009;DE0001030526;1.672
30/07/2009;DE0001030526;1.616
31/07/2009;DE0001030526;1.502
03/08/2009;DE0001030526;1.577
04/08/2009;DE0001030526;1.562
05/08/2009;DE0001030526;1.52
06/08/2009;DE0001030526;1.516
07/08/2009;DE0001030526;1.631
10/08/2009;DE0001030526;1.591
11/08/2009;DE0001030526;1.584
12/08/2009;DE0001030526;1.557
13/08/2009;DE0001030526;1.504
14/08/2009;DE0001030526;1.45
17/08/2009;DE0001030526;1.425
18/08/2009;DE0001030526;1.424
19/08/2009;DE0001030526;1.396
20/08/2009;DE0001030526;1.388
21/08/2009;DE0001030526;1.445
24/08/2009;DE0001030526;1.426
25/08/2009;DE0001030526;1.447
26/08/2009;DE0001030526;1.415
27/08/2009;DE0001030526;1.467
28/08/2009;DE0001030526;1.453
31/08/2009;DE0001030526;1.417
01/09/2009;DE0001030526;1.45
02/09/2009;DE0001030526;1.447
03/09/2009;DE0001030526;1.47
04/09/2009;DE0001030526;1.475
07/09/2009;DE0001030526;1.443
08/09/2009;DE0001030526;1.449
09/09/2009;DE0001030526;1.499
10/09/2009;DE0001030526;1.476
11/09/2009;DE0001030526;1.422
14/09/2009;DE0001030526;1.402
15/09/2009;DE0001030526;1.392
16/09/2009;DE0001030526;1.392
17/09/2009;DE0001030526;1.498
18/09/2009;DE0001030526;1.431
21/09/2009;DE0001030526;1.44
22/09/2009;DE0001030526;1.464
23/09/2009;DE0001030526;1.463
24/09/2009;DE0001030526;1.402
25/09/2009;DE0001030526;1.351
28/09/2009;DE0001030526;1.347
29/09/2009;DE0001030526;1.345
30/09/2009;DE0001030526;1.269
01/10/2009;DE0001030526;1.211
02/10/2009;DE0001030526;1.186
05/10/2009;DE0001030526;1.215
06/10/2009;DE0001030526;1.242
07/10/2009;DE0001030526;1.21
08/10/2009;DE0001030526;1.212
09/10/2009;DE0001030526;1.28
12/10/2009;DE0001030526;1.256
13/10/2009;DE0001030526;1.304
14/10/2009;DE0001030526;1.35
15/10/2009;DE0001030526;1.431
16/10/2009;DE0001030526;1.401
19/10/2009;DE0001030526;1.399
20/10/2009;DE0001030526;1.351
21/10/2009;DE0001030526;1.432
22/10/2009;DE0001030526;1.421
23/10/2009;DE0001030526;1.513
26/10/2009;DE0001030526;1.552
27/10/2009;DE0001030526;1.486
28/10/2009;DE0001030526;1.475
29/10/2009;DE0001030526;1.51
30/10/2009;DE0001030526;1.423
02/11/2009;DE0001030526;1.431
03/11/2009;DE0001030526;1.464
04/11/2009;DE0001030526;1.468
05/11/2009;DE0001030526;1.463
06/11/2009;DE0001030526;1.472
09/11/2009;DE0001030526;1.429
10/11/2009;DE0001030526;1.389
11/11/2009;DE0001030526;1.39
12/11/2009;DE0001030526;1.411
13/11/2009;DE0001030526;1.443
16/11/2009;DE0001030526;1.423
17/11/2009;DE0001030526;1.419
18/11/2009;DE0001030526;1.424
19/11/2009;DE0001030526;1.442
20/11/2009;DE0001030526;1.416
23/11/2009;DE0001030526;1.383
24/11/2009;DE0001030526;1.394
25/11/2009;DE0001030526;1.413
26/11/2009;DE0001030526;1.413
27/11/2009;DE0001030526;1.335
30/11/2009;DE0001030526;1.31
01/12/2009;DE0001030526;1.278
02/12/2009;DE0001030526;1.289
03/12/2009;DE0001030526;1.296
04/12/2009;DE0001030526;1.338
07/12/2009;DE0001030526;1.304
08/12/2009;DE0001030526;1.291
09/12/2009;DE0001030526;1.327
10/12/2009;DE0001030526;1.318
11/12/2009;DE0001030526;1.356
14/12/2009;DE0001030526;1.344
15/12/2009;DE0001030526;1.386
16/12/2009;DE0001030526;1.33
17/12/2009;DE0001030526;1.279
18/12/2009;DE0001030526;1.221
21/12/2009;DE0001030526;1.231
22/12/2009;DE0001030526;1.307
23/12/2009;DE0001030526;1.326
24/12/2009;DE0001030526;1.309
25/12/2009;DE0001030526;#N/A N/A
28/12/2009;DE0001030526;1.357
29/12/2009;DE0001030526;1.344
30/12/2009;DE0001030526;1.338
31/12/2009;DE0001030526;1.365
01/01/2010;DE0001030526;#N/A N/A
04/01/2010;DE0001030526;1.362
05/01/2010;DE0001030526;1.341
06/01/2010;DE0001030526;1.392
07/01/2010;DE0001030526;1.363
08/01/2010;DE0001030526;1.418
11/01/2010;DE0001030526;1.389
12/01/2010;DE0001030526;1.384
13/01/2010;DE0001030526;1.427
14/01/2010;DE0001030526;1.415
15/01/2010;DE0001030526;1.405
18/01/2010;DE0001030526;1.398
19/01/2010;DE0001030526;1.389
20/01/2010;DE0001030526;1.393
21/01/2010;DE0001030526;1.344
22/01/2010;DE0001030526;1.386
25/01/2010;DE0001030526;1.382
26/01/2010;DE0001030526;1.374
27/01/2010;DE0001030526;1.396
28/01/2010;DE0001030526;1.399
29/01/2010;DE0001030526;1.396
01/02/2010;DE0001030526;1.347
02/02/2010;DE0001030526;1.326
03/02/2010;DE0001030526;1.335
04/02/2010;DE0001030526;1.312
05/02/2010;DE0001030526;1.291
08/02/2010;DE0001030526;1.38
09/02/2010;DE0001030526;1.406
10/02/2010;DE0001030526;1.397
11/02/2010;DE0001030526;1.451
12/02/2010;DE0001030526;1.405
15/02/2010;DE0001030526;1.41
16/02/2010;DE0001030526;1.412
17/02/2010;DE0001030526;1.427
18/02/2010;DE0001030526;1.474
19/02/2010;DE0001030526;1.51
22/02/2010;DE0001030526;1.509
23/02/2010;DE0001030526;1.462
24/02/2010;DE0001030526;1.371
25/02/2010;DE0001030526;1.406
26/02/2010;DE0001030526;1.398
01/03/2010;DE0001030526;1.379
02/03/2010;DE0001030526;1.35
03/03/2010;DE0001030526;1.339
04/03/2010;DE0001030526;1.338
05/03/2010;DE0001030526;1.33
08/03/2010;DE0001030526;1.353
09/03/2010;DE0001030526;1.321
10/03/2010;DE0001030526;1.323
11/03/2010;DE0001030526;1.354
12/03/2010;DE0001030526;1.321
15/03/2010;DE0001030526;1.333
16/03/2010;DE0001030526;1.31
17/03/2010;DE0001030526;1.294
18/03/2010;DE0001030526;1.302
19/03/2010;DE0001030526;1.304
22/03/2010;DE0001030526;1.281
23/03/2010;DE0001030526;1.253
24/03/2010;DE0001030526;1.242
25/03/2010;DE0001030526;1.28
26/03/2010;DE0001030526;1.236
29/03/2010;DE0001030526;1.2
30/03/2010;DE0001030526;1.139
31/03/2010;DE0001030526;1.085
01/04/2010;DE0001030526;1.101
02/04/2010;DE0001030526;#N/A N/A
05/04/2010;DE0001030526;#N/A N/A
06/04/2010;DE0001030526;1.163
07/04/2010;DE0001030526;1.168
08/04/2010;DE0001030526;1.191
09/04/2010;DE0001030526;1.239
12/04/2010;DE0001030526;1.266
13/04/2010;DE0001030526;1.248
14/04/2010;DE0001030526;1.23
15/04/2010;DE0001030526;1.209
16/04/2010;DE0001030526;1.183
19/04/2010;DE0001030526;1.208
20/04/2010;DE0001030526;1.247
21/04/2010;DE0001030526;1.207
22/04/2010;DE0001030526;1.16
23/04/2010;DE0001030526;1.144
26/04/2010;DE0001030526;1.137
27/04/2010;DE0001030526;1.049
28/04/2010;DE0001030526;1.089
29/04/2010;DE0001030526;1.094
30/04/2010;DE0001030526;1.036
03/05/2010;DE0001030526;1.031
04/05/2010;DE0001030526;0.953
05/05/2010;DE0001030526;0.917
06/05/2010;DE0001030526;0.871
07/05/2010;DE0001030526;0.961
10/05/2010;DE0001030526;0.974
11/05/2010;DE0001030526;0.957
12/05/2010;DE0001030526;0.935
13/05/2010;DE0001030526;0.931
14/05/2010;DE0001030526;0.929
17/05/2010;DE0001030526;0.951
18/05/2010;DE0001030526;0.944
19/05/2010;DE0001030526;0.91
20/05/2010;DE0001030526;0.908
21/05/2010;DE0001030526;0.913
24/05/2010;DE0001030526;0.88
25/05/2010;DE0001030526;0.894
26/05/2010;DE0001030526;0.942
27/05/2010;DE0001030526;0.982
28/05/2010;DE0001030526;0.909
31/05/2010;DE0001030526;0.839
01/06/2010;DE0001030526;0.882
02/06/2010;DE0001030526;0.887
03/06/2010;DE0001030526;0.898
04/06/2010;DE0001030526;0.846
07/06/2010;DE0001030526;0.855
08/06/2010;DE0001030526;0.877
09/06/2010;DE0001030526;0.887
10/06/2010;DE0001030526;0.887
11/06/2010;DE0001030526;0.902
14/06/2010;DE0001030526;0.955
15/06/2010;DE0001030526;0.996
16/06/2010;DE0001030526;0.991
17/06/2010;DE0001030526;0.982
18/06/2010;DE0001030526;1.052
21/06/2010;DE0001030526;1.044
22/06/2010;DE0001030526;1.017
23/06/2010;DE0001030526;0.987
24/06/2010;DE0001030526;0.99
25/06/2010;DE0001030526;0.986
28/06/2010;DE0001030526;0.979
29/06/2010;DE0001030526;0.935
30/06/2010;DE0001030526;0.959
01/07/2010;DE0001030526;0.966
02/07/2010;DE0001030526;0.964
05/07/2010;DE0001030526;0.947
06/07/2010;DE0001030526;0.987
07/07/2010;DE0001030526;1
08/07/2010;DE0001030526;1.017
09/07/2010;DE0001030526;0.983
12/07/2010;DE0001030526;0.933
13/07/2010;DE0001030526;0.969
14/07/2010;DE0001030526;0.987
15/07/2010;DE0001030526;0.991
16/07/2010;DE0001030526;0.98
19/07/2010;DE0001030526;1.056
20/07/2010;DE0001030526;1.054
21/07/2010;DE0001030526;1.072
22/07/2010;DE0001030526;1.151
23/07/2010;DE0001030526;1.171
26/07/2010;DE0001030526;1.152
27/07/2010;DE0001030526;1.141
28/07/2010;DE0001030526;1.121
29/07/2010;DE0001030526;1.037
30/07/2010;DE0001030526;0.99
02/08/2010;DE0001030526;0.986
03/08/2010;DE0001030526;0.917
04/08/2010;DE0001030526;0.956
05/08/2010;DE0001030526;0.935
06/08/2010;DE0001030526;0.882
09/08/2010;DE0001030526;0.898
10/08/2010;DE0001030526;0.926
11/08/2010;DE0001030526;0.853
12/08/2010;DE0001030526;0.855
13/08/2010;DE0001030526;0.816
16/08/2010;DE0001030526;0.785
17/08/2010;DE0001030526;0.83
18/08/2010;DE0001030526;0.833
19/08/2010;DE0001030526;0.799
20/08/2010;DE0001030526;0.805
23/08/2010;DE0001030526;0.816
24/08/2010;DE0001030526;0.723
25/08/2010;DE0001030526;0.716
26/08/2010;DE0001030526;0.664
27/08/2010;DE0001030526;0.645
30/08/2010;DE0001030526;0.563
31/08/2010;DE0001030526;0.555
01/09/2010;DE0001030526;0.603
02/09/2010;DE0001030526;0.637
03/09/2010;DE0001030526;0.739
06/09/2010;DE0001030526;0.684
07/09/2010;DE0001030526;0.654
08/09/2010;DE0001030526;0.654
09/09/2010;DE0001030526;0.681
10/09/2010;DE0001030526;0.683
13/09/2010;DE0001030526;0.687
14/09/2010;DE0001030526;0.695
15/09/2010;DE0001030526;0.772
16/09/2010;DE0001030526;0.78
17/09/2010;DE0001030526;0.738
20/09/2010;DE0001030526;0.797
21/09/2010;DE0001030526;0.777
22/09/2010;DE0001030526;0.645
23/09/2010;DE0001030526;0.582
24/09/2010;DE0001030526;0.606
27/09/2010;DE0001030526;0.565
28/09/2010;DE0001030526;0.578
29/09/2010;DE0001030526;0.6
30/09/2010;DE0001030526;0.606
01/10/2010;DE0001030526;0.64
04/10/2010;DE0001030526;0.613
05/10/2010;DE0001030526;0.649
06/10/2010;DE0001030526;0.534
07/10/2010;DE0001030526;0.594
08/10/2010;DE0001030526;0.575
11/10/2010;DE0001030526;0.591
12/10/2010;DE0001030526;0.579
13/10/2010;DE0001030526;0.609
14/10/2010;DE0001030526;0.595
15/10/2010;DE0001030526;0.611
18/10/2010;DE0001030526;0.616
19/10/2010;DE0001030526;0.67
20/10/2010;DE0001030526;0.69
21/10/2010;DE0001030526;0.726
22/10/2010;DE0001030526;0.727
25/10/2010;DE0001030526;0.741
26/10/2010;DE0001030526;0.793
27/10/2010;DE0001030526;0.825
28/10/2010;DE0001030526;0.822
29/10/2010;DE0001030526;0.725
01/11/2010;DE0001030526;0.703
02/11/2010;DE0001030526;0.714
03/11/2010;DE0001030526;0.674
04/11/2010;DE0001030526;0.641
05/11/2010;DE0001030526;0.665
08/11/2010;DE0001030526;0.648
09/11/2010;DE0001030526;0.672
10/11/2010;DE0001030526;0.702
11/11/2010;DE0001030526;0.715
12/11/2010;DE0001030526;0.784
15/11/2010;DE0001030526;0.83
16/11/2010;DE0001030526;0.914
17/11/2010;DE0001030526;0.903
18/11/2010;DE0001030526;1.011
19/11/2010;DE0001030526;0.991
22/11/2010;DE0001030526;0.922
23/11/2010;DE0001030526;0.863
24/11/2010;DE0001030526;0.975
25/11/2010;DE0001030526;1.014
26/11/2010;DE0001030526;1.002
29/11/2010;DE0001030526;0.998
30/11/2010;DE0001030526;0.927
01/12/2010;DE0001030526;1.023
02/12/2010;DE0001030526;0.991
03/12/2010;DE0001030526;1.036
06/12/2010;DE0001030526;0.997
07/12/2010;DE0001030526;1.08
08/12/2010;DE0001030526;1.132
09/12/2010;DE0001030526;1.07
10/12/2010;DE0001030526;1.048
13/12/2010;DE0001030526;1.053
14/12/2010;DE0001030526;1.082
15/12/2010;DE0001030526;1.102
16/12/2010;DE0001030526;1.112
17/12/2010;DE0001030526;1.084
20/12/2010;DE0001030526;1.037
21/12/2010;DE0001030526;1.06
22/12/2010;DE0001030526;1.029
23/12/2010;DE0001030526;1.047
24/12/2010;DE0001030526;1.061
27/12/2010;DE0001030526;1.084
28/12/2010;DE0001030526;1.06
29/12/2010;DE0001030526;1.076
30/12/2010;DE0001030526;1.005
31/12/2010;DE0001030526;1.018
03/01/2011;DE0001030526;0.94
04/01/2011;DE0001030526;0.911
05/01/2011;DE0001030526;0.949
06/01/2011;DE0001030526;0.889
07/01/2011;DE0001030526;0.872
10/01/2011;DE0001030526;0.894
11/01/2011;DE0001030526;0.936
12/01/2011;DE0001030526;1.029
13/01/2011;DE0001030526;1.009
14/01/2011;DE0001030526;0.987
17/01/2011;DE0001030526;0.965
18/01/2011;DE0001030526;1.01
19/01/2011;DE0001030526;0.997
20/01/2011;DE0001030526;1.042
21/01/2011;DE0001030526;1.078
24/01/2011;DE0001030526;1.061
25/01/2011;DE0001030526;1.068
26/01/2011;DE0001030526;1.129
27/01/2011;DE0001030526;1.159
28/01/2011;DE0001030526;1.086
31/01/2011;DE0001030526;1.059
01/02/2011;DE0001030526;1.097
02/02/2011;DE0001030526;1.104
03/02/2011;DE0001030526;1.105
04/02/2011;DE0001030526;1.143
07/02/2011;DE0001030526;1.14
08/02/2011;DE0001030526;1.139
09/02/2011;DE0001030526;1.192
10/02/2011;DE0001030526;1.211
11/02/2011;DE0001030526;1.209
14/02/2011;DE0001030526;1.188
15/02/2011;DE0001030526;1.15
16/02/2011;DE0001030526;1.086
17/02/2011;DE0001030526;1.025
18/02/2011;DE0001030526;1.077
21/02/2011;DE0001030526;1.004
22/02/2011;DE0001030526;0.936
23/02/2011;DE0001030526;0.972
24/02/2011;DE0001030526;0.959
25/02/2011;DE0001030526;0.956
28/02/2011;DE0001030526;0.956
01/03/2011;DE0001030526;0.964
02/03/2011;DE0001030526;0.975
03/03/2011;DE0001030526;1.12
04/03/2011;DE0001030526;1.095
07/03/2011;DE0001030526;1.082
08/03/2011;DE0001030526;1.114
09/03/2011;DE0001030526;1.087
10/03/2011;DE0001030526;1.093
11/03/2011;DE0001030526;1.091
14/03/2011;DE0001030526;1.13
15/03/2011;DE0001030526;1.027
16/03/2011;DE0001030526;0.965
17/03/2011;DE0001030526;0.986
18/03/2011;DE0001030526;1.005
21/03/2011;DE0001030526;1.016
22/03/2011;DE0001030526;1.014
23/03/2011;DE0001030526;0.988
24/03/2011;DE0001030526;0.976
25/03/2011;DE0001030526;1
28/03/2011;DE0001030526;1.001
29/03/2011;DE0001030526;0.994
30/03/2011;DE0001030526;0.979
31/03/2011;DE0001030526;0.949
01/04/2011;DE0001030526;0.949
04/04/2011;DE0001030526;0.903
05/04/2011;DE0001030526;0.954
06/04/2011;DE0001030526;1.017
07/04/2011;DE0001030526;0.996
08/04/2011;DE0001030526;1.03
11/04/2011;DE0001030526;1.032
12/04/2011;DE0001030526;1.043
13/04/2011;DE0001030526;1.025
14/04/2011;DE0001030526;1.018
15/04/2011;DE0001030526;0.976
18/04/2011;DE0001030526;0.892
19/04/2011;DE0001030526;0.926
20/04/2011;DE0001030526;0.973
21/04/2011;DE0001030526;0.938
22/04/2011;DE0001030526;#N/A N/A
25/04/2011;DE0001030526;#N/A N/A
26/04/2011;DE0001030526;0.951
27/04/2011;DE0001030526;0.987
28/04/2011;DE0001030526;0.871
29/04/2011;DE0001030526;0.79
02/05/2011;DE0001030526;0.801
03/05/2011;DE0001030526;0.807
04/05/2011;DE0001030526;0.818
05/05/2011;DE0001030526;0.79
06/05/2011;DE0001030526;0.765
09/05/2011;DE0001030526;0.73
10/05/2011;DE0001030526;0.725
11/05/2011;DE0001030526;0.779
12/05/2011;DE0001030526;0.788
13/05/2011;DE0001030526;0.78
16/05/2011;DE0001030526;0.793
17/05/2011;DE0001030526;0.807
18/05/2011;DE0001030526;0.82
19/05/2011;DE0001030526;0.821
20/05/2011;DE0001030526;0.79
23/05/2011;DE0001030526;0.757
24/05/2011;DE0001030526;0.791
25/05/2011;DE0001030526;0.8
26/05/2011;DE0001030526;0.787
27/05/2011;DE0001030526;0.803
30/05/2011;DE0001030526;0.793
31/05/2011;DE0001030526;0.825
01/06/2011;DE0001030526;0.757
02/06/2011;DE0001030526;0.747
03/06/2011;DE0001030526;0.806
06/06/2011;DE0001030526;0.767
07/06/2011;DE0001030526;0.837
08/06/2011;DE0001030526;0.834
09/06/2011;DE0001030526;0.859
10/06/2011;DE0001030526;0.838
13/06/2011;DE0001030526;0.845
14/06/2011;DE0001030526;0.853
15/06/2011;DE0001030526;0.785
16/06/2011;DE0001030526;0.834
17/06/2011;DE0001030526;0.884
20/06/2011;DE0001030526;0.921
21/06/2011;DE0001030526;0.917
22/06/2011;DE0001030526;0.855
23/06/2011;DE0001030526;0.847
24/06/2011;DE0001030526;0.859
27/06/2011;DE0001030526;0.885
28/06/2011;DE0001030526;0.88
29/06/2011;DE0001030526;0.829
30/06/2011;DE0001030526;0.845
01/07/2011;DE0001030526;0.844
04/07/2011;DE0001030526;0.849
05/07/2011;DE0001030526;0.846
06/07/2011;DE0001030526;0.825
07/07/2011;DE0001030526;0.825
08/07/2011;DE0001030526;0.701
11/07/2011;DE0001030526;0.58
12/07/2011;DE0001030526;0.598
13/07/2011;DE0001030526;0.606
14/07/2011;DE0001030526;0.585
15/07/2011;DE0001030526;0.53
18/07/2011;DE0001030526;0.501
19/07/2011;DE0001030526;0.493
20/07/2011;DE0001030526;0.545
21/07/2011;DE0001030526;0.581
22/07/2011;DE0001030526;0.514
25/07/2011;DE0001030526;0.448
26/07/2011;DE0001030526;0.511
27/07/2011;DE0001030526;0.48
28/07/2011;DE0001030526;0.485
29/07/2011;DE0001030526;0.401
01/08/2011;DE0001030526;0.347
02/08/2011;DE0001030526;0.332
03/08/2011;DE0001030526;0.374
04/08/2011;DE0001030526;0.298
05/08/2011;DE0001030526;0.354
08/08/2011;DE0001030526;0.379
09/08/2011;DE0001030526;0.447
10/08/2011;DE0001030526;0.231
11/08/2011;DE0001030526;0.208
12/08/2011;DE0001030526;0.192
15/08/2011;DE0001030526;0.21
16/08/2011;DE0001030526;0.217
17/08/2011;DE0001030526;0.147
18/08/2011;DE0001030526;0.163
19/08/2011;DE0001030526;0.241
22/08/2011;DE0001030526;0.268
23/08/2011;DE0001030526;0.277
24/08/2011;DE0001030526;0.332
25/08/2011;DE0001030526;0.314
26/08/2011;DE0001030526;0.331
29/08/2011;DE0001030526;0.373
30/08/2011;DE0001030526;0.334
31/08/2011;DE0001030526;0.425
01/09/2011;DE0001030526;0.339
02/09/2011;DE0001030526;0.193
05/09/2011;DE0001030526;0.1
06/09/2011;DE0001030526;0.16
07/09/2011;DE0001030526;0.23
08/09/2011;DE0001030526;0.2
09/09/2011;DE0001030526;0.154
12/09/2011;DE0001030526;0.221
13/09/2011;DE0001030526;0.289
14/09/2011;DE0001030526;0.353
15/09/2011;DE0001030526;0.375
16/09/2011;DE0001030526;0.278
19/09/2011;DE0001030526;0.23
20/09/2011;DE0001030526;0.227
21/09/2011;DE0001030526;0.193
22/09/2011;DE0001030526;0.136
23/09/2011;DE0001030526;0.215
26/09/2011;DE0001030526;0.29
27/09/2011;DE0001030526;0.345
28/09/2011;DE0001030526;0.377
29/09/2011;DE0001030526;0.327
30/09/2011;DE0001030526;0.186
03/10/2011;DE0001030526;0.147
04/10/2011;DE0001030526;0.134
05/10/2011;DE0001030526;0.223
06/10/2011;DE0001030526;0.313
07/10/2011;DE0001030526;0.353
10/10/2011;DE0001030526;0.379
11/10/2011;DE0001030526;0.342
12/10/2011;DE0001030526;0.384
13/10/2011;DE0001030526;0.268
14/10/2011;DE0001030526;0.292
17/10/2011;DE0001030526;0.178
18/10/2011;DE0001030526;0.138
19/10/2011;DE0001030526;0.16
20/10/2011;DE0001030526;0.092
21/10/2011;DE0001030526;0.138
24/10/2011;DE0001030526;0.123
25/10/2011;DE0001030526;0.033
26/10/2011;DE0001030526;0.071
27/10/2011;DE0001030526;0.161
28/10/2011;DE0001030526;0.164
31/10/2011;DE0001030526;0.079
01/11/2011;DE0001030526;-0.059
02/11/2011;DE0001030526;-0.04
03/11/2011;DE0001030526;-0.027
04/11/2011;DE0001030526;-0.059
07/11/2011;DE0001030526;-0.113
08/11/2011;DE0001030526;-0.096
09/11/2011;DE0001030526;-0.106
10/11/2011;DE0001030526;-0.033
11/11/2011;DE0001030526;0.06
14/11/2011;DE0001030526;0.029
15/11/2011;DE0001030526;0.096
16/11/2011;DE0001030526;0.117
17/11/2011;DE0001030526;0.176
18/11/2011;DE0001030526;0.255
21/11/2011;DE0001030526;0.262
22/11/2011;DE0001030526;0.289
23/11/2011;DE0001030526;0.475
24/11/2011;DE0001030526;0.551
25/11/2011;DE0001030526;0.566
28/11/2011;DE0001030526;0.617
29/11/2011;DE0001030526;0.635
30/11/2011;DE0001030526;0.483
01/12/2011;DE0001030526;0.263
02/12/2011;DE0001030526;0.166
05/12/2011;DE0001030526;0.181
06/12/2011;DE0001030526;0.171
07/12/2011;DE0001030526;0.164
08/12/2011;DE0001030526;0.103
09/12/2011;DE0001030526;0.246
12/12/2011;DE0001030526;0.127
13/12/2011;DE0001030526;0.173
14/12/2011;DE0001030526;0.087
15/12/2011;DE0001030526;0.159
16/12/2011;DE0001030526;0.052
19/12/2011;DE0001030526;0.077
20/12/2011;DE0001030526;0.113
21/12/2011;DE0001030526;0.067
22/12/2011;DE0001030526;0.046
23/12/2011;DE0001030526;0.048
26/12/2011;DE0001030526;#N/A N/A
27/12/2011;DE0001030526;0.004
28/12/2011;DE0001030526;-0.055
29/12/2011;DE0001030526;-0.115
30/12/2011;DE0001030526;-0.152
02/01/2012;DE0001030526;-0.081
03/01/2012;DE0001030526;-0.105
04/01/2012;DE0001030526;-0.105
05/01/2012;DE0001030526;-0.199
06/01/2012;DE0001030526;-0.175
09/01/2012;DE0001030526;-0.188
10/01/2012;DE0001030526;-0.146
11/01/2012;DE0001030526;-0.188
12/01/2012;DE0001030526;-0.168
13/01/2012;DE0001030526;-0.138
16/01/2012;DE0001030526;-0.174
17/01/2012;DE0001030526;-0.204
18/01/2012;DE0001030526;-0.286
19/01/2012;DE0001030526;-0.266
20/01/2012;DE0001030526;-0.281
23/01/2012;DE0001030526;-0.229
24/01/2012;DE0001030526;-0.163
25/01/2012;DE0001030526;-0.18
26/01/2012;DE0001030526;-0.233
27/01/2012;DE0001030526;-0.212
30/01/2012;DE0001030526;-0.238
31/01/2012;DE0001030526;-0.26
01/02/2012;DE0001030526;-0.24
02/02/2012;DE0001030526;-0.224
03/02/2012;DE0001030526;-0.144
06/02/2012;DE0001030526;-0.196
07/02/2012;DE0001030526;-0.138
08/02/2012;DE0001030526;-0.12
09/02/2012;DE0001030526;-0.096
10/02/2012;DE0001030526;-0.21
13/02/2012;DE0001030526;-0.195
14/02/2012;DE0001030526;-0.179
15/02/2012;DE0001030526;-0.203
16/02/2012;DE0001030526;-0.113
17/02/2012;DE0001030526;-0.072
20/02/2012;DE0001030526;-0.039
21/02/2012;DE0001030526;-0.045
22/02/2012;DE0001030526;-0.128
23/02/2012;DE0001030526;-0.16
24/02/2012;DE0001030526;-0.198
27/02/2012;DE0001030526;-0.242
28/02/2012;DE0001030526;-0.245
29/02/2012;DE0001030526;-0.215
01/03/2012;DE0001030526;-0.133
02/03/2012;DE0001030526;-0.199
05/03/2012;DE0001030526;-0.182
06/03/2012;DE0001030526;-0.196
07/03/2012;DE0001030526;-0.221
08/03/2012;DE0001030526;-0.213
09/03/2012;DE0001030526;-0.206
12/03/2012;DE0001030526;-0.225
13/03/2012;DE0001030526;-0.224
14/03/2012;DE0001030526;-0.165
15/03/2012;DE0001030526;-0.151
16/03/2012;DE0001030526;-0.089
19/03/2012;DE0001030526;-0.073
20/03/2012;DE0001030526;-0.1
21/03/2012;DE0001030526;-0.16
22/03/2012;DE0001030526;-0.223
23/03/2012;DE0001030526;-0.272
26/03/2012;DE0001030526;-0.246
27/03/2012;DE0001030526;-0.312
28/03/2012;DE0001030526;-0.342
29/03/2012;DE0001030526;-0.355
30/03/2012;DE0001030526;-0.366
02/04/2012;DE0001030526;-0.339
03/04/2012;DE0001030526;-0.359
04/04/2012;DE0001030526;-0.383
05/04/2012;DE0001030526;-0.475
06/04/2012;DE0001030526;-0.511
09/04/2012;DE0001030526;#N/A N/A
10/04/2012;DE0001030526;-0.551
11/04/2012;DE0001030526;-0.528
12/04/2012;DE0001030526;-0.518
13/04/2012;DE0001030526;-0.536
16/04/2012;DE0001030526;-0.528
17/04/2012;DE0001030526;-0.444
18/04/2012;DE0001030526;-0.451
19/04/2012;DE0001030526;-0.437
20/04/2012;DE0001030526;-0.435
23/04/2012;DE0001030526;-0.464
24/04/2012;DE0001030526;-0.42
25/04/2012;DE0001030526;-0.41
26/04/2012;DE0001030526;-0.455
27/04/2012;DE0001030526;-0.456
30/04/2012;DE0001030526;-0.525
01/05/2012;DE0001030526;-0.502
02/05/2012;DE0001030526;-0.546
03/05/2012;DE0001030526;-0.515
04/05/2012;DE0001030526;-0.544
07/05/2012;DE0001030526;-0.496
08/05/2012;DE0001030526;-0.499
09/05/2012;DE0001030526;-0.457
10/05/2012;DE0001030526;-0.461
11/05/2012;DE0001030526;-0.483
14/05/2012;DE0001030526;-0.505
15/05/2012;DE0001030526;-0.499
16/05/2012;DE0001030526;-0.542
17/05/2012;DE0001030526;-0.597
18/05/2012;DE0001030526;-0.535
21/05/2012;DE0001030526;-0.545
22/05/2012;DE0001030526;-0.499
23/05/2012;DE0001030526;-0.476
24/05/2012;DE0001030526;-0.4
25/05/2012;DE0001030526;-0.457
28/05/2012;DE0001030526;-0.455
29/05/2012;DE0001030526;-0.407
30/05/2012;DE0001030526;-0.434
31/05/2012;DE0001030526;-0.467
01/06/2012;DE0001030526;-0.452
04/06/2012;DE0001030526;-0.437
05/06/2012;DE0001030526;-0.474
06/06/2012;DE0001030526;-0.399
07/06/2012;DE0001030526;-0.404
08/06/2012;DE0001030526;-0.454
11/06/2012;DE0001030526;-0.468
12/06/2012;DE0001030526;-0.354
13/06/2012;DE0001030526;-0.327
14/06/2012;DE0001030526;-0.387
15/06/2012;DE0001030526;-0.438
18/06/2012;DE0001030526;-0.45
19/06/2012;DE0001030526;-0.341
20/06/2012;DE0001030526;-0.263
21/06/2012;DE0001030526;-0.288
22/06/2012;DE0001030526;-0.197
25/06/2012;DE0001030526;-0.261
26/06/2012;DE0001030526;-0.172
27/06/2012;DE0001030526;-0.154
28/06/2012;DE0001030526;-0.216
29/06/2012;DE0001030526;-0.209
02/07/2012;DE0001030526;-0.255
03/07/2012;DE0001030526;-0.289
04/07/2012;DE0001030526;-0.331
05/07/2012;DE0001030526;-0.377
06/07/2012;DE0001030526;-0.379
09/07/2012;DE0001030526;-0.368
10/07/2012;DE0001030526;-0.397
11/07/2012;DE0001030526;-0.465
12/07/2012;DE0001030526;-0.481
13/07/2012;DE0001030526;-0.587
16/07/2012;DE0001030526;-0.645
17/07/2012;DE0001030526;-0.682
18/07/2012;DE0001030526;-0.695
19/07/2012;DE0001030526;-0.689
20/07/2012;DE0001030526;-0.745
23/07/2012;DE0001030526;-0.713
24/07/2012;DE0001030526;-0.633
25/07/2012;DE0001030526;-0.628
26/07/2012;DE0001030526;-0.549
27/07/2012;DE0001030526;-0.512
30/07/2012;DE0001030526;-0.61
31/07/2012;DE0001030526;-0.698
01/08/2012;DE0001030526;-0.617
02/08/2012;DE0001030526;-0.771
03/08/2012;DE0001030526;-0.627
06/08/2012;DE0001030526;-0.676
07/08/2012;DE0001030526;-0.614
08/08/2012;DE0001030526;-0.661
09/08/2012;DE0001030526;-0.621
10/08/2012;DE0001030526;-0.664
13/08/2012;DE0001030526;-0.648
14/08/2012;DE0001030526;-0.605
15/08/2012;DE0001030526;-0.548
16/08/2012;DE0001030526;-0.574
17/08/2012;DE0001030526;-0.62
20/08/2012;DE0001030526;-0.6
21/08/2012;DE0001030526;-0.557
22/08/2012;DE0001030526;-0.598
23/08/2012;DE0001030526;-0.621
24/08/2012;DE0001030526;-0.613
27/08/2012;DE0001030526;-0.618
28/08/2012;DE0001030526;-0.598
29/08/2012;DE0001030526;-0.581
30/08/2012;DE0001030526;-0.682
31/08/2012;DE0001030526;-0.684
03/09/2012;DE0001030526;-0.672
04/09/2012;DE0001030526;-0.677
05/09/2012;DE0001030526;-0.647
06/09/2012;DE0001030526;-0.588
07/09/2012;DE0001030526;-0.613
10/09/2012;DE0001030526;-0.579
11/09/2012;DE0001030526;-0.558
12/09/2012;DE0001030526;-0.517
13/09/2012;DE0001030526;-0.567
14/09/2012;DE0001030526;-0.496
17/09/2012;DE0001030526;-0.536
18/09/2012;DE0001030526;-0.521
19/09/2012;DE0001030526;-0.519
20/09/2012;DE0001030526;-0.555
21/09/2012;DE0001030526;-0.529
24/09/2012;DE0001030526;-0.522
25/09/2012;DE0001030526;-0.512
26/09/2012;DE0001030526;-0.597
27/09/2012;DE0001030526;-0.629
28/09/2012;DE0001030526;-0.689
01/10/2012;DE0001030526;-0.691
02/10/2012;DE0001030526;-0.677
03/10/2012;DE0001030526;-0.694
04/10/2012;DE0001030526;-0.717
05/10/2012;DE0001030526;-0.685
08/10/2012;DE0001030526;-0.701
09/10/2012;DE0001030526;-0.666
10/10/2012;DE0001030526;-0.666
11/10/2012;DE0001030526;-0.648
12/10/2012;DE0001030526;-0.685
15/10/2012;DE0001030526;-0.641
16/10/2012;DE0001030526;-0.541
17/10/2012;DE0001030526;-0.485
18/10/2012;DE0001030526;-0.474
19/10/2012;DE0001030526;-0.5
22/10/2012;DE0001030526;-0.472
23/10/2012;DE0001030526;-0.49
24/10/2012;DE0001030526;-0.512
25/10/2012;DE0001030526;-0.508
26/10/2012;DE0001030526;-0.531
29/10/2012;DE0001030526;-0.57
30/10/2012;DE0001030526;-0.552
31/10/2012;DE0001030526;-0.578
01/11/2012;DE0001030526;-0.61
02/11/2012;DE0001030526;-0.635
05/11/2012;DE0001030526;-0.626
06/11/2012;DE0001030526;-0.64
07/11/2012;DE0001030526;-0.646
08/11/2012;DE0001030526;-0.649
09/11/2012;DE0001030526;-0.645
12/11/2012;DE0001030526;-0.632
13/11/2012;DE0001030526;-0.625
14/11/2012;DE0001030526;-0.618
15/11/2012;DE0001030526;-0.628
16/11/2012;DE0001030526;-0.606
19/11/2012;DE0001030526;-0.596
20/11/2012;DE0001030526;-0.587
21/11/2012;DE0001030526;-0.61
22/11/2012;DE0001030526;-0.611
23/11/2012;DE0001030526;-0.622
26/11/2012;DE0001030526;-0.636
27/11/2012;DE0001030526;-0.595
28/11/2012;DE0001030526;-0.65
29/11/2012;DE0001030526;-0.636
30/11/2012;DE0001030526;-0.626
03/12/2012;DE0001030526;-0.602
04/12/2012;DE0001030526;-0.622
05/12/2012;DE0001030526;-0.656
06/12/2012;DE0001030526;-0.685
07/12/2012;DE0001030526;-0.675
10/12/2012;DE0001030526;-0.674
11/12/2012;DE0001030526;-0.688
12/12/2012;DE0001030526;-0.679
13/12/2012;DE0001030526;-0.681
14/12/2012;DE0001030526;-0.695
17/12/2012;DE0001030526;-0.648
18/12/2012;DE0001030526;-0.632
19/12/2012;DE0001030526;-0.617
20/12/2012;DE0001030526;-0.648
21/12/2012;DE0001030526;-0.687
24/12/2012;DE0001030526;-0.687
25/12/2012;DE0001030526;#N/A N/A
26/12/2012;DE0001030526;#N/A N/A
27/12/2012;DE0001030526;-0.737
28/12/2012;DE0001030526;-0.746
31/12/2012;DE0001030526;-0.753
01/01/2013;DE0001030526;#N/A N/A
02/01/2013;DE0001030526;-0.677
03/01/2013;DE0001030526;-0.672
04/01/2013;DE0001030526;-0.597
07/01/2013;DE0001030526;-0.606
08/01/2013;DE0001030526;-0.632
09/01/2013;DE0001030526;-0.618
10/01/2013;DE0001030526;-0.555
11/01/2013;DE0001030526;-0.557
14/01/2013;DE0001030526;-0.545
15/01/2013;DE0001030526;-0.55
16/01/2013;DE0001030526;-0.563
17/01/2013;DE0001030526;-0.502
18/01/2013;DE0001030526;-0.543
21/01/2013;DE0001030526;-0.512
22/01/2013;DE0001030526;-0.544
23/01/2013;DE0001030526;-0.584
24/01/2013;DE0001030526;-0.582
25/01/2013;DE0001030526;-0.519
28/01/2013;DE0001030526;-0.475
29/01/2013;DE0001030526;-0.49
30/01/2013;DE0001030526;-0.501
31/01/2013;DE0001030526;-0.547
01/02/2013;DE0001030526;-0.538
04/02/2013;DE0001030526;-0.594
05/02/2013;DE0001030526;-0.581
06/02/2013;DE0001030526;-0.599
07/02/2013;DE0001030526;-0.644
08/02/2013;DE0001030526;-0.625
11/02/2013;DE0001030526;-0.616
12/02/2013;DE0001030526;-0.612
13/02/2013;DE0001030526;-0.567
14/02/2013;DE0001030526;-0.59
15/02/2013;DE0001030526;-0.569
18/02/2013;DE0001030526;-0.576
19/02/2013;DE0001030526;-0.554
20/02/2013;DE0001030526;-0.525
21/02/2013;DE0001030526;-0.582
22/02/2013;DE0001030526;-0.589
25/02/2013;DE0001030526;-0.597
26/02/2013;DE0001030526;-0.662
27/02/2013;DE0001030526;-0.625
28/02/2013;DE0001030526;-0.66
01/03/2013;DE0001030526;-0.706
04/03/2013;DE0001030526;-0.701
05/03/2013;DE0001030526;-0.698
06/03/2013;DE0001030526;-0.711
07/03/2013;DE0001030526;-0.667
08/03/2013;DE0001030526;-0.655
11/03/2013;DE0001030526;-0.654
12/03/2013;DE0001030526;-0.682
13/03/2013;DE0001030526;-0.688
14/03/2013;DE0001030526;-0.695
15/03/2013;DE0001030526;-0.703
18/03/2013;DE0001030526;-0.735
19/03/2013;DE0001030526;-0.763
20/03/2013;DE0001030526;-0.716
21/03/2013;DE0001030526;-0.779
22/03/2013;DE0001030526;-0.791
25/03/2013;DE0001030526;-0.84
26/03/2013;DE0001030526;-0.857
27/03/2013;DE0001030526;-0.922
28/03/2013;DE0001030526;-0.924
29/03/2013;DE0001030526;#N/A N/A
01/04/2013;DE0001030526;#N/A N/A
02/04/2013;DE0001030526;-0.947
03/04/2013;DE0001030526;-0.985
04/04/2013;DE0001030526;-1.005
05/04/2013;DE0001030526;-1.001
08/04/2013;DE0001030526;-0.984
09/04/2013;DE0001030526;-0.953
10/04/2013;DE0001030526;-0.914
11/04/2013;DE0001030526;-0.901
12/04/2013;DE0001030526;-0.907
15/04/2013;DE0001030526;-0.892
16/04/2013;DE0001030526;-0.844
17/04/2013;DE0001030526;-0.864
18/04/2013;DE0001030526;-0.849
19/04/2013;DE0001030526;-0.842
22/04/2013;DE0001030526;-0.895
23/04/2013;DE0001030526;-0.895
24/04/2013;DE0001030526;-0.935
25/04/2013;DE0001030526;-0.922
26/04/2013;DE0001030526;-0.934
29/04/2013;DE0001030526;-0.843
30/04/2013;DE0001030526;-0.859
01/05/2013;DE0001030526;-0.893
02/05/2013;DE0001030526;-0.877
03/05/2013;DE0001030526;-0.844
06/05/2013;DE0001030526;-0.841
07/05/2013;DE0001030526;-0.749
08/05/2013;DE0001030526;-0.737
09/05/2013;DE0001030526;-0.696
10/05/2013;DE0001030526;-0.642
13/05/2013;DE0001030526;-0.672
14/05/2013;DE0001030526;-0.672
15/05/2013;DE0001030526;-0.648
16/05/2013;DE0001030526;-0.681
17/05/2013;DE0001030526;-0.683
20/05/2013;DE0001030526;-0.64
21/05/2013;DE0001030526;-0.647
22/05/2013;DE0001030526;-0.658
23/05/2013;DE0001030526;-0.627
24/05/2013;DE0001030526;-0.648
27/05/2013;DE0001030526;-0.629
28/05/2013;DE0001030526;-0.608
29/05/2013;DE0001030526;-0.604
30/05/2013;DE0001030526;-0.58
31/05/2013;DE0001030526;-0.588
03/06/2013;DE0001030526;-0.563
04/06/2013;DE0001030526;-0.556
05/06/2013;DE0001030526;-0.519
06/06/2013;DE0001030526;-0.491
07/06/2013;DE0001030526;-0.449
10/06/2013;DE0001030526;-0.355
11/06/2013;DE0001030526;-0.291
12/06/2013;DE0001030526;-0.317
13/06/2013;DE0001030526;-0.328
14/06/2013;DE0001030526;-0.409
17/06/2013;DE0001030526;-0.43
18/06/2013;DE0001030526;-0.404
19/06/2013;DE0001030526;-0.416
20/06/2013;DE0001030526;-0.259
21/06/2013;DE0001030526;-0.142
24/06/2013;DE0001030526;0.039
25/06/2013;DE0001030526;-0.035
26/06/2013;DE0001030526;-0.11
27/06/2013;DE0001030526;-0.122
28/06/2013;DE0001030526;-0.131
01/07/2013;DE0001030526;-0.178
02/07/2013;DE0001030526;-0.247
03/07/2013;DE0001030526;-0.286
04/07/2013;DE0001030526;-0.359
05/07/2013;DE0001030526;-0.342
08/07/2013;DE0001030526;-0.32
09/07/2013;DE0001030526;-0.324
10/07/2013;DE0001030526;-0.302
11/07/2013;DE0001030526;-0.321
12/07/2013;DE0001030526;-0.347
15/07/2013;DE0001030526;-0.35
16/07/2013;DE0001030526;-0.431
17/07/2013;DE0001030526;-0.411
18/07/2013;DE0001030526;-0.404
19/07/2013;DE0001030526;-0.417
22/07/2013;DE0001030526;-0.434
23/07/2013;DE0001030526;-0.388
24/07/2013;DE0001030526;-0.307
25/07/2013;DE0001030526;-0.296
26/07/2013;DE0001030526;-0.305
29/07/2013;DE0001030526;-0.275
30/07/2013;DE0001030526;-0.269
31/07/2013;DE0001030526;-0.282
01/08/2013;DE0001030526;-0.285
02/08/2013;DE0001030526;-0.327
05/08/2013;DE0001030526;-0.318
06/08/2013;DE0001030526;-0.33
07/08/2013;DE0001030526;-0.323
08/08/2013;DE0001030526;-0.314
09/08/2013;DE0001030526;-0.296
12/08/2013;DE0001030526;-0.281
13/08/2013;DE0001030526;-0.212
14/08/2013;DE0001030526;-0.216
15/08/2013;DE0001030526;-0.151
16/08/2013;DE0001030526;-0.164
19/08/2013;DE0001030526;-0.162
20/08/2013;DE0001030526;-0.176
21/08/2013;DE0001030526;-0.139
22/08/2013;DE0001030526;-0.093
23/08/2013;DE0001030526;-0.089
26/08/2013;DE0001030526;-0.121
27/08/2013;DE0001030526;-0.156
28/08/2013;DE0001030526;-0.144
29/08/2013;DE0001030526;-0.138
30/08/2013;DE0001030526;-0.117
02/09/2013;DE0001030526;-0.074
03/09/2013;DE0001030526;-0.034
04/09/2013;DE0001030526;-0.035
05/09/2013;DE0001030526;0.055
06/09/2013;DE0001030526;-0.02
09/09/2013;DE0001030526;-0.01
10/09/2013;DE0001030526;0.032
11/09/2013;DE0001030526;-0.03
12/09/2013;DE0001030526;-0.084
13/09/2013;DE0001030526;-0.102
16/09/2013;DE0001030526;-0.137
17/09/2013;DE0001030526;-0.143
18/09/2013;DE0001030526;-0.109
19/09/2013;DE0001030526;-0.183
20/09/2013;DE0001030526;-0.164
23/09/2013;DE0001030526;-0.181
24/09/2013;DE0001030526;-0.218
25/09/2013;DE0001030526;-0.226
26/09/2013;DE0001030526;-0.235
27/09/2013;DE0001030526;-0.263
30/09/2013;DE0001030526;-0.258
01/10/2013;DE0001030526;-0.246
02/10/2013;DE0001030526;-0.261
03/10/2013;DE0001030526;-0.271
04/10/2013;DE0001030526;-0.229
07/10/2013;DE0001030526;-0.276
08/10/2013;DE0001030526;-0.272
09/10/2013;DE0001030526;-0.265
10/10/2013;DE0001030526;-0.233
11/10/2013;DE0001030526;-0.226
14/10/2013;DE0001030526;-0.214
15/10/2013;DE0001030526;-0.151
16/10/2013;DE0001030526;-0.134
17/10/2013;DE0001030526;-0.191
18/10/2013;DE0001030526;-0.204
21/10/2013;DE0001030526;-0.18
22/10/2013;DE0001030526;-0.236
23/10/2013;DE0001030526;-0.257
24/10/2013;DE0001030526;-0.284
25/10/2013;DE0001030526;-0.287
28/10/2013;DE0001030526;-0.3
29/10/2013;DE0001030526;-0.308
30/10/2013;DE0001030526;-0.334
31/10/2013;DE0001030526;-0.328
01/11/2013;DE0001030526;-0.27
04/11/2013;DE0001030526;-0.293
05/11/2013;DE0001030526;-0.253
06/11/2013;DE0001030526;-0.23
07/11/2013;DE0001030526;-0.254
08/11/2013;DE0001030526;-0.158
11/11/2013;DE0001030526;-0.144
12/11/2013;DE0001030526;-0.112
13/11/2013;DE0001030526;-0.178
14/11/2013;DE0001030526;-0.201
15/11/2013;DE0001030526;-0.187
18/11/2013;DE0001030526;-0.203
19/11/2013;DE0001030526;-0.16
20/11/2013;DE0001030526;-0.172
21/11/2013;DE0001030526;-0.159
22/11/2013;DE0001030526;-0.14
25/11/2013;DE0001030526;-0.157
26/11/2013;DE0001030526;-0.144
27/11/2013;DE0001030526;-0.12
28/11/2013;DE0001030526;-0.149
29/11/2013;DE0001030526;-0.166
02/12/2013;DE0001030526;-0.149
03/12/2013;DE0001030526;-0.174
04/12/2013;DE0001030526;-0.122
05/12/2013;DE0001030526;-0.05
06/12/2013;DE0001030526;-0.048
09/12/2013;DE0001030526;-0.05
10/12/2013;DE0001030526;-0.044
11/12/2013;DE0001030526;-0.058
12/12/2013;DE0001030526;-0.021
13/12/2013;DE0001030526;-0.021
16/12/2013;DE0001030526;-0.001
17/12/2013;DE0001030526;-0.031
18/12/2013;DE0001030526;-0.036
19/12/2013;DE0001030526;-0.015
20/12/2013;DE0001030526;-0.009
23/12/2013;DE0001030526;-0.004
24/12/2013;DE0001030526;-0.036
25/12/2013;DE0001030526;#N/A N/A
26/12/2013;DE0001030526;#N/A N/A
27/12/2013;DE0001030526;0.061
30/12/2013;DE0001030526;0.022
31/12/2013;DE0001030526;-0.002
01/01/2014;DE0001030526;#N/A N/A
02/01/2014;DE0001030526;0.053
03/01/2014;DE0001030526;0.035
06/01/2014;DE0001030526;0.002
07/01/2014;DE0001030526;-0.009
08/01/2014;DE0001030526;-0.005
09/01/2014;DE0001030526;-0.004
10/01/2014;DE0001030526;-0.061
13/01/2014;DE0001030526;-0.096
14/01/2014;DE0001030526;-0.075
15/01/2014;DE0001030526;-0.055
16/01/2014;DE0001030526;-0.086
17/01/2014;DE0001030526;-0.14
20/01/2014;DE0001030526;-0.138
21/01/2014;DE0001030526;-0.121
22/01/2014;DE0001030526;-0.085
23/01/2014;DE0001030526;-0.118
24/01/2014;DE0001030526;-0.17
27/01/2014;DE0001030526;-0.158
28/01/2014;DE0001030526;-0.15
29/01/2014;DE0001030526;-0.179
30/01/2014;DE0001030526;-0.162
31/01/2014;DE0001030526;-0.193
03/02/2014;DE0001030526;-0.212
04/02/2014;DE0001030526;-0.193
05/02/2014;DE0001030526;-0.191
06/02/2014;DE0001030526;-0.108
07/02/2014;DE0001030526;-0.134
10/02/2014;DE0001030526;-0.11
11/02/2014;DE0001030526;-0.107
12/02/2014;DE0001030526;-0.082
13/02/2014;DE0001030526;-0.132
14/02/2014;DE0001030526;-0.131
17/02/2014;DE0001030526;-0.154
18/02/2014;DE0001030526;-0.168
19/02/2014;DE0001030526;-0.162
20/02/2014;DE0001030526;-0.139
21/02/2014;DE0001030526;-0.146
24/02/2014;DE0001030526;-0.143
25/02/2014;DE0001030526;-0.153
26/02/2014;DE0001030526;-0.153
27/02/2014;DE0001030526;-0.187
28/02/2014;DE0001030526;-0.16
03/03/2014;DE0001030526;-0.23
04/03/2014;DE0001030526;-0.223
05/03/2014;DE0001030526;-0.263
06/03/2014;DE0001030526;-0.231
07/03/2014;DE0001030526;-0.248
10/03/2014;DE0001030526;-0.255
11/03/2014;DE0001030526;-0.239
12/03/2014;DE0001030526;-0.263
13/03/2014;DE0001030526;-0.27
14/03/2014;DE0001030526;-0.278
17/03/2014;DE0001030526;-0.251
18/03/2014;DE0001030526;-0.24
19/03/2014;DE0001030526;-0.243
20/03/2014;DE0001030526;-0.208
21/03/2014;DE0001030526;-0.227
24/03/2014;DE0001030526;-0.28
25/03/2014;DE0001030526;-0.29
26/03/2014;DE0001030526;-0.329
27/03/2014;DE0001030526;-0.367
28/03/2014;DE0001030526;-0.364
31/03/2014;DE0001030526;-0.366
01/04/2014;DE0001030526;-0.356
02/04/2014;DE0001030526;-0.328
03/04/2014;DE0001030526;-0.371
04/04/2014;DE0001030526;-0.422
07/04/2014;DE0001030526;-0.433
08/04/2014;DE0001030526;-0.385
09/04/2014;DE0001030526;-0.357
10/04/2014;DE0001030526;-0.395
11/04/2014;DE0001030526;-0.384
14/04/2014;DE0001030526;-0.374
15/04/2014;DE0001030526;-0.415
16/04/2014;DE0001030526;-0.39
17/04/2014;DE0001030526;-0.37
18/04/2014;DE0001030526;#N/A N/A
21/04/2014;DE0001030526;#N/A N/A
22/04/2014;DE0001030526;-0.351
23/04/2014;DE0001030526;-0.366
24/04/2014;DE0001030526;-0.346
25/04/2014;DE0001030526;-0.365
28/04/2014;DE0001030526;-0.368
29/04/2014;DE0001030526;-0.373
30/04/2014;DE0001030526;-0.405
01/05/2014;DE0001030526;-0.412
02/05/2014;DE0001030526;-0.435
05/05/2014;DE0001030526;-0.443
06/05/2014;DE0001030526;-0.417
07/05/2014;DE0001030526;-0.383
08/05/2014;DE0001030526;-0.393
09/05/2014;DE0001030526;-0.395
12/05/2014;DE0001030526;-0.369
13/05/2014;DE0001030526;-0.393
14/05/2014;DE0001030526;-0.419
15/05/2014;DE0001030526;-0.463
16/05/2014;DE0001030526;-0.471
19/05/2014;DE0001030526;-0.468
20/05/2014;DE0001030526;-0.49
21/05/2014;DE0001030526;-0.452
22/05/2014;DE0001030526;-0.448
23/05/2014;DE0001030526;-0.431
26/05/2014;DE0001030526;-0.436
27/05/2014;DE0001030526;-0.444
28/05/2014;DE0001030526;-0.469
29/05/2014;DE0001030526;-0.471
30/05/2014;DE0001030526;-0.469
02/06/2014;DE0001030526;-0.452
03/06/2014;DE0001030526;-0.428
04/06/2014;DE0001030526;-0.446
05/06/2014;DE0001030526;-0.513
06/06/2014;DE0001030526;-0.539
09/06/2014;DE0001030526;-0.476
10/06/2014;DE0001030526;-0.435
11/06/2014;DE0001030526;-0.451
12/06/2014;DE0001030526;-0.472
13/06/2014;DE0001030526;-0.498
16/06/2014;DE0001030526;-0.515
17/06/2014;DE0001030526;-0.487
18/06/2014;DE0001030526;-0.506
19/06/2014;DE0001030526;-0.524
20/06/2014;DE0001030526;-0.494
23/06/2014;DE0001030526;-0.502
24/06/2014;DE0001030526;-0.505
25/06/2014;DE0001030526;-0.525
26/06/2014;DE0001030526;-0.528
27/06/2014;DE0001030526;-0.543
30/06/2014;DE0001030526;-0.571
01/07/2014;DE0001030526;-0.574
02/07/2014;DE0001030526;-0.554
03/07/2014;DE0001030526;-0.547
04/07/2014;DE0001030526;-0.536
07/07/2014;DE0001030526;-0.551
08/07/2014;DE0001030526;-0.574
09/07/2014;DE0001030526;-0.563
10/07/2014;DE0001030526;-0.584
11/07/2014;DE0001030526;-0.583
14/07/2014;DE0001030526;-0.569
15/07/2014;DE0001030526;-0.57
16/07/2014;DE0001030526;-0.581
17/07/2014;DE0001030526;-0.607
18/07/2014;DE0001030526;-0.606
21/07/2014;DE0001030526;-0.614
22/07/2014;DE0001030526;-0.62
23/07/2014;DE0001030526;-0.647
24/07/2014;DE0001030526;-0.646
25/07/2014;DE0001030526;-0.634
28/07/2014;DE0001030526;-0.611
29/07/2014;DE0001030526;-0.607
30/07/2014;DE0001030526;-0.578
31/07/2014;DE0001030526;-0.58
01/08/2014;DE0001030526;-0.563
04/08/2014;DE0001030526;-0.521
05/08/2014;DE0001030526;-0.474
06/08/2014;DE0001030526;-0.525
07/08/2014;DE0001030526;-0.513
08/08/2014;DE0001030526;-0.489
11/08/2014;DE0001030526;-0.439
12/08/2014;DE0001030526;-0.433
13/08/2014;DE0001030526;-0.464
14/08/2014;DE0001030526;-0.432
15/08/2014;DE0001030526;-0.412
18/08/2014;DE0001030526;-0.4
19/08/2014;DE0001030526;-0.438
20/08/2014;DE0001030526;-0.441
21/08/2014;DE0001030526;-0.425
22/08/2014;DE0001030526;-0.441
25/08/2014;DE0001030526;-0.498
26/08/2014;DE0001030526;-0.53
27/08/2014;DE0001030526;-0.582
28/08/2014;DE0001030526;-0.614
29/08/2014;DE0001030526;-0.634
01/09/2014;DE0001030526;-0.668
02/09/2014;DE0001030526;-0.64
03/09/2014;DE0001030526;-0.604
04/09/2014;DE0001030526;-0.677
05/09/2014;DE0001030526;-0.715
08/09/2014;DE0001030526;-0.708
09/09/2014;DE0001030526;-0.667
10/09/2014;DE0001030526;-0.66
11/09/2014;DE0001030526;-0.666
12/09/2014;DE0001030526;-0.632
15/09/2014;DE0001030526;-0.642
16/09/2014;DE0001030526;-0.62
17/09/2014;DE0001030526;-0.627
18/09/2014;DE0001030526;-0.603
19/09/2014;DE0001030526;-0.65
22/09/2014;DE0001030526;-0.678
23/09/2014;DE0001030526;-0.674
24/09/2014;DE0001030526;-0.676
25/09/2014;DE0001030526;-0.701
26/09/2014;DE0001030526;-0.699
29/09/2014;DE0001030526;-0.716
30/09/2014;DE0001030526;-0.747
01/10/2014;DE0001030526;-0.732
02/10/2014;DE0001030526;-0.702
03/10/2014;DE0001030526;-0.658
06/10/2014;DE0001030526;-0.627
07/10/2014;DE0001030526;-0.614
08/10/2014;DE0001030526;-0.609
09/10/2014;DE0001030526;-0.585
10/10/2014;DE0001030526;-0.543
13/10/2014;DE0001030526;-0.52
14/10/2014;DE0001030526;-0.512
15/10/2014;DE0001030526;-0.528
16/10/2014;DE0001030526;-0.503
17/10/2014;DE0001030526;-0.518
20/10/2014;DE0001030526;-0.603
21/10/2014;DE0001030526;-0.617
22/10/2014;DE0001030526;-0.6
23/10/2014;DE0001030526;-0.59
24/10/2014;DE0001030526;-0.568
27/10/2014;DE0001030526;-0.584
28/10/2014;DE0001030526;-0.59
29/10/2014;DE0001030526;-0.613
30/10/2014;DE0001030526;-0.622
31/10/2014;DE0001030526;-0.615
03/11/2014;DE0001030526;-0.58
04/11/2014;DE0001030526;-0.61
05/11/2014;DE0001030526;-0.576
06/11/2014;DE0001030526;-0.612
07/11/2014;DE0001030526;-0.655
10/11/2014;DE0001030526;-0.653
11/11/2014;DE0001030526;-0.646
12/11/2014;DE0001030526;-0.644
13/11/2014;DE0001030526;-0.609
14/11/2014;DE0001030526;-0.604
17/11/2014;DE0001030526;-0.531
18/11/2014;DE0001030526;-0.515
19/11/2014;DE0001030526;-0.468
20/11/2014;DE0001030526;-0.479
21/11/2014;DE0001030526;-0.506
24/11/2014;DE0001030526;-0.53
25/11/2014;DE0001030526;-0.576
26/11/2014;DE0001030526;-0.591
27/11/2014;DE0001030526;-0.556
28/11/2014;DE0001030526;-0.522
01/12/2014;DE0001030526;-0.453
02/12/2014;DE0001030526;-0.471
03/12/2014;DE0001030526;-0.491
04/12/2014;DE0001030526;-0.483
05/12/2014;DE0001030526;-0.503
08/12/2014;DE0001030526;-0.514
09/12/2014;DE0001030526;-0.489
10/12/2014;DE0001030526;-0.447
11/12/2014;DE0001030526;-0.349
12/12/2014;DE0001030526;-0.267
15/12/2014;DE0001030526;-0.296
16/12/2014;DE0001030526;-0.22
17/12/2014;DE0001030526;-0.253
18/12/2014;DE0001030526;-0.261
19/12/2014;DE0001030526;-0.309
22/12/2014;DE0001030526;-0.368
23/12/2014;DE0001030526;-0.42
24/12/2014;DE0001030526;-0.407
25/12/2014;DE0001030526;#N/A N/A
26/12/2014;DE0001030526;#N/A N/A
29/12/2014;DE0001030526;-0.448
30/12/2014;DE0001030526;-0.391
31/12/2014;DE0001030526;-0.379
01/01/2015;DE0001030526;#N/A N/A
02/01/2015;DE0001030526;-0.35
05/01/2015;DE0001030526;-0.245
06/01/2015;DE0001030526;-0.162
07/01/2015;DE0001030526;-0.182
08/01/2015;DE0001030526;-0.239
09/01/2015;DE0001030526;-0.232
12/01/2015;DE0001030526;-0.191
13/01/2015;DE0001030526;-0.174
14/01/2015;DE0001030526;-0.213
15/01/2015;DE0001030526;-0.271
16/01/2015;DE0001030526;-0.319
19/01/2015;DE0001030526;-0.392
20/01/2015;DE0001030526;-0.385
21/01/2015;DE0001030526;-0.446
22/01/2015;DE0001030526;-0.573
23/01/2015;DE0001030526;-0.571
26/01/2015;DE0001030526;-0.477
27/01/2015;DE0001030526;-0.466
28/01/2015;DE0001030526;-0.455
29/01/2015;DE0001030526;-0.457
30/01/2015;DE0001030526;-0.543
02/02/2015;DE0001030526;-0.594
03/02/2015;DE0001030526;-0.63
04/02/2015;DE0001030526;-0.604
05/02/2015;DE0001030526;-0.625
06/02/2015;DE0001030526;-0.617
09/02/2015;DE0001030526;-0.59
10/02/2015;DE0001030526;-0.552
11/02/2015;DE0001030526;-0.531
12/02/2015;DE0001030526;-0.561
13/02/2015;DE0001030526;-0.608
16/02/2015;DE0001030526;-0.638
17/02/2015;DE0001030526;-0.621
18/02/2015;DE0001030526;-0.642
19/02/2015;DE0001030526;-0.675
20/02/2015;DE0001030526;-0.696
23/02/2015;DE0001030526;-0.695
24/02/2015;DE0001030526;-0.677
25/02/2015;DE0001030526;-0.676
26/02/2015;DE0001030526;-0.69
27/02/2015;DE0001030526;-0.77
02/03/2015;DE0001030526;-0.774
03/03/2015;DE0001030526;-0.828
04/03/2015;DE0001030526;-0.875
05/03/2015;DE0001030526;-0.985
06/03/2015;DE0001030526;-0.955
09/03/2015;DE0001030526;-0.96
10/03/2015;DE0001030526;-0.974
11/03/2015;DE0001030526;-0.985
12/03/2015;DE0001030526;-1.057
13/03/2015;DE0001030526;-1.065
16/03/2015;DE0001030526;-1.002
17/03/2015;DE0001030526;-0.977
18/03/2015;DE0001030526;-1.032
19/03/2015;DE0001030526;-1.031
20/03/2015;DE0001030526;-1.111
23/03/2015;DE0001030526;-1.105
24/03/2015;DE0001030526;-1.084
25/03/2015;DE0001030526;-1.087
26/03/2015;DE0001030526;-1.155
27/03/2015;DE0001030526;-1.117
30/03/2015;DE0001030526;-1.056
31/03/2015;DE0001030526;-1.096
01/04/2015;DE0001030526;-1.147
02/04/2015;DE0001030526;-1.156
03/04/2015;DE0001030526;#N/A N/A
06/04/2015;DE0001030526;#N/A N/A
07/04/2015;DE0001030526;-1.166
08/04/2015;DE0001030526;-1.196
09/04/2015;DE0001030526;-1.218
10/04/2015;DE0001030526;-1.201
13/04/2015;DE0001030526;-1.223
14/04/2015;DE0001030526;-1.253
15/04/2015;DE0001030526;-1.288
16/04/2015;DE0001030526;-1.291
17/04/2015;DE0001030526;-1.306
20/04/2015;DE0001030526;-1.275
21/04/2015;DE0001030526;-1.253
22/04/2015;DE0001030526;-1.193
23/04/2015;DE0001030526;-1.178
24/04/2015;DE0001030526;-1.174
27/04/2015;DE0001030526;-1.185
28/04/2015;DE0001030526;-1.184
29/04/2015;DE0001030526;-1.11
30/04/2015;DE0001030526;-1.101
01/05/2015;DE0001030526;-1.103
04/05/2015;DE0001030526;-1.049
05/05/2015;DE0001030526;-1.013
06/05/2015;DE0001030526;-0.955
07/05/2015;DE0001030526;-0.909
08/05/2015;DE0001030526;-0.903
11/05/2015;DE0001030526;-0.872
12/05/2015;DE0001030526;-0.854
13/05/2015;DE0001030526;-0.851
14/05/2015;DE0001030526;-0.84
15/05/2015;DE0001030526;-0.84
18/05/2015;DE0001030526;-0.845
19/05/2015;DE0001030526;-0.89
20/05/2015;DE0001030526;-0.87
21/05/2015;DE0001030526;-0.832
22/05/2015;DE0001030526;-0.785
25/05/2015;DE0001030526;-0.769
26/05/2015;DE0001030526;-0.75
27/05/2015;DE0001030526;-0.704
28/05/2015;DE0001030526;-0.695
29/05/2015;DE0001030526;-0.776
01/06/2015;DE0001030526;-0.755
02/06/2015;DE0001030526;-0.741
03/06/2015;DE0001030526;-0.646
04/06/2015;DE0001030526;-0.676
05/06/2015;DE0001030526;-0.701
08/06/2015;DE0001030526;-0.698
09/06/2015;DE0001030526;-0.689
10/06/2015;DE0001030526;-0.735
11/06/2015;DE0001030526;-0.758
12/06/2015;DE0001030526;-0.799
15/06/2015;DE0001030526;-0.772
16/06/2015;DE0001030526;-0.784
17/06/2015;DE0001030526;-0.774
18/06/2015;DE0001030526;-0.791
19/06/2015;DE0001030526;-0.79
22/06/2015;DE0001030526;-0.773
23/06/2015;DE0001030526;-0.802
24/06/2015;DE0001030526;-0.811
25/06/2015;DE0001030526;-0.832
26/06/2015;DE0001030526;-0.783
29/06/2015;DE0001030526;-0.782
30/06/2015;DE0001030526;-0.833
01/07/2015;DE0001030526;-0.817
02/07/2015;DE0001030526;-0.778
03/07/2015;DE0001030526;-0.81
06/07/2015;DE0001030526;-0.778
07/07/2015;DE0001030526;-0.74
08/07/2015;DE0001030526;-0.699
09/07/2015;DE0001030526;-0.708
10/07/2015;DE0001030526;-0.612
13/07/2015;DE0001030526;-0.653
14/07/2015;DE0001030526;-0.638
15/07/2015;DE0001030526;-0.681
16/07/2015;DE0001030526;-0.663
17/07/2015;DE0001030526;-0.655
20/07/2015;DE0001030526;-0.654
21/07/2015;DE0001030526;-0.602
22/07/2015;DE0001030526;-0.608
23/07/2015;DE0001030526;-0.601
24/07/2015;DE0001030526;-0.609
27/07/2015;DE0001030526;-0.555
28/07/2015;DE0001030526;-0.579
29/07/2015;DE0001030526;-0.578
30/07/2015;DE0001030526;-0.623
31/07/2015;DE0001030526;-0.593
03/08/2015;DE0001030526;-0.553
04/08/2015;DE0001030526;-0.573
05/08/2015;DE0001030526;-0.572
06/08/2015;DE0001030526;-0.554
07/08/2015;DE0001030526;-0.573
10/08/2015;DE0001030526;-0.563
11/08/2015;DE0001030526;-0.533
12/08/2015;DE0001030526;-0.501
13/08/2015;DE0001030526;-0.5
14/08/2015;DE0001030526;-0.505
17/08/2015;DE0001030526;-0.519
18/08/2015;DE0001030526;-0.484
19/08/2015;DE0001030526;-0.461
20/08/2015;DE0001030526;-0.432
21/08/2015;DE0001030526;-0.355
24/08/2015;DE0001030526;-0.27
25/08/2015;DE0001030526;-0.277
26/08/2015;DE0001030526;-0.233
27/08/2015;DE0001030526;-0.285
28/08/2015;DE0001030526;-0.352
31/08/2015;DE0001030526;-0.358
01/09/2015;DE0001030526;-0.395
02/09/2015;DE0001030526;-0.395
03/09/2015;DE0001030526;-0.485
04/09/2015;DE0001030526;-0.462
07/09/2015;DE0001030526;-0.423
08/09/2015;DE0001030526;-0.409
09/09/2015;DE0001030526;-0.445
10/09/2015;DE0001030526;-0.431
11/09/2015;DE0001030526;-0.462
14/09/2015;DE0001030526;-0.466
15/09/2015;DE0001030526;-0.445
16/09/2015;DE0001030526;-0.47
17/09/2015;DE0001030526;-0.466
18/09/2015;DE0001030526;-0.503
21/09/2015;DE0001030526;-0.523
22/09/2015;DE0001030526;-0.565
23/09/2015;DE0001030526;-0.598
24/09/2015;DE0001030526;-0.603
25/09/2015;DE0001030526;-0.608
28/09/2015;DE0001030526;-0.589
29/09/2015;DE0001030526;-0.564
30/09/2015;DE0001030526;-0.571
01/10/2015;DE0001030526;-0.633
02/10/2015;DE0001030526;-0.649
05/10/2015;DE0001030526;-0.684
06/10/2015;DE0001030526;-0.69
07/10/2015;DE0001030526;-0.748
08/10/2015;DE0001030526;-0.749
09/10/2015;DE0001030526;-0.752
12/10/2015;DE0001030526;-0.774
13/10/2015;DE0001030526;-0.742
14/10/2015;DE0001030526;-0.747
15/10/2015;DE0001030526;-0.744
16/10/2015;DE0001030526;-0.769
19/10/2015;DE0001030526;-0.788
20/10/2015;DE0001030526;-0.738
21/10/2015;DE0001030526;-0.758
22/10/2015;DE0001030526;-0.852
23/10/2015;DE0001030526;-0.884
26/10/2015;DE0001030526;-0.881
27/10/2015;DE0001030526;-0.88
28/10/2015;DE0001030526;-0.898
29/10/2015;DE0001030526;-0.872
30/10/2015;DE0001030526;-0.855
02/11/2015;DE0001030526;-0.834
03/11/2015;DE0001030526;-0.84
04/11/2015;DE0001030526;-0.859
05/11/2015;DE0001030526;-0.818
06/11/2015;DE0001030526;-0.789
09/11/2015;DE0001030526;-0.857
10/11/2015;DE0001030526;-0.91
11/11/2015;DE0001030526;-0.877
12/11/2015;DE0001030526;-0.848
13/11/2015;DE0001030526;-0.859
16/11/2015;DE0001030526;-0.873
17/11/2015;DE0001030526;-0.868
18/11/2015;DE0001030526;-0.86
19/11/2015;DE0001030526;-0.873
20/11/2015;DE0001030526;-0.874
23/11/2015;DE0001030526;-0.887
24/11/2015;DE0001030526;-0.913
25/11/2015;DE0001030526;-0.946
26/11/2015;DE0001030526;-0.956
27/11/2015;DE0001030526;-0.969
30/11/2015;DE0001030526;-0.994
01/12/2015;DE0001030526;-1.028
02/12/2015;DE0001030526;-1.001
03/12/2015;DE0001030526;-0.801
04/12/2015;DE0001030526;-0.722
07/12/2015;DE0001030526;-0.737
08/12/2015;DE0001030526;-0.73
09/12/2015;DE0001030526;-0.749
10/12/2015;DE0001030526;-0.796
11/12/2015;DE0001030526;-0.761
14/12/2015;DE0001030526;-0.72
15/12/2015;DE0001030526;-0.726
16/12/2015;DE0001030526;-0.691
17/12/2015;DE0001030526;-0.705
18/12/2015;DE0001030526;-0.683
21/12/2015;DE0001030526;-0.655
22/12/2015;DE0001030526;-0.604
23/12/2015;DE0001030526;-0.574
24/12/2015;DE0001030526;-0.573
25/12/2015;DE0001030526;#N/A N/A
28/12/2015;DE0001030526;-0.576
29/12/2015;DE0001030526;-0.583
30/12/2015;DE0001030526;-0.6
31/12/2015;DE0001030526;-0.601
01/01/2016;DE0001030526;#N/A N/A
04/01/2016;DE0001030526;-0.602
05/01/2016;DE0001030526;-0.605
06/01/2016;DE0001030526;-0.583
07/01/2016;DE0001030526;-0.552
08/01/2016;DE0001030526;-0.594
11/01/2016;DE0001030526;-0.554
12/01/2016;DE0001030526;-0.544
13/01/2016;DE0001030526;-0.562
14/01/2016;DE0001030526;-0.555
15/01/2016;DE0001030526;-0.537
18/01/2016;DE0001030526;-0.543
19/01/2016;DE0001030526;-0.561
20/01/2016;DE0001030526;-0.52
21/01/2016;DE0001030526;-0.566
22/01/2016;DE0001030526;-0.598
25/01/2016;DE0001030526;-0.61
26/01/2016;DE0001030526;-0.626
27/01/2016;DE0001030526;-0.636
28/01/2016;DE0001030526;-0.706
29/01/2016;DE0001030526;-0.743
01/02/2016;DE0001030526;-0.691
02/02/2016;DE0001030526;-0.683
03/02/2016;DE0001030526;-0.706
04/02/2016;DE0001030526;-0.716
05/02/2016;DE0001030526;-0.73
08/02/2016;DE0001030526;-0.733
09/02/2016;DE0001030526;-0.7
10/02/2016;DE0001030526;-0.683
11/02/2016;DE0001030526;-0.645
12/02/2016;DE0001030526;-0.618
15/02/2016;DE0001030526;-0.684
16/02/2016;DE0001030526;-0.65
17/02/2016;DE0001030526;-0.651
18/02/2016;DE0001030526;-0.688
19/02/2016;DE0001030526;-0.627
22/02/2016;DE0001030526;-0.657
23/02/2016;DE0001030526;-0.663
24/02/2016;DE0001030526;-0.625
25/02/2016;DE0001030526;-0.597
26/02/2016;DE0001030526;-0.62
29/02/2016;DE0001030526;-0.594
01/03/2016;DE0001030526;-0.598
02/03/2016;DE0001030526;-0.645
03/03/2016;DE0001030526;-0.765
04/03/2016;DE0001030526;-0.757
07/03/2016;DE0001030526;-0.813
08/03/2016;DE0001030526;-0.821
09/03/2016;DE0001030526;-0.79
10/03/2016;DE0001030526;-0.732
11/03/2016;DE0001030526;-0.778
14/03/2016;DE0001030526;-0.775
15/03/2016;DE0001030526;-0.736
16/03/2016;DE0001030526;-0.733
17/03/2016;DE0001030526;-0.825
18/03/2016;DE0001030526;-0.884
21/03/2016;DE0001030526;-0.887
22/03/2016;DE0001030526;-0.892
23/03/2016;DE0001030526;-0.94
24/03/2016;DE0001030526;-0.924
25/03/2016;DE0001030526;#N/A N/A
28/03/2016;DE0001030526;#N/A N/A
29/03/2016;DE0001030526;-0.948
30/03/2016;DE0001030526;-0.987
31/03/2016;DE0001030526;-0.997
01/04/2016;DE0001030526;-0.99
04/04/2016;DE0001030526;-0.991
05/04/2016;DE0001030526;-1.003
06/04/2016;DE0001030526;-1.051
07/04/2016;DE0001030526;-1.068
08/04/2016;DE0001030526;-1.086
11/04/2016;DE0001030526;-1.079
12/04/2016;DE0001030526;-1.094
13/04/2016;DE0001030526;-1.105
14/04/2016;DE0001030526;-1.096
15/04/2016;DE0001030526;-1.122
18/04/2016;DE0001030526;-1.121
19/04/2016;DE0001030526;-1.172
20/04/2016;DE0001030526;-1.148
21/04/2016;DE0001030526;-1.148
22/04/2016;DE0001030526;-1.159
25/04/2016;DE0001030526;-1.148
26/04/2016;DE0001030526;-1.147
27/04/2016;DE0001030526;-1.156
28/04/2016;DE0001030526;-1.166
29/04/2016;DE0001030526;-1.193
02/05/2016;DE0001030526;-1.183
03/05/2016;DE0001030526;-1.165
04/05/2016;DE0001030526;-1.166
05/05/2016;DE0001030526;-1.169
06/05/2016;DE0001030526;-1.149
09/05/2016;DE0001030526;-1.15
10/05/2016;DE0001030526;-1.139
11/05/2016;DE0001030526;-1.14
12/05/2016;DE0001030526;-1.105
13/05/2016;DE0001030526;-1.079
16/05/2016;DE0001030526;-1.07
17/05/2016;DE0001030526;-1.066
18/05/2016;DE0001030526;-1.045
19/05/2016;DE0001030526;-0.992
20/05/2016;DE0001030526;-0.982
23/05/2016;DE0001030526;-0.966
24/05/2016;DE0001030526;-0.959
25/05/2016;DE0001030526;-0.959
26/05/2016;DE0001030526;-0.956
27/05/2016;DE0001030526;-0.949
30/05/2016;DE0001030526;-0.919
31/05/2016;DE0001030526;-0.918
01/06/2016;DE0001030526;-0.883
02/06/2016;DE0001030526;-0.894
03/06/2016;DE0001030526;-0.913
06/06/2016;DE0001030526;-0.912
07/06/2016;DE0001030526;-0.913
08/06/2016;DE0001030526;-0.917
09/06/2016;DE0001030526;-0.93
10/06/2016;DE0001030526;-0.876
13/06/2016;DE0001030526;-0.882
14/06/2016;DE0001030526;-0.884
15/06/2016;DE0001030526;-0.893
16/06/2016;DE0001030526;-0.89
17/06/2016;DE0001030526;-0.904
20/06/2016;DE0001030526;-0.917
21/06/2016;DE0001030526;-0.895
22/06/2016;DE0001030526;-0.907
23/06/2016;DE0001030526;-0.913
24/06/2016;DE0001030526;-0.909
27/06/2016;DE0001030526;-0.853
28/06/2016;DE0001030526;-0.896
29/06/2016;DE0001030526;-0.963
30/06/2016;DE0001030526;-0.98
01/07/2016;DE0001030526;-0.943
04/07/2016;DE0001030526;-0.945
05/07/2016;DE0001030526;-0.93
06/07/2016;DE0001030526;-0.898
07/07/2016;DE0001030526;-0.886
08/07/2016;DE0001030526;-0.903
11/07/2016;DE0001030526;-0.871
12/07/2016;DE0001030526;-0.868
13/07/2016;DE0001030526;-0.893
14/07/2016;DE0001030526;-0.904
15/07/2016;DE0001030526;-0.914
18/07/2016;DE0001030526;-0.906
19/07/2016;DE0001030526;-0.898
20/07/2016;DE0001030526;-0.874
21/07/2016;DE0001030526;-0.878
22/07/2016;DE0001030526;-0.861
25/07/2016;DE0001030526;-0.862
26/07/2016;DE0001030526;-0.877
27/07/2016;DE0001030526;-0.922
28/07/2016;DE0001030526;-0.916
29/07/2016;DE0001030526;-0.926
01/08/2016;DE0001030526;-0.92
02/08/2016;DE0001030526;-0.879
03/08/2016;DE0001030526;-0.878
04/08/2016;DE0001030526;-0.912
05/08/2016;DE0001030526;-0.93
08/08/2016;DE0001030526;-0.947
09/08/2016;DE0001030526;-0.954
10/08/2016;DE0001030526;-0.965
11/08/2016;DE0001030526;-0.968
12/08/2016;DE0001030526;-0.984
15/08/2016;DE0001030526;-0.987
16/08/2016;DE0001030526;-0.973
17/08/2016;DE0001030526;-0.977
18/08/2016;DE0001030526;-0.986
19/08/2016;DE0001030526;-0.963
22/08/2016;DE0001030526;-0.991
23/08/2016;DE0001030526;-0.998
24/08/2016;DE0001030526;-0.998
25/08/2016;DE0001030526;-0.987
26/08/2016;DE0001030526;-0.985
29/08/2016;DE0001030526;-1
30/08/2016;DE0001030526;-1.008
31/08/2016;DE0001030526;-0.981
01/09/2016;DE0001030526;-1.01
02/09/2016;DE0001030526;-1.01
05/09/2016;DE0001030526;-1.029
06/09/2016;DE0001030526;-1.092
07/09/2016;DE0001030526;-1.147
08/09/2016;DE0001030526;-1.128
09/09/2016;DE0001030526;-1.12
12/09/2016;DE0001030526;-1.117
13/09/2016;DE0001030526;-1.097
14/09/2016;DE0001030526;-1.126
15/09/2016;DE0001030526;-1.137
16/09/2016;DE0001030526;-1.154
19/09/2016;DE0001030526;-1.168
20/09/2016;DE0001030526;-1.209
21/09/2016;DE0001030526;-1.199
22/09/2016;DE0001030526;-1.249
23/09/2016;DE0001030526;-1.262
26/09/2016;DE0001030526;-1.277
27/09/2016;DE0001030526;-1.28
28/09/2016;DE0001030526;-1.283
29/09/2016;DE0001030526;-1.321
30/09/2016;DE0001030526;-1.321
03/10/2016;DE0001030526;-1.329
04/10/2016;DE0001030526;-1.323
05/10/2016;DE0001030526;-1.316
06/10/2016;DE0001030526;-1.318
07/10/2016;DE0001030526;-1.306
10/10/2016;DE0001030526;-1.298
11/10/2016;DE0001030526;-1.298
12/10/2016;DE0001030526;-1.27
13/10/2016;DE0001030526;-1.28
14/10/2016;DE0001030526;-1.275
17/10/2016;DE0001030526;-1.285
18/10/2016;DE0001030526;-1.321
19/10/2016;DE0001030526;-1.336
20/10/2016;DE0001030526;-1.334
21/10/2016;DE0001030526;-1.335
24/10/2016;DE0001030526;-1.343
25/10/2016;DE0001030526;-1.329
26/10/2016;DE0001030526;-1.282
27/10/2016;DE0001030526;-1.243
28/10/2016;DE0001030526;-1.225
31/10/2016;DE0001030526;-1.223
01/11/2016;DE0001030526;-1.202
02/11/2016;DE0001030526;-1.16
03/11/2016;DE0001030526;-1.142
04/11/2016;DE0001030526;-1.157
07/11/2016;DE0001030526;-1.156
08/11/2016;DE0001030526;-1.163
09/11/2016;DE0001030526;-1.184
10/11/2016;DE0001030526;-1.16
11/11/2016;DE0001030526;-1.14
14/11/2016;DE0001030526;-1.153
15/11/2016;DE0001030526;-1.148
16/11/2016;DE0001030526;-1.15
17/11/2016;DE0001030526;-1.152
18/11/2016;DE0001030526;-1.179
21/11/2016;DE0001030526;-1.219
22/11/2016;DE0001030526;-1.291
23/11/2016;DE0001030526;-1.243
24/11/2016;DE0001030526;-1.274
25/11/2016;DE0001030526;-1.25
28/11/2016;DE0001030526;-1.257
29/11/2016;DE0001030526;-1.261
30/11/2016;DE0001030526;-1.29
01/12/2016;DE0001030526;-1.295
02/12/2016;DE0001030526;-1.328
05/12/2016;DE0001030526;-1.337
06/12/2016;DE0001030526;-1.334
07/12/2016;DE0001030526;-1.315
08/12/2016;DE0001030526;-1.354
09/12/2016;DE0001030526;-1.396
12/12/2016;DE0001030526;-1.405
13/12/2016;DE0001030526;-1.424
14/12/2016;DE0001030526;-1.413
15/12/2016;DE0001030526;-1.397
16/12/2016;DE0001030526;-1.408
19/12/2016;DE0001030526;-1.44
20/12/2016;DE0001030526;-1.447
21/12/2016;DE0001030526;-1.444
22/12/2016;DE0001030526;-1.437
23/12/2016;DE0001030526;-1.448
26/12/2016;DE0001030526;#N/A N/A
27/12/2016;DE0001030526;-1.48
28/12/2016;DE0001030526;-1.508
29/12/2016;DE0001030526;-1.521
30/12/2016;DE0001030526;-1.498
02/01/2017;DE0001030526;-1.545
03/01/2017;DE0001030526;-1.561
04/01/2017;DE0001030526;-1.575
05/01/2017;DE0001030526;-1.514
06/01/2017;DE0001030526;-1.487
09/01/2017;DE0001030526;-1.501
10/01/2017;DE0001030526;-1.487
11/01/2017;DE0001030526;-1.494
12/01/2017;DE0001030526;-1.483
13/01/2017;DE0001030526;-1.483
16/01/2017;DE0001030526;-1.501
17/01/2017;DE0001030526;-1.505
18/01/2017;DE0001030526;-1.495
19/01/2017;DE0001030526;-1.511
20/01/2017;DE0001030526;-1.529
23/01/2017;DE0001030526;-1.551
24/01/2017;DE0001030526;-1.541
25/01/2017;DE0001030526;-1.501
26/01/2017;DE0001030526;-1.525
27/01/2017;DE0001030526;-1.543
30/01/2017;DE0001030526;-1.564
31/01/2017;DE0001030526;-1.602
01/02/2017;DE0001030526;-1.613
02/02/2017;DE0001030526;-1.612
03/02/2017;DE0001030526;-1.609
06/02/2017;DE0001030526;-1.614
07/02/2017;DE0001030526;-1.611
08/02/2017;DE0001030526;-1.625
09/02/2017;DE0001030526;-1.621
10/02/2017;DE0001030526;-1.631
13/02/2017;DE0001030526;-1.627
14/02/2017;DE0001030526;-1.595
15/02/2017;DE0001030526;-1.59
16/02/2017;DE0001030526;-1.564
17/02/2017;DE0001030526;-1.605
20/02/2017;DE0001030526;-1.611
21/02/2017;DE0001030526;-1.604
22/02/2017;DE0001030526;-1.613
23/02/2017;DE0001030526;-1.641
24/02/2017;DE0001030526;-1.651
27/02/2017;DE0001030526;-1.623
28/02/2017;DE0001030526;-1.592
01/03/2017;DE0001030526;-1.533
02/03/2017;DE0001030526;-1.565
03/03/2017;DE0001030526;-1.542
06/03/2017;DE0001030526;-1.55
07/03/2017;DE0001030526;-1.604
08/03/2017;DE0001030526;-1.593
09/03/2017;DE0001030526;-1.595
10/03/2017;DE0001030526;-1.545
13/03/2017;DE0001030526;-1.535
14/03/2017;DE0001030526;-1.535
15/03/2017;DE0001030526;-1.564
16/03/2017;DE0001030526;-1.566
17/03/2017;DE0001030526;-1.554
20/03/2017;DE0001030526;-1.523
21/03/2017;DE0001030526;-1.478
22/03/2017;DE0001030526;-1.466
23/03/2017;DE0001030526;-1.439
24/03/2017;DE0001030526;-1.483
27/03/2017;DE0001030526;-1.446
28/03/2017;DE0001030526;-1.466
29/03/2017;DE0001030526;-1.539
30/03/2017;DE0001030526;-1.573
31/03/2017;DE0001030526;-1.578
03/04/2017;DE0001030526;-1.645
04/04/2017;DE0001030526;-1.625
05/04/2017;DE0001030526;-1.674
06/04/2017;DE0001030526;-1.635
07/04/2017;DE0001030526;-1.67
10/04/2017;DE0001030526;-1.703
11/04/2017;DE0001030526;-1.707
12/04/2017;DE0001030526;-1.687
13/04/2017;DE0001030526;-1.704
14/04/2017;DE0001030526;-1.704
17/04/2017;DE0001030526;#N/A N/A
18/04/2017;DE0001030526;-1.708
19/04/2017;DE0001030526;-1.674
20/04/2017;DE0001030526;-1.631
21/04/2017;DE0001030526;-1.629
24/04/2017;DE0001030526;-1.554
25/04/2017;DE0001030526;-1.517
26/04/2017;DE0001030526;-1.537
27/04/2017;DE0001030526;-1.575
28/04/2017;DE0001030526;-1.607
01/05/2017;DE0001030526;#N/A N/A
02/05/2017;DE0001030526;-1.599
03/05/2017;DE0001030526;-1.603
04/05/2017;DE0001030526;-1.552
05/05/2017;DE0001030526;-1.503
08/05/2017;DE0001030526;-1.463
09/05/2017;DE0001030526;-1.445
10/05/2017;DE0001030526;-1.473
11/05/2017;DE0001030526;-1.449
12/05/2017;DE0001030526;-1.453
15/05/2017;DE0001030526;-1.432
16/05/2017;DE0001030526;-1.422
17/05/2017;DE0001030526;-1.423
18/05/2017;DE0001030526;-1.38
19/05/2017;DE0001030526;-1.375
22/05/2017;DE0001030526;-1.358
23/05/2017;DE0001030526;-1.373
24/05/2017;DE0001030526;-1.379
25/05/2017;DE0001030526;-1.363
26/05/2017;DE0001030526;-1.348
29/05/2017;DE0001030526;-1.336
30/05/2017;DE0001030526;-1.358
31/05/2017;DE0001030526;-1.326
01/06/2017;DE0001030526;-1.311
02/06/2017;DE0001030526;-1.321
05/06/2017;DE0001030526;-1.315
06/06/2017;DE0001030526;-1.345
07/06/2017;DE0001030526;-1.305
08/06/2017;DE0001030526;-1.281
09/06/2017;DE0001030526;-1.286
12/06/2017;DE0001030526;-1.289
13/06/2017;DE0001030526;-1.258
14/06/2017;DE0001030526;-1.233
15/06/2017;DE0001030526;-1.159
16/06/2017;DE0001030526;-1.152
19/06/2017;DE0001030526;-1.144
20/06/2017;DE0001030526;-1.101
21/06/2017;DE0001030526;-1.068
22/06/2017;DE0001030526;-1.043
23/06/2017;DE0001030526;-1.056
26/06/2017;DE0001030526;-1.062
27/06/2017;DE0001030526;-0.997
28/06/2017;DE0001030526;-1.004
29/06/2017;DE0001030526;-1.004
30/06/2017;DE0001030526;-1.029
03/07/2017;DE0001030526;-1.035
04/07/2017;DE0001030526;-1.076
05/07/2017;DE0001030526;-1.064
06/07/2017;DE0001030526;-1.033
07/07/2017;DE0001030526;-1.052
10/07/2017;DE0001030526;-1.08
11/07/2017;DE0001030526;-1.09
12/07/2017;DE0001030526;-1.143
13/07/2017;DE0001030526;-1.138
14/07/2017;DE0001030526;-1.125
17/07/2017;DE0001030526;-1.138
18/07/2017;DE0001030526;-1.157
19/07/2017;DE0001030526;-1.173
20/07/2017;DE0001030526;-1.157
21/07/2017;DE0001030526;-1.172
24/07/2017;DE0001030526;-1.169
25/07/2017;DE0001030526;-1.18
26/07/2017;DE0001030526;-1.19
27/07/2017;DE0001030526;-1.212
28/07/2017;DE0001030526;-1.24
31/07/2017;DE0001030526;-1.273
01/08/2017;DE0001030526;-1.303
02/08/2017;DE0001030526;-1.296
03/08/2017;DE0001030526;-1.296
04/08/2017;DE0001030526;-1.3
07/08/2017;DE0001030526;-1.326
08/08/2017;DE0001030526;-1.304
09/08/2017;DE0001030526;-1.315
10/08/2017;DE0001030526;-1.312
11/08/2017;DE0001030526;-1.317
14/08/2017;DE0001030526;-1.302
15/08/2017;DE0001030526;-1.288
16/08/2017;DE0001030526;-1.29
17/08/2017;DE0001030526;-1.287
18/08/2017;DE0001030526;-1.283
21/08/2017;DE0001030526;-1.3
22/08/2017;DE0001030526;-1.289
23/08/2017;DE0001030526;-1.315
24/08/2017;DE0001030526;-1.317
25/08/2017;DE0001030526;-1.316
28/08/2017;DE0001030526;-1.329
29/08/2017;DE0001030526;-1.343
30/08/2017;DE0001030526;-1.367
31/08/2017;DE0001030526;-1.378
01/09/2017;DE0001030526;-1.379
04/09/2017;DE0001030526;-1.41
05/09/2017;DE0001030526;-1.437
06/09/2017;DE0001030526;-1.42
07/09/2017;DE0001030526;-1.422
08/09/2017;DE0001030526;-1.432
11/09/2017;DE0001030526;-1.453
12/09/2017;DE0001030526;-1.474
13/09/2017;DE0001030526;-1.476
14/09/2017;DE0001030526;-1.481
15/09/2017;DE0001030526;-1.476
18/09/2017;DE0001030526;-1.461
19/09/2017;DE0001030526;-1.471
20/09/2017;DE0001030526;-1.48
21/09/2017;DE0001030526;-1.493
22/09/2017;DE0001030526;-1.496
25/09/2017;DE0001030526;-1.543
26/09/2017;DE0001030526;-1.576
27/09/2017;DE0001030526;-1.584
28/09/2017;DE0001030526;-1.599
29/09/2017;DE0001030526;-1.587
02/10/2017;DE0001030526;-1.601
03/10/2017;DE0001030526;-1.6
04/10/2017;DE0001030526;-1.604
05/10/2017;DE0001030526;-1.597
06/10/2017;DE0001030526;-1.605
09/10/2017;DE0001030526;-1.605
10/10/2017;DE0001030526;-1.612
11/10/2017;DE0001030526;-1.602
12/10/2017;DE0001030526;-1.602
13/10/2017;DE0001030526;-1.63
16/10/2017;DE0001030526;-1.644
17/10/2017;DE0001030526;-1.633
18/10/2017;DE0001030526;-1.62
19/10/2017;DE0001030526;-1.596
20/10/2017;DE0001030526;-1.579
23/10/2017;DE0001030526;-1.595
24/10/2017;DE0001030526;-1.573
25/10/2017;DE0001030526;-1.569
26/10/2017;DE0001030526;-1.598
27/10/2017;DE0001030526;-1.623
30/10/2017;DE0001030526;-1.606
31/10/2017;DE0001030526;-1.577
01/11/2017;DE0001030526;-1.579
02/11/2017;DE0001030526;-1.572
03/11/2017;DE0001030526;-1.573
06/11/2017;DE0001030526;-1.6
07/11/2017;DE0001030526;-1.628
08/11/2017;DE0001030526;-1.64
09/11/2017;DE0001030526;-1.648
10/11/2017;DE0001030526;-1.632
13/11/2017;DE0001030526;-1.623
14/11/2017;DE0001030526;-1.618
15/11/2017;DE0001030526;-1.598
16/11/2017;DE0001030526;-1.585
17/11/2017;DE0001030526;-1.582
20/11/2017;DE0001030526;-1.558
21/11/2017;DE0001030526;-1.552
22/11/2017;DE0001030526;-1.527
23/11/2017;DE0001030526;-1.514
24/11/2017;DE0001030526;-1.516
27/11/2017;DE0001030526;-1.52
28/11/2017;DE0001030526;-1.498
29/11/2017;DE0001030526;-1.492
30/11/2017;DE0001030526;-1.499
01/12/2017;DE0001030526;-1.522
04/12/2017;DE0001030526;-1.501
05/12/2017;DE0001030526;-1.512
06/12/2017;DE0001030526;-1.529
07/12/2017;DE0001030526;-1.539
08/12/2017;DE0001030526;-1.512
11/12/2017;DE0001030526;-1.525
12/12/2017;DE0001030526;-1.531
13/12/2017;DE0001030526;-1.546
14/12/2017;DE0001030526;-1.538
15/12/2017;DE0001030526;-1.53
18/12/2017;DE0001030526;-1.53
19/12/2017;DE0001030526;-1.506
20/12/2017;DE0001030526;-1.487
21/12/2017;DE0001030526;-1.457
22/12/2017;DE0001030526;-1.458
25/12/2017;DE0001030526;#N/A N/A
26/12/2017;DE0001030526;#N/A N/A
27/12/2017;DE0001030526;-1.467
28/12/2017;DE0001030526;-1.427
29/12/2017;DE0001030526;-1.432
01/01/2018;DE0001030526;#N/A N/A
02/01/2018;DE0001030526;-1.433
03/01/2018;DE0001030526;-1.446
04/01/2018;DE0001030526;-1.44
05/01/2018;DE0001030526;-1.429
08/01/2018;DE0001030526;-1.427
09/01/2018;DE0001030526;-1.429
10/01/2018;DE0001030526;-1.436
11/01/2018;DE0001030526;-1.405
12/01/2018;DE0001030526;-1.404
15/01/2018;DE0001030526;-1.42
16/01/2018;DE0001030526;-1.419
17/01/2018;DE0001030526;-1.417
18/01/2018;DE0001030526;-1.42
19/01/2018;DE0001030526;-1.43
22/01/2018;DE0001030526;-1.439
23/01/2018;DE0001030526;-1.426
24/01/2018;DE0001030526;-1.43
25/01/2018;DE0001030526;-1.399
26/01/2018;DE0001030526;-1.354
29/01/2018;DE0001030526;-1.343
30/01/2018;DE0001030526;-1.338
31/01/2018;DE0001030526;-1.362
01/02/2018;DE0001030526;-1.373
02/02/2018;DE0001030526;-1.382
05/02/2018;DE0001030526;-1.405
06/02/2018;DE0001030526;-1.404
07/02/2018;DE0001030526;-1.385
08/02/2018;DE0001030526;-1.371
09/02/2018;DE0001030526;-1.351
12/02/2018;DE0001030526;-1.361
13/02/2018;DE0001030526;-1.344
14/02/2018;DE0001030526;-1.332
15/02/2018;DE0001030526;-1.313
16/02/2018;DE0001030526;-1.312
19/02/2018;DE0001030526;-1.299
20/02/2018;DE0001030526;-1.267
21/02/2018;DE0001030526;-1.26
22/02/2018;DE0001030526;-1.261
23/02/2018;DE0001030526;-1.286
26/02/2018;DE0001030526;-1.287
27/02/2018;DE0001030526;-1.271
28/02/2018;DE0001030526;-1.286
01/03/2018;DE0001030526;-1.324
02/03/2018;DE0001030526;-1.312
05/03/2018;DE0001030526;-1.323
06/03/2018;DE0001030526;-1.331
07/03/2018;DE0001030526;-1.357
08/03/2018;DE0001030526;-1.401
09/03/2018;DE0001030526;-1.416
12/03/2018;DE0001030526;-1.442
13/03/2018;DE0001030526;-1.452
14/03/2018;DE0001030526;-1.471
15/03/2018;DE0001030526;-1.49
16/03/2018;DE0001030526;-1.525
19/03/2018;DE0001030526;-1.542
20/03/2018;DE0001030526;-1.543
21/03/2018;DE0001030526;-1.584
22/03/2018;DE0001030526;-1.651
23/03/2018;DE0001030526;-1.709
26/03/2018;DE0001030526;-1.734
27/03/2018;DE0001030526;-1.76
28/03/2018;DE0001030526;-1.804
29/03/2018;DE0001030526;-1.795
30/03/2018;DE0001030526;#N/A N/A
02/04/2018;DE0001030526;#N/A N/A
03/04/2018;DE0001030526;-1.81
04/04/2018;DE0001030526;-1.788
05/04/2018;DE0001030526;-1.784
06/04/2018;DE0001030526;-1.792
09/04/2018;DE0001030526;-1.781
10/04/2018;DE0001030526;-1.786
11/04/2018;DE0001030526;-1.806
12/04/2018;DE0001030526;-1.807
13/04/2018;DE0001030526;-1.814
16/04/2018;DE0001030526;-1.814
17/04/2018;DE0001030526;-1.814
18/04/2018;DE0001030526;-1.817
19/04/2018;DE0001030526;-1.831
20/04/2018;DE0001030526;-1.842
23/04/2018;DE0001030526;-1.834
24/04/2018;DE0001030526;-1.834
25/04/2018;DE0001030526;-1.839
26/04/2018;DE0001030526;-1.84
27/04/2018;DE0001030526;-1.836
30/04/2018;DE0001030526;-1.83
01/05/2018;DE0001030526;#N/A N/A
02/05/2018;DE0001030526;-1.815
03/05/2018;DE0001030526;-1.766
04/05/2018;DE0001030526;-1.748
07/05/2018;DE0001030526;-1.747
08/05/2018;DE0001030526;-1.715
09/05/2018;DE0001030526;-1.74
10/05/2018;DE0001030526;-1.718
11/05/2018;DE0001030526;-1.71
14/05/2018;DE0001030526;-1.694
15/05/2018;DE0001030526;-1.688
16/05/2018;DE0001030526;-1.71
17/05/2018;DE0001030526;-1.674
18/05/2018;DE0001030526;-1.697
21/05/2018;DE0001030526;-1.711
22/05/2018;DE0001030526;-1.687
23/05/2018;DE0001030526;-1.699
24/05/2018;DE0001030526;-1.672
25/05/2018;DE0001030526;-1.641
28/05/2018;DE0001030526;-1.628
29/05/2018;DE0001030526;-1.69
30/05/2018;DE0001030526;-1.624
31/05/2018;DE0001030526;-1.63
01/06/2018;DE0001030526;-1.612
04/06/2018;DE0001030526;-1.604
05/06/2018;DE0001030526;-1.583
06/06/2018;DE0001030526;-1.523
07/06/2018;DE0001030526;-1.564
08/06/2018;DE0001030526;-1.601
11/06/2018;DE0001030526;-1.557
12/06/2018;DE0001030526;-1.543
13/06/2018;DE0001030526;-1.517
14/06/2018;DE0001030526;-1.538
15/06/2018;DE0001030526;-1.519
18/06/2018;DE0001030526;-1.52
19/06/2018;DE0001030526;-1.509
20/06/2018;DE0001030526;-1.521
21/06/2018;DE0001030526;-1.534
22/06/2018;DE0001030526;-1.527
25/06/2018;DE0001030526;-1.529
26/06/2018;DE0001030526;-1.519
27/06/2018;DE0001030526;-1.536
28/06/2018;DE0001030526;-1.534
29/06/2018;DE0001030526;-1.528
02/07/2018;DE0001030526;-1.541
03/07/2018;DE0001030526;-1.535
04/07/2018;DE0001030526;-1.525
05/07/2018;DE0001030526;-1.494
06/07/2018;DE0001030526;-1.488
09/07/2018;DE0001030526;-1.484
10/07/2018;DE0001030526;-1.478
11/07/2018;DE0001030526;-1.461
12/07/2018;DE0001030526;-1.403
13/07/2018;DE0001030526;-1.39
16/07/2018;DE0001030526;-1.347
17/07/2018;DE0001030526;-1.316
18/07/2018;DE0001030526;-1.3
19/07/2018;DE0001030526;-1.294
20/07/2018;DE0001030526;-1.294
23/07/2018;DE0001030526;-1.301
24/07/2018;DE0001030526;-1.308
25/07/2018;DE0001030526;-1.313
26/07/2018;DE0001030526;-1.299
27/07/2018;DE0001030526;-1.287
30/07/2018;DE0001030526;-1.271
31/07/2018;DE0001030526;-1.257
01/08/2018;DE0001030526;-1.229
02/08/2018;DE0001030526;-1.217
03/08/2018;DE0001030526;-1.219
06/08/2018;DE0001030526;-1.221
07/08/2018;DE0001030526;-1.219
08/08/2018;DE0001030526;-1.237
09/08/2018;DE0001030526;-1.246
10/08/2018;DE0001030526;-1.253
13/08/2018;DE0001030526;-1.26
14/08/2018;DE0001030526;-1.253
15/08/2018;DE0001030526;-1.254
16/08/2018;DE0001030526;-1.242
17/08/2018;DE0001030526;-1.256
20/08/2018;DE0001030526;-1.252
21/08/2018;DE0001030526;-1.251
22/08/2018;DE0001030526;-1.259
23/08/2018;DE0001030526;-1.257
24/08/2018;DE0001030526;-1.266
27/08/2018;DE0001030526;-1.281
28/08/2018;DE0001030526;-1.276
29/08/2018;DE0001030526;-1.28
30/08/2018;DE0001030526;-1.33
31/08/2018;DE0001030526;-1.34
03/09/2018;DE0001030526;-1.357
04/09/2018;DE0001030526;-1.346
05/09/2018;DE0001030526;-1.335
06/09/2018;DE0001030526;-1.357
07/09/2018;DE0001030526;-1.352
10/09/2018;DE0001030526;-1.347
11/09/2018;DE0001030526;-1.38
12/09/2018;DE0001030526;-1.41
13/09/2018;DE0001030526;-1.426
14/09/2018;DE0001030526;-1.415
17/09/2018;DE0001030526;-1.435
18/09/2018;DE0001030526;-1.46
19/09/2018;DE0001030526;-1.484
20/09/2018;DE0001030526;-1.525
21/09/2018;DE0001030526;-1.568
24/09/2018;DE0001030526;-1.596
25/09/2018;DE0001030526;-1.618
26/09/2018;DE0001030526;-1.609
27/09/2018;DE0001030526;-1.662
28/09/2018;DE0001030526;-1.684
01/10/2018;DE0001030526;-1.708
02/10/2018;DE0001030526;-1.751
03/10/2018;DE0001030526;-1.748
04/10/2018;DE0001030526;-1.75
05/10/2018;DE0001030526;-1.749
08/10/2018;DE0001030526;-1.763
09/10/2018;DE0001030526;-1.777
10/10/2018;DE0001030526;-1.768
11/10/2018;DE0001030526;-1.753
12/10/2018;DE0001030526;-1.749
15/10/2018;DE0001030526;-1.733
16/10/2018;DE0001030526;-1.723
17/10/2018;DE0001030526;-1.727
18/10/2018;DE0001030526;-1.757
19/10/2018;DE0001030526;-1.728
22/10/2018;DE0001030526;-1.724
23/10/2018;DE0001030526;-1.689
24/10/2018;DE0001030526;-1.685
25/10/2018;DE0001030526;-1.687
26/10/2018;DE0001030526;-1.708
29/10/2018;DE0001030526;-1.692
30/10/2018;DE0001030526;-1.703
31/10/2018;DE0001030526;-1.688
01/11/2018;DE0001030526;-1.623
02/11/2018;DE0001030526;-1.604
05/11/2018;DE0001030526;-1.598
06/11/2018;DE0001030526;-1.573
07/11/2018;DE0001030526;-1.578
08/11/2018;DE0001030526;-1.55
09/11/2018;DE0001030526;-1.509
12/11/2018;DE0001030526;-1.508
13/11/2018;DE0001030526;-1.416
14/11/2018;DE0001030526;-1.38
15/11/2018;DE0001030526;-1.338
16/11/2018;DE0001030526;-1.304
19/11/2018;DE0001030526;-1.274
20/11/2018;DE0001030526;-1.213
21/11/2018;DE0001030526;-1.132
22/11/2018;DE0001030526;-1.085
23/11/2018;DE0001030526;-0.831
26/11/2018;DE0001030526;-0.954
27/11/2018;DE0001030526;-0.958
28/11/2018;DE0001030526;-0.934
29/11/2018;DE0001030526;-0.918
30/11/2018;DE0001030526;-0.921
03/12/2018;DE0001030526;-0.984
04/12/2018;DE0001030526;-0.959
05/12/2018;DE0001030526;-0.92
06/12/2018;DE0001030526;-0.859
07/12/2018;DE0001030526;-0.866
10/12/2018;DE0001030526;-0.817
11/12/2018;DE0001030526;-0.86
12/12/2018;DE0001030526;-0.858
13/12/2018;DE0001030526;-0.794
14/12/2018;DE0001030526;-0.811
17/12/2018;DE0001030526;-0.781
18/12/2018;DE0001030526;-0.743
19/12/2018;DE0001030526;-0.734
20/12/2018;DE0001030526;-0.66
21/12/2018;DE0001030526;-0.596
24/12/2018;DE0001030526;#N/A N/A
25/12/2018;DE0001030526;#N/A N/A
26/12/2018;DE0001030526;#N/A N/A
27/12/2018;DE0001030526;-0.544
28/12/2018;DE0001030526;-0.481
31/12/2018;DE0001030526;#N/A N/A
01/01/2019;DE0001030526;#N/A N/A
02/01/2019;DE0001030526;-0.436
03/01/2019;DE0001030526;-0.413
04/01/2019;DE0001030526;-0.443
07/01/2019;DE0001030526;-0.496
08/01/2019;DE0001030526;-0.52
09/01/2019;DE0001030526;-0.561
10/01/2019;DE0001030526;-0.549
11/01/2019;DE0001030526;-0.506
14/01/2019;DE0001030526;-0.483
15/01/2019;DE0001030526;-0.491
16/01/2019;DE0001030526;-0.518
17/01/2019;DE0001030526;-0.497
18/01/2019;DE0001030526;-0.544
21/01/2019;DE0001030526;-0.543
22/01/2019;DE0001030526;-0.541
23/01/2019;DE0001030526;-0.554
24/01/2019;DE0001030526;-0.537
25/01/2019;DE0001030526;-0.533
28/01/2019;DE0001030526;-0.459
29/01/2019;DE0001030526;-0.445
30/01/2019;DE0001030526;-0.433
31/01/2019;DE0001030526;-0.471
01/02/2019;DE0001030526;-0.506
04/02/2019;DE0001030526;-0.521
05/02/2019;DE0001030526;-0.542
06/02/2019;DE0001030526;-0.536
07/02/2019;DE0001030526;-0.527
08/02/2019;DE0001030526;-0.48
11/02/2019;DE0001030526;-0.486
12/02/2019;DE0001030526;-0.492
13/02/2019;DE0001030526;-0.504
14/02/2019;DE0001030526;-0.521
15/02/2019;DE0001030526;-0.537
18/02/2019;DE0001030526;-0.562
19/02/2019;DE0001030526;-0.56
20/02/2019;DE0001030526;-0.568
21/02/2019;DE0001030526;-0.524
22/02/2019;DE0001030526;-0.494
25/02/2019;DE0001030526;-0.5
26/02/2019;DE0001030526;-0.461
27/02/2019;DE0001030526;-0.403
28/02/2019;DE0001030526;-0.514
01/03/2019;DE0001030526;-0.581
04/03/2019;DE0001030526;-0.629
05/03/2019;DE0001030526;-0.679
06/03/2019;DE0001030526;-0.689
07/03/2019;DE0001030526;-0.806
08/03/2019;DE0001030526;-0.799
11/03/2019;DE0001030526;-0.882
12/03/2019;DE0001030526;-0.95
13/03/2019;DE0001030526;-0.993
14/03/2019;DE0001030526;-1.118
15/03/2019;DE0001030526;-1.087
18/03/2019;DE0001030526;-1.122
19/03/2019;DE0001030526;-1.172
20/03/2019;DE0001030526;-1.213
21/03/2019;DE0001030526;-1.339
22/03/2019;DE0001030526;-1.332
25/03/2019;DE0001030526;-1.363
26/03/2019;DE0001030526;-1.414
27/03/2019;DE0001030526;-1.446
28/03/2019;DE0001030526;-1.55
29/03/2019;DE0001030526;-1.589
01/04/2019;DE0001030526;-1.592
02/04/2019;DE0001030526;-1.585
03/04/2019;DE0001030526;-1.567
04/04/2019;DE0001030526;-1.538
05/04/2019;DE0001030526;-1.524
08/04/2019;DE0001030526;-1.542
09/04/2019;DE0001030526;-1.522
10/04/2019;DE0001030526;-1.539
11/04/2019;DE0001030526;-1.506
12/04/2019;DE0001030526;-1.544
15/04/2019;DE0001030526;-1.546
16/04/2019;DE0001030526;-1.527
17/04/2019;DE0001030526;-1.484
18/04/2019;DE0001030526;-1.485
19/04/2019;DE0001030526;#N/A N/A
22/04/2019;DE0001030526;#N/A N/A
23/04/2019;DE0001030526;-1.499
24/04/2019;DE0001030526;-1.496
25/04/2019;DE0001030526;-1.479
26/04/2019;DE0001030526;-1.394
29/04/2019;DE0001030526;-1.346
30/04/2019;DE0001030526;-1.349
01/05/2019;DE0001030526;#N/A N/A
02/05/2019;DE0001030526;-1.279
03/05/2019;DE0001030526;-1.245
06/05/2019;DE0001030526;-1.176
07/05/2019;DE0001030526;-1.179
08/05/2019;DE0001030526;-1.148
09/05/2019;DE0001030526;-1.02
10/05/2019;DE0001030526;-0.991
13/05/2019;DE0001030526;-0.972
14/05/2019;DE0001030526;-0.921
15/05/2019;DE0001030526;-0.896
16/05/2019;DE0001030526;-0.828
17/05/2019;DE0001030526;-0.77
20/05/2019;DE0001030526;-0.769
21/05/2019;DE0001030526;-0.741
22/05/2019;DE0001030526;-0.697
23/05/2019;DE0001030526;-0.513
24/05/2019;DE0001030526;-0.491
27/05/2019;DE0001030526;-0.46
28/05/2019;DE0001030526;-0.442
29/05/2019;DE0001030526;-0.4
30/05/2019;DE0001030526;-0.325
31/05/2019;DE0001030526;-0.277
03/06/2019;DE0001030526;-0.171
04/06/2019;DE0001030526;-0.087
05/06/2019;DE0001030526;-0.088
06/06/2019;DE0001030526;0.052
07/06/2019;DE0001030526;0.058
10/06/2019;DE0001030526;0.052
11/06/2019;DE0001030526;0.069
12/06/2019;DE0001030526;0.118
13/06/2019;DE0001030526;0.199
14/06/2019;DE0001030526;0.305
17/06/2019;DE0001030526;0.308
18/06/2019;DE0001030526;0.267
19/06/2019;DE0001030526;0.296
20/06/2019;DE0001030526;0.299
21/06/2019;DE0001030526;0.301
24/06/2019;DE0001030526;0.324
25/06/2019;DE0001030526;0.38
26/06/2019;DE0001030526;0.398
27/06/2019;DE0001030526;0.49
28/06/2019;DE0001030526;0.484
01/07/2019;DE0001030526;0.454
02/07/2019;DE0001030526;0.454
03/07/2019;DE0001030526;0.482
04/07/2019;DE0001030526;0.507
05/07/2019;DE0001030526;0.486
08/07/2019;DE0001030526;0.487
09/07/2019;DE0001030526;0.505
10/07/2019;DE0001030526;0.481
11/07/2019;DE0001030526;0.43
12/07/2019;DE0001030526;0.416
15/07/2019;DE0001030526;0.399
16/07/2019;DE0001030526;0.431
17/07/2019;DE0001030526;0.532
18/07/2019;DE0001030526;0.581
19/07/2019;DE0001030526;0.559
22/07/2019;DE0001030526;0.535
23/07/2019;DE0001030526;0.571
24/07/2019;DE0001030526;0.541
25/07/2019;DE0001030526;0.559
26/07/2019;DE0001030526;0.528
29/07/2019;DE0001030526;0.502
30/07/2019;DE0001030526;0.528
31/07/2019;DE0001030526;0.513
01/08/2019;DE0001030526;0.543
02/08/2019;DE0001030526;0.649
05/08/2019;DE0001030526;0.725
06/08/2019;DE0001030526;0.73
07/08/2019;DE0001030526;0.768
08/08/2019;DE0001030526;0.766
09/08/2019;DE0001030526;0.714
12/08/2019;DE0001030526;0.722
13/08/2019;DE0001030526;0.717
14/08/2019;DE0001030526;0.741
15/08/2019;DE0001030526;0.877
16/08/2019;DE0001030526;0.901
19/08/2019;DE0001030526;0.908
20/08/2019;DE0001030526;0.905
21/08/2019;DE0001030526;0.95
22/08/2019;DE0001030526;0.977
23/08/2019;DE0001030526;1.029
26/08/2019;DE0001030526;0.979
27/08/2019;DE0001030526;0.995
28/08/2019;DE0001030526;1.04
29/08/2019;DE0001030526;1.022
30/08/2019;DE0001030526;0.999
02/09/2019;DE0001030526;1.011
03/09/2019;DE0001030526;1.008
04/09/2019;DE0001030526;0.993
05/09/2019;DE0001030526;0.861
06/09/2019;DE0001030526;0.95
09/09/2019;DE0001030526;0.906
10/09/2019;DE0001030526;0.934
11/09/2019;DE0001030526;0.932
12/09/2019;DE0001030526;0.898
13/09/2019;DE0001030526;0.821
16/09/2019;DE0001030526;0.671
17/09/2019;DE0001030526;0.577
18/09/2019;DE0001030526;0.56
19/09/2019;DE0001030526;0.531
20/09/2019;DE0001030526;0.542
23/09/2019;DE0001030526;0.527
24/09/2019;DE0001030526;0.526
25/09/2019;DE0001030526;0.55
26/09/2019;DE0001030526;0.449
27/09/2019;DE0001030526;0.437
30/09/2019;DE0001030526;0.473
01/10/2019;DE0001030526;0.519
02/10/2019;DE0001030526;0.532
03/10/2019;DE0001030526;0.677
04/10/2019;DE0001030526;0.661
07/10/2019;DE0001030526;0.67
08/10/2019;DE0001030526;0.649
09/10/2019;DE0001030526;0.66
10/10/2019;DE0001030526;0.669
11/10/2019;DE0001030526;0.657
14/10/2019;DE0001030526;0.68
15/10/2019;DE0001030526;0.686
16/10/2019;DE0001030526;0.706
17/10/2019;DE0001030526;0.749
18/10/2019;DE0001030526;0.763
21/10/2019;DE0001030526;0.788
22/10/2019;DE0001030526;0.827
23/10/2019;DE0001030526;0.917
24/10/2019;DE0001030526;0.963
25/10/2019;DE0001030526;0.957
28/10/2019;DE0001030526;0.974
29/10/2019;DE0001030526;1.005
30/10/2019;DE0001030526;1.029
31/10/2019;DE0001030526;1.036
01/11/2019;DE0001030526;1.067
04/11/2019;DE0001030526;1.038
05/11/2019;DE0001030526;1.118
06/11/2019;DE0001030526;1.128
07/11/2019;DE0001030526;1.207
08/11/2019;DE0001030526;1.287
11/11/2019;DE0001030526;1.321
12/11/2019;DE0001030526;1.302
13/11/2019;DE0001030526;1.317
14/11/2019;DE0001030526;1.432
15/11/2019;DE0001030526;1.416
18/11/2019;DE0001030526;1.41
19/11/2019;DE0001030526;1.523
20/11/2019;DE0001030526;1.567
21/11/2019;DE0001030526;1.583
22/11/2019;DE0001030526;1.65
25/11/2019;DE0001030526;1.689
26/11/2019;DE0001030526;1.747
27/11/2019;DE0001030526;1.75
28/11/2019;DE0001030526;1.805
29/11/2019;DE0001030526;1.801
02/12/2019;DE0001030526;1.839
03/12/2019;DE0001030526;1.845
04/12/2019;DE0001030526;1.838
05/12/2019;DE0001030526;1.903
06/12/2019;DE0001030526;1.936
09/12/2019;DE0001030526;1.901
10/12/2019;DE0001030526;1.959
11/12/2019;DE0001030526;1.96
12/12/2019;DE0001030526;1.971
13/12/2019;DE0001030526;2.003
16/12/2019;DE0001030526;1.983
17/12/2019;DE0001030526;1.961
18/12/2019;DE0001030526;2.004
19/12/2019;DE0001030526;2.039
20/12/2019;DE0001030526;2.089
23/12/2019;DE0001030526;2.28
24/12/2019;DE0001030526;#N/A N/A
25/12/2019;DE0001030526;#N/A N/A
26/12/2019;DE0001030526;#N/A N/A
27/12/2019;DE0001030526;2.403
30/12/2019;DE0001030526;2.648
31/12/2019;DE0001030526;#N/A N/A
01/01/2020;DE0001030526;#N/A N/A
02/01/2020;DE0001030526;2.662
03/01/2020;DE0001030526;2.475
06/01/2020;DE0001030526;2.441
07/01/2020;DE0001030526;2.518
08/01/2020;DE0001030526;2.468
09/01/2020;DE0001030526;2.442
10/01/2020;DE0001030526;2.362
13/01/2020;DE0001030526;2.309
14/01/2020;DE0001030526;2.407
15/01/2020;DE0001030526;2.363
16/01/2020;DE0001030526;2.29
17/01/2020;DE0001030526;2.407
20/01/2020;DE0001030526;2.54
21/01/2020;DE0001030526;2.473
22/01/2020;DE0001030526;2.497
23/01/2020;DE0001030526;2.477
24/01/2020;DE0001030526;2.68
27/01/2020;DE0001030526;2.789
28/01/2020;DE0001030526;2.658
29/01/2020;DE0001030526;2.586
30/01/2020;DE0001030526;2.891
31/01/2020;DE0001030526;2.834
03/02/2020;DE0001030526;3.104
04/02/2020;DE0001030526;3.14
05/02/2020;DE0001030526;3.173
06/02/2020;DE0001030526;3.317
07/02/2020;DE0001030526;3.432
10/02/2020;DE0001030526;3.437
11/02/2020;DE0001030526;3.465
12/02/2020;DE0001030526;3.595
13/02/2020;DE0001030526;4.407
14/02/2020;DE0001030526;4.59
17/02/2020;DE0001030526;4.981
18/02/2020;DE0001030526;5.116
19/02/2020;DE0001030526;5.517
20/02/2020;DE0001030526;5.877
21/02/2020;DE0001030526;6.276
24/02/2020;DE0001030526;6.444
25/02/2020;DE0001030526;6.873
26/02/2020;DE0001030526;6.98
27/02/2020;DE0001030526;7.634
28/02/2020;DE0001030526;7.645
02/03/2020;DE0001030526;7.302
03/03/2020;DE0001030526;7.045
04/03/2020;DE0001030526;6.655
05/03/2020;DE0001030526;5.882
06/03/2020;DE0001030526;5.766
09/03/2020;DE0001030526;5.737
10/03/2020;DE0001030526;5.711
11/03/2020;DE0001030526;5.451
12/03/2020;DE0001030526;5.327
13/03/2020;DE0001030526;4.952
16/03/2020;DE0001030526;4.716
17/03/2020;DE0001030526;4.42
18/03/2020;DE0001030526;4.004
19/03/2020;DE0001030526;2.723
20/03/2020;DE0001030526;2.314
23/03/2020;DE0001030526;1.865
24/03/2020;DE0001030526;1.556
25/03/2020;DE0001030526;0.828
26/03/2020;DE0001030526;-1.317
27/03/2020;DE0001030526;-0.514
30/03/2020;DE0001030526;-1.867
31/03/2020;DE0001030526;-1.478
01/04/2020;DE0001030526;-1.544
02/04/2020;DE0001030526;-1.918
03/04/2020;DE0001030526;-3.932
06/04/2020;DE0001030526;-4.274
07/04/2020;DE0001030526;-3.769
08/04/2020;DE0001030526;-5.836
09/04/2020;DE0001030526;#N/A N/A
10/04/2020;DE0001030526;#N/A N/A
13/04/2020;DE0001030526;#N/A N/A
14/04/2020;DE0001030526;#N/A N/A
15/04/2020;DE0001030526;#N/A N/A
26/10/2007;DE0001030534;#N/A N/A
29/10/2007;DE0001030534;#N/A N/A
30/10/2007;DE0001030534;#N/A N/A
31/10/2007;DE0001030534;#N/A N/A
01/11/2007;DE0001030534;#N/A N/A
02/11/2007;DE0001030534;#N/A N/A
05/11/2007;DE0001030534;#N/A N/A
06/11/2007;DE0001030534;#N/A N/A
07/11/2007;DE0001030534;#N/A N/A
08/11/2007;DE0001030534;#N/A N/A
09/11/2007;DE0001030534;#N/A N/A
12/11/2007;DE0001030534;#N/A N/A
13/11/2007;DE0001030534;#N/A N/A
14/11/2007;DE0001030534;#N/A N/A
15/11/2007;DE0001030534;#N/A N/A
16/11/2007;DE0001030534;#N/A N/A
19/11/2007;DE0001030534;#N/A N/A
20/11/2007;DE0001030534;#N/A N/A
21/11/2007;DE0001030534;#N/A N/A
22/11/2007;DE0001030534;#N/A N/A
23/11/2007;DE0001030534;#N/A N/A
26/11/2007;DE0001030534;#N/A N/A
27/11/2007;DE0001030534;#N/A N/A
28/11/2007;DE0001030534;#N/A N/A
29/11/2007;DE0001030534;#N/A N/A
30/11/2007;DE0001030534;#N/A N/A
03/12/2007;DE0001030534;#N/A N/A
04/12/2007;DE0001030534;#N/A N/A
05/12/2007;DE0001030534;#N/A N/A
06/12/2007;DE0001030534;#N/A N/A
07/12/2007;DE0001030534;#N/A N/A
10/12/2007;DE0001030534;#N/A N/A
11/12/2007;DE0001030534;#N/A N/A
12/12/2007;DE0001030534;#N/A N/A
13/12/2007;DE0001030534;#N/A N/A
14/12/2007;DE0001030534;#N/A N/A
17/12/2007;DE0001030534;#N/A N/A
18/12/2007;DE0001030534;#N/A N/A
19/12/2007;DE0001030534;#N/A N/A
20/12/2007;DE0001030534;#N/A N/A
21/12/2007;DE0001030534;#N/A N/A
24/12/2007;DE0001030534;#N/A N/A
25/12/2007;DE0001030534;#N/A N/A
26/12/2007;DE0001030534;#N/A N/A
27/12/2007;DE0001030534;#N/A N/A
28/12/2007;DE0001030534;#N/A N/A
31/12/2007;DE0001030534;#N/A N/A
01/01/2008;DE0001030534;#N/A N/A
02/01/2008;DE0001030534;#N/A N/A
03/01/2008;DE0001030534;#N/A N/A
04/01/2008;DE0001030534;#N/A N/A
07/01/2008;DE0001030534;#N/A N/A
08/01/2008;DE0001030534;#N/A N/A
09/01/2008;DE0001030534;#N/A N/A
10/01/2008;DE0001030534;#N/A N/A
11/01/2008;DE0001030534;#N/A N/A
14/01/2008;DE0001030534;#N/A N/A
15/01/2008;DE0001030534;#N/A N/A
16/01/2008;DE0001030534;#N/A N/A
17/01/2008;DE0001030534;#N/A N/A
18/01/2008;DE0001030534;#N/A N/A
21/01/2008;DE0001030534;#N/A N/A
22/01/2008;DE0001030534;#N/A N/A
23/01/2008;DE0001030534;#N/A N/A
24/01/2008;DE0001030534;#N/A N/A
25/01/2008;DE0001030534;#N/A N/A
28/01/2008;DE0001030534;#N/A N/A
29/01/2008;DE0001030534;#N/A N/A
30/01/2008;DE0001030534;#N/A N/A
31/01/2008;DE0001030534;#N/A N/A
01/02/2008;DE0001030534;#N/A N/A
04/02/2008;DE0001030534;#N/A N/A
05/02/2008;DE0001030534;#N/A N/A
06/02/2008;DE0001030534;#N/A N/A
07/02/2008;DE0001030534;#N/A N/A
08/02/2008;DE0001030534;#N/A N/A
11/02/2008;DE0001030534;#N/A N/A
12/02/2008;DE0001030534;#N/A N/A
13/02/2008;DE0001030534;#N/A N/A
14/02/2008;DE0001030534;#N/A N/A
15/02/2008;DE0001030534;#N/A N/A
18/02/2008;DE0001030534;#N/A N/A
19/02/2008;DE0001030534;#N/A N/A
20/02/2008;DE0001030534;#N/A N/A
21/02/2008;DE0001030534;#N/A N/A
22/02/2008;DE0001030534;#N/A N/A
25/02/2008;DE0001030534;#N/A N/A
26/02/2008;DE0001030534;#N/A N/A
27/02/2008;DE0001030534;#N/A N/A
28/02/2008;DE0001030534;#N/A N/A
29/02/2008;DE0001030534;#N/A N/A
03/03/2008;DE0001030534;#N/A N/A
04/03/2008;DE0001030534;#N/A N/A
05/03/2008;DE0001030534;#N/A N/A
06/03/2008;DE0001030534;#N/A N/A
07/03/2008;DE0001030534;#N/A N/A
10/03/2008;DE0001030534;#N/A N/A
11/03/2008;DE0001030534;#N/A N/A
12/03/2008;DE0001030534;#N/A N/A
13/03/2008;DE0001030534;#N/A N/A
14/03/2008;DE0001030534;#N/A N/A
17/03/2008;DE0001030534;#N/A N/A
18/03/2008;DE0001030534;#N/A N/A
19/03/2008;DE0001030534;#N/A N/A
20/03/2008;DE0001030534;#N/A N/A
21/03/2008;DE0001030534;#N/A N/A
24/03/2008;DE0001030534;#N/A N/A
25/03/2008;DE0001030534;#N/A N/A
26/03/2008;DE0001030534;#N/A N/A
27/03/2008;DE0001030534;#N/A N/A
28/03/2008;DE0001030534;#N/A N/A
31/03/2008;DE0001030534;#N/A N/A
01/04/2008;DE0001030534;#N/A N/A
02/04/2008;DE0001030534;#N/A N/A
03/04/2008;DE0001030534;#N/A N/A
04/04/2008;DE0001030534;#N/A N/A
07/04/2008;DE0001030534;#N/A N/A
08/04/2008;DE0001030534;#N/A N/A
09/04/2008;DE0001030534;#N/A N/A
10/04/2008;DE0001030534;#N/A N/A
11/04/2008;DE0001030534;#N/A N/A
14/04/2008;DE0001030534;#N/A N/A
15/04/2008;DE0001030534;#N/A N/A
16/04/2008;DE0001030534;#N/A N/A
17/04/2008;DE0001030534;#N/A N/A
18/04/2008;DE0001030534;#N/A N/A
21/04/2008;DE0001030534;#N/A N/A
22/04/2008;DE0001030534;#N/A N/A
23/04/2008;DE0001030534;#N/A N/A
24/04/2008;DE0001030534;#N/A N/A
25/04/2008;DE0001030534;#N/A N/A
28/04/2008;DE0001030534;#N/A N/A
29/04/2008;DE0001030534;#N/A N/A
30/04/2008;DE0001030534;#N/A N/A
01/05/2008;DE0001030534;#N/A N/A
02/05/2008;DE0001030534;#N/A N/A
05/05/2008;DE0001030534;#N/A N/A
06/05/2008;DE0001030534;#N/A N/A
07/05/2008;DE0001030534;#N/A N/A
08/05/2008;DE0001030534;#N/A N/A
09/05/2008;DE0001030534;#N/A N/A
12/05/2008;DE0001030534;#N/A N/A
13/05/2008;DE0001030534;#N/A N/A
14/05/2008;DE0001030534;#N/A N/A
15/05/2008;DE0001030534;#N/A N/A
16/05/2008;DE0001030534;#N/A N/A
19/05/2008;DE0001030534;#N/A N/A
20/05/2008;DE0001030534;#N/A N/A
21/05/2008;DE0001030534;#N/A N/A
22/05/2008;DE0001030534;#N/A N/A
23/05/2008;DE0001030534;#N/A N/A
26/05/2008;DE0001030534;#N/A N/A
27/05/2008;DE0001030534;#N/A N/A
28/05/2008;DE0001030534;#N/A N/A
29/05/2008;DE0001030534;#N/A N/A
30/05/2008;DE0001030534;#N/A N/A
02/06/2008;DE0001030534;#N/A N/A
03/06/2008;DE0001030534;#N/A N/A
04/06/2008;DE0001030534;#N/A N/A
05/06/2008;DE0001030534;#N/A N/A
06/06/2008;DE0001030534;#N/A N/A
09/06/2008;DE0001030534;#N/A N/A
10/06/2008;DE0001030534;#N/A N/A
11/06/2008;DE0001030534;#N/A N/A
12/06/2008;DE0001030534;#N/A N/A
13/06/2008;DE0001030534;#N/A N/A
16/06/2008;DE0001030534;#N/A N/A
17/06/2008;DE0001030534;#N/A N/A
18/06/2008;DE0001030534;#N/A N/A
19/06/2008;DE0001030534;#N/A N/A
20/06/2008;DE0001030534;#N/A N/A
23/06/2008;DE0001030534;#N/A N/A
24/06/2008;DE0001030534;#N/A N/A
25/06/2008;DE0001030534;#N/A N/A
26/06/2008;DE0001030534;#N/A N/A
27/06/2008;DE0001030534;#N/A N/A
30/06/2008;DE0001030534;#N/A N/A
01/07/2008;DE0001030534;#N/A N/A
02/07/2008;DE0001030534;#N/A N/A
03/07/2008;DE0001030534;#N/A N/A
04/07/2008;DE0001030534;#N/A N/A
07/07/2008;DE0001030534;#N/A N/A
08/07/2008;DE0001030534;#N/A N/A
09/07/2008;DE0001030534;#N/A N/A
10/07/2008;DE0001030534;#N/A N/A
11/07/2008;DE0001030534;#N/A N/A
14/07/2008;DE0001030534;#N/A N/A
15/07/2008;DE0001030534;#N/A N/A
16/07/2008;DE0001030534;#N/A N/A
17/07/2008;DE0001030534;#N/A N/A
18/07/2008;DE0001030534;#N/A N/A
21/07/2008;DE0001030534;#N/A N/A
22/07/2008;DE0001030534;#N/A N/A
23/07/2008;DE0001030534;#N/A N/A
24/07/2008;DE0001030534;#N/A N/A
25/07/2008;DE0001030534;#N/A N/A
28/07/2008;DE0001030534;#N/A N/A
29/07/2008;DE0001030534;#N/A N/A
30/07/2008;DE0001030534;#N/A N/A
31/07/2008;DE0001030534;#N/A N/A
01/08/2008;DE0001030534;#N/A N/A
04/08/2008;DE0001030534;#N/A N/A
05/08/2008;DE0001030534;#N/A N/A
06/08/2008;DE0001030534;#N/A N/A
07/08/2008;DE0001030534;#N/A N/A
08/08/2008;DE0001030534;#N/A N/A
11/08/2008;DE0001030534;#N/A N/A
12/08/2008;DE0001030534;#N/A N/A
13/08/2008;DE0001030534;#N/A N/A
14/08/2008;DE0001030534;#N/A N/A
15/08/2008;DE0001030534;#N/A N/A
18/08/2008;DE0001030534;#N/A N/A
19/08/2008;DE0001030534;#N/A N/A
20/08/2008;DE0001030534;#N/A N/A
21/08/2008;DE0001030534;#N/A N/A
22/08/2008;DE0001030534;#N/A N/A
25/08/2008;DE0001030534;#N/A N/A
26/08/2008;DE0001030534;#N/A N/A
27/08/2008;DE0001030534;#N/A N/A
28/08/2008;DE0001030534;#N/A N/A
29/08/2008;DE0001030534;#N/A N/A
01/09/2008;DE0001030534;#N/A N/A
02/09/2008;DE0001030534;#N/A N/A
03/09/2008;DE0001030534;#N/A N/A
04/09/2008;DE0001030534;#N/A N/A
05/09/2008;DE0001030534;#N/A N/A
08/09/2008;DE0001030534;#N/A N/A
09/09/2008;DE0001030534;#N/A N/A
10/09/2008;DE0001030534;#N/A N/A
11/09/2008;DE0001030534;#N/A N/A
12/09/2008;DE0001030534;#N/A N/A
15/09/2008;DE0001030534;#N/A N/A
16/09/2008;DE0001030534;#N/A N/A
17/09/2008;DE0001030534;#N/A N/A
18/09/2008;DE0001030534;#N/A N/A
19/09/2008;DE0001030534;#N/A N/A
22/09/2008;DE0001030534;#N/A N/A
23/09/2008;DE0001030534;#N/A N/A
24/09/2008;DE0001030534;#N/A N/A
25/09/2008;DE0001030534;#N/A N/A
26/09/2008;DE0001030534;#N/A N/A
29/09/2008;DE0001030534;#N/A N/A
30/09/2008;DE0001030534;#N/A N/A
01/10/2008;DE0001030534;#N/A N/A
02/10/2008;DE0001030534;#N/A N/A
03/10/2008;DE0001030534;#N/A N/A
06/10/2008;DE0001030534;#N/A N/A
07/10/2008;DE0001030534;#N/A N/A
08/10/2008;DE0001030534;#N/A N/A
09/10/2008;DE0001030534;#N/A N/A
10/10/2008;DE0001030534;#N/A N/A
13/10/2008;DE0001030534;#N/A N/A
14/10/2008;DE0001030534;#N/A N/A
15/10/2008;DE0001030534;#N/A N/A
16/10/2008;DE0001030534;#N/A N/A
17/10/2008;DE0001030534;#N/A N/A
20/10/2008;DE0001030534;#N/A N/A
21/10/2008;DE0001030534;#N/A N/A
22/10/2008;DE0001030534;#N/A N/A
23/10/2008;DE0001030534;#N/A N/A
24/10/2008;DE0001030534;#N/A N/A
27/10/2008;DE0001030534;#N/A N/A
28/10/2008;DE0001030534;#N/A N/A
29/10/2008;DE0001030534;#N/A N/A
30/10/2008;DE0001030534;#N/A N/A
31/10/2008;DE0001030534;#N/A N/A
03/11/2008;DE0001030534;#N/A N/A
04/11/2008;DE0001030534;#N/A N/A
05/11/2008;DE0001030534;#N/A N/A
06/11/2008;DE0001030534;#N/A N/A
07/11/2008;DE0001030534;#N/A N/A
10/11/2008;DE0001030534;#N/A N/A
11/11/2008;DE0001030534;#N/A N/A
12/11/2008;DE0001030534;#N/A N/A
13/11/2008;DE0001030534;#N/A N/A
14/11/2008;DE0001030534;#N/A N/A
17/11/2008;DE0001030534;#N/A N/A
18/11/2008;DE0001030534;#N/A N/A
19/11/2008;DE0001030534;#N/A N/A
20/11/2008;DE0001030534;#N/A N/A
21/11/2008;DE0001030534;#N/A N/A
24/11/2008;DE0001030534;#N/A N/A
25/11/2008;DE0001030534;#N/A N/A
26/11/2008;DE0001030534;#N/A N/A
27/11/2008;DE0001030534;#N/A N/A
28/11/2008;DE0001030534;#N/A N/A
01/12/2008;DE0001030534;#N/A N/A
02/12/2008;DE0001030534;#N/A N/A
03/12/2008;DE0001030534;#N/A N/A
04/12/2008;DE0001030534;#N/A N/A
05/12/2008;DE0001030534;#N/A N/A
08/12/2008;DE0001030534;#N/A N/A
09/12/2008;DE0001030534;#N/A N/A
10/12/2008;DE0001030534;#N/A N/A
11/12/2008;DE0001030534;#N/A N/A
12/12/2008;DE0001030534;#N/A N/A
15/12/2008;DE0001030534;#N/A N/A
16/12/2008;DE0001030534;#N/A N/A
17/12/2008;DE0001030534;#N/A N/A
18/12/2008;DE0001030534;#N/A N/A
19/12/2008;DE0001030534;#N/A N/A
22/12/2008;DE0001030534;#N/A N/A
23/12/2008;DE0001030534;#N/A N/A
24/12/2008;DE0001030534;#N/A N/A
25/12/2008;DE0001030534;#N/A N/A
26/12/2008;DE0001030534;#N/A N/A
29/12/2008;DE0001030534;#N/A N/A
30/12/2008;DE0001030534;#N/A N/A
31/12/2008;DE0001030534;#N/A N/A
01/01/2009;DE0001030534;#N/A N/A
02/01/2009;DE0001030534;#N/A N/A
05/01/2009;DE0001030534;#N/A N/A
06/01/2009;DE0001030534;#N/A N/A
07/01/2009;DE0001030534;#N/A N/A
08/01/2009;DE0001030534;#N/A N/A
09/01/2009;DE0001030534;#N/A N/A
12/01/2009;DE0001030534;#N/A N/A
13/01/2009;DE0001030534;#N/A N/A
14/01/2009;DE0001030534;#N/A N/A
15/01/2009;DE0001030534;#N/A N/A
16/01/2009;DE0001030534;#N/A N/A
19/01/2009;DE0001030534;#N/A N/A
20/01/2009;DE0001030534;#N/A N/A
21/01/2009;DE0001030534;#N/A N/A
22/01/2009;DE0001030534;#N/A N/A
23/01/2009;DE0001030534;#N/A N/A
26/01/2009;DE0001030534;#N/A N/A
27/01/2009;DE0001030534;#N/A N/A
28/01/2009;DE0001030534;#N/A N/A
29/01/2009;DE0001030534;#N/A N/A
30/01/2009;DE0001030534;#N/A N/A
02/02/2009;DE0001030534;#N/A N/A
03/02/2009;DE0001030534;#N/A N/A
04/02/2009;DE0001030534;#N/A N/A
05/02/2009;DE0001030534;#N/A N/A
06/02/2009;DE0001030534;#N/A N/A
09/02/2009;DE0001030534;#N/A N/A
10/02/2009;DE0001030534;#N/A N/A
11/02/2009;DE0001030534;#N/A N/A
12/02/2009;DE0001030534;#N/A N/A
13/02/2009;DE0001030534;#N/A N/A
16/02/2009;DE0001030534;#N/A N/A
17/02/2009;DE0001030534;#N/A N/A
18/02/2009;DE0001030534;#N/A N/A
19/02/2009;DE0001030534;#N/A N/A
20/02/2009;DE0001030534;#N/A N/A
23/02/2009;DE0001030534;#N/A N/A
24/02/2009;DE0001030534;#N/A N/A
25/02/2009;DE0001030534;#N/A N/A
26/02/2009;DE0001030534;#N/A N/A
27/02/2009;DE0001030534;#N/A N/A
02/03/2009;DE0001030534;#N/A N/A
03/03/2009;DE0001030534;#N/A N/A
04/03/2009;DE0001030534;#N/A N/A
05/03/2009;DE0001030534;#N/A N/A
06/03/2009;DE0001030534;#N/A N/A
09/03/2009;DE0001030534;#N/A N/A
10/03/2009;DE0001030534;#N/A N/A
11/03/2009;DE0001030534;#N/A N/A
12/03/2009;DE0001030534;#N/A N/A
13/03/2009;DE0001030534;#N/A N/A
16/03/2009;DE0001030534;#N/A N/A
17/03/2009;DE0001030534;#N/A N/A
18/03/2009;DE0001030534;#N/A N/A
19/03/2009;DE0001030534;#N/A N/A
20/03/2009;DE0001030534;#N/A N/A
23/03/2009;DE0001030534;#N/A N/A
24/03/2009;DE0001030534;#N/A N/A
25/03/2009;DE0001030534;#N/A N/A
26/03/2009;DE0001030534;#N/A N/A
27/03/2009;DE0001030534;#N/A N/A
30/03/2009;DE0001030534;#N/A N/A
31/03/2009;DE0001030534;#N/A N/A
01/04/2009;DE0001030534;#N/A N/A
02/04/2009;DE0001030534;#N/A N/A
03/04/2009;DE0001030534;#N/A N/A
06/04/2009;DE0001030534;#N/A N/A
07/04/2009;DE0001030534;#N/A N/A
08/04/2009;DE0001030534;#N/A N/A
09/04/2009;DE0001030534;#N/A N/A
10/04/2009;DE0001030534;#N/A N/A
13/04/2009;DE0001030534;#N/A N/A
14/04/2009;DE0001030534;#N/A N/A
15/04/2009;DE0001030534;#N/A N/A
16/04/2009;DE0001030534;#N/A N/A
17/04/2009;DE0001030534;#N/A N/A
20/04/2009;DE0001030534;#N/A N/A
21/04/2009;DE0001030534;#N/A N/A
22/04/2009;DE0001030534;#N/A N/A
23/04/2009;DE0001030534;#N/A N/A
24/04/2009;DE0001030534;#N/A N/A
27/04/2009;DE0001030534;#N/A N/A
28/04/2009;DE0001030534;#N/A N/A
29/04/2009;DE0001030534;#N/A N/A
30/04/2009;DE0001030534;#N/A N/A
01/05/2009;DE0001030534;#N/A N/A
04/05/2009;DE0001030534;#N/A N/A
05/05/2009;DE0001030534;#N/A N/A
06/05/2009;DE0001030534;#N/A N/A
07/05/2009;DE0001030534;#N/A N/A
08/05/2009;DE0001030534;#N/A N/A
11/05/2009;DE0001030534;#N/A N/A
12/05/2009;DE0001030534;#N/A N/A
13/05/2009;DE0001030534;#N/A N/A
14/05/2009;DE0001030534;#N/A N/A
15/05/2009;DE0001030534;#N/A N/A
18/05/2009;DE0001030534;#N/A N/A
19/05/2009;DE0001030534;#N/A N/A
20/05/2009;DE0001030534;#N/A N/A
21/05/2009;DE0001030534;#N/A N/A
22/05/2009;DE0001030534;#N/A N/A
25/05/2009;DE0001030534;#N/A N/A
26/05/2009;DE0001030534;#N/A N/A
27/05/2009;DE0001030534;#N/A N/A
28/05/2009;DE0001030534;#N/A N/A
29/05/2009;DE0001030534;#N/A N/A
01/06/2009;DE0001030534;#N/A N/A
02/06/2009;DE0001030534;#N/A N/A
03/06/2009;DE0001030534;#N/A N/A
04/06/2009;DE0001030534;#N/A N/A
05/06/2009;DE0001030534;#N/A N/A
08/06/2009;DE0001030534;#N/A N/A
09/06/2009;DE0001030534;#N/A N/A
10/06/2009;DE0001030534;#N/A N/A
11/06/2009;DE0001030534;#N/A N/A
12/06/2009;DE0001030534;#N/A N/A
15/06/2009;DE0001030534;#N/A N/A
16/06/2009;DE0001030534;#N/A N/A
17/06/2009;DE0001030534;#N/A N/A
18/06/2009;DE0001030534;#N/A N/A
19/06/2009;DE0001030534;#N/A N/A
22/06/2009;DE0001030534;#N/A N/A
23/06/2009;DE0001030534;#N/A N/A
24/06/2009;DE0001030534;#N/A N/A
25/06/2009;DE0001030534;#N/A N/A
26/06/2009;DE0001030534;#N/A N/A
29/06/2009;DE0001030534;#N/A N/A
30/06/2009;DE0001030534;#N/A N/A
01/07/2009;DE0001030534;#N/A N/A
02/07/2009;DE0001030534;#N/A N/A
03/07/2009;DE0001030534;#N/A N/A
06/07/2009;DE0001030534;#N/A N/A
07/07/2009;DE0001030534;#N/A N/A
08/07/2009;DE0001030534;#N/A N/A
09/07/2009;DE0001030534;#N/A N/A
10/07/2009;DE0001030534;#N/A N/A
13/07/2009;DE0001030534;#N/A N/A
14/07/2009;DE0001030534;#N/A N/A
15/07/2009;DE0001030534;#N/A N/A
16/07/2009;DE0001030534;#N/A N/A
17/07/2009;DE0001030534;#N/A N/A
20/07/2009;DE0001030534;#N/A N/A
21/07/2009;DE0001030534;#N/A N/A
22/07/2009;DE0001030534;#N/A N/A
23/07/2009;DE0001030534;#N/A N/A
24/07/2009;DE0001030534;#N/A N/A
27/07/2009;DE0001030534;#N/A N/A
28/07/2009;DE0001030534;#N/A N/A
29/07/2009;DE0001030534;#N/A N/A
30/07/2009;DE0001030534;#N/A N/A
31/07/2009;DE0001030534;#N/A N/A
03/08/2009;DE0001030534;#N/A N/A
04/08/2009;DE0001030534;#N/A N/A
05/08/2009;DE0001030534;#N/A N/A
06/08/2009;DE0001030534;#N/A N/A
07/08/2009;DE0001030534;#N/A N/A
10/08/2009;DE0001030534;#N/A N/A
11/08/2009;DE0001030534;#N/A N/A
12/08/2009;DE0001030534;#N/A N/A
13/08/2009;DE0001030534;#N/A N/A
14/08/2009;DE0001030534;#N/A N/A
17/08/2009;DE0001030534;#N/A N/A
18/08/2009;DE0001030534;#N/A N/A
19/08/2009;DE0001030534;#N/A N/A
20/08/2009;DE0001030534;#N/A N/A
21/08/2009;DE0001030534;#N/A N/A
24/08/2009;DE0001030534;#N/A N/A
25/08/2009;DE0001030534;#N/A N/A
26/08/2009;DE0001030534;#N/A N/A
27/08/2009;DE0001030534;#N/A N/A
28/08/2009;DE0001030534;#N/A N/A
31/08/2009;DE0001030534;#N/A N/A
01/09/2009;DE0001030534;#N/A N/A
02/09/2009;DE0001030534;#N/A N/A
03/09/2009;DE0001030534;#N/A N/A
04/09/2009;DE0001030534;#N/A N/A
07/09/2009;DE0001030534;#N/A N/A
08/09/2009;DE0001030534;#N/A N/A
09/09/2009;DE0001030534;#N/A N/A
10/09/2009;DE0001030534;#N/A N/A
11/09/2009;DE0001030534;#N/A N/A
14/09/2009;DE0001030534;#N/A N/A
15/09/2009;DE0001030534;#N/A N/A
16/09/2009;DE0001030534;#N/A N/A
17/09/2009;DE0001030534;#N/A N/A
18/09/2009;DE0001030534;#N/A N/A
21/09/2009;DE0001030534;#N/A N/A
22/09/2009;DE0001030534;#N/A N/A
23/09/2009;DE0001030534;#N/A N/A
24/09/2009;DE0001030534;#N/A N/A
25/09/2009;DE0001030534;#N/A N/A
28/09/2009;DE0001030534;#N/A N/A
29/09/2009;DE0001030534;#N/A N/A
30/09/2009;DE0001030534;#N/A N/A
01/10/2009;DE0001030534;#N/A N/A
02/10/2009;DE0001030534;#N/A N/A
05/10/2009;DE0001030534;#N/A N/A
06/10/2009;DE0001030534;#N/A N/A
07/10/2009;DE0001030534;#N/A N/A
08/10/2009;DE0001030534;#N/A N/A
09/10/2009;DE0001030534;#N/A N/A
12/10/2009;DE0001030534;#N/A N/A
13/10/2009;DE0001030534;#N/A N/A
14/10/2009;DE0001030534;#N/A N/A
15/10/2009;DE0001030534;#N/A N/A
16/10/2009;DE0001030534;#N/A N/A
19/10/2009;DE0001030534;#N/A N/A
20/10/2009;DE0001030534;#N/A N/A
21/10/2009;DE0001030534;#N/A N/A
22/10/2009;DE0001030534;#N/A N/A
23/10/2009;DE0001030534;#N/A N/A
26/10/2009;DE0001030534;#N/A N/A
27/10/2009;DE0001030534;#N/A N/A
28/10/2009;DE0001030534;#N/A N/A
29/10/2009;DE0001030534;#N/A N/A
30/10/2009;DE0001030534;#N/A N/A
02/11/2009;DE0001030534;#N/A N/A
03/11/2009;DE0001030534;#N/A N/A
04/11/2009;DE0001030534;#N/A N/A
05/11/2009;DE0001030534;#N/A N/A
06/11/2009;DE0001030534;#N/A N/A
09/11/2009;DE0001030534;#N/A N/A
10/11/2009;DE0001030534;#N/A N/A
11/11/2009;DE0001030534;#N/A N/A
12/11/2009;DE0001030534;#N/A N/A
13/11/2009;DE0001030534;#N/A N/A
16/11/2009;DE0001030534;#N/A N/A
17/11/2009;DE0001030534;#N/A N/A
18/11/2009;DE0001030534;#N/A N/A
19/11/2009;DE0001030534;#N/A N/A
20/11/2009;DE0001030534;#N/A N/A
23/11/2009;DE0001030534;#N/A N/A
24/11/2009;DE0001030534;#N/A N/A
25/11/2009;DE0001030534;#N/A N/A
26/11/2009;DE0001030534;#N/A N/A
27/11/2009;DE0001030534;#N/A N/A
30/11/2009;DE0001030534;#N/A N/A
01/12/2009;DE0001030534;#N/A N/A
02/12/2009;DE0001030534;#N/A N/A
03/12/2009;DE0001030534;#N/A N/A
04/12/2009;DE0001030534;#N/A N/A
07/12/2009;DE0001030534;#N/A N/A
08/12/2009;DE0001030534;#N/A N/A
09/12/2009;DE0001030534;#N/A N/A
10/12/2009;DE0001030534;#N/A N/A
11/12/2009;DE0001030534;#N/A N/A
14/12/2009;DE0001030534;#N/A N/A
15/12/2009;DE0001030534;#N/A N/A
16/12/2009;DE0001030534;#N/A N/A
17/12/2009;DE0001030534;#N/A N/A
18/12/2009;DE0001030534;#N/A N/A
21/12/2009;DE0001030534;#N/A N/A
22/12/2009;DE0001030534;#N/A N/A
23/12/2009;DE0001030534;#N/A N/A
24/12/2009;DE0001030534;#N/A N/A
25/12/2009;DE0001030534;#N/A N/A
28/12/2009;DE0001030534;#N/A N/A
29/12/2009;DE0001030534;#N/A N/A
30/12/2009;DE0001030534;#N/A N/A
31/12/2009;DE0001030534;#N/A N/A
01/01/2010;DE0001030534;#N/A N/A
04/01/2010;DE0001030534;#N/A N/A
05/01/2010;DE0001030534;#N/A N/A
06/01/2010;DE0001030534;#N/A N/A
07/01/2010;DE0001030534;#N/A N/A
08/01/2010;DE0001030534;#N/A N/A
11/01/2010;DE0001030534;#N/A N/A
12/01/2010;DE0001030534;#N/A N/A
13/01/2010;DE0001030534;#N/A N/A
14/01/2010;DE0001030534;#N/A N/A
15/01/2010;DE0001030534;#N/A N/A
18/01/2010;DE0001030534;#N/A N/A
19/01/2010;DE0001030534;#N/A N/A
20/01/2010;DE0001030534;#N/A N/A
21/01/2010;DE0001030534;#N/A N/A
22/01/2010;DE0001030534;#N/A N/A
25/01/2010;DE0001030534;#N/A N/A
26/01/2010;DE0001030534;#N/A N/A
27/01/2010;DE0001030534;#N/A N/A
28/01/2010;DE0001030534;#N/A N/A
29/01/2010;DE0001030534;#N/A N/A
01/02/2010;DE0001030534;#N/A N/A
02/02/2010;DE0001030534;#N/A N/A
03/02/2010;DE0001030534;#N/A N/A
04/02/2010;DE0001030534;#N/A N/A
05/02/2010;DE0001030534;#N/A N/A
08/02/2010;DE0001030534;#N/A N/A
09/02/2010;DE0001030534;#N/A N/A
10/02/2010;DE0001030534;#N/A N/A
11/02/2010;DE0001030534;#N/A N/A
12/02/2010;DE0001030534;#N/A N/A
15/02/2010;DE0001030534;#N/A N/A
16/02/2010;DE0001030534;#N/A N/A
17/02/2010;DE0001030534;#N/A N/A
18/02/2010;DE0001030534;#N/A N/A
19/02/2010;DE0001030534;#N/A N/A
22/02/2010;DE0001030534;#N/A N/A
23/02/2010;DE0001030534;#N/A N/A
24/02/2010;DE0001030534;#N/A N/A
25/02/2010;DE0001030534;#N/A N/A
26/02/2010;DE0001030534;#N/A N/A
01/03/2010;DE0001030534;#N/A N/A
02/03/2010;DE0001030534;#N/A N/A
03/03/2010;DE0001030534;#N/A N/A
04/03/2010;DE0001030534;#N/A N/A
05/03/2010;DE0001030534;#N/A N/A
08/03/2010;DE0001030534;#N/A N/A
09/03/2010;DE0001030534;#N/A N/A
10/03/2010;DE0001030534;#N/A N/A
11/03/2010;DE0001030534;#N/A N/A
12/03/2010;DE0001030534;#N/A N/A
15/03/2010;DE0001030534;#N/A N/A
16/03/2010;DE0001030534;#N/A N/A
17/03/2010;DE0001030534;#N/A N/A
18/03/2010;DE0001030534;#N/A N/A
19/03/2010;DE0001030534;#N/A N/A
22/03/2010;DE0001030534;#N/A N/A
23/03/2010;DE0001030534;#N/A N/A
24/03/2010;DE0001030534;#N/A N/A
25/03/2010;DE0001030534;#N/A N/A
26/03/2010;DE0001030534;#N/A N/A
29/03/2010;DE0001030534;#N/A N/A
30/03/2010;DE0001030534;#N/A N/A
31/03/2010;DE0001030534;#N/A N/A
01/04/2010;DE0001030534;#N/A N/A
02/04/2010;DE0001030534;#N/A N/A
05/04/2010;DE0001030534;#N/A N/A
06/04/2010;DE0001030534;#N/A N/A
07/04/2010;DE0001030534;#N/A N/A
08/04/2010;DE0001030534;#N/A N/A
09/04/2010;DE0001030534;#N/A N/A
12/04/2010;DE0001030534;#N/A N/A
13/04/2010;DE0001030534;#N/A N/A
14/04/2010;DE0001030534;#N/A N/A
15/04/2010;DE0001030534;#N/A N/A
16/04/2010;DE0001030534;#N/A N/A
19/04/2010;DE0001030534;#N/A N/A
20/04/2010;DE0001030534;#N/A N/A
21/04/2010;DE0001030534;#N/A N/A
22/04/2010;DE0001030534;#N/A N/A
23/04/2010;DE0001030534;#N/A N/A
26/04/2010;DE0001030534;#N/A N/A
27/04/2010;DE0001030534;#N/A N/A
28/04/2010;DE0001030534;#N/A N/A
29/04/2010;DE0001030534;#N/A N/A
30/04/2010;DE0001030534;#N/A N/A
03/05/2010;DE0001030534;#N/A N/A
04/05/2010;DE0001030534;#N/A N/A
05/05/2010;DE0001030534;#N/A N/A
06/05/2010;DE0001030534;#N/A N/A
07/05/2010;DE0001030534;#N/A N/A
10/05/2010;DE0001030534;#N/A N/A
11/05/2010;DE0001030534;#N/A N/A
12/05/2010;DE0001030534;#N/A N/A
13/05/2010;DE0001030534;#N/A N/A
14/05/2010;DE0001030534;#N/A N/A
17/05/2010;DE0001030534;#N/A N/A
18/05/2010;DE0001030534;#N/A N/A
19/05/2010;DE0001030534;#N/A N/A
20/05/2010;DE0001030534;#N/A N/A
21/05/2010;DE0001030534;#N/A N/A
24/05/2010;DE0001030534;#N/A N/A
25/05/2010;DE0001030534;#N/A N/A
26/05/2010;DE0001030534;#N/A N/A
27/05/2010;DE0001030534;#N/A N/A
28/05/2010;DE0001030534;#N/A N/A
31/05/2010;DE0001030534;#N/A N/A
01/06/2010;DE0001030534;#N/A N/A
02/06/2010;DE0001030534;#N/A N/A
03/06/2010;DE0001030534;#N/A N/A
04/06/2010;DE0001030534;#N/A N/A
07/06/2010;DE0001030534;#N/A N/A
08/06/2010;DE0001030534;#N/A N/A
09/06/2010;DE0001030534;#N/A N/A
10/06/2010;DE0001030534;#N/A N/A
11/06/2010;DE0001030534;#N/A N/A
14/06/2010;DE0001030534;#N/A N/A
15/06/2010;DE0001030534;#N/A N/A
16/06/2010;DE0001030534;#N/A N/A
17/06/2010;DE0001030534;#N/A N/A
18/06/2010;DE0001030534;#N/A N/A
21/06/2010;DE0001030534;#N/A N/A
22/06/2010;DE0001030534;#N/A N/A
23/06/2010;DE0001030534;#N/A N/A
24/06/2010;DE0001030534;#N/A N/A
25/06/2010;DE0001030534;#N/A N/A
28/06/2010;DE0001030534;#N/A N/A
29/06/2010;DE0001030534;#N/A N/A
30/06/2010;DE0001030534;#N/A N/A
01/07/2010;DE0001030534;#N/A N/A
02/07/2010;DE0001030534;#N/A N/A
05/07/2010;DE0001030534;#N/A N/A
06/07/2010;DE0001030534;#N/A N/A
07/07/2010;DE0001030534;#N/A N/A
08/07/2010;DE0001030534;#N/A N/A
09/07/2010;DE0001030534;#N/A N/A
12/07/2010;DE0001030534;#N/A N/A
13/07/2010;DE0001030534;#N/A N/A
14/07/2010;DE0001030534;#N/A N/A
15/07/2010;DE0001030534;#N/A N/A
16/07/2010;DE0001030534;#N/A N/A
19/07/2010;DE0001030534;#N/A N/A
20/07/2010;DE0001030534;#N/A N/A
21/07/2010;DE0001030534;#N/A N/A
22/07/2010;DE0001030534;#N/A N/A
23/07/2010;DE0001030534;#N/A N/A
26/07/2010;DE0001030534;#N/A N/A
27/07/2010;DE0001030534;#N/A N/A
28/07/2010;DE0001030534;#N/A N/A
29/07/2010;DE0001030534;#N/A N/A
30/07/2010;DE0001030534;#N/A N/A
02/08/2010;DE0001030534;#N/A N/A
03/08/2010;DE0001030534;#N/A N/A
04/08/2010;DE0001030534;#N/A N/A
05/08/2010;DE0001030534;#N/A N/A
06/08/2010;DE0001030534;#N/A N/A
09/08/2010;DE0001030534;#N/A N/A
10/08/2010;DE0001030534;#N/A N/A
11/08/2010;DE0001030534;#N/A N/A
12/08/2010;DE0001030534;#N/A N/A
13/08/2010;DE0001030534;#N/A N/A
16/08/2010;DE0001030534;#N/A N/A
17/08/2010;DE0001030534;#N/A N/A
18/08/2010;DE0001030534;#N/A N/A
19/08/2010;DE0001030534;#N/A N/A
20/08/2010;DE0001030534;#N/A N/A
23/08/2010;DE0001030534;#N/A N/A
24/08/2010;DE0001030534;#N/A N/A
25/08/2010;DE0001030534;#N/A N/A
26/08/2010;DE0001030534;#N/A N/A
27/08/2010;DE0001030534;#N/A N/A
30/08/2010;DE0001030534;#N/A N/A
31/08/2010;DE0001030534;#N/A N/A
01/09/2010;DE0001030534;#N/A N/A
02/09/2010;DE0001030534;#N/A N/A
03/09/2010;DE0001030534;#N/A N/A
06/09/2010;DE0001030534;#N/A N/A
07/09/2010;DE0001030534;#N/A N/A
08/09/2010;DE0001030534;#N/A N/A
09/09/2010;DE0001030534;#N/A N/A
10/09/2010;DE0001030534;#N/A N/A
13/09/2010;DE0001030534;#N/A N/A
14/09/2010;DE0001030534;#N/A N/A
15/09/2010;DE0001030534;#N/A N/A
16/09/2010;DE0001030534;#N/A N/A
17/09/2010;DE0001030534;#N/A N/A
20/09/2010;DE0001030534;#N/A N/A
21/09/2010;DE0001030534;#N/A N/A
22/09/2010;DE0001030534;#N/A N/A
23/09/2010;DE0001030534;#N/A N/A
24/09/2010;DE0001030534;#N/A N/A
27/09/2010;DE0001030534;#N/A N/A
28/09/2010;DE0001030534;#N/A N/A
29/09/2010;DE0001030534;#N/A N/A
30/09/2010;DE0001030534;#N/A N/A
01/10/2010;DE0001030534;#N/A N/A
04/10/2010;DE0001030534;#N/A N/A
05/10/2010;DE0001030534;#N/A N/A
06/10/2010;DE0001030534;#N/A N/A
07/10/2010;DE0001030534;#N/A N/A
08/10/2010;DE0001030534;#N/A N/A
11/10/2010;DE0001030534;#N/A N/A
12/10/2010;DE0001030534;#N/A N/A
13/10/2010;DE0001030534;#N/A N/A
14/10/2010;DE0001030534;#N/A N/A
15/10/2010;DE0001030534;#N/A N/A
18/10/2010;DE0001030534;#N/A N/A
19/10/2010;DE0001030534;#N/A N/A
20/10/2010;DE0001030534;#N/A N/A
21/10/2010;DE0001030534;#N/A N/A
22/10/2010;DE0001030534;#N/A N/A
25/10/2010;DE0001030534;#N/A N/A
26/10/2010;DE0001030534;#N/A N/A
27/10/2010;DE0001030534;#N/A N/A
28/10/2010;DE0001030534;#N/A N/A
29/10/2010;DE0001030534;#N/A N/A
01/11/2010;DE0001030534;#N/A N/A
02/11/2010;DE0001030534;#N/A N/A
03/11/2010;DE0001030534;#N/A N/A
04/11/2010;DE0001030534;#N/A N/A
05/11/2010;DE0001030534;#N/A N/A
08/11/2010;DE0001030534;#N/A N/A
09/11/2010;DE0001030534;#N/A N/A
10/11/2010;DE0001030534;#N/A N/A
11/11/2010;DE0001030534;#N/A N/A
12/11/2010;DE0001030534;#N/A N/A
15/11/2010;DE0001030534;#N/A N/A
16/11/2010;DE0001030534;#N/A N/A
17/11/2010;DE0001030534;#N/A N/A
18/11/2010;DE0001030534;#N/A N/A
19/11/2010;DE0001030534;#N/A N/A
22/11/2010;DE0001030534;#N/A N/A
23/11/2010;DE0001030534;#N/A N/A
24/11/2010;DE0001030534;#N/A N/A
25/11/2010;DE0001030534;#N/A N/A
26/11/2010;DE0001030534;#N/A N/A
29/11/2010;DE0001030534;#N/A N/A
30/11/2010;DE0001030534;#N/A N/A
01/12/2010;DE0001030534;#N/A N/A
02/12/2010;DE0001030534;#N/A N/A
03/12/2010;DE0001030534;#N/A N/A
06/12/2010;DE0001030534;#N/A N/A
07/12/2010;DE0001030534;#N/A N/A
08/12/2010;DE0001030534;#N/A N/A
09/12/2010;DE0001030534;#N/A N/A
10/12/2010;DE0001030534;#N/A N/A
13/12/2010;DE0001030534;#N/A N/A
14/12/2010;DE0001030534;#N/A N/A
15/12/2010;DE0001030534;#N/A N/A
16/12/2010;DE0001030534;#N/A N/A
17/12/2010;DE0001030534;#N/A N/A
20/12/2010;DE0001030534;#N/A N/A
21/12/2010;DE0001030534;#N/A N/A
22/12/2010;DE0001030534;#N/A N/A
23/12/2010;DE0001030534;#N/A N/A
24/12/2010;DE0001030534;#N/A N/A
27/12/2010;DE0001030534;#N/A N/A
28/12/2010;DE0001030534;#N/A N/A
29/12/2010;DE0001030534;#N/A N/A
30/12/2010;DE0001030534;#N/A N/A
31/12/2010;DE0001030534;#N/A N/A
03/01/2011;DE0001030534;#N/A N/A
04/01/2011;DE0001030534;#N/A N/A
05/01/2011;DE0001030534;#N/A N/A
06/01/2011;DE0001030534;#N/A N/A
07/01/2011;DE0001030534;#N/A N/A
10/01/2011;DE0001030534;#N/A N/A
11/01/2011;DE0001030534;#N/A N/A
12/01/2011;DE0001030534;#N/A N/A
13/01/2011;DE0001030534;#N/A N/A
14/01/2011;DE0001030534;#N/A N/A
17/01/2011;DE0001030534;#N/A N/A
18/01/2011;DE0001030534;#N/A N/A
19/01/2011;DE0001030534;#N/A N/A
20/01/2011;DE0001030534;#N/A N/A
21/01/2011;DE0001030534;#N/A N/A
24/01/2011;DE0001030534;#N/A N/A
25/01/2011;DE0001030534;#N/A N/A
26/01/2011;DE0001030534;#N/A N/A
27/01/2011;DE0001030534;#N/A N/A
28/01/2011;DE0001030534;#N/A N/A
31/01/2011;DE0001030534;#N/A N/A
01/02/2011;DE0001030534;#N/A N/A
02/02/2011;DE0001030534;#N/A N/A
03/02/2011;DE0001030534;#N/A N/A
04/02/2011;DE0001030534;#N/A N/A
07/02/2011;DE0001030534;#N/A N/A
08/02/2011;DE0001030534;#N/A N/A
09/02/2011;DE0001030534;#N/A N/A
10/02/2011;DE0001030534;#N/A N/A
11/02/2011;DE0001030534;#N/A N/A
14/02/2011;DE0001030534;#N/A N/A
15/02/2011;DE0001030534;#N/A N/A
16/02/2011;DE0001030534;#N/A N/A
17/02/2011;DE0001030534;#N/A N/A
18/02/2011;DE0001030534;#N/A N/A
21/02/2011;DE0001030534;#N/A N/A
22/02/2011;DE0001030534;#N/A N/A
23/02/2011;DE0001030534;#N/A N/A
24/02/2011;DE0001030534;#N/A N/A
25/02/2011;DE0001030534;#N/A N/A
28/02/2011;DE0001030534;#N/A N/A
01/03/2011;DE0001030534;#N/A N/A
02/03/2011;DE0001030534;#N/A N/A
03/03/2011;DE0001030534;#N/A N/A
04/03/2011;DE0001030534;#N/A N/A
07/03/2011;DE0001030534;#N/A N/A
08/03/2011;DE0001030534;#N/A N/A
09/03/2011;DE0001030534;#N/A N/A
10/03/2011;DE0001030534;#N/A N/A
11/03/2011;DE0001030534;#N/A N/A
14/03/2011;DE0001030534;#N/A N/A
15/03/2011;DE0001030534;#N/A N/A
16/03/2011;DE0001030534;#N/A N/A
17/03/2011;DE0001030534;#N/A N/A
18/03/2011;DE0001030534;#N/A N/A
21/03/2011;DE0001030534;#N/A N/A
22/03/2011;DE0001030534;#N/A N/A
23/03/2011;DE0001030534;#N/A N/A
24/03/2011;DE0001030534;#N/A N/A
25/03/2011;DE0001030534;#N/A N/A
28/03/2011;DE0001030534;#N/A N/A
29/03/2011;DE0001030534;#N/A N/A
30/03/2011;DE0001030534;#N/A N/A
31/03/2011;DE0001030534;#N/A N/A
01/04/2011;DE0001030534;#N/A N/A
04/04/2011;DE0001030534;#N/A N/A
05/04/2011;DE0001030534;#N/A N/A
06/04/2011;DE0001030534;#N/A N/A
07/04/2011;DE0001030534;#N/A N/A
08/04/2011;DE0001030534;#N/A N/A
11/04/2011;DE0001030534;#N/A N/A
12/04/2011;DE0001030534;0.854
13/04/2011;DE0001030534;0.821
14/04/2011;DE0001030534;0.848
15/04/2011;DE0001030534;0.822
18/04/2011;DE0001030534;0.72
19/04/2011;DE0001030534;0.754
20/04/2011;DE0001030534;0.811
21/04/2011;DE0001030534;0.783
22/04/2011;DE0001030534;#N/A N/A
25/04/2011;DE0001030534;#N/A N/A
26/04/2011;DE0001030534;0.789
27/04/2011;DE0001030534;0.826
28/04/2011;DE0001030534;0.722
29/04/2011;DE0001030534;0.622
02/05/2011;DE0001030534;0.65
03/05/2011;DE0001030534;0.658
04/05/2011;DE0001030534;0.666
05/05/2011;DE0001030534;0.642
06/05/2011;DE0001030534;0.618
09/05/2011;DE0001030534;0.589
10/05/2011;DE0001030534;0.577
11/05/2011;DE0001030534;0.625
12/05/2011;DE0001030534;0.65
13/05/2011;DE0001030534;0.654
16/05/2011;DE0001030534;0.66
17/05/2011;DE0001030534;0.685
18/05/2011;DE0001030534;0.711
19/05/2011;DE0001030534;0.717
20/05/2011;DE0001030534;0.69
23/05/2011;DE0001030534;0.658
24/05/2011;DE0001030534;0.683
25/05/2011;DE0001030534;0.686
26/05/2011;DE0001030534;0.648
27/05/2011;DE0001030534;0.645
30/05/2011;DE0001030534;0.645
31/05/2011;DE0001030534;0.681
01/06/2011;DE0001030534;0.628
02/06/2011;DE0001030534;0.626
03/06/2011;DE0001030534;0.671
06/06/2011;DE0001030534;0.633
07/06/2011;DE0001030534;0.703
08/06/2011;DE0001030534;0.671
09/06/2011;DE0001030534;0.679
10/06/2011;DE0001030534;0.631
13/06/2011;DE0001030534;0.652
14/06/2011;DE0001030534;0.671
15/06/2011;DE0001030534;0.601
16/06/2011;DE0001030534;0.642
17/06/2011;DE0001030534;0.73
20/06/2011;DE0001030534;0.777
21/06/2011;DE0001030534;0.776
22/06/2011;DE0001030534;0.703
23/06/2011;DE0001030534;0.696
24/06/2011;DE0001030534;0.728
27/06/2011;DE0001030534;0.731
28/06/2011;DE0001030534;0.724
29/06/2011;DE0001030534;0.709
30/06/2011;DE0001030534;0.733
01/07/2011;DE0001030534;0.755
04/07/2011;DE0001030534;0.768
05/07/2011;DE0001030534;0.748
06/07/2011;DE0001030534;0.724
07/07/2011;DE0001030534;0.727
08/07/2011;DE0001030534;0.57
11/07/2011;DE0001030534;0.461
12/07/2011;DE0001030534;0.486
13/07/2011;DE0001030534;0.495
14/07/2011;DE0001030534;0.459
15/07/2011;DE0001030534;0.403
18/07/2011;DE0001030534;0.355
19/07/2011;DE0001030534;0.375
20/07/2011;DE0001030534;0.432
21/07/2011;DE0001030534;0.479
22/07/2011;DE0001030534;0.412
25/07/2011;DE0001030534;0.354
26/07/2011;DE0001030534;0.393
27/07/2011;DE0001030534;0.352
28/07/2011;DE0001030534;0.368
29/07/2011;DE0001030534;0.279
01/08/2011;DE0001030534;0.207
02/08/2011;DE0001030534;0.206
03/08/2011;DE0001030534;0.257
04/08/2011;DE0001030534;0.181
05/08/2011;DE0001030534;0.238
08/08/2011;DE0001030534;0.269
09/08/2011;DE0001030534;0.354
10/08/2011;DE0001030534;0.125
11/08/2011;DE0001030534;0.119
12/08/2011;DE0001030534;0.089
15/08/2011;DE0001030534;0.11
16/08/2011;DE0001030534;0.104
17/08/2011;DE0001030534;0.032
18/08/2011;DE0001030534;0.051
19/08/2011;DE0001030534;0.121
22/08/2011;DE0001030534;0.148
23/08/2011;DE0001030534;0.149
24/08/2011;DE0001030534;0.194
25/08/2011;DE0001030534;0.192
26/08/2011;DE0001030534;0.19
29/08/2011;DE0001030534;0.239
30/08/2011;DE0001030534;0.192
31/08/2011;DE0001030534;0.276
01/09/2011;DE0001030534;0.189
02/09/2011;DE0001030534;0.023
05/09/2011;DE0001030534;-0.051
06/09/2011;DE0001030534;-0.052
07/09/2011;DE0001030534;0.018
08/09/2011;DE0001030534;-0.007
09/09/2011;DE0001030534;-0.091
12/09/2011;DE0001030534;-0.022
13/09/2011;DE0001030534;0.065
14/09/2011;DE0001030534;0.128
15/09/2011;DE0001030534;0.164
16/09/2011;DE0001030534;0.051
19/09/2011;DE0001030534;0.006
20/09/2011;DE0001030534;0.01
21/09/2011;DE0001030534;-0.026
22/09/2011;DE0001030534;-0.105
23/09/2011;DE0001030534;0.004
26/09/2011;DE0001030534;0.08
27/09/2011;DE0001030534;0.126
28/09/2011;DE0001030534;0.174
29/09/2011;DE0001030534;0.131
30/09/2011;DE0001030534;-0.042
03/10/2011;DE0001030534;-0.078
04/10/2011;DE0001030534;-0.097
05/10/2011;DE0001030534;-0.008
06/10/2011;DE0001030534;0.093
07/10/2011;DE0001030534;0.119
10/10/2011;DE0001030534;0.146
11/10/2011;DE0001030534;0.124
12/10/2011;DE0001030534;0.151
13/10/2011;DE0001030534;0.021
14/10/2011;DE0001030534;0.075
17/10/2011;DE0001030534;-0.036
18/10/2011;DE0001030534;-0.091
19/10/2011;DE0001030534;-0.08
20/10/2011;DE0001030534;-0.135
21/10/2011;DE0001030534;-0.06
24/10/2011;DE0001030534;-0.08
25/10/2011;DE0001030534;-0.212
26/10/2011;DE0001030534;-0.19
27/10/2011;DE0001030534;-0.131
28/10/2011;DE0001030534;-0.15
31/10/2011;DE0001030534;-0.209
01/11/2011;DE0001030534;-0.321
02/11/2011;DE0001030534;-0.345
03/11/2011;DE0001030534;-0.36
04/11/2011;DE0001030534;-0.355
07/11/2011;DE0001030534;-0.417
08/11/2011;DE0001030534;-0.426
09/11/2011;DE0001030534;-0.419
10/11/2011;DE0001030534;-0.348
11/11/2011;DE0001030534;-0.278
14/11/2011;DE0001030534;-0.326
15/11/2011;DE0001030534;-0.249
16/11/2011;DE0001030534;-0.194
17/11/2011;DE0001030534;-0.162
18/11/2011;DE0001030534;-0.077
21/11/2011;DE0001030534;-0.082
22/11/2011;DE0001030534;-0.045
23/11/2011;DE0001030534;0.124
24/11/2011;DE0001030534;0.279
25/11/2011;DE0001030534;0.306
28/11/2011;DE0001030534;0.349
29/11/2011;DE0001030534;0.385
30/11/2011;DE0001030534;0.186
01/12/2011;DE0001030534;-0.034
02/12/2011;DE0001030534;-0.124
05/12/2011;DE0001030534;-0.136
06/12/2011;DE0001030534;-0.138
07/12/2011;DE0001030534;-0.122
08/12/2011;DE0001030534;-0.2
09/12/2011;DE0001030534;-0.02
12/12/2011;DE0001030534;-0.089
13/12/2011;DE0001030534;-0.066
14/12/2011;DE0001030534;-0.155
15/12/2011;DE0001030534;-0.096
16/12/2011;DE0001030534;-0.219
19/12/2011;DE0001030534;-0.203
20/12/2011;DE0001030534;-0.164
21/12/2011;DE0001030534;-0.205
22/12/2011;DE0001030534;-0.236
23/12/2011;DE0001030534;-0.229
26/12/2011;DE0001030534;#N/A N/A
27/12/2011;DE0001030534;-0.278
28/12/2011;DE0001030534;-0.276
29/12/2011;DE0001030534;-0.321
30/12/2011;DE0001030534;-0.354
02/01/2012;DE0001030534;-0.293
03/01/2012;DE0001030534;-0.307
04/01/2012;DE0001030534;-0.304
05/01/2012;DE0001030534;-0.385
06/01/2012;DE0001030534;-0.43
09/01/2012;DE0001030534;-0.453
10/01/2012;DE0001030534;-0.415
11/01/2012;DE0001030534;-0.431
12/01/2012;DE0001030534;-0.423
13/01/2012;DE0001030534;-0.425
16/01/2012;DE0001030534;-0.437
17/01/2012;DE0001030534;-0.488
18/01/2012;DE0001030534;-0.535
19/01/2012;DE0001030534;-0.503
20/01/2012;DE0001030534;-0.514
23/01/2012;DE0001030534;-0.497
24/01/2012;DE0001030534;-0.426
25/01/2012;DE0001030534;-0.47
26/01/2012;DE0001030534;-0.539
27/01/2012;DE0001030534;-0.533
30/01/2012;DE0001030534;-0.552
31/01/2012;DE0001030534;-0.567
01/02/2012;DE0001030534;-0.534
02/02/2012;DE0001030534;-0.473
03/02/2012;DE0001030534;-0.398
06/02/2012;DE0001030534;-0.459
07/02/2012;DE0001030534;-0.39
08/02/2012;DE0001030534;-0.357
09/02/2012;DE0001030534;-0.322
10/02/2012;DE0001030534;-0.374
13/02/2012;DE0001030534;-0.377
14/02/2012;DE0001030534;-0.388
15/02/2012;DE0001030534;-0.414
16/02/2012;DE0001030534;-0.35
17/02/2012;DE0001030534;-0.296
20/02/2012;DE0001030534;-0.274
21/02/2012;DE0001030534;-0.265
22/02/2012;DE0001030534;-0.338
23/02/2012;DE0001030534;-0.365
24/02/2012;DE0001030534;-0.414
27/02/2012;DE0001030534;-0.46
28/02/2012;DE0001030534;-0.492
29/02/2012;DE0001030534;-0.461
01/03/2012;DE0001030534;-0.39
02/03/2012;DE0001030534;-0.454
05/03/2012;DE0001030534;-0.428
06/03/2012;DE0001030534;-0.505
07/03/2012;DE0001030534;-0.516
08/03/2012;DE0001030534;-0.529
09/03/2012;DE0001030534;-0.531
12/03/2012;DE0001030534;-0.569
13/03/2012;DE0001030534;-0.563
14/03/2012;DE0001030534;-0.486
15/03/2012;DE0001030534;-0.469
16/03/2012;DE0001030534;-0.424
19/03/2012;DE0001030534;-0.406
20/03/2012;DE0001030534;-0.417
21/03/2012;DE0001030534;-0.454
22/03/2012;DE0001030534;-0.524
23/03/2012;DE0001030534;-0.587
26/03/2012;DE0001030534;-0.586
27/03/2012;DE0001030534;-0.657
28/03/2012;DE0001030534;-0.691
29/03/2012;DE0001030534;-0.698
30/03/2012;DE0001030534;-0.736
02/04/2012;DE0001030534;-0.704
03/04/2012;DE0001030534;-0.7
04/04/2012;DE0001030534;-0.755
05/04/2012;DE0001030534;-0.829
06/04/2012;DE0001030534;-0.831
09/04/2012;DE0001030534;#N/A N/A
10/04/2012;DE0001030534;-0.918
11/04/2012;DE0001030534;-0.872
12/04/2012;DE0001030534;-0.865
13/04/2012;DE0001030534;-0.878
16/04/2012;DE0001030534;-0.856
17/04/2012;DE0001030534;-0.775
18/04/2012;DE0001030534;-0.762
19/04/2012;DE0001030534;-0.739
20/04/2012;DE0001030534;-0.719
23/04/2012;DE0001030534;-0.769
24/04/2012;DE0001030534;-0.704
25/04/2012;DE0001030534;-0.685
26/04/2012;DE0001030534;-0.753
27/04/2012;DE0001030534;-0.752
30/04/2012;DE0001030534;-0.823
01/05/2012;DE0001030534;-0.789
02/05/2012;DE0001030534;-0.848
03/05/2012;DE0001030534;-0.833
04/05/2012;DE0001030534;-0.851
07/05/2012;DE0001030534;-0.837
08/05/2012;DE0001030534;-0.802
09/05/2012;DE0001030534;-0.756
10/05/2012;DE0001030534;-0.762
11/05/2012;DE0001030534;-0.76
14/05/2012;DE0001030534;-0.769
15/05/2012;DE0001030534;-0.767
16/05/2012;DE0001030534;-0.809
17/05/2012;DE0001030534;-0.843
18/05/2012;DE0001030534;-0.776
21/05/2012;DE0001030534;-0.775
22/05/2012;DE0001030534;-0.705
23/05/2012;DE0001030534;-0.653
24/05/2012;DE0001030534;-0.545
25/05/2012;DE0001030534;-0.594
28/05/2012;DE0001030534;-0.623
29/05/2012;DE0001030534;-0.566
30/05/2012;DE0001030534;-0.57
31/05/2012;DE0001030534;-0.58
01/06/2012;DE0001030534;-0.566
04/06/2012;DE0001030534;-0.545
05/06/2012;DE0001030534;-0.556
06/06/2012;DE0001030534;-0.488
07/06/2012;DE0001030534;-0.491
08/06/2012;DE0001030534;-0.537
11/06/2012;DE0001030534;-0.517
12/06/2012;DE0001030534;-0.374
13/06/2012;DE0001030534;-0.413
14/06/2012;DE0001030534;-0.476
15/06/2012;DE0001030534;-0.513
18/06/2012;DE0001030534;-0.531
19/06/2012;DE0001030534;-0.446
20/06/2012;DE0001030534;-0.372
21/06/2012;DE0001030534;-0.353
22/06/2012;DE0001030534;-0.281
25/06/2012;DE0001030534;-0.333
26/06/2012;DE0001030534;-0.214
27/06/2012;DE0001030534;-0.226
28/06/2012;DE0001030534;-0.303
29/06/2012;DE0001030534;-0.333
02/07/2012;DE0001030534;-0.365
03/07/2012;DE0001030534;-0.417
04/07/2012;DE0001030534;-0.47
05/07/2012;DE0001030534;-0.528
06/07/2012;DE0001030534;-0.523
09/07/2012;DE0001030534;-0.511
10/07/2012;DE0001030534;-0.517
11/07/2012;DE0001030534;-0.551
12/07/2012;DE0001030534;-0.59
13/07/2012;DE0001030534;-0.711
16/07/2012;DE0001030534;-0.778
17/07/2012;DE0001030534;-0.82
18/07/2012;DE0001030534;-0.824
19/07/2012;DE0001030534;-0.806
20/07/2012;DE0001030534;-0.84
23/07/2012;DE0001030534;-0.811
24/07/2012;DE0001030534;-0.737
25/07/2012;DE0001030534;-0.717
26/07/2012;DE0001030534;-0.647
27/07/2012;DE0001030534;-0.602
30/07/2012;DE0001030534;-0.697
31/07/2012;DE0001030534;-0.754
01/08/2012;DE0001030534;-0.73
02/08/2012;DE0001030534;-0.889
03/08/2012;DE0001030534;-0.78
06/08/2012;DE0001030534;-0.83
07/08/2012;DE0001030534;-0.761
08/08/2012;DE0001030534;-0.804
09/08/2012;DE0001030534;-0.762
10/08/2012;DE0001030534;-0.812
13/08/2012;DE0001030534;-0.804
14/08/2012;DE0001030534;-0.77
15/08/2012;DE0001030534;-0.737
16/08/2012;DE0001030534;-0.743
17/08/2012;DE0001030534;-0.789
20/08/2012;DE0001030534;-0.739
21/08/2012;DE0001030534;-0.728
22/08/2012;DE0001030534;-0.767
23/08/2012;DE0001030534;-0.761
24/08/2012;DE0001030534;-0.754
27/08/2012;DE0001030534;-0.751
28/08/2012;DE0001030534;-0.758
29/08/2012;DE0001030534;-0.724
30/08/2012;DE0001030534;-0.839
31/08/2012;DE0001030534;-0.841
03/09/2012;DE0001030534;-0.84
04/09/2012;DE0001030534;-0.862
05/09/2012;DE0001030534;-0.863
06/09/2012;DE0001030534;-0.786
07/09/2012;DE0001030534;-0.814
10/09/2012;DE0001030534;-0.792
11/09/2012;DE0001030534;-0.78
12/09/2012;DE0001030534;-0.755
13/09/2012;DE0001030534;-0.814
14/09/2012;DE0001030534;-0.787
17/09/2012;DE0001030534;-0.845
18/09/2012;DE0001030534;-0.812
19/09/2012;DE0001030534;-0.804
20/09/2012;DE0001030534;-0.837
21/09/2012;DE0001030534;-0.812
24/09/2012;DE0001030534;-0.823
25/09/2012;DE0001030534;-0.782
26/09/2012;DE0001030534;-0.806
27/09/2012;DE0001030534;-0.811
28/09/2012;DE0001030534;-0.894
01/10/2012;DE0001030534;-0.89
02/10/2012;DE0001030534;-0.89
03/10/2012;DE0001030534;-0.907
04/10/2012;DE0001030534;-0.913
05/10/2012;DE0001030534;-0.91
08/10/2012;DE0001030534;-0.919
09/10/2012;DE0001030534;-0.897
10/10/2012;DE0001030534;-0.879
11/10/2012;DE0001030534;-0.877
12/10/2012;DE0001030534;-0.94
15/10/2012;DE0001030534;-0.897
16/10/2012;DE0001030534;-0.812
17/10/2012;DE0001030534;-0.755
18/10/2012;DE0001030534;-0.769
19/10/2012;DE0001030534;-0.792
22/10/2012;DE0001030534;-0.775
23/10/2012;DE0001030534;-0.768
24/10/2012;DE0001030534;-0.8
25/10/2012;DE0001030534;-0.766
26/10/2012;DE0001030534;-0.796
29/10/2012;DE0001030534;-0.816
30/10/2012;DE0001030534;-0.775
31/10/2012;DE0001030534;-0.785
01/11/2012;DE0001030534;-0.83
02/11/2012;DE0001030534;-0.846
05/11/2012;DE0001030534;-0.823
06/11/2012;DE0001030534;-0.82
07/11/2012;DE0001030534;-0.82
08/11/2012;DE0001030534;-0.802
09/11/2012;DE0001030534;-0.818
12/11/2012;DE0001030534;-0.827
13/11/2012;DE0001030534;-0.838
14/11/2012;DE0001030534;-0.829
15/11/2012;DE0001030534;-0.852
16/11/2012;DE0001030534;-0.834
19/11/2012;DE0001030534;-0.845
20/11/2012;DE0001030534;-0.839
21/11/2012;DE0001030534;-0.851
22/11/2012;DE0001030534;-0.84
23/11/2012;DE0001030534;-0.852
26/11/2012;DE0001030534;-0.876
27/11/2012;DE0001030534;-0.83
28/11/2012;DE0001030534;-0.857
29/11/2012;DE0001030534;-0.843
30/11/2012;DE0001030534;-0.844
03/12/2012;DE0001030534;-0.828
04/12/2012;DE0001030534;-0.833
05/12/2012;DE0001030534;-0.874
06/12/2012;DE0001030534;-0.912
07/12/2012;DE0001030534;-0.906
10/12/2012;DE0001030534;-0.904
11/12/2012;DE0001030534;-0.917
12/12/2012;DE0001030534;-0.91
13/12/2012;DE0001030534;-0.925
14/12/2012;DE0001030534;-0.936
17/12/2012;DE0001030534;-0.887
18/12/2012;DE0001030534;-0.87
19/12/2012;DE0001030534;-0.868
20/12/2012;DE0001030534;-0.9
21/12/2012;DE0001030534;-0.925
24/12/2012;DE0001030534;-0.946
25/12/2012;DE0001030534;#N/A N/A
26/12/2012;DE0001030534;#N/A N/A
27/12/2012;DE0001030534;-0.954
28/12/2012;DE0001030534;-0.972
31/12/2012;DE0001030534;-0.983
01/01/2013;DE0001030534;#N/A N/A
02/01/2013;DE0001030534;-0.953
03/01/2013;DE0001030534;-0.909
04/01/2013;DE0001030534;-0.842
07/01/2013;DE0001030534;-0.849
08/01/2013;DE0001030534;-0.879
09/01/2013;DE0001030534;-0.884
10/01/2013;DE0001030534;-0.815
11/01/2013;DE0001030534;-0.811
14/01/2013;DE0001030534;-0.797
15/01/2013;DE0001030534;-0.805
16/01/2013;DE0001030534;-0.811
17/01/2013;DE0001030534;-0.73
18/01/2013;DE0001030534;-0.757
21/01/2013;DE0001030534;-0.726
22/01/2013;DE0001030534;-0.765
23/01/2013;DE0001030534;-0.808
24/01/2013;DE0001030534;-0.808
25/01/2013;DE0001030534;-0.721
28/01/2013;DE0001030534;-0.663
29/01/2013;DE0001030534;-0.696
30/01/2013;DE0001030534;-0.705
31/01/2013;DE0001030534;-0.723
01/02/2013;DE0001030534;-0.717
04/02/2013;DE0001030534;-0.766
05/02/2013;DE0001030534;-0.753
06/02/2013;DE0001030534;-0.777
07/02/2013;DE0001030534;-0.818
08/02/2013;DE0001030534;-0.806
11/02/2013;DE0001030534;-0.791
12/02/2013;DE0001030534;-0.777
13/02/2013;DE0001030534;-0.75
14/02/2013;DE0001030534;-0.793
15/02/2013;DE0001030534;-0.758
18/02/2013;DE0001030534;-0.767
19/02/2013;DE0001030534;-0.749
20/02/2013;DE0001030534;-0.714
21/02/2013;DE0001030534;-0.744
22/02/2013;DE0001030534;-0.767
25/02/2013;DE0001030534;-0.777
26/02/2013;DE0001030534;-0.824
27/02/2013;DE0001030534;-0.802
28/02/2013;DE0001030534;-0.858
01/03/2013;DE0001030534;-0.879
04/03/2013;DE0001030534;-0.857
05/03/2013;DE0001030534;-0.862
06/03/2013;DE0001030534;-0.897
07/03/2013;DE0001030534;-0.86
08/03/2013;DE0001030534;-0.861
11/03/2013;DE0001030534;-0.865
12/03/2013;DE0001030534;-0.902
13/03/2013;DE0001030534;-0.919
14/03/2013;DE0001030534;-0.928
15/03/2013;DE0001030534;-0.954
18/03/2013;DE0001030534;-0.983
19/03/2013;DE0001030534;-1.003
20/03/2013;DE0001030534;-0.977
21/03/2013;DE0001030534;-1.012
22/03/2013;DE0001030534;-1.031
25/03/2013;DE0001030534;-1.078
26/03/2013;DE0001030534;-1.118
27/03/2013;DE0001030534;-1.179
28/03/2013;DE0001030534;-1.179
29/03/2013;DE0001030534;#N/A N/A
01/04/2013;DE0001030534;#N/A N/A
02/04/2013;DE0001030534;-1.213
03/04/2013;DE0001030534;-1.232
04/04/2013;DE0001030534;-1.245
05/04/2013;DE0001030534;-1.223
08/04/2013;DE0001030534;-1.196
09/04/2013;DE0001030534;-1.188
10/04/2013;DE0001030534;-1.15
11/04/2013;DE0001030534;-1.121
12/04/2013;DE0001030534;-1.12
15/04/2013;DE0001030534;-1.09
23/03/2012;DE0001030542;-0.005
26/03/2012;DE0001030542;0.013
27/03/2012;DE0001030542;-0.025
28/03/2012;DE0001030542;-0.057
29/03/2012;DE0001030542;-0.044
30/03/2012;DE0001030542;-0.064
02/04/2012;DE0001030542;-0.041
03/04/2012;DE0001030542;-0.029
04/04/2012;DE0001030542;-0.108
05/04/2012;DE0001030542;-0.173
06/04/2012;DE0001030542;#N/A N/A
09/04/2012;DE0001030542;#N/A N/A
10/04/2012;DE0001030542;-0.254
11/04/2012;DE0001030542;-0.235
12/04/2012;DE0001030542;-0.225
13/04/2012;DE0001030542;-0.253
16/04/2012;DE0001030542;-0.252
17/04/2012;DE0001030542;-0.178
18/04/2012;DE0001030542;-0.184
19/04/2012;DE0001030542;-0.168
20/04/2012;DE0001030542;-0.192
23/04/2012;DE0001030542;-0.229
24/04/2012;DE0001030542;-0.17
25/04/2012;DE0001030542;-0.139
26/04/2012;DE0001030542;-0.162
27/04/2012;DE0001030542;-0.163
30/04/2012;DE0001030542;-0.216
01/05/2012;DE0001030542;#N/A N/A
02/05/2012;DE0001030542;-0.236
03/05/2012;DE0001030542;-0.199
04/05/2012;DE0001030542;-0.228
07/05/2012;DE0001030542;-0.182
08/05/2012;DE0001030542;-0.183
09/05/2012;DE0001030542;-0.149
10/05/2012;DE0001030542;-0.141
11/05/2012;DE0001030542;-0.169
14/05/2012;DE0001030542;-0.216
15/05/2012;DE0001030542;-0.184
16/05/2012;DE0001030542;-0.257
17/05/2012;DE0001030542;-0.308
18/05/2012;DE0001030542;-0.267
21/05/2012;DE0001030542;-0.259
22/05/2012;DE0001030542;-0.237
23/05/2012;DE0001030542;-0.205
24/05/2012;DE0001030542;-0.157
25/05/2012;DE0001030542;-0.18
28/05/2012;DE0001030542;-0.19
29/05/2012;DE0001030542;-0.179
30/05/2012;DE0001030542;-0.19
31/05/2012;DE0001030542;-0.244
01/06/2012;DE0001030542;-0.249
04/06/2012;DE0001030542;-0.229
05/06/2012;DE0001030542;-0.274
06/06/2012;DE0001030542;-0.212
07/06/2012;DE0001030542;-0.222
08/06/2012;DE0001030542;-0.295
11/06/2012;DE0001030542;-0.304
12/06/2012;DE0001030542;-0.224
13/06/2012;DE0001030542;-0.208
14/06/2012;DE0001030542;-0.256
15/06/2012;DE0001030542;-0.311
18/06/2012;DE0001030542;-0.303
19/06/2012;DE0001030542;-0.176
20/06/2012;DE0001030542;-0.128
21/06/2012;DE0001030542;-0.143
22/06/2012;DE0001030542;-0.068
25/06/2012;DE0001030542;-0.132
26/06/2012;DE0001030542;-0.018
27/06/2012;DE0001030542;0
28/06/2012;DE0001030542;-0.058
29/06/2012;DE0001030542;-0.039
02/07/2012;DE0001030542;-0.071
03/07/2012;DE0001030542;-0.106
04/07/2012;DE0001030542;-0.139
05/07/2012;DE0001030542;-0.176
06/07/2012;DE0001030542;-0.17
09/07/2012;DE0001030542;-0.165
10/07/2012;DE0001030542;-0.199
11/07/2012;DE0001030542;-0.266
12/07/2012;DE0001030542;-0.307
13/07/2012;DE0001030542;-0.412
16/07/2012;DE0001030542;-0.475
17/07/2012;DE0001030542;-0.504
18/07/2012;DE0001030542;-0.493
19/07/2012;DE0001030542;-0.474
20/07/2012;DE0001030542;-0.501
23/07/2012;DE0001030542;-0.473
24/07/2012;DE0001030542;-0.429
25/07/2012;DE0001030542;-0.416
26/07/2012;DE0001030542;-0.36
27/07/2012;DE0001030542;-0.311
30/07/2012;DE0001030542;-0.39
31/07/2012;DE0001030542;-0.482
01/08/2012;DE0001030542;-0.421
02/08/2012;DE0001030542;-0.585
03/08/2012;DE0001030542;-0.449
06/08/2012;DE0001030542;-0.511
07/08/2012;DE0001030542;-0.435
08/08/2012;DE0001030542;-0.477
09/08/2012;DE0001030542;-0.437
10/08/2012;DE0001030542;-0.464
13/08/2012;DE0001030542;-0.454
14/08/2012;DE0001030542;-0.413
15/08/2012;DE0001030542;-0.353
16/08/2012;DE0001030542;-0.381
17/08/2012;DE0001030542;-0.435
20/08/2012;DE0001030542;-0.403
21/08/2012;DE0001030542;-0.366
22/08/2012;DE0001030542;-0.395
23/08/2012;DE0001030542;-0.427
24/08/2012;DE0001030542;-0.424
27/08/2012;DE0001030542;-0.443
28/08/2012;DE0001030542;-0.408
29/08/2012;DE0001030542;-0.387
30/08/2012;DE0001030542;-0.479
31/08/2012;DE0001030542;-0.486
03/09/2012;DE0001030542;-0.467
04/09/2012;DE0001030542;-0.466
05/09/2012;DE0001030542;-0.428
06/09/2012;DE0001030542;-0.349
07/09/2012;DE0001030542;-0.37
10/09/2012;DE0001030542;-0.366
11/09/2012;DE0001030542;-0.346
12/09/2012;DE0001030542;-0.296
13/09/2012;DE0001030542;-0.339
14/09/2012;DE0001030542;-0.264
17/09/2012;DE0001030542;-0.312
18/09/2012;DE0001030542;-0.299
19/09/2012;DE0001030542;-0.304
20/09/2012;DE0001030542;-0.328
21/09/2012;DE0001030542;-0.31
24/09/2012;DE0001030542;-0.317
25/09/2012;DE0001030542;-0.3
26/09/2012;DE0001030542;-0.405
27/09/2012;DE0001030542;-0.393
28/09/2012;DE0001030542;-0.462
01/10/2012;DE0001030542;-0.461
02/10/2012;DE0001030542;-0.443
03/10/2012;DE0001030542;-0.456
04/10/2012;DE0001030542;-0.478
05/10/2012;DE0001030542;-0.428
08/10/2012;DE0001030542;-0.448
09/10/2012;DE0001030542;-0.399
10/10/2012;DE0001030542;-0.397
11/10/2012;DE0001030542;-0.383
12/10/2012;DE0001030542;-0.413
15/10/2012;DE0001030542;-0.36
16/10/2012;DE0001030542;-0.281
17/10/2012;DE0001030542;-0.203
18/10/2012;DE0001030542;-0.206
19/10/2012;DE0001030542;-0.231
22/10/2012;DE0001030542;-0.196
23/10/2012;DE0001030542;-0.213
24/10/2012;DE0001030542;-0.228
25/10/2012;DE0001030542;-0.219
26/10/2012;DE0001030542;-0.261
29/10/2012;DE0001030542;-0.314
30/10/2012;DE0001030542;-0.289
31/10/2012;DE0001030542;-0.328
01/11/2012;DE0001030542;-0.337
02/11/2012;DE0001030542;-0.342
05/11/2012;DE0001030542;-0.341
06/11/2012;DE0001030542;-0.364
07/11/2012;DE0001030542;-0.386
08/11/2012;DE0001030542;-0.392
09/11/2012;DE0001030542;-0.388
12/11/2012;DE0001030542;-0.363
13/11/2012;DE0001030542;-0.355
14/11/2012;DE0001030542;-0.35
15/11/2012;DE0001030542;-0.358
16/11/2012;DE0001030542;-0.344
19/11/2012;DE0001030542;-0.342
20/11/2012;DE0001030542;-0.336
21/11/2012;DE0001030542;-0.349
22/11/2012;DE0001030542;-0.353
23/11/2012;DE0001030542;-0.367
26/11/2012;DE0001030542;-0.38
27/11/2012;DE0001030542;-0.352
28/11/2012;DE0001030542;-0.372
29/11/2012;DE0001030542;-0.352
30/11/2012;DE0001030542;-0.333
03/12/2012;DE0001030542;-0.308
04/12/2012;DE0001030542;-0.335
05/12/2012;DE0001030542;-0.361
06/12/2012;DE0001030542;-0.387
07/12/2012;DE0001030542;-0.372
10/12/2012;DE0001030542;-0.36
11/12/2012;DE0001030542;-0.383
12/12/2012;DE0001030542;-0.383
13/12/2012;DE0001030542;-0.374
14/12/2012;DE0001030542;-0.396
17/12/2012;DE0001030542;-0.35
18/12/2012;DE0001030542;-0.329
19/12/2012;DE0001030542;-0.298
20/12/2012;DE0001030542;-0.314
21/12/2012;DE0001030542;-0.354
24/12/2012;DE0001030542;-0.357
25/12/2012;DE0001030542;#N/A N/A
26/12/2012;DE0001030542;#N/A N/A
27/12/2012;DE0001030542;-0.403
28/12/2012;DE0001030542;-0.408
31/12/2012;DE0001030542;-0.412
01/01/2013;DE0001030542;#N/A N/A
02/01/2013;DE0001030542;-0.341
03/01/2013;DE0001030542;-0.332
04/01/2013;DE0001030542;-0.257
07/01/2013;DE0001030542;-0.274
08/01/2013;DE0001030542;-0.302
09/01/2013;DE0001030542;-0.28
10/01/2013;DE0001030542;-0.21
11/01/2013;DE0001030542;-0.2
14/01/2013;DE0001030542;-0.213
15/01/2013;DE0001030542;-0.221
16/01/2013;DE0001030542;-0.228
17/01/2013;DE0001030542;-0.164
18/01/2013;DE0001030542;-0.204
21/01/2013;DE0001030542;-0.187
22/01/2013;DE0001030542;-0.219
23/01/2013;DE0001030542;-0.257
24/01/2013;DE0001030542;-0.259
25/01/2013;DE0001030542;-0.215
28/01/2013;DE0001030542;-0.177
29/01/2013;DE0001030542;-0.194
30/01/2013;DE0001030542;-0.188
31/01/2013;DE0001030542;-0.226
01/02/2013;DE0001030542;-0.221
04/02/2013;DE0001030542;-0.282
05/02/2013;DE0001030542;-0.277
06/02/2013;DE0001030542;-0.297
07/02/2013;DE0001030542;-0.319
08/02/2013;DE0001030542;-0.319
11/02/2013;DE0001030542;-0.309
12/02/2013;DE0001030542;-0.292
13/02/2013;DE0001030542;-0.248
14/02/2013;DE0001030542;-0.274
15/02/2013;DE0001030542;-0.252
18/02/2013;DE0001030542;-0.268
19/02/2013;DE0001030542;-0.257
20/02/2013;DE0001030542;-0.216
21/02/2013;DE0001030542;-0.269
22/02/2013;DE0001030542;-0.269
25/02/2013;DE0001030542;-0.282
26/02/2013;DE0001030542;-0.342
27/02/2013;DE0001030542;-0.324
28/02/2013;DE0001030542;-0.331
01/03/2013;DE0001030542;-0.379
04/03/2013;DE0001030542;-0.382
05/03/2013;DE0001030542;-0.38
06/03/2013;DE0001030542;-0.369
07/03/2013;DE0001030542;-0.32
08/03/2013;DE0001030542;-0.301
11/03/2013;DE0001030542;-0.308
12/03/2013;DE0001030542;-0.341
13/03/2013;DE0001030542;-0.336
14/03/2013;DE0001030542;-0.341
15/03/2013;DE0001030542;-0.347
18/03/2013;DE0001030542;-0.367
19/03/2013;DE0001030542;-0.396
20/03/2013;DE0001030542;-0.35
21/03/2013;DE0001030542;-0.409
22/03/2013;DE0001030542;-0.411
25/03/2013;DE0001030542;-0.451
26/03/2013;DE0001030542;-0.463
27/03/2013;DE0001030542;-0.533
28/03/2013;DE0001030542;-0.539
29/03/2013;DE0001030542;#N/A N/A
01/04/2013;DE0001030542;#N/A N/A
02/04/2013;DE0001030542;-0.556
03/04/2013;DE0001030542;-0.581
04/04/2013;DE0001030542;-0.61
05/04/2013;DE0001030542;-0.614
08/04/2013;DE0001030542;-0.595
09/04/2013;DE0001030542;-0.559
10/04/2013;DE0001030542;-0.524
11/04/2013;DE0001030542;-0.512
12/04/2013;DE0001030542;-0.527
15/04/2013;DE0001030542;-0.527
16/04/2013;DE0001030542;-0.489
17/04/2013;DE0001030542;-0.505
18/04/2013;DE0001030542;-0.492
19/04/2013;DE0001030542;-0.488
22/04/2013;DE0001030542;-0.527
23/04/2013;DE0001030542;-0.523
24/04/2013;DE0001030542;-0.562
25/04/2013;DE0001030542;-0.547
26/04/2013;DE0001030542;-0.564
29/04/2013;DE0001030542;-0.497
30/04/2013;DE0001030542;-0.527
01/05/2013;DE0001030542;-0.534
02/05/2013;DE0001030542;-0.544
03/05/2013;DE0001030542;-0.49
06/05/2013;DE0001030542;-0.477
07/05/2013;DE0001030542;-0.402
08/05/2013;DE0001030542;-0.4
09/05/2013;DE0001030542;-0.37
10/05/2013;DE0001030542;-0.298
13/05/2013;DE0001030542;-0.336
14/05/2013;DE0001030542;-0.321
15/05/2013;DE0001030542;-0.277
16/05/2013;DE0001030542;-0.327
17/05/2013;DE0001030542;-0.318
20/05/2013;DE0001030542;-0.282
21/05/2013;DE0001030542;-0.284
22/05/2013;DE0001030542;-0.293
23/05/2013;DE0001030542;-0.269
24/05/2013;DE0001030542;-0.287
27/05/2013;DE0001030542;-0.284
28/05/2013;DE0001030542;-0.253
29/05/2013;DE0001030542;-0.246
30/05/2013;DE0001030542;-0.231
31/05/2013;DE0001030542;-0.23
03/06/2013;DE0001030542;-0.212
04/06/2013;DE0001030542;-0.201
05/06/2013;DE0001030542;-0.175
06/06/2013;DE0001030542;-0.149
07/06/2013;DE0001030542;-0.094
10/06/2013;DE0001030542;-0.004
11/06/2013;DE0001030542;0.059
12/06/2013;DE0001030542;0.038
13/06/2013;DE0001030542;0.024
14/06/2013;DE0001030542;-0.062
17/06/2013;DE0001030542;-0.08
18/06/2013;DE0001030542;-0.057
19/06/2013;DE0001030542;-0.08
20/06/2013;DE0001030542;0.061
21/06/2013;DE0001030542;0.176
24/06/2013;DE0001030542;0.336
25/06/2013;DE0001030542;0.277
26/06/2013;DE0001030542;0.193
27/06/2013;DE0001030542;0.176
28/06/2013;DE0001030542;0.147
01/07/2013;DE0001030542;0.119
02/07/2013;DE0001030542;0.077
03/07/2013;DE0001030542;0.044
04/07/2013;DE0001030542;-0.017
05/07/2013;DE0001030542;0.02
08/07/2013;DE0001030542;0.041
09/07/2013;DE0001030542;0.034
10/07/2013;DE0001030542;0.046
11/07/2013;DE0001030542;0.012
12/07/2013;DE0001030542;-0.012
15/07/2013;DE0001030542;-0.025
16/07/2013;DE0001030542;-0.1
17/07/2013;DE0001030542;-0.085
18/07/2013;DE0001030542;-0.069
19/07/2013;DE0001030542;-0.073
22/07/2013;DE0001030542;-0.103
23/07/2013;DE0001030542;-0.064
24/07/2013;DE0001030542;0.015
25/07/2013;DE0001030542;0.051
26/07/2013;DE0001030542;0.048
29/07/2013;DE0001030542;0.069
30/07/2013;DE0001030542;0.078
31/07/2013;DE0001030542;0.065
01/08/2013;DE0001030542;0.049
02/08/2013;DE0001030542;0.015
05/08/2013;DE0001030542;0.028
06/08/2013;DE0001030542;0.017
07/08/2013;DE0001030542;0.009
08/08/2013;DE0001030542;0.029
09/08/2013;DE0001030542;0.038
12/08/2013;DE0001030542;0.06
13/08/2013;DE0001030542;0.13
14/08/2013;DE0001030542;0.128
15/08/2013;DE0001030542;0.2
16/08/2013;DE0001030542;0.205
19/08/2013;DE0001030542;0.202
20/08/2013;DE0001030542;0.182
21/08/2013;DE0001030542;0.215
22/08/2013;DE0001030542;0.266
23/08/2013;DE0001030542;0.253
26/08/2013;DE0001030542;0.216
27/08/2013;DE0001030542;0.185
28/08/2013;DE0001030542;0.2
29/08/2013;DE0001030542;0.197
30/08/2013;DE0001030542;0.222
02/09/2013;DE0001030542;0.265
03/09/2013;DE0001030542;0.29
04/09/2013;DE0001030542;0.293
05/09/2013;DE0001030542;0.388
06/09/2013;DE0001030542;0.324
09/09/2013;DE0001030542;0.335
10/09/2013;DE0001030542;0.375
11/09/2013;DE0001030542;0.326
12/09/2013;DE0001030542;0.277
13/09/2013;DE0001030542;0.27
16/09/2013;DE0001030542;0.232
17/09/2013;DE0001030542;0.233
18/09/2013;DE0001030542;0.266
19/09/2013;DE0001030542;0.197
20/09/2013;DE0001030542;0.22
23/09/2013;DE0001030542;0.203
24/09/2013;DE0001030542;0.167
25/09/2013;DE0001030542;0.161
26/09/2013;DE0001030542;0.151
27/09/2013;DE0001030542;0.123
30/09/2013;DE0001030542;0.117
01/10/2013;DE0001030542;0.117
02/10/2013;DE0001030542;0.103
03/10/2013;DE0001030542;0.089
04/10/2013;DE0001030542;0.118
07/10/2013;DE0001030542;0.073
08/10/2013;DE0001030542;0.074
09/10/2013;DE0001030542;0.088
10/10/2013;DE0001030542;0.138
11/10/2013;DE0001030542;0.143
14/10/2013;DE0001030542;0.161
15/10/2013;DE0001030542;0.203
16/10/2013;DE0001030542;0.224
17/10/2013;DE0001030542;0.188
18/10/2013;DE0001030542;0.172
21/10/2013;DE0001030542;0.171
22/10/2013;DE0001030542;0.131
23/10/2013;DE0001030542;0.101
24/10/2013;DE0001030542;0.07
25/10/2013;DE0001030542;0.048
28/10/2013;DE0001030542;0.045
29/10/2013;DE0001030542;0.036
30/10/2013;DE0001030542;0.003
31/10/2013;DE0001030542;0.034
01/11/2013;DE0001030542;0.099
04/11/2013;DE0001030542;0.083
05/11/2013;DE0001030542;0.127
06/11/2013;DE0001030542;0.13
07/11/2013;DE0001030542;0.106
08/11/2013;DE0001030542;0.207
11/11/2013;DE0001030542;0.219
12/11/2013;DE0001030542;0.273
13/11/2013;DE0001030542;0.21
14/11/2013;DE0001030542;0.183
15/11/2013;DE0001030542;0.196
18/11/2013;DE0001030542;0.193
19/11/2013;DE0001030542;0.224
20/11/2013;DE0001030542;0.229
21/11/2013;DE0001030542;0.253
22/11/2013;DE0001030542;0.248
25/11/2013;DE0001030542;0.224
26/11/2013;DE0001030542;0.214
27/11/2013;DE0001030542;0.25
28/11/2013;DE0001030542;0.21
29/11/2013;DE0001030542;0.199
02/12/2013;DE0001030542;0.229
03/12/2013;DE0001030542;0.193
04/12/2013;DE0001030542;0.255
05/12/2013;DE0001030542;0.324
06/12/2013;DE0001030542;0.325
09/12/2013;DE0001030542;0.332
10/12/2013;DE0001030542;0.335
11/12/2013;DE0001030542;0.301
12/12/2013;DE0001030542;0.326
13/12/2013;DE0001030542;0.325
16/12/2013;DE0001030542;0.326
17/12/2013;DE0001030542;0.318
18/12/2013;DE0001030542;0.312
19/12/2013;DE0001030542;0.318
20/12/2013;DE0001030542;0.32
23/12/2013;DE0001030542;0.315
24/12/2013;DE0001030542;0.291
25/12/2013;DE0001030542;#N/A N/A
26/12/2013;DE0001030542;#N/A N/A
27/12/2013;DE0001030542;0.393
30/12/2013;DE0001030542;0.345
31/12/2013;DE0001030542;0.322
01/01/2014;DE0001030542;#N/A N/A
02/01/2014;DE0001030542;0.372
03/01/2014;DE0001030542;0.381
06/01/2014;DE0001030542;0.351
07/01/2014;DE0001030542;0.329
08/01/2014;DE0001030542;0.328
09/01/2014;DE0001030542;0.339
10/01/2014;DE0001030542;0.277
13/01/2014;DE0001030542;0.246
14/01/2014;DE0001030542;0.255
15/01/2014;DE0001030542;0.273
16/01/2014;DE0001030542;0.246
17/01/2014;DE0001030542;0.206
20/01/2014;DE0001030542;0.216
21/01/2014;DE0001030542;0.223
22/01/2014;DE0001030542;0.253
23/01/2014;DE0001030542;0.213
24/01/2014;DE0001030542;0.178
27/01/2014;DE0001030542;0.187
28/01/2014;DE0001030542;0.191
29/01/2014;DE0001030542;0.174
30/01/2014;DE0001030542;0.176
31/01/2014;DE0001030542;0.141
03/02/2014;DE0001030542;0.118
04/02/2014;DE0001030542;0.126
05/02/2014;DE0001030542;0.12
06/02/2014;DE0001030542;0.19
07/02/2014;DE0001030542;0.16
10/02/2014;DE0001030542;0.203
11/02/2014;DE0001030542;0.212
12/02/2014;DE0001030542;0.241
13/02/2014;DE0001030542;0.193
14/02/2014;DE0001030542;0.193
17/02/2014;DE0001030542;0.194
18/02/2014;DE0001030542;0.18
19/02/2014;DE0001030542;0.185
20/02/2014;DE0001030542;0.198
21/02/2014;DE0001030542;0.179
24/02/2014;DE0001030542;0.19
25/02/2014;DE0001030542;0.166
26/02/2014;DE0001030542;0.156
27/02/2014;DE0001030542;0.119
28/02/2014;DE0001030542;0.15
03/03/2014;DE0001030542;0.086
04/03/2014;DE0001030542;0.103
05/03/2014;DE0001030542;0.088
06/03/2014;DE0001030542;0.106
07/03/2014;DE0001030542;0.098
10/03/2014;DE0001030542;0.087
11/03/2014;DE0001030542;0.099
12/03/2014;DE0001030542;0.064
13/03/2014;DE0001030542;0.059
14/03/2014;DE0001030542;0.06
17/03/2014;DE0001030542;0.081
18/03/2014;DE0001030542;0.085
19/03/2014;DE0001030542;0.086
20/03/2014;DE0001030542;0.119
21/03/2014;DE0001030542;0.101
24/03/2014;DE0001030542;0.058
25/03/2014;DE0001030542;0.051
26/03/2014;DE0001030542;0.031
27/03/2014;DE0001030542;-0.008
28/03/2014;DE0001030542;0.001
31/03/2014;DE0001030542;0.003
01/04/2014;DE0001030542;0.008
02/04/2014;DE0001030542;0.04
03/04/2014;DE0001030542;0.001
04/04/2014;DE0001030542;-0.056
07/04/2014;DE0001030542;-0.067
08/04/2014;DE0001030542;-0.03
09/04/2014;DE0001030542;-0.015
10/04/2014;DE0001030542;-0.053
11/04/2014;DE0001030542;-0.05
14/04/2014;DE0001030542;-0.033
15/04/2014;DE0001030542;-0.073
16/04/2014;DE0001030542;-0.058
17/04/2014;DE0001030542;-0.026
18/04/2014;DE0001030542;#N/A N/A
21/04/2014;DE0001030542;#N/A N/A
22/04/2014;DE0001030542;-0.009
23/04/2014;DE0001030542;-0.026
24/04/2014;DE0001030542;-0.004
25/04/2014;DE0001030542;-0.043
28/04/2014;DE0001030542;-0.048
29/04/2014;DE0001030542;-0.049
30/04/2014;DE0001030542;-0.084
01/05/2014;DE0001030542;-0.091
02/05/2014;DE0001030542;-0.111
05/05/2014;DE0001030542;-0.105
06/05/2014;DE0001030542;-0.086
07/05/2014;DE0001030542;-0.06
08/05/2014;DE0001030542;-0.065
09/05/2014;DE0001030542;-0.046
12/05/2014;DE0001030542;-0.025
13/05/2014;DE0001030542;-0.06
14/05/2014;DE0001030542;-0.089
15/05/2014;DE0001030542;-0.149
16/05/2014;DE0001030542;-0.157
19/05/2014;DE0001030542;-0.158
20/05/2014;DE0001030542;-0.181
21/05/2014;DE0001030542;-0.143
22/05/2014;DE0001030542;-0.133
23/05/2014;DE0001030542;-0.118
26/05/2014;DE0001030542;-0.113
27/05/2014;DE0001030542;-0.127
28/05/2014;DE0001030542;-0.174
29/05/2014;DE0001030542;-0.166
30/05/2014;DE0001030542;-0.172
02/06/2014;DE0001030542;-0.153
03/06/2014;DE0001030542;-0.127
04/06/2014;DE0001030542;-0.141
05/06/2014;DE0001030542;-0.193
06/06/2014;DE0001030542;-0.23
09/06/2014;DE0001030542;-0.164
10/06/2014;DE0001030542;-0.116
11/06/2014;DE0001030542;-0.117
12/06/2014;DE0001030542;-0.133
13/06/2014;DE0001030542;-0.182
16/06/2014;DE0001030542;-0.196
17/06/2014;DE0001030542;-0.161
18/06/2014;DE0001030542;-0.185
19/06/2014;DE0001030542;-0.22
20/06/2014;DE0001030542;-0.187
23/06/2014;DE0001030542;-0.194
24/06/2014;DE0001030542;-0.197
25/06/2014;DE0001030542;-0.233
26/06/2014;DE0001030542;-0.233
27/06/2014;DE0001030542;-0.25
30/06/2014;DE0001030542;-0.289
01/07/2014;DE0001030542;-0.284
02/07/2014;DE0001030542;-0.243
03/07/2014;DE0001030542;-0.25
04/07/2014;DE0001030542;-0.259
07/07/2014;DE0001030542;-0.274
08/07/2014;DE0001030542;-0.306
09/07/2014;DE0001030542;-0.294
10/07/2014;DE0001030542;-0.317
11/07/2014;DE0001030542;-0.314
14/07/2014;DE0001030542;-0.31
15/07/2014;DE0001030542;-0.304
16/07/2014;DE0001030542;-0.315
17/07/2014;DE0001030542;-0.364
18/07/2014;DE0001030542;-0.363
21/07/2014;DE0001030542;-0.372
22/07/2014;DE0001030542;-0.372
23/07/2014;DE0001030542;-0.404
24/07/2014;DE0001030542;-0.399
25/07/2014;DE0001030542;-0.402
28/07/2014;DE0001030542;-0.39
29/07/2014;DE0001030542;-0.398
30/07/2014;DE0001030542;-0.362
31/07/2014;DE0001030542;-0.373
01/08/2014;DE0001030542;-0.373
04/08/2014;DE0001030542;-0.345
05/08/2014;DE0001030542;-0.283
06/08/2014;DE0001030542;-0.332
07/08/2014;DE0001030542;-0.355
08/08/2014;DE0001030542;-0.334
11/08/2014;DE0001030542;-0.293
12/08/2014;DE0001030542;-0.293
13/08/2014;DE0001030542;-0.326
14/08/2014;DE0001030542;-0.306
15/08/2014;DE0001030542;-0.314
18/08/2014;DE0001030542;-0.303
19/08/2014;DE0001030542;-0.327
20/08/2014;DE0001030542;-0.323
21/08/2014;DE0001030542;-0.302
22/08/2014;DE0001030542;-0.32
25/08/2014;DE0001030542;-0.381
26/08/2014;DE0001030542;-0.416
27/08/2014;DE0001030542;-0.472
28/08/2014;DE0001030542;-0.516
29/08/2014;DE0001030542;-0.527
01/09/2014;DE0001030542;-0.54
02/09/2014;DE0001030542;-0.499
03/09/2014;DE0001030542;-0.465
04/09/2014;DE0001030542;-0.479
05/09/2014;DE0001030542;-0.524
08/09/2014;DE0001030542;-0.485
09/09/2014;DE0001030542;-0.422
10/09/2014;DE0001030542;-0.406
11/09/2014;DE0001030542;-0.419
12/09/2014;DE0001030542;-0.376
15/09/2014;DE0001030542;-0.385
16/09/2014;DE0001030542;-0.38
17/09/2014;DE0001030542;-0.383
18/09/2014;DE0001030542;-0.354
19/09/2014;DE0001030542;-0.38
22/09/2014;DE0001030542;-0.435
23/09/2014;DE0001030542;-0.44
24/09/2014;DE0001030542;-0.449
25/09/2014;DE0001030542;-0.467
26/09/2014;DE0001030542;-0.475
29/09/2014;DE0001030542;-0.486
30/09/2014;DE0001030542;-0.515
01/10/2014;DE0001030542;-0.513
02/10/2014;DE0001030542;-0.498
03/10/2014;DE0001030542;-0.466
06/10/2014;DE0001030542;-0.462
07/10/2014;DE0001030542;-0.455
08/10/2014;DE0001030542;-0.46
09/10/2014;DE0001030542;-0.422
10/10/2014;DE0001030542;-0.392
13/10/2014;DE0001030542;-0.353
14/10/2014;DE0001030542;-0.36
15/10/2014;DE0001030542;-0.412
16/10/2014;DE0001030542;-0.373
17/10/2014;DE0001030542;-0.401
20/10/2014;DE0001030542;-0.464
21/10/2014;DE0001030542;-0.475
22/10/2014;DE0001030542;-0.448
23/10/2014;DE0001030542;-0.42
24/10/2014;DE0001030542;-0.423
27/10/2014;DE0001030542;-0.453
28/10/2014;DE0001030542;-0.448
29/10/2014;DE0001030542;-0.465
30/10/2014;DE0001030542;-0.492
31/10/2014;DE0001030542;-0.487
03/11/2014;DE0001030542;-0.465
04/11/2014;DE0001030542;-0.508
05/11/2014;DE0001030542;-0.472
06/11/2014;DE0001030542;-0.487
07/11/2014;DE0001030542;-0.531
10/11/2014;DE0001030542;-0.522
11/11/2014;DE0001030542;-0.516
12/11/2014;DE0001030542;-0.526
13/11/2014;DE0001030542;-0.501
14/11/2014;DE0001030542;-0.489
17/11/2014;DE0001030542;-0.431
18/11/2014;DE0001030542;-0.435
19/11/2014;DE0001030542;-0.39
20/11/2014;DE0001030542;-0.418
21/11/2014;DE0001030542;-0.454
24/11/2014;DE0001030542;-0.455
25/11/2014;DE0001030542;-0.512
26/11/2014;DE0001030542;-0.524
27/11/2014;DE0001030542;-0.514
28/11/2014;DE0001030542;-0.474
01/12/2014;DE0001030542;-0.411
02/12/2014;DE0001030542;-0.404
03/12/2014;DE0001030542;-0.423
04/12/2014;DE0001030542;-0.412
05/12/2014;DE0001030542;-0.435
08/12/2014;DE0001030542;-0.469
09/12/2014;DE0001030542;-0.466
10/12/2014;DE0001030542;-0.41
11/12/2014;DE0001030542;-0.342
12/12/2014;DE0001030542;-0.311
15/12/2014;DE0001030542;-0.333
16/12/2014;DE0001030542;-0.293
17/12/2014;DE0001030542;-0.301
18/12/2014;DE0001030542;-0.303
19/12/2014;DE0001030542;-0.349
22/12/2014;DE0001030542;-0.421
23/12/2014;DE0001030542;-0.472
24/12/2014;DE0001030542;-0.467
25/12/2014;DE0001030542;#N/A N/A
26/12/2014;DE0001030542;#N/A N/A
29/12/2014;DE0001030542;-0.48
30/12/2014;DE0001030542;-0.434
31/12/2014;DE0001030542;-0.434
01/01/2015;DE0001030542;#N/A N/A
02/01/2015;DE0001030542;-0.439
05/01/2015;DE0001030542;-0.363
06/01/2015;DE0001030542;-0.321
07/01/2015;DE0001030542;-0.31
08/01/2015;DE0001030542;-0.35
09/01/2015;DE0001030542;-0.342
12/01/2015;DE0001030542;-0.327
13/01/2015;DE0001030542;-0.329
14/01/2015;DE0001030542;-0.377
15/01/2015;DE0001030542;-0.43
16/01/2015;DE0001030542;-0.484
19/01/2015;DE0001030542;-0.555
20/01/2015;DE0001030542;-0.547
21/01/2015;DE0001030542;-0.553
22/01/2015;DE0001030542;-0.73
23/01/2015;DE0001030542;-0.747
26/01/2015;DE0001030542;-0.671
27/01/2015;DE0001030542;-0.653
28/01/2015;DE0001030542;-0.645
29/01/2015;DE0001030542;-0.645
30/01/2015;DE0001030542;-0.74
02/02/2015;DE0001030542;-0.763
03/02/2015;DE0001030542;-0.77
04/02/2015;DE0001030542;-0.712
05/02/2015;DE0001030542;-0.743
06/02/2015;DE0001030542;-0.727
09/02/2015;DE0001030542;-0.701
10/02/2015;DE0001030542;-0.642
11/02/2015;DE0001030542;-0.642
12/02/2015;DE0001030542;-0.682
13/02/2015;DE0001030542;-0.715
16/02/2015;DE0001030542;-0.743
17/02/2015;DE0001030542;-0.708
18/02/2015;DE0001030542;-0.724
19/02/2015;DE0001030542;-0.765
20/02/2015;DE0001030542;-0.785
23/02/2015;DE0001030542;-0.782
24/02/2015;DE0001030542;-0.763
25/02/2015;DE0001030542;-0.799
26/02/2015;DE0001030542;-0.831
27/02/2015;DE0001030542;-0.887
02/03/2015;DE0001030542;-0.868
03/03/2015;DE0001030542;-0.905
04/03/2015;DE0001030542;-0.96
05/03/2015;DE0001030542;-1.052
06/03/2015;DE0001030542;-0.991
09/03/2015;DE0001030542;-0.988
10/03/2015;DE0001030542;-1.056
11/03/2015;DE0001030542;-1.09
12/03/2015;DE0001030542;-1.163
13/03/2015;DE0001030542;-1.146
16/03/2015;DE0001030542;-1.098
17/03/2015;DE0001030542;-1.077
18/03/2015;DE0001030542;-1.145
19/03/2015;DE0001030542;-1.152
20/03/2015;DE0001030542;-1.224
23/03/2015;DE0001030542;-1.208
24/03/2015;DE0001030542;-1.16
25/03/2015;DE0001030542;-1.148
26/03/2015;DE0001030542;-1.174
27/03/2015;DE0001030542;-1.139
30/03/2015;DE0001030542;-1.085
31/03/2015;DE0001030542;-1.13
01/04/2015;DE0001030542;-1.154
02/04/2015;DE0001030542;-1.166
03/04/2015;DE0001030542;#N/A N/A
06/04/2015;DE0001030542;#N/A N/A
07/04/2015;DE0001030542;-1.195
08/04/2015;DE0001030542;-1.217
09/04/2015;DE0001030542;-1.222
10/04/2015;DE0001030542;-1.227
13/04/2015;DE0001030542;-1.24
14/04/2015;DE0001030542;-1.273
15/04/2015;DE0001030542;-1.323
16/04/2015;DE0001030542;-1.334
17/04/2015;DE0001030542;-1.379
20/04/2015;DE0001030542;-1.37
21/04/2015;DE0001030542;-1.324
22/04/2015;DE0001030542;-1.224
23/04/2015;DE0001030542;-1.218
24/04/2015;DE0001030542;-1.214
27/04/2015;DE0001030542;-1.204
28/04/2015;DE0001030542;-1.21
29/04/2015;DE0001030542;-1.129
30/04/2015;DE0001030542;-1.127
01/05/2015;DE0001030542;-1.122
04/05/2015;DE0001030542;-1.028
05/05/2015;DE0001030542;-0.967
06/05/2015;DE0001030542;-0.908
07/05/2015;DE0001030542;-0.86
08/05/2015;DE0001030542;-0.882
11/05/2015;DE0001030542;-0.839
12/05/2015;DE0001030542;-0.799
13/05/2015;DE0001030542;-0.769
14/05/2015;DE0001030542;-0.77
15/05/2015;DE0001030542;-0.812
18/05/2015;DE0001030542;-0.807
19/05/2015;DE0001030542;-0.845
20/05/2015;DE0001030542;-0.796
21/05/2015;DE0001030542;-0.765
22/05/2015;DE0001030542;-0.779
25/05/2015;DE0001030542;-0.778
26/05/2015;DE0001030542;-0.768
27/05/2015;DE0001030542;-0.727
28/05/2015;DE0001030542;-0.748
29/05/2015;DE0001030542;-0.831
01/06/2015;DE0001030542;-0.812
02/06/2015;DE0001030542;-0.692
03/06/2015;DE0001030542;-0.513
04/06/2015;DE0001030542;-0.572
05/06/2015;DE0001030542;-0.581
08/06/2015;DE0001030542;-0.572
09/06/2015;DE0001030542;-0.54
10/06/2015;DE0001030542;-0.536
11/06/2015;DE0001030542;-0.618
12/06/2015;DE0001030542;-0.671
15/06/2015;DE0001030542;-0.665
16/06/2015;DE0001030542;-0.676
17/06/2015;DE0001030542;-0.662
18/06/2015;DE0001030542;-0.648
19/06/2015;DE0001030542;-0.661
22/06/2015;DE0001030542;-0.603
23/06/2015;DE0001030542;-0.641
24/06/2015;DE0001030542;-0.664
25/06/2015;DE0001030542;-0.673
26/06/2015;DE0001030542;-0.626
29/06/2015;DE0001030542;-0.688
30/06/2015;DE0001030542;-0.74
01/07/2015;DE0001030542;-0.704
02/07/2015;DE0001030542;-0.685
03/07/2015;DE0001030542;-0.718
06/07/2015;DE0001030542;-0.718
07/07/2015;DE0001030542;-0.754
08/07/2015;DE0001030542;-0.72
09/07/2015;DE0001030542;-0.676
10/07/2015;DE0001030542;-0.537
13/07/2015;DE0001030542;-0.571
14/07/2015;DE0001030542;-0.569
15/07/2015;DE0001030542;-0.623
16/07/2015;DE0001030542;-0.611
17/07/2015;DE0001030542;-0.641
20/07/2015;DE0001030542;-0.638
21/07/2015;DE0001030542;-0.602
22/07/2015;DE0001030542;-0.624
23/07/2015;DE0001030542;-0.616
24/07/2015;DE0001030542;-0.627
27/07/2015;DE0001030542;-0.597
28/07/2015;DE0001030542;-0.6
29/07/2015;DE0001030542;-0.611
30/07/2015;DE0001030542;-0.685
31/07/2015;DE0001030542;-0.674
03/08/2015;DE0001030542;-0.616
04/08/2015;DE0001030542;-0.619
05/08/2015;DE0001030542;-0.539
06/08/2015;DE0001030542;-0.561
07/08/2015;DE0001030542;-0.605
10/08/2015;DE0001030542;-0.575
11/08/2015;DE0001030542;-0.581
12/08/2015;DE0001030542;-0.529
13/08/2015;DE0001030542;-0.516
14/08/2015;DE0001030542;-0.53
17/08/2015;DE0001030542;-0.563
18/08/2015;DE0001030542;-0.516
19/08/2015;DE0001030542;-0.516
20/08/2015;DE0001030542;-0.524
21/08/2015;DE0001030542;-0.479
24/08/2015;DE0001030542;-0.408
25/08/2015;DE0001030542;-0.355
26/08/2015;DE0001030542;-0.318
27/08/2015;DE0001030542;-0.318
28/08/2015;DE0001030542;-0.388
31/08/2015;DE0001030542;-0.379
01/09/2015;DE0001030542;-0.4
02/09/2015;DE0001030542;-0.419
03/09/2015;DE0001030542;-0.496
04/09/2015;DE0001030542;-0.518
07/09/2015;DE0001030542;-0.45
08/09/2015;DE0001030542;-0.444
09/09/2015;DE0001030542;-0.451
10/09/2015;DE0001030542;-0.449
11/09/2015;DE0001030542;-0.506
14/09/2015;DE0001030542;-0.493
15/09/2015;DE0001030542;-0.437
16/09/2015;DE0001030542;-0.441
17/09/2015;DE0001030542;-0.453
18/09/2015;DE0001030542;-0.523
21/09/2015;DE0001030542;-0.54
22/09/2015;DE0001030542;-0.615
23/09/2015;DE0001030542;-0.641
24/09/2015;DE0001030542;-0.634
25/09/2015;DE0001030542;-0.594
28/09/2015;DE0001030542;-0.588
29/09/2015;DE0001030542;-0.548
30/09/2015;DE0001030542;-0.535
01/10/2015;DE0001030542;-0.62
02/10/2015;DE0001030542;-0.625
05/10/2015;DE0001030542;-0.642
06/10/2015;DE0001030542;-0.639
07/10/2015;DE0001030542;-0.684
08/10/2015;DE0001030542;-0.697
09/10/2015;DE0001030542;-0.681
12/10/2015;DE0001030542;-0.71
13/10/2015;DE0001030542;-0.705
14/10/2015;DE0001030542;-0.714
15/10/2015;DE0001030542;-0.721
16/10/2015;DE0001030542;-0.736
19/10/2015;DE0001030542;-0.731
20/10/2015;DE0001030542;-0.673
21/10/2015;DE0001030542;-0.704
22/10/2015;DE0001030542;-0.801
23/10/2015;DE0001030542;-0.847
26/10/2015;DE0001030542;-0.837
27/10/2015;DE0001030542;-0.864
28/10/2015;DE0001030542;-0.891
29/10/2015;DE0001030542;-0.829
30/10/2015;DE0001030542;-0.815
02/11/2015;DE0001030542;-0.769
03/11/2015;DE0001030542;-0.779
04/11/2015;DE0001030542;-0.761
05/11/2015;DE0001030542;-0.732
06/11/2015;DE0001030542;-0.685
09/11/2015;DE0001030542;-0.767
10/11/2015;DE0001030542;-0.839
11/11/2015;DE0001030542;-0.797
12/11/2015;DE0001030542;-0.783
13/11/2015;DE0001030542;-0.797
16/11/2015;DE0001030542;-0.799
17/11/2015;DE0001030542;-0.803
18/11/2015;DE0001030542;-0.807
19/11/2015;DE0001030542;-0.822
20/11/2015;DE0001030542;-0.827
23/11/2015;DE0001030542;-0.802
24/11/2015;DE0001030542;-0.834
25/11/2015;DE0001030542;-0.874
26/11/2015;DE0001030542;-0.899
27/11/2015;DE0001030542;-0.932
30/11/2015;DE0001030542;-0.959
01/12/2015;DE0001030542;-0.983
02/12/2015;DE0001030542;-0.965
03/12/2015;DE0001030542;-0.745
04/12/2015;DE0001030542;-0.667
07/12/2015;DE0001030542;-0.716
08/12/2015;DE0001030542;-0.72
09/12/2015;DE0001030542;-0.716
10/12/2015;DE0001030542;-0.76
11/12/2015;DE0001030542;-0.726
14/12/2015;DE0001030542;-0.679
15/12/2015;DE0001030542;-0.644
16/12/2015;DE0001030542;-0.597
17/12/2015;DE0001030542;-0.625
18/12/2015;DE0001030542;-0.625
21/12/2015;DE0001030542;-0.62
22/12/2015;DE0001030542;-0.563
23/12/2015;DE0001030542;-0.537
24/12/2015;DE0001030542;-0.533
25/12/2015;DE0001030542;#N/A N/A
28/12/2015;DE0001030542;-0.572
29/12/2015;DE0001030542;-0.551
30/12/2015;DE0001030542;-0.548
31/12/2015;DE0001030542;-0.548
01/01/2016;DE0001030542;#N/A N/A
04/01/2016;DE0001030542;-0.583
05/01/2016;DE0001030542;-0.591
06/01/2016;DE0001030542;-0.58
07/01/2016;DE0001030542;-0.55
08/01/2016;DE0001030542;-0.592
11/01/2016;DE0001030542;-0.542
12/01/2016;DE0001030542;-0.517
13/01/2016;DE0001030542;-0.556
14/01/2016;DE0001030542;-0.539
15/01/2016;DE0001030542;-0.525
18/01/2016;DE0001030542;-0.536
19/01/2016;DE0001030542;-0.567
20/01/2016;DE0001030542;-0.564
21/01/2016;DE0001030542;-0.612
22/01/2016;DE0001030542;-0.61
25/01/2016;DE0001030542;-0.617
26/01/2016;DE0001030542;-0.624
27/01/2016;DE0001030542;-0.619
28/01/2016;DE0001030542;-0.689
29/01/2016;DE0001030542;-0.759
01/02/2016;DE0001030542;-0.701
02/02/2016;DE0001030542;-0.708
03/02/2016;DE0001030542;-0.737
04/02/2016;DE0001030542;-0.724
05/02/2016;DE0001030542;-0.734
08/02/2016;DE0001030542;-0.753
09/02/2016;DE0001030542;-0.719
10/02/2016;DE0001030542;-0.706
11/02/2016;DE0001030542;-0.684
12/02/2016;DE0001030542;-0.639
15/02/2016;DE0001030542;-0.701
16/02/2016;DE0001030542;-0.663
17/02/2016;DE0001030542;-0.657
18/02/2016;DE0001030542;-0.72
19/02/2016;DE0001030542;-0.704
22/02/2016;DE0001030542;-0.738
23/02/2016;DE0001030542;-0.714
24/02/2016;DE0001030542;-0.687
25/02/2016;DE0001030542;-0.666
26/02/2016;DE0001030542;-0.679
29/02/2016;DE0001030542;-0.656
01/03/2016;DE0001030542;-0.629
02/03/2016;DE0001030542;-0.644
03/03/2016;DE0001030542;-0.749
04/03/2016;DE0001030542;-0.741
07/03/2016;DE0001030542;-0.777
08/03/2016;DE0001030542;-0.801
09/03/2016;DE0001030542;-0.757
10/03/2016;DE0001030542;-0.71
11/03/2016;DE0001030542;-0.761
14/03/2016;DE0001030542;-0.761
15/03/2016;DE0001030542;-0.701
16/03/2016;DE0001030542;-0.709
17/03/2016;DE0001030542;-0.815
18/03/2016;DE0001030542;-0.845
21/03/2016;DE0001030542;-0.842
22/03/2016;DE0001030542;-0.861
23/03/2016;DE0001030542;-0.889
24/03/2016;DE0001030542;-0.87
25/03/2016;DE0001030542;#N/A N/A
28/03/2016;DE0001030542;#N/A N/A
29/03/2016;DE0001030542;-0.889
30/03/2016;DE0001030542;-0.902
31/03/2016;DE0001030542;-0.916
01/04/2016;DE0001030542;-0.93
04/04/2016;DE0001030542;-0.95
05/04/2016;DE0001030542;-0.977
06/04/2016;DE0001030542;-1.001
07/04/2016;DE0001030542;-1.041
08/04/2016;DE0001030542;-1.04
11/04/2016;DE0001030542;-1.034
12/04/2016;DE0001030542;-0.989
13/04/2016;DE0001030542;-1.013
14/04/2016;DE0001030542;-0.988
15/04/2016;DE0001030542;-1.02
18/04/2016;DE0001030542;-0.995
19/04/2016;DE0001030542;-1.015
20/04/2016;DE0001030542;-1.013
21/04/2016;DE0001030542;-0.958
22/04/2016;DE0001030542;-0.98
25/04/2016;DE0001030542;-0.967
26/04/2016;DE0001030542;-0.94
27/04/2016;DE0001030542;-0.945
28/04/2016;DE0001030542;-0.978
29/04/2016;DE0001030542;-0.999
02/05/2016;DE0001030542;-0.989
03/05/2016;DE0001030542;-1.028
04/05/2016;DE0001030542;-1.025
05/05/2016;DE0001030542;-1.038
06/05/2016;DE0001030542;-1.052
09/05/2016;DE0001030542;-1.061
10/05/2016;DE0001030542;-1.056
11/05/2016;DE0001030542;-1.063
12/05/2016;DE0001030542;-1.025
13/05/2016;DE0001030542;-1.037
16/05/2016;DE0001030542;-1.029
17/05/2016;DE0001030542;-1.034
18/05/2016;DE0001030542;-0.991
19/05/2016;DE0001030542;-0.969
20/05/2016;DE0001030542;-0.951
23/05/2016;DE0001030542;-0.937
24/05/2016;DE0001030542;-0.935
25/05/2016;DE0001030542;-0.946
26/05/2016;DE0001030542;-0.933
27/05/2016;DE0001030542;-0.936
30/05/2016;DE0001030542;-0.899
31/05/2016;DE0001030542;-0.916
01/06/2016;DE0001030542;-0.883
02/06/2016;DE0001030542;-0.885
03/06/2016;DE0001030542;-0.912
06/06/2016;DE0001030542;-0.881
07/06/2016;DE0001030542;-0.908
08/06/2016;DE0001030542;-0.901
09/06/2016;DE0001030542;-0.894
10/06/2016;DE0001030542;-0.87
13/06/2016;DE0001030542;-0.871
14/06/2016;DE0001030542;-0.894
15/06/2016;DE0001030542;-0.9
16/06/2016;DE0001030542;-0.898
17/06/2016;DE0001030542;-0.896
20/06/2016;DE0001030542;-0.892
21/06/2016;DE0001030542;-0.879
22/06/2016;DE0001030542;-0.885
23/06/2016;DE0001030542;-0.884
24/06/2016;DE0001030542;-0.913
27/06/2016;DE0001030542;-0.884
28/06/2016;DE0001030542;-0.946
29/06/2016;DE0001030542;-0.987
30/06/2016;DE0001030542;-1.015
01/07/2016;DE0001030542;-0.987
04/07/2016;DE0001030542;-0.98
05/07/2016;DE0001030542;-0.983
06/07/2016;DE0001030542;-0.942
07/07/2016;DE0001030542;-0.937
08/07/2016;DE0001030542;-0.947
11/07/2016;DE0001030542;-0.935
12/07/2016;DE0001030542;-0.915
13/07/2016;DE0001030542;-0.956
14/07/2016;DE0001030542;-0.958
15/07/2016;DE0001030542;-0.959
18/07/2016;DE0001030542;-0.958
19/07/2016;DE0001030542;-0.964
20/07/2016;DE0001030542;-0.943
21/07/2016;DE0001030542;-0.939
22/07/2016;DE0001030542;-0.94
25/07/2016;DE0001030542;-0.952
26/07/2016;DE0001030542;-0.965
27/07/2016;DE0001030542;-1.028
28/07/2016;DE0001030542;-1.038
29/07/2016;DE0001030542;-1.04
01/08/2016;DE0001030542;-1.026
02/08/2016;DE0001030542;-0.976
03/08/2016;DE0001030542;-0.965
04/08/2016;DE0001030542;-1.011
05/08/2016;DE0001030542;-1.011
08/08/2016;DE0001030542;-1.031
09/08/2016;DE0001030542;-1.055
10/08/2016;DE0001030542;-1.075
11/08/2016;DE0001030542;-1.068
12/08/2016;DE0001030542;-1.116
15/08/2016;DE0001030542;-1.097
16/08/2016;DE0001030542;-1.06
17/08/2016;DE0001030542;-1.067
18/08/2016;DE0001030542;-1.074
19/08/2016;DE0001030542;-1.036
22/08/2016;DE0001030542;-1.066
23/08/2016;DE0001030542;-1.062
24/08/2016;DE0001030542;-1.062
25/08/2016;DE0001030542;-1.06
26/08/2016;DE0001030542;-1.086
29/08/2016;DE0001030542;-1.12
30/08/2016;DE0001030542;-1.1
31/08/2016;DE0001030542;-1.054
01/09/2016;DE0001030542;-1.079
02/09/2016;DE0001030542;-1.073
05/09/2016;DE0001030542;-1.087
06/09/2016;DE0001030542;-1.15
07/09/2016;DE0001030542;-1.199
08/09/2016;DE0001030542;-1.177
09/09/2016;DE0001030542;-1.132
12/09/2016;DE0001030542;-1.121
13/09/2016;DE0001030542;-1.088
14/09/2016;DE0001030542;-1.12
15/09/2016;DE0001030542;-1.109
16/09/2016;DE0001030542;-1.123
19/09/2016;DE0001030542;-1.129
20/09/2016;DE0001030542;-1.163
21/09/2016;DE0001030542;-1.163
22/09/2016;DE0001030542;-1.256
23/09/2016;DE0001030542;-1.252
26/09/2016;DE0001030542;-1.269
27/09/2016;DE0001030542;-1.272
28/09/2016;DE0001030542;-1.284
29/09/2016;DE0001030542;-1.295
30/09/2016;DE0001030542;-1.311
03/10/2016;DE0001030542;-1.3
04/10/2016;DE0001030542;-1.256
05/10/2016;DE0001030542;-1.229
06/10/2016;DE0001030542;-1.239
07/10/2016;DE0001030542;-1.206
10/10/2016;DE0001030542;-1.186
11/10/2016;DE0001030542;-1.212
12/10/2016;DE0001030542;-1.163
13/10/2016;DE0001030542;-1.172
14/10/2016;DE0001030542;-1.187
17/10/2016;DE0001030542;-1.209
18/10/2016;DE0001030542;-1.246
19/10/2016;DE0001030542;-1.259
20/10/2016;DE0001030542;-1.279
21/10/2016;DE0001030542;-1.281
24/10/2016;DE0001030542;-1.279
25/10/2016;DE0001030542;-1.26
26/10/2016;DE0001030542;-1.193
27/10/2016;DE0001030542;-1.13
28/10/2016;DE0001030542;-1.123
31/10/2016;DE0001030542;-1.13
01/11/2016;DE0001030542;-1.111
02/11/2016;DE0001030542;-1.102
03/11/2016;DE0001030542;-1.08
04/11/2016;DE0001030542;-1.1
07/11/2016;DE0001030542;-1.095
08/11/2016;DE0001030542;-1.066
09/11/2016;DE0001030542;-1.068
10/11/2016;DE0001030542;-1.04
11/11/2016;DE0001030542;-1.016
14/11/2016;DE0001030542;-1.033
15/11/2016;DE0001030542;-1.013
16/11/2016;DE0001030542;-0.987
17/11/2016;DE0001030542;-1.006
18/11/2016;DE0001030542;-1.043
21/11/2016;DE0001030542;-1.071
22/11/2016;DE0001030542;-1.132
23/11/2016;DE0001030542;-1.102
24/11/2016;DE0001030542;-1.129
25/11/2016;DE0001030542;-1.119
28/11/2016;DE0001030542;-1.133
29/11/2016;DE0001030542;-1.128
30/11/2016;DE0001030542;-1.122
01/12/2016;DE0001030542;-1.071
02/12/2016;DE0001030542;-1.142
05/12/2016;DE0001030542;-1.126
06/12/2016;DE0001030542;-1.105
07/12/2016;DE0001030542;-1.092
08/12/2016;DE0001030542;-1.102
09/12/2016;DE0001030542;-1.146
12/12/2016;DE0001030542;-1.134
13/12/2016;DE0001030542;-1.176
14/12/2016;DE0001030542;-1.206
15/12/2016;DE0001030542;-1.168
16/12/2016;DE0001030542;-1.193
19/12/2016;DE0001030542;-1.257
20/12/2016;DE0001030542;-1.261
21/12/2016;DE0001030542;-1.278
22/12/2016;DE0001030542;-1.281
23/12/2016;DE0001030542;-1.294
26/12/2016;DE0001030542;#N/A N/A
27/12/2016;DE0001030542;-1.347
28/12/2016;DE0001030542;-1.366
29/12/2016;DE0001030542;-1.369
30/12/2016;DE0001030542;-1.379
02/01/2017;DE0001030542;-1.404
03/01/2017;DE0001030542;-1.361
04/01/2017;DE0001030542;-1.373
05/01/2017;DE0001030542;-1.357
06/01/2017;DE0001030542;-1.318
09/01/2017;DE0001030542;-1.32
10/01/2017;DE0001030542;-1.313
11/01/2017;DE0001030542;-1.341
12/01/2017;DE0001030542;-1.341
13/01/2017;DE0001030542;-1.327
16/01/2017;DE0001030542;-1.34
17/01/2017;DE0001030542;-1.344
18/01/2017;DE0001030542;-1.324
19/01/2017;DE0001030542;-1.308
20/01/2017;DE0001030542;-1.304
23/01/2017;DE0001030542;-1.371
24/01/2017;DE0001030542;-1.339
25/01/2017;DE0001030542;-1.281
26/01/2017;DE0001030542;-1.277
27/01/2017;DE0001030542;-1.292
30/01/2017;DE0001030542;-1.299
31/01/2017;DE0001030542;-1.325
01/02/2017;DE0001030542;-1.301
02/02/2017;DE0001030542;-1.316
03/02/2017;DE0001030542;-1.315
06/02/2017;DE0001030542;-1.341
07/02/2017;DE0001030542;-1.349
08/02/2017;DE0001030542;-1.395
09/02/2017;DE0001030542;-1.39
10/02/2017;DE0001030542;-1.397
13/02/2017;DE0001030542;-1.402
14/02/2017;DE0001030542;-1.378
15/02/2017;DE0001030542;-1.38
16/02/2017;DE0001030542;-1.383
17/02/2017;DE0001030542;-1.411
20/02/2017;DE0001030542;-1.41
21/02/2017;DE0001030542;-1.408
22/02/2017;DE0001030542;-1.411
23/02/2017;DE0001030542;-1.446
24/02/2017;DE0001030542;-1.445
27/02/2017;DE0001030542;-1.423
28/02/2017;DE0001030542;-1.411
01/03/2017;DE0001030542;-1.34
02/03/2017;DE0001030542;-1.34
03/03/2017;DE0001030542;-1.292
06/03/2017;DE0001030542;-1.274
07/03/2017;DE0001030542;-1.321
08/03/2017;DE0001030542;-1.301
09/03/2017;DE0001030542;-1.27
10/03/2017;DE0001030542;-1.206
13/03/2017;DE0001030542;-1.216
14/03/2017;DE0001030542;-1.234
15/03/2017;DE0001030542;-1.274
16/03/2017;DE0001030542;-1.264
17/03/2017;DE0001030542;-1.276
20/03/2017;DE0001030542;-1.273
21/03/2017;DE0001030542;-1.225
22/03/2017;DE0001030542;-1.233
23/03/2017;DE0001030542;-1.218
24/03/2017;DE0001030542;-1.258
27/03/2017;DE0001030542;-1.253
28/03/2017;DE0001030542;-1.258
29/03/2017;DE0001030542;-1.308
30/03/2017;DE0001030542;-1.305
31/03/2017;DE0001030542;-1.294
03/04/2017;DE0001030542;-1.357
04/04/2017;DE0001030542;-1.359
05/04/2017;DE0001030542;-1.387
06/04/2017;DE0001030542;-1.365
07/04/2017;DE0001030542;-1.41
10/04/2017;DE0001030542;-1.42
11/04/2017;DE0001030542;-1.409
12/04/2017;DE0001030542;-1.411
13/04/2017;DE0001030542;-1.418
14/04/2017;DE0001030542;-1.418
17/04/2017;DE0001030542;#N/A N/A
18/04/2017;DE0001030542;-1.436
19/04/2017;DE0001030542;-1.392
20/04/2017;DE0001030542;-1.331
21/04/2017;DE0001030542;-1.334
24/04/2017;DE0001030542;-1.261
25/04/2017;DE0001030542;-1.225
26/04/2017;DE0001030542;-1.253
27/04/2017;DE0001030542;-1.317
28/04/2017;DE0001030542;-1.322
01/05/2017;DE0001030542;#N/A N/A
02/05/2017;DE0001030542;-1.323
03/05/2017;DE0001030542;-1.336
04/05/2017;DE0001030542;-1.252
05/05/2017;DE0001030542;-1.209
08/05/2017;DE0001030542;-1.183
09/05/2017;DE0001030542;-1.18
10/05/2017;DE0001030542;-1.21
11/05/2017;DE0001030542;-1.202
12/05/2017;DE0001030542;-1.211
15/05/2017;DE0001030542;-1.195
16/05/2017;DE0001030542;-1.174
17/05/2017;DE0001030542;-1.212
18/05/2017;DE0001030542;-1.203
19/05/2017;DE0001030542;-1.175
22/05/2017;DE0001030542;-1.168
23/05/2017;DE0001030542;-1.173
24/05/2017;DE0001030542;-1.182
25/05/2017;DE0001030542;-1.181
26/05/2017;DE0001030542;-1.199
29/05/2017;DE0001030542;-1.226
30/05/2017;DE0001030542;-1.233
31/05/2017;DE0001030542;-1.199
01/06/2017;DE0001030542;-1.179
02/06/2017;DE0001030542;-1.205
05/06/2017;DE0001030542;-1.211
06/06/2017;DE0001030542;-1.24
07/06/2017;DE0001030542;-1.21
08/06/2017;DE0001030542;-1.2
09/06/2017;DE0001030542;-1.189
12/06/2017;DE0001030542;-1.196
13/06/2017;DE0001030542;-1.187
14/06/2017;DE0001030542;-1.195
15/06/2017;DE0001030542;-1.106
16/06/2017;DE0001030542;-1.124
19/06/2017;DE0001030542;-1.108
20/06/2017;DE0001030542;-1.091
21/06/2017;DE0001030542;-1.05
22/06/2017;DE0001030542;-1.051
23/06/2017;DE0001030542;-1.063
26/06/2017;DE0001030542;-1.087
27/06/2017;DE0001030542;-0.972
28/06/2017;DE0001030542;-0.991
29/06/2017;DE0001030542;-0.96
30/06/2017;DE0001030542;-0.964
03/07/2017;DE0001030542;-0.959
04/07/2017;DE0001030542;-0.985
05/07/2017;DE0001030542;-0.974
06/07/2017;DE0001030542;-0.904
07/07/2017;DE0001030542;-0.923
10/07/2017;DE0001030542;-0.962
11/07/2017;DE0001030542;-0.961
12/07/2017;DE0001030542;-1.006
13/07/2017;DE0001030542;-0.982
14/07/2017;DE0001030542;-0.956
17/07/2017;DE0001030542;-0.954
18/07/2017;DE0001030542;-0.984
19/07/2017;DE0001030542;-1.001
20/07/2017;DE0001030542;-1.025
21/07/2017;DE0001030542;-1.029
24/07/2017;DE0001030542;-1.023
25/07/2017;DE0001030542;-1.014
26/07/2017;DE0001030542;-1.027
27/07/2017;DE0001030542;-1.06
28/07/2017;DE0001030542;-1.077
31/07/2017;DE0001030542;-1.091
01/08/2017;DE0001030542;-1.151
02/08/2017;DE0001030542;-1.157
03/08/2017;DE0001030542;-1.172
04/08/2017;DE0001030542;-1.178
07/08/2017;DE0001030542;-1.183
08/08/2017;DE0001030542;-1.166
09/08/2017;DE0001030542;-1.199
10/08/2017;DE0001030542;-1.213
11/08/2017;DE0001030542;-1.234
14/08/2017;DE0001030542;-1.215
15/08/2017;DE0001030542;-1.179
16/08/2017;DE0001030542;-1.162
17/08/2017;DE0001030542;-1.185
18/08/2017;DE0001030542;-1.204
21/08/2017;DE0001030542;-1.223
22/08/2017;DE0001030542;-1.217
23/08/2017;DE0001030542;-1.236
24/08/2017;DE0001030542;-1.235
25/08/2017;DE0001030542;-1.223
28/08/2017;DE0001030542;-1.22
29/08/2017;DE0001030542;-1.26
30/08/2017;DE0001030542;-1.257
31/08/2017;DE0001030542;-1.272
01/09/2017;DE0001030542;-1.273
04/09/2017;DE0001030542;-1.288
05/09/2017;DE0001030542;-1.312
06/09/2017;DE0001030542;-1.291
07/09/2017;DE0001030542;-1.313
08/09/2017;DE0001030542;-1.309
11/09/2017;DE0001030542;-1.297
12/09/2017;DE0001030542;-1.265
13/09/2017;DE0001030542;-1.284
14/09/2017;DE0001030542;-1.267
15/09/2017;DE0001030542;-1.238
18/09/2017;DE0001030542;-1.227
19/09/2017;DE0001030542;-1.24
20/09/2017;DE0001030542;-1.252
21/09/2017;DE0001030542;-1.236
22/09/2017;DE0001030542;-1.24
25/09/2017;DE0001030542;-1.282
26/09/2017;DE0001030542;-1.31
27/09/2017;DE0001030542;-1.297
28/09/2017;DE0001030542;-1.296
29/09/2017;DE0001030542;-1.295
02/10/2017;DE0001030542;-1.307
03/10/2017;DE0001030542;-1.294
04/10/2017;DE0001030542;-1.294
05/10/2017;DE0001030542;-1.292
06/10/2017;DE0001030542;-1.287
09/10/2017;DE0001030542;-1.286
10/10/2017;DE0001030542;-1.295
11/10/2017;DE0001030542;-1.288
12/10/2017;DE0001030542;-1.306
13/10/2017;DE0001030542;-1.343
16/10/2017;DE0001030542;-1.376
17/10/2017;DE0001030542;-1.374
18/10/2017;DE0001030542;-1.342
19/10/2017;DE0001030542;-1.333
20/10/2017;DE0001030542;-1.303
23/10/2017;DE0001030542;-1.328
24/10/2017;DE0001030542;-1.287
25/10/2017;DE0001030542;-1.28
26/10/2017;DE0001030542;-1.339
27/10/2017;DE0001030542;-1.369
30/10/2017;DE0001030542;-1.374
31/10/2017;DE0001030542;-1.372
01/11/2017;DE0001030542;-1.361
02/11/2017;DE0001030542;-1.361
03/11/2017;DE0001030542;-1.367
06/11/2017;DE0001030542;-1.399
07/11/2017;DE0001030542;-1.428
08/11/2017;DE0001030542;-1.446
09/11/2017;DE0001030542;-1.429
10/11/2017;DE0001030542;-1.399
13/11/2017;DE0001030542;-1.395
14/11/2017;DE0001030542;-1.391
15/11/2017;DE0001030542;-1.39
16/11/2017;DE0001030542;-1.382
17/11/2017;DE0001030542;-1.393
20/11/2017;DE0001030542;-1.384
21/11/2017;DE0001030542;-1.381
22/11/2017;DE0001030542;-1.354
23/11/2017;DE0001030542;-1.356
24/11/2017;DE0001030542;-1.351
27/11/2017;DE0001030542;-1.368
28/11/2017;DE0001030542;-1.367
29/11/2017;DE0001030542;-1.345
30/11/2017;DE0001030542;-1.35
01/12/2017;DE0001030542;-1.387
04/12/2017;DE0001030542;-1.369
05/12/2017;DE0001030542;-1.394
06/12/2017;DE0001030542;-1.427
07/12/2017;DE0001030542;-1.424
08/12/2017;DE0001030542;-1.407
11/12/2017;DE0001030542;-1.404
12/12/2017;DE0001030542;-1.411
13/12/2017;DE0001030542;-1.415
14/12/2017;DE0001030542;-1.414
15/12/2017;DE0001030542;-1.423
18/12/2017;DE0001030542;-1.428
19/12/2017;DE0001030542;-1.368
20/12/2017;DE0001030542;-1.34
21/12/2017;DE0001030542;-1.318
22/12/2017;DE0001030542;-1.321
25/12/2017;DE0001030542;#N/A N/A
26/12/2017;DE0001030542;#N/A N/A
27/12/2017;DE0001030542;-1.333
28/12/2017;DE0001030542;-1.305
29/12/2017;DE0001030542;-1.329
01/01/2018;DE0001030542;#N/A N/A
02/01/2018;DE0001030542;-1.328
03/01/2018;DE0001030542;-1.341
04/01/2018;DE0001030542;-1.321
05/01/2018;DE0001030542;-1.311
08/01/2018;DE0001030542;-1.313
09/01/2018;DE0001030542;-1.301
10/01/2018;DE0001030542;-1.303
11/01/2018;DE0001030542;-1.251
12/01/2018;DE0001030542;-1.246
15/01/2018;DE0001030542;-1.25
16/01/2018;DE0001030542;-1.266
17/01/2018;DE0001030542;-1.257
18/01/2018;DE0001030542;-1.253
19/01/2018;DE0001030542;-1.248
22/01/2018;DE0001030542;-1.247
23/01/2018;DE0001030542;-1.24
24/01/2018;DE0001030542;-1.224
25/01/2018;DE0001030542;-1.175
26/01/2018;DE0001030542;-1.113
29/01/2018;DE0001030542;-1.086
30/01/2018;DE0001030542;-1.096
31/01/2018;DE0001030542;-1.087
01/02/2018;DE0001030542;-1.1
02/02/2018;DE0001030542;-1.079
05/02/2018;DE0001030542;-1.118
06/02/2018;DE0001030542;-1.141
07/02/2018;DE0001030542;-1.112
08/02/2018;DE0001030542;-1.105
09/02/2018;DE0001030542;-1.101
12/02/2018;DE0001030542;-1.089
13/02/2018;DE0001030542;-1.086
14/02/2018;DE0001030542;-1.086
15/02/2018;DE0001030542;-1.084
16/02/2018;DE0001030542;-1.108
19/02/2018;DE0001030542;-1.083
20/02/2018;DE0001030542;-1.082
21/02/2018;DE0001030542;-1.078
22/02/2018;DE0001030542;-1.102
23/02/2018;DE0001030542;-1.139
26/02/2018;DE0001030542;-1.142
27/02/2018;DE0001030542;-1.121
28/02/2018;DE0001030542;-1.141
01/03/2018;DE0001030542;-1.149
02/03/2018;DE0001030542;-1.141
05/03/2018;DE0001030542;-1.147
06/03/2018;DE0001030542;-1.12
07/03/2018;DE0001030542;-1.141
08/03/2018;DE0001030542;-1.163
09/03/2018;DE0001030542;-1.158
12/03/2018;DE0001030542;-1.181
13/03/2018;DE0001030542;-1.189
14/03/2018;DE0001030542;-1.211
15/03/2018;DE0001030542;-1.216
16/03/2018;DE0001030542;-1.24
19/03/2018;DE0001030542;-1.248
20/03/2018;DE0001030542;-1.255
21/03/2018;DE0001030542;-1.279
22/03/2018;DE0001030542;-1.338
23/03/2018;DE0001030542;-1.359
26/03/2018;DE0001030542;-1.377
27/03/2018;DE0001030542;-1.405
28/03/2018;DE0001030542;-1.417
29/03/2018;DE0001030542;-1.415
30/03/2018;DE0001030542;#N/A N/A
02/04/2018;DE0001030542;#N/A N/A
03/04/2018;DE0001030542;-1.425
04/04/2018;DE0001030542;-1.424
05/04/2018;DE0001030542;-1.407
06/04/2018;DE0001030542;-1.425
09/04/2018;DE0001030542;-1.411
10/04/2018;DE0001030542;-1.412
11/04/2018;DE0001030542;-1.437
12/04/2018;DE0001030542;-1.433
13/04/2018;DE0001030542;-1.445
16/04/2018;DE0001030542;-1.436
17/04/2018;DE0001030542;-1.443
18/04/2018;DE0001030542;-1.425
19/04/2018;DE0001030542;-1.386
20/04/2018;DE0001030542;-1.396
23/04/2018;DE0001030542;-1.372
24/04/2018;DE0001030542;-1.378
25/04/2018;DE0001030542;-1.378
26/04/2018;DE0001030542;-1.397
27/04/2018;DE0001030542;-1.405
30/04/2018;DE0001030542;-1.414
01/05/2018;DE0001030542;#N/A N/A
02/05/2018;DE0001030542;-1.411
03/05/2018;DE0001030542;-1.429
04/05/2018;DE0001030542;-1.41
07/05/2018;DE0001030542;-1.424
08/05/2018;DE0001030542;-1.398
09/05/2018;DE0001030542;-1.418
10/05/2018;DE0001030542;-1.413
11/05/2018;DE0001030542;-1.407
14/05/2018;DE0001030542;-1.37
15/05/2018;DE0001030542;-1.357
16/05/2018;DE0001030542;-1.396
17/05/2018;DE0001030542;-1.372
18/05/2018;DE0001030542;-1.411
21/05/2018;DE0001030542;-1.45
22/05/2018;DE0001030542;-1.423
23/05/2018;DE0001030542;-1.465
24/05/2018;DE0001030542;-1.471
25/05/2018;DE0001030542;-1.505
28/05/2018;DE0001030542;-1.541
29/05/2018;DE0001030542;-1.627
30/05/2018;DE0001030542;-1.519
31/05/2018;DE0001030542;-1.561
01/06/2018;DE0001030542;-1.511
04/06/2018;DE0001030542;-1.503
05/06/2018;DE0001030542;-1.532
06/06/2018;DE0001030542;-1.432
07/06/2018;DE0001030542;-1.436
08/06/2018;DE0001030542;-1.482
11/06/2018;DE0001030542;-1.425
12/06/2018;DE0001030542;-1.412
13/06/2018;DE0001030542;-1.403
14/06/2018;DE0001030542;-1.469
15/06/2018;DE0001030542;-1.473
18/06/2018;DE0001030542;-1.482
19/06/2018;DE0001030542;-1.504
20/06/2018;DE0001030542;-1.515
21/06/2018;DE0001030542;-1.552
22/06/2018;DE0001030542;-1.552
25/06/2018;DE0001030542;-1.557
26/06/2018;DE0001030542;-1.535
27/06/2018;DE0001030542;-1.564
28/06/2018;DE0001030542;-1.569
29/06/2018;DE0001030542;-1.573
02/07/2018;DE0001030542;-1.583
03/07/2018;DE0001030542;-1.585
04/07/2018;DE0001030542;-1.572
05/07/2018;DE0001030542;-1.562
06/07/2018;DE0001030542;-1.562
09/07/2018;DE0001030542;-1.557
10/07/2018;DE0001030542;-1.543
11/07/2018;DE0001030542;-1.534
12/07/2018;DE0001030542;-1.511
13/07/2018;DE0001030542;-1.506
16/07/2018;DE0001030542;-1.467
17/07/2018;DE0001030542;-1.465
18/07/2018;DE0001030542;-1.46
19/07/2018;DE0001030542;-1.459
20/07/2018;DE0001030542;-1.44
23/07/2018;DE0001030542;-1.422
24/07/2018;DE0001030542;-1.435
25/07/2018;DE0001030542;-1.436
26/07/2018;DE0001030542;-1.418
27/07/2018;DE0001030542;-1.413
30/07/2018;DE0001030542;-1.383
31/07/2018;DE0001030542;-1.372
01/08/2018;DE0001030542;-1.339
02/08/2018;DE0001030542;-1.352
03/08/2018;DE0001030542;-1.381
06/08/2018;DE0001030542;-1.394
07/08/2018;DE0001030542;-1.386
08/08/2018;DE0001030542;-1.4
09/08/2018;DE0001030542;-1.416
10/08/2018;DE0001030542;-1.464
13/08/2018;DE0001030542;-1.468
14/08/2018;DE0001030542;-1.468
15/08/2018;DE0001030542;-1.481
16/08/2018;DE0001030542;-1.471
17/08/2018;DE0001030542;-1.493
20/08/2018;DE0001030542;-1.492
21/08/2018;DE0001030542;-1.468
22/08/2018;DE0001030542;-1.458
23/08/2018;DE0001030542;-1.453
24/08/2018;DE0001030542;-1.456
27/08/2018;DE0001030542;-1.438
28/08/2018;DE0001030542;-1.437
29/08/2018;DE0001030542;-1.421
30/08/2018;DE0001030542;-1.478
31/08/2018;DE0001030542;-1.476
03/09/2018;DE0001030542;-1.465
04/09/2018;DE0001030542;-1.445
05/09/2018;DE0001030542;-1.414
06/09/2018;DE0001030542;-1.438
07/09/2018;DE0001030542;-1.411
10/09/2018;DE0001030542;-1.404
11/09/2018;DE0001030542;-1.399
12/09/2018;DE0001030542;-1.433
13/09/2018;DE0001030542;-1.427
14/09/2018;DE0001030542;-1.4
17/09/2018;DE0001030542;-1.393
18/09/2018;DE0001030542;-1.378
19/09/2018;DE0001030542;-1.378
20/09/2018;DE0001030542;-1.4
21/09/2018;DE0001030542;-1.429
24/09/2018;DE0001030542;-1.403
25/09/2018;DE0001030542;-1.395
26/09/2018;DE0001030542;-1.406
27/09/2018;DE0001030542;-1.422
28/09/2018;DE0001030542;-1.457
01/10/2018;DE0001030542;-1.475
02/10/2018;DE0001030542;-1.519
03/10/2018;DE0001030542;-1.471
04/10/2018;DE0001030542;-1.438
05/10/2018;DE0001030542;-1.427
08/10/2018;DE0001030542;-1.467
09/10/2018;DE0001030542;-1.456
10/10/2018;DE0001030542;-1.455
11/10/2018;DE0001030542;-1.466
12/10/2018;DE0001030542;-1.484
15/10/2018;DE0001030542;-1.485
16/10/2018;DE0001030542;-1.495
17/10/2018;DE0001030542;-1.519
18/10/2018;DE0001030542;-1.558
19/10/2018;DE0001030542;-1.501
22/10/2018;DE0001030542;-1.508
23/10/2018;DE0001030542;-1.507
24/10/2018;DE0001030542;-1.509
25/10/2018;DE0001030542;-1.495
26/10/2018;DE0001030542;-1.522
29/10/2018;DE0001030542;-1.509
30/10/2018;DE0001030542;-1.516
31/10/2018;DE0001030542;-1.509
01/11/2018;DE0001030542;-1.492
02/11/2018;DE0001030542;-1.475
05/11/2018;DE0001030542;-1.481
06/11/2018;DE0001030542;-1.484
07/11/2018;DE0001030542;-1.472
08/11/2018;DE0001030542;-1.461
09/11/2018;DE0001030542;-1.475
12/11/2018;DE0001030542;-1.494
13/11/2018;DE0001030542;-1.439
14/11/2018;DE0001030542;-1.432
15/11/2018;DE0001030542;-1.455
16/11/2018;DE0001030542;-1.445
19/11/2018;DE0001030542;-1.417
20/11/2018;DE0001030542;-1.384
21/11/2018;DE0001030542;-1.335
22/11/2018;DE0001030542;-1.325
23/11/2018;DE0001030542;-1.225
26/11/2018;DE0001030542;-1.291
27/11/2018;DE0001030542;-1.3
28/11/2018;DE0001030542;-1.275
29/11/2018;DE0001030542;-1.309
30/11/2018;DE0001030542;-1.315
03/12/2018;DE0001030542;-1.344
04/12/2018;DE0001030542;-1.364
05/12/2018;DE0001030542;-1.343
06/12/2018;DE0001030542;-1.331
07/12/2018;DE0001030542;-1.338
10/12/2018;DE0001030542;-1.296
11/12/2018;DE0001030542;-1.32
12/12/2018;DE0001030542;-1.282
13/12/2018;DE0001030542;-1.282
14/12/2018;DE0001030542;-1.3
17/12/2018;DE0001030542;-1.286
18/12/2018;DE0001030542;-1.252
19/12/2018;DE0001030542;-1.236
20/12/2018;DE0001030542;-1.191
21/12/2018;DE0001030542;-1.148
24/12/2018;DE0001030542;#N/A N/A
25/12/2018;DE0001030542;#N/A N/A
26/12/2018;DE0001030542;#N/A N/A
27/12/2018;DE0001030542;-1.163
28/12/2018;DE0001030542;-1.133
31/12/2018;DE0001030542;#N/A N/A
01/01/2019;DE0001030542;#N/A N/A
02/01/2019;DE0001030542;-1.142
03/01/2019;DE0001030542;-1.159
04/01/2019;DE0001030542;-1.145
07/01/2019;DE0001030542;-1.154
08/01/2019;DE0001030542;-1.169
09/01/2019;DE0001030542;-1.215
10/01/2019;DE0001030542;-1.242
11/01/2019;DE0001030542;-1.229
14/01/2019;DE0001030542;-1.224
15/01/2019;DE0001030542;-1.227
16/01/2019;DE0001030542;-1.207
17/01/2019;DE0001030542;-1.178
18/01/2019;DE0001030542;-1.205
21/01/2019;DE0001030542;-1.218
22/01/2019;DE0001030542;-1.217
23/01/2019;DE0001030542;-1.222
24/01/2019;DE0001030542;-1.234
25/01/2019;DE0001030542;-1.225
28/01/2019;DE0001030542;-1.196
29/01/2019;DE0001030542;-1.194
30/01/2019;DE0001030542;-1.197
31/01/2019;DE0001030542;-1.229
01/02/2019;DE0001030542;-1.249
04/02/2019;DE0001030542;-1.242
05/02/2019;DE0001030542;-1.242
06/02/2019;DE0001030542;-1.234
07/02/2019;DE0001030542;-1.255
08/02/2019;DE0001030542;-1.234
11/02/2019;DE0001030542;-1.229
12/02/2019;DE0001030542;-1.242
13/02/2019;DE0001030542;-1.242
14/02/2019;DE0001030542;-1.236
15/02/2019;DE0001030542;-1.251
18/02/2019;DE0001030542;-1.273
19/02/2019;DE0001030542;-1.266
20/02/2019;DE0001030542;-1.268
21/02/2019;DE0001030542;-1.233
22/02/2019;DE0001030542;-1.23
25/02/2019;DE0001030542;-1.222
26/02/2019;DE0001030542;-1.208
27/02/2019;DE0001030542;-1.161
28/02/2019;DE0001030542;-1.188
01/03/2019;DE0001030542;-1.203
04/03/2019;DE0001030542;-1.235
05/03/2019;DE0001030542;-1.238
06/03/2019;DE0001030542;-1.27
07/03/2019;DE0001030542;-1.341
08/03/2019;DE0001030542;-1.277
11/03/2019;DE0001030542;-1.314
12/03/2019;DE0001030542;-1.371
13/03/2019;DE0001030542;-1.385
14/03/2019;DE0001030542;-1.406
15/03/2019;DE0001030542;-1.383
18/03/2019;DE0001030542;-1.39
19/03/2019;DE0001030542;-1.408
20/03/2019;DE0001030542;-1.433
21/03/2019;DE0001030542;-1.491
22/03/2019;DE0001030542;-1.451
25/03/2019;DE0001030542;-1.459
26/03/2019;DE0001030542;-1.463
27/03/2019;DE0001030542;-1.482
28/03/2019;DE0001030542;-1.506
29/03/2019;DE0001030542;-1.544
01/04/2019;DE0001030542;-1.54
02/04/2019;DE0001030542;-1.563
03/04/2019;DE0001030542;-1.527
04/04/2019;DE0001030542;-1.526
05/04/2019;DE0001030542;-1.524
08/04/2019;DE0001030542;-1.54
09/04/2019;DE0001030542;-1.542
10/04/2019;DE0001030542;-1.558
11/04/2019;DE0001030542;-1.54
12/04/2019;DE0001030542;-1.523
15/04/2019;DE0001030542;-1.526
16/04/2019;DE0001030542;-1.531
17/04/2019;DE0001030542;-1.528
18/04/2019;DE0001030542;-1.554
19/04/2019;DE0001030542;#N/A N/A
22/04/2019;DE0001030542;#N/A N/A
23/04/2019;DE0001030542;-1.558
24/04/2019;DE0001030542;-1.568
25/04/2019;DE0001030542;-1.566
26/04/2019;DE0001030542;-1.537
29/04/2019;DE0001030542;-1.52
30/04/2019;DE0001030542;-1.54
01/05/2019;DE0001030542;#N/A N/A
02/05/2019;DE0001030542;-1.489
03/05/2019;DE0001030542;-1.491
06/05/2019;DE0001030542;-1.49
07/05/2019;DE0001030542;-1.486
08/05/2019;DE0001030542;-1.467
09/05/2019;DE0001030542;-1.441
10/05/2019;DE0001030542;-1.437
13/05/2019;DE0001030542;-1.436
14/05/2019;DE0001030542;-1.421
15/05/2019;DE0001030542;-1.428
16/05/2019;DE0001030542;-1.406
17/05/2019;DE0001030542;-1.393
20/05/2019;DE0001030542;-1.396
21/05/2019;DE0001030542;-1.372
22/05/2019;DE0001030542;-1.388
23/05/2019;DE0001030542;-1.347
24/05/2019;DE0001030542;-1.344
27/05/2019;DE0001030542;-1.356
28/05/2019;DE0001030542;-1.37
29/05/2019;DE0001030542;-1.353
30/05/2019;DE0001030542;-1.343
31/05/2019;DE0001030542;-1.333
03/06/2019;DE0001030542;-1.302
04/06/2019;DE0001030542;-1.286
05/06/2019;DE0001030542;-1.312
06/06/2019;DE0001030542;-1.233
07/06/2019;DE0001030542;-1.236
10/06/2019;DE0001030542;-1.261
11/06/2019;DE0001030542;-1.247
12/06/2019;DE0001030542;-1.215
13/06/2019;DE0001030542;-1.188
14/06/2019;DE0001030542;-1.153
17/06/2019;DE0001030542;-1.159
18/06/2019;DE0001030542;-1.292
19/06/2019;DE0001030542;-1.274
20/06/2019;DE0001030542;-1.323
21/06/2019;DE0001030542;-1.306
24/06/2019;DE0001030542;-1.3
25/06/2019;DE0001030542;-1.278
26/06/2019;DE0001030542;-1.26
27/06/2019;DE0001030542;-1.263
28/06/2019;DE0001030542;-1.284
01/07/2019;DE0001030542;-1.281
02/07/2019;DE0001030542;-1.269
03/07/2019;DE0001030542;-1.261
04/07/2019;DE0001030542;-1.28
05/07/2019;DE0001030542;-1.316
08/07/2019;DE0001030542;-1.287
09/07/2019;DE0001030542;-1.276
10/07/2019;DE0001030542;-1.304
11/07/2019;DE0001030542;-1.31
12/07/2019;DE0001030542;-1.325
15/07/2019;DE0001030542;-1.335
16/07/2019;DE0001030542;-1.319
17/07/2019;DE0001030542;-1.332
18/07/2019;DE0001030542;-1.351
19/07/2019;DE0001030542;-1.396
22/07/2019;DE0001030542;-1.412
23/07/2019;DE0001030542;-1.392
24/07/2019;DE0001030542;-1.404
25/07/2019;DE0001030542;-1.393
26/07/2019;DE0001030542;-1.415
29/07/2019;DE0001030542;-1.411
30/07/2019;DE0001030542;-1.385
31/07/2019;DE0001030542;-1.41
01/08/2019;DE0001030542;-1.379
02/08/2019;DE0001030542;-1.338
05/08/2019;DE0001030542;-1.342
06/08/2019;DE0001030542;-1.355
07/08/2019;DE0001030542;-1.359
08/08/2019;DE0001030542;-1.379
09/08/2019;DE0001030542;-1.41
12/08/2019;DE0001030542;-1.43
13/08/2019;DE0001030542;-1.424
14/08/2019;DE0001030542;-1.389
15/08/2019;DE0001030542;-1.437
16/08/2019;DE0001030542;-1.436
19/08/2019;DE0001030542;-1.433
20/08/2019;DE0001030542;-1.419
21/08/2019;DE0001030542;-1.393
22/08/2019;DE0001030542;-1.383
23/08/2019;DE0001030542;-1.392
26/08/2019;DE0001030542;-1.39
27/08/2019;DE0001030542;-1.368
28/08/2019;DE0001030542;-1.333
29/08/2019;DE0001030542;-1.359
30/08/2019;DE0001030542;-1.343
02/09/2019;DE0001030542;-1.32
03/09/2019;DE0001030542;-1.295
04/09/2019;DE0001030542;-1.318
05/09/2019;DE0001030542;-1.372
06/09/2019;DE0001030542;-1.364
09/09/2019;DE0001030542;-1.391
10/09/2019;DE0001030542;-1.374
11/09/2019;DE0001030542;-1.382
12/09/2019;DE0001030542;-1.345
13/09/2019;DE0001030542;-1.322
16/09/2019;DE0001030542;-1.373
17/09/2019;DE0001030542;-1.352
18/09/2019;DE0001030542;-1.342
19/09/2019;DE0001030542;-1.333
20/09/2019;DE0001030542;-1.321
23/09/2019;DE0001030542;-1.325
24/09/2019;DE0001030542;-1.338
25/09/2019;DE0001030542;-1.313
26/09/2019;DE0001030542;-1.328
27/09/2019;DE0001030542;-1.338
30/09/2019;DE0001030542;-1.318
01/10/2019;DE0001030542;-1.307
02/10/2019;DE0001030542;-1.292
03/10/2019;DE0001030542;-1.276
04/10/2019;DE0001030542;-1.309
07/10/2019;DE0001030542;-1.306
08/10/2019;DE0001030542;-1.335
09/10/2019;DE0001030542;-1.325
10/10/2019;DE0001030542;-1.28
11/10/2019;DE0001030542;-1.302
14/10/2019;DE0001030542;-1.282
15/10/2019;DE0001030542;-1.293
16/10/2019;DE0001030542;-1.29
17/10/2019;DE0001030542;-1.292
18/10/2019;DE0001030542;-1.276
21/10/2019;DE0001030542;-1.268
22/10/2019;DE0001030542;-1.243
23/10/2019;DE0001030542;-1.228
24/10/2019;DE0001030542;-1.253
25/10/2019;DE0001030542;-1.236
28/10/2019;DE0001030542;-1.236
29/10/2019;DE0001030542;-1.22
30/10/2019;DE0001030542;-1.196
31/10/2019;DE0001030542;-1.198
01/11/2019;DE0001030542;-1.201
04/11/2019;DE0001030542;-1.226
05/11/2019;DE0001030542;-1.236
06/11/2019;DE0001030542;-1.249
07/11/2019;DE0001030542;-1.208
08/11/2019;DE0001030542;-1.203
11/11/2019;DE0001030542;-1.205
12/11/2019;DE0001030542;-1.22
13/11/2019;DE0001030542;-1.22
14/11/2019;DE0001030542;-1.239
15/11/2019;DE0001030542;-1.235
18/11/2019;DE0001030542;-1.233
19/11/2019;DE0001030542;-1.221
20/11/2019;DE0001030542;-1.213
21/11/2019;DE0001030542;-1.196
22/11/2019;DE0001030542;-1.203
25/11/2019;DE0001030542;-1.186
26/11/2019;DE0001030542;-1.187
27/11/2019;DE0001030542;-1.184
28/11/2019;DE0001030542;-1.18
29/11/2019;DE0001030542;-1.201
02/12/2019;DE0001030542;-1.18
03/12/2019;DE0001030542;-1.214
04/12/2019;DE0001030542;-1.216
05/12/2019;DE0001030542;-1.191
06/12/2019;DE0001030542;-1.193
09/12/2019;DE0001030542;-1.208
10/12/2019;DE0001030542;-1.202
11/12/2019;DE0001030542;-1.217
12/12/2019;DE0001030542;-1.198
13/12/2019;DE0001030542;-1.205
16/12/2019;DE0001030542;-1.193
17/12/2019;DE0001030542;-1.214
18/12/2019;DE0001030542;-1.206
19/12/2019;DE0001030542;-1.205
20/12/2019;DE0001030542;-1.215
23/12/2019;DE0001030542;-1.021
24/12/2019;DE0001030542;#N/A N/A
25/12/2019;DE0001030542;#N/A N/A
26/12/2019;DE0001030542;#N/A N/A
27/12/2019;DE0001030542;-1.186
30/12/2019;DE0001030542;-1.152
31/12/2019;DE0001030542;#N/A N/A
01/01/2020;DE0001030542;#N/A N/A
02/01/2020;DE0001030542;-1.183
03/01/2020;DE0001030542;-1.254
06/01/2020;DE0001030542;-1.27
07/01/2020;DE0001030542;-1.268
08/01/2020;DE0001030542;-1.25
09/01/2020;DE0001030542;-1.231
10/01/2020;DE0001030542;-1.254
13/01/2020;DE0001030542;-1.252
14/01/2020;DE0001030542;-1.258
15/01/2020;DE0001030542;-1.267
16/01/2020;DE0001030542;-1.283
17/01/2020;DE0001030542;-1.286
20/01/2020;DE0001030542;-1.288
21/01/2020;DE0001030542;-1.28
22/01/2020;DE0001030542;-1.295
23/01/2020;DE0001030542;-1.305
24/01/2020;DE0001030542;-1.309
27/01/2020;DE0001030542;-1.303
28/01/2020;DE0001030542;-1.295
29/01/2020;DE0001030542;-1.319
30/01/2020;DE0001030542;-1.325
31/01/2020;DE0001030542;-1.336
03/02/2020;DE0001030542;-1.328
04/02/2020;DE0001030542;-1.322
05/02/2020;DE0001030542;-1.317
06/02/2020;DE0001030542;-1.3
07/02/2020;DE0001030542;-1.281
10/02/2020;DE0001030542;-1.257
11/02/2020;DE0001030542;-1.23
12/02/2020;DE0001030542;-1.23
13/02/2020;DE0001030542;-1.241
14/02/2020;DE0001030542;-1.275
17/02/2020;DE0001030542;-1.268
18/02/2020;DE0001030542;-1.249
19/02/2020;DE0001030542;-1.256
20/02/2020;DE0001030542;-1.247
21/02/2020;DE0001030542;-1.215
24/02/2020;DE0001030542;-1.197
25/02/2020;DE0001030542;-1.192
26/02/2020;DE0001030542;-1.188
27/02/2020;DE0001030542;-1.178
28/02/2020;DE0001030542;-1.197
02/03/2020;DE0001030542;-1.23
03/03/2020;DE0001030542;-1.255
04/03/2020;DE0001030542;-1.275
05/03/2020;DE0001030542;-1.276
06/03/2020;DE0001030542;-1.205
09/03/2020;DE0001030542;-1.122
10/03/2020;DE0001030542;-1.077
11/03/2020;DE0001030542;-1.079
12/03/2020;DE0001030542;-1.022
13/03/2020;DE0001030542;-1.027
16/03/2020;DE0001030542;-0.789
17/03/2020;DE0001030542;-0.754
18/03/2020;DE0001030542;-0.546
19/03/2020;DE0001030542;-0.498
20/03/2020;DE0001030542;-0.526
23/03/2020;DE0001030542;-0.502
24/03/2020;DE0001030542;-0.417
25/03/2020;DE0001030542;-0.38
26/03/2020;DE0001030542;-0.561
27/03/2020;DE0001030542;-0.658
30/03/2020;DE0001030542;-0.643
31/03/2020;DE0001030542;-0.615
01/04/2020;DE0001030542;-0.532
02/04/2020;DE0001030542;-0.514
03/04/2020;DE0001030542;-0.629
06/04/2020;DE0001030542;-0.614
07/04/2020;DE0001030542;-0.581
08/04/2020;DE0001030542;-0.568
09/04/2020;DE0001030542;-0.64
10/04/2020;DE0001030542;#N/A N/A
13/04/2020;DE0001030542;#N/A N/A
14/04/2020;DE0001030542;-0.66
15/04/2020;DE0001030542;-0.68
16/04/2020;DE0001030542;-0.666
17/04/2020;DE0001030542;-0.659
20/04/2020;DE0001030542;-0.617
21/04/2020;DE0001030542;-0.612
22/04/2020;DE0001030542;-0.574
23/04/2020;DE0001030542;-0.642
24/04/2020;DE0001030542;-0.665
27/04/2020;DE0001030542;-0.612
28/04/2020;DE0001030542;-0.626
29/04/2020;DE0001030542;-0.64
30/04/2020;DE0001030542;-0.765
01/05/2020;DE0001030542;#N/A N/A
04/05/2020;DE0001030542;-0.736
05/05/2020;DE0001030542;-0.773
06/05/2020;DE0001030542;-0.722
07/05/2020;DE0001030542;-0.712
08/05/2020;DE0001030542;-0.713
11/05/2020;DE0001030542;-0.678
12/05/2020;DE0001030542;-0.642
13/05/2020;DE0001030542;-0.639
14/05/2020;DE0001030542;-0.614
15/05/2020;DE0001030542;-0.596
18/05/2020;DE0001030542;-0.574
19/05/2020;DE0001030542;-0.593
20/05/2020;DE0001030542;-0.607
21/05/2020;DE0001030542;-0.616
22/05/2020;DE0001030542;-0.588
25/05/2020;DE0001030542;-0.58
26/05/2020;DE0001030542;-0.568
27/05/2020;DE0001030542;-0.531
28/05/2020;DE0001030542;-0.533
29/05/2020;DE0001030542;-0.579
01/06/2020;DE0001030542;-0.587
02/06/2020;DE0001030542;-0.602
03/06/2020;DE0001030542;-0.58
04/06/2020;DE0001030542;-0.572
05/06/2020;DE0001030542;-0.582
08/06/2020;DE0001030542;-0.62
09/06/2020;DE0001030542;-0.607
10/06/2020;DE0001030542;-0.611
11/06/2020;DE0001030542;-0.586
12/06/2020;DE0001030542;-0.593
15/06/2020;DE0001030542;-0.571
16/06/2020;DE0001030542;-0.56
17/06/2020;DE0001030542;-0.54
18/06/2020;DE0001030542;-0.546
19/06/2020;DE0001030542;-0.563
22/06/2020;DE0001030542;-0.583
23/06/2020;DE0001030542;-0.589
24/06/2020;DE0001030542;-0.616
25/06/2020;DE0001030542;-0.582
26/06/2020;DE0001030542;-0.587
29/06/2020;DE0001030542;-0.579
30/06/2020;DE0001030542;-0.581
01/07/2020;DE0001030542;-0.56
02/07/2020;DE0001030542;-0.596
03/07/2020;DE0001030542;-0.618
06/07/2020;DE0001030542;-0.627
07/07/2020;DE0001030542;-0.613
08/07/2020;DE0001030542;-0.625
09/07/2020;DE0001030542;-0.619
10/07/2020;DE0001030542;-0.611
13/07/2020;DE0001030542;-0.617
14/07/2020;DE0001030542;-0.648
15/07/2020;DE0001030542;-0.694
16/07/2020;DE0001030542;-0.714
17/07/2020;DE0001030542;-0.706
20/07/2020;DE0001030542;-0.724
21/07/2020;DE0001030542;-0.788
22/07/2020;DE0001030542;-0.795
23/07/2020;DE0001030542;-0.789
24/07/2020;DE0001030542;-0.785
27/07/2020;DE0001030542;-0.806
28/07/2020;DE0001030542;-0.825
29/07/2020;DE0001030542;-0.849
30/07/2020;DE0001030542;-0.86
31/07/2020;DE0001030542;-0.875
03/08/2020;DE0001030542;-0.876
04/08/2020;DE0001030542;-0.9
05/08/2020;DE0001030542;-0.896
06/08/2020;DE0001030542;-0.906
07/08/2020;DE0001030542;-0.902
10/08/2020;DE0001030542;-0.918
11/08/2020;DE0001030542;-0.909
12/08/2020;DE0001030542;-0.865
13/08/2020;DE0001030542;-0.831
14/08/2020;DE0001030542;-0.83
17/08/2020;DE0001030542;-0.836
18/08/2020;DE0001030542;-0.807
19/08/2020;DE0001030542;-0.817
20/08/2020;DE0001030542;-0.816
21/08/2020;DE0001030542;-0.81
24/08/2020;DE0001030542;-0.818
25/08/2020;DE0001030542;-0.799
26/08/2020;DE0001030542;-0.801
27/08/2020;DE0001030542;-0.792
28/08/2020;DE0001030542;-0.798
31/08/2020;DE0001030542;-0.777
01/09/2020;DE0001030542;-0.767
02/09/2020;DE0001030542;-0.751
03/09/2020;DE0001030542;-0.744
04/09/2020;DE0001030542;-0.727
07/09/2020;DE0001030542;-0.7
08/09/2020;DE0001030542;-0.669
09/09/2020;DE0001030542;-0.672
10/09/2020;DE0001030542;-0.688
11/09/2020;DE0001030542;-0.704
14/09/2020;DE0001030542;-0.733
15/09/2020;DE0001030542;-0.732
16/09/2020;DE0001030542;-0.755
17/09/2020;DE0001030542;-0.762
18/09/2020;DE0001030542;-0.758
21/09/2020;DE0001030542;-0.764
22/09/2020;DE0001030542;-0.759
23/09/2020;DE0001030542;-0.749
24/09/2020;DE0001030542;-0.735
25/09/2020;DE0001030542;-0.728
28/09/2020;DE0001030542;-0.72
29/09/2020;DE0001030542;-0.706
30/09/2020;DE0001030542;-0.707
01/10/2020;DE0001030542;-0.712
02/10/2020;DE0001030542;-0.721
05/10/2020;DE0001030542;-0.756
06/10/2020;DE0001030542;-0.788
07/10/2020;DE0001030542;-0.804
08/10/2020;DE0001030542;-0.847
09/10/2020;DE0001030542;-0.864
12/10/2020;DE0001030542;-0.875
13/10/2020;DE0001030542;-0.869
14/10/2020;DE0001030542;-0.879
15/10/2020;DE0001030542;-0.907
16/10/2020;DE0001030542;-0.929
19/10/2020;DE0001030542;-0.958
20/10/2020;DE0001030542;-0.977
21/10/2020;DE0001030542;-0.977
22/10/2020;DE0001030542;-0.974
23/10/2020;DE0001030542;-0.985
26/10/2020;DE0001030542;-0.983
27/10/2020;DE0001030542;-1.006
28/10/2020;DE0001030542;-0.97
29/10/2020;DE0001030542;-0.977
30/10/2020;DE0001030542;-0.95
02/11/2020;DE0001030542;-0.924
03/11/2020;DE0001030542;-0.926
04/11/2020;DE0001030542;-0.911
05/11/2020;DE0001030542;-0.911
06/11/2020;DE0001030542;-0.918
09/11/2020;DE0001030542;-0.995
10/11/2020;DE0001030542;-1.025
11/11/2020;DE0001030542;-1.056
12/11/2020;DE0001030542;-1.057
13/11/2020;DE0001030542;-1.058
16/11/2020;DE0001030542;-1.101
17/11/2020;DE0001030542;-1.102
18/11/2020;DE0001030542;-1.091
19/11/2020;DE0001030542;-1.099
20/11/2020;DE0001030542;-1.108
23/11/2020;DE0001030542;-1.146
24/11/2020;DE0001030542;-1.177
25/11/2020;DE0001030542;-1.18
26/11/2020;DE0001030542;-1.164
27/11/2020;DE0001030542;-1.156
30/11/2020;DE0001030542;-1.13
01/12/2020;DE0001030542;-1.132
02/12/2020;DE0001030542;-1.131
03/12/2020;DE0001030542;-1.164
04/12/2020;DE0001030542;-1.196
07/12/2020;DE0001030542;-1.183
08/12/2020;DE0001030542;-1.194
09/12/2020;DE0001030542;-1.195
10/12/2020;DE0001030542;-1.19
11/12/2020;DE0001030542;-1.167
14/12/2020;DE0001030542;-1.177
15/12/2020;DE0001030542;-1.173
16/12/2020;DE0001030542;-1.162
17/12/2020;DE0001030542;-1.165
18/12/2020;DE0001030542;-1.163
21/12/2020;DE0001030542;-1.124
22/12/2020;DE0001030542;-1.136
23/12/2020;DE0001030542;-1.127
24/12/2020;DE0001030542;#N/A N/A
25/12/2020;DE0001030542;#N/A N/A
28/12/2020;DE0001030542;-1.154
29/12/2020;DE0001030542;-1.161
30/12/2020;DE0001030542;-1.149
31/12/2020;DE0001030542;#N/A N/A
01/01/2021;DE0001030542;#N/A N/A
04/01/2021;DE0001030542;-1.17
05/01/2021;DE0001030542;-1.168
06/01/2021;DE0001030542;-1.229
07/01/2021;DE0001030542;-1.263
08/01/2021;DE0001030542;-1.27
11/01/2021;DE0001030542;-1.277
12/01/2021;DE0001030542;-1.308
13/01/2021;DE0001030542;-1.355
14/01/2021;DE0001030542;-1.364
15/01/2021;DE0001030542;-1.387
18/01/2021;DE0001030542;-1.394
19/01/2021;DE0001030542;-1.418
20/01/2021;DE0001030542;-1.447
21/01/2021;DE0001030542;-1.437
22/01/2021;DE0001030542;-1.433
25/01/2021;DE0001030542;-1.439
26/01/2021;DE0001030542;-1.45
27/01/2021;DE0001030542;-1.49
28/01/2021;DE0001030542;-1.53
29/01/2021;DE0001030542;-1.551
01/02/2021;DE0001030542;-1.593
02/02/2021;DE0001030542;-1.624
03/02/2021;DE0001030542;-1.631
04/02/2021;DE0001030542;-1.572
05/02/2021;DE0001030542;-1.546
08/02/2021;DE0001030542;-1.533
09/02/2021;DE0001030542;-1.494
10/02/2021;DE0001030542;-1.501
11/02/2021;DE0001030542;-1.496
12/02/2021;DE0001030542;-1.502
15/02/2021;DE0001030542;-1.512
16/02/2021;DE0001030542;-1.519
17/02/2021;DE0001030542;-1.535
18/02/2021;DE0001030542;-1.5
19/02/2021;DE0001030542;-1.437
22/02/2021;DE0001030542;-1.477
23/02/2021;DE0001030542;-1.503
24/02/2021;DE0001030542;-1.52
25/02/2021;DE0001030542;-1.502
26/02/2021;DE0001030542;-1.51
01/03/2021;DE0001030542;-1.577
02/03/2021;DE0001030542;-1.564
03/03/2021;DE0001030542;-1.54
04/03/2021;DE0001030542;-1.545
05/03/2021;DE0001030542;-1.64
08/03/2021;DE0001030542;-1.615
09/03/2021;DE0001030542;-1.599
10/03/2021;DE0001030542;-1.598
11/03/2021;DE0001030542;-1.622
12/03/2021;DE0001030542;-1.655
15/03/2021;DE0001030542;-1.633
16/03/2021;DE0001030542;-1.65
17/03/2021;DE0001030542;-1.637
18/03/2021;DE0001030542;-1.617
19/03/2021;DE0001030542;-1.596
22/03/2021;DE0001030542;-1.625
23/03/2021;DE0001030542;-1.623
24/03/2021;DE0001030542;-1.644
25/03/2021;DE0001030542;-1.633
26/03/2021;DE0001030542;-1.655
29/03/2021;DE0001030542;-1.654
30/03/2021;DE0001030542;-1.674
31/03/2021;DE0001030542;-1.681
01/04/2021;DE0001030542;-1.734
02/04/2021;DE0001030542;#N/A N/A
05/04/2021;DE0001030542;#N/A N/A
06/04/2021;DE0001030542;-1.747
07/04/2021;DE0001030542;-1.755
08/04/2021;DE0001030542;-1.774
09/04/2021;DE0001030542;-1.76
12/04/2021;DE0001030542;-1.766
13/04/2021;DE0001030542;-1.757
14/04/2021;DE0001030542;-1.751
15/04/2021;DE0001030542;-1.755
16/04/2021;DE0001030542;-1.744
19/04/2021;DE0001030542;-1.753
20/04/2021;DE0001030542;-1.773
21/04/2021;DE0001030542;-1.782
22/04/2021;DE0001030542;-1.754
23/04/2021;DE0001030542;-1.754
26/04/2021;DE0001030542;-1.742
27/04/2021;DE0001030542;-1.753
28/04/2021;DE0001030542;-1.796
29/04/2021;DE0001030542;-1.805
30/04/2021;DE0001030542;-1.82
03/05/2021;DE0001030542;-1.786
04/05/2021;DE0001030542;-1.781
05/05/2021;DE0001030542;-1.822
06/05/2021;DE0001030542;-1.774
07/05/2021;DE0001030542;-1.774
10/05/2021;DE0001030542;-1.819
11/05/2021;DE0001030542;-1.807
12/05/2021;DE0001030542;-1.832
13/05/2021;DE0001030542;-1.772
14/05/2021;DE0001030542;-1.736
17/05/2021;DE0001030542;-1.743
18/05/2021;DE0001030542;-1.763
19/05/2021;DE0001030542;-1.736
20/05/2021;DE0001030542;-1.651
21/05/2021;DE0001030542;-1.641
24/05/2021;DE0001030542;-1.658
25/05/2021;DE0001030542;-1.666
26/05/2021;DE0001030542;-1.644
27/05/2021;DE0001030542;-1.596
28/05/2021;DE0001030542;-1.611
31/05/2021;DE0001030542;-1.609
01/06/2021;DE0001030542;-1.615
02/06/2021;DE0001030542;-1.6
03/06/2021;DE0001030542;-1.614
04/06/2021;DE0001030542;-1.631
07/06/2021;DE0001030542;-1.621
08/06/2021;DE0001030542;-1.589
09/06/2021;DE0001030542;-1.595
10/06/2021;DE0001030542;-1.606
11/06/2021;DE0001030542;-1.622
14/06/2021;DE0001030542;-1.609
15/06/2021;DE0001030542;-1.589
16/06/2021;DE0001030542;-1.565
17/06/2021;DE0001030542;-1.489
18/06/2021;DE0001030542;-1.431
21/06/2021;DE0001030542;-1.403
22/06/2021;DE0001030542;-1.419
23/06/2021;DE0001030542;-1.447
24/06/2021;DE0001030542;-1.419
25/06/2021;DE0001030542;-1.42
28/06/2021;DE0001030542;-1.407
29/06/2021;DE0001030542;-1.431
30/06/2021;DE0001030542;-1.426
01/07/2021;DE0001030542;-1.441
02/07/2021;DE0001030542;-1.442
05/07/2021;DE0001030542;-1.45
06/07/2021;DE0001030542;-1.472
07/07/2021;DE0001030542;-1.432
08/07/2021;DE0001030542;-1.376
09/07/2021;DE0001030542;-1.408
12/07/2021;DE0001030542;-1.397
13/07/2021;DE0001030542;-1.409
14/07/2021;DE0001030542;-1.409
15/07/2021;DE0001030542;-1.38
16/07/2021;DE0001030542;-1.379
19/07/2021;DE0001030542;-1.326
20/07/2021;DE0001030542;-1.334
21/07/2021;DE0001030542;-1.355
22/07/2021;DE0001030542;-1.342
23/07/2021;DE0001030542;-1.356
26/07/2021;DE0001030542;-1.374
27/07/2021;DE0001030542;-1.403
28/07/2021;DE0001030542;-1.413
29/07/2021;DE0001030542;-1.488
30/07/2021;DE0001030542;-1.539
02/08/2021;DE0001030542;-1.556
03/08/2021;DE0001030542;-1.557
04/08/2021;DE0001030542;-1.591
05/08/2021;DE0001030542;-1.587
06/08/2021;DE0001030542;-1.603
09/08/2021;DE0001030542;-1.566
10/08/2021;DE0001030542;-1.582
11/08/2021;DE0001030542;-1.6
12/08/2021;DE0001030542;-1.613
13/08/2021;DE0001030542;-1.616
16/08/2021;DE0001030542;-1.603
17/08/2021;DE0001030542;-1.607
18/08/2021;DE0001030542;-1.621
19/08/2021;DE0001030542;-1.588
20/08/2021;DE0001030542;-1.577
23/08/2021;DE0001030542;-1.595
24/08/2021;DE0001030542;-1.615
25/08/2021;DE0001030542;-1.633
26/08/2021;DE0001030542;-1.614
27/08/2021;DE0001030542;-1.635
30/08/2021;DE0001030542;-1.656
31/08/2021;DE0001030542;-1.681
01/09/2021;DE0001030542;-1.738
02/09/2021;DE0001030542;-1.787
03/09/2021;DE0001030542;-1.826
06/09/2021;DE0001030542;-1.882
07/09/2021;DE0001030542;-1.902
08/09/2021;DE0001030542;-1.946
09/09/2021;DE0001030542;-2.023
10/09/2021;DE0001030542;-2.094
13/09/2021;DE0001030542;-2.138
14/09/2021;DE0001030542;-2.082
15/09/2021;DE0001030542;-2.153
16/09/2021;DE0001030542;-2.168
17/09/2021;DE0001030542;-2.17
20/09/2021;DE0001030542;-2.129
21/09/2021;DE0001030542;-2.115
22/09/2021;DE0001030542;-2.141
23/09/2021;DE0001030542;-2.164
24/09/2021;DE0001030542;-2.16
27/09/2021;DE0001030542;-2.232
28/09/2021;DE0001030542;-2.329
29/09/2021;DE0001030542;-2.311
30/09/2021;DE0001030542;-2.323
01/10/2021;DE0001030542;-2.346
04/10/2021;DE0001030542;-2.394
05/10/2021;DE0001030542;-2.567
06/10/2021;DE0001030542;-2.507
07/10/2021;DE0001030542;-2.466
08/10/2021;DE0001030542;-2.491
11/10/2021;DE0001030542;-2.483
12/10/2021;DE0001030542;-2.47
13/10/2021;DE0001030542;-2.432
14/10/2021;DE0001030542;-2.468
15/10/2021;DE0001030542;-2.497
18/10/2021;DE0001030542;-2.486
19/10/2021;DE0001030542;-2.486
20/10/2021;DE0001030542;-2.528
21/10/2021;DE0001030542;-2.591
22/10/2021;DE0001030542;-2.635
25/10/2021;DE0001030542;-2.661
26/10/2021;DE0001030542;-2.673
27/10/2021;DE0001030542;-2.62
28/10/2021;DE0001030542;-2.443
29/10/2021;DE0001030542;-2.318
01/11/2021;DE0001030542;-2.36
02/11/2021;DE0001030542;-2.36
03/11/2021;DE0001030542;-2.294
04/11/2021;DE0001030542;-2.363
05/11/2021;DE0001030542;-2.423
08/11/2021;DE0001030542;-2.507
09/11/2021;DE0001030542;-2.497
10/11/2021;DE0001030542;-2.492
11/11/2021;DE0001030542;-2.488
12/11/2021;DE0001030542;-2.498
15/11/2021;DE0001030542;-2.472
16/11/2021;DE0001030542;-2.561
17/11/2021;DE0001030542;-2.553
18/11/2021;DE0001030542;-2.516
19/11/2021;DE0001030542;-2.431
22/11/2021;DE0001030542;-2.378
23/11/2021;DE0001030542;-2.353
24/11/2021;DE0001030542;-2.357
25/11/2021;DE0001030542;-2.386
26/11/2021;DE0001030542;-2.276
29/11/2021;DE0001030542;-2.338
30/11/2021;DE0001030542;-2.318
01/12/2021;DE0001030542;-2.321
02/12/2021;DE0001030542;-2.261
03/12/2021;DE0001030542;-2.3
06/12/2021;DE0001030542;-2.278
07/12/2021;DE0001030542;-2.349
08/12/2021;DE0001030542;-2.33
09/12/2021;DE0001030542;-2.372
10/12/2021;DE0001030542;-2.427
13/12/2021;DE0001030542;-2.436
14/12/2021;DE0001030542;-2.405
15/12/2021;DE0001030542;-2.408
16/12/2021;DE0001030542;-2.468
17/12/2021;DE0001030542;-2.489
20/12/2021;DE0001030542;-2.49
21/12/2021;DE0001030542;-2.615
22/12/2021;DE0001030542;-2.753
23/12/2021;DE0001030542;-2.759
24/12/2021;DE0001030542;#N/A N/A
27/12/2021;DE0001030542;-2.666
28/12/2021;DE0001030542;-2.662
29/12/2021;DE0001030542;-2.603
30/12/2021;DE0001030542;-2.607
31/12/2021;DE0001030542;#N/A N/A
03/01/2022;DE0001030542;-2.562
04/01/2022;DE0001030542;-2.606
05/01/2022;DE0001030542;-2.582
06/01/2022;DE0001030542;-2.552
07/01/2022;DE0001030542;-2.585
10/01/2022;DE0001030542;-2.587
11/01/2022;DE0001030542;-2.629
12/01/2022;DE0001030542;-2.66
13/01/2022;DE0001030542;-2.644
14/01/2022;DE0001030542;-2.644
17/01/2022;DE0001030542;-2.637
18/01/2022;DE0001030542;-2.644
19/01/2022;DE0001030542;-2.667
20/01/2022;DE0001030542;-2.671
21/01/2022;DE0001030542;-2.699
24/01/2022;DE0001030542;-2.716
25/01/2022;DE0001030542;-2.715
26/01/2022;DE0001030542;-2.769
27/01/2022;DE0001030542;-2.78
28/01/2022;DE0001030542;-2.888
31/01/2022;DE0001030542;-3.036
01/02/2022;DE0001030542;-3.055
02/02/2022;DE0001030542;-3.055
03/02/2022;DE0001030542;-2.969
04/02/2022;DE0001030542;-3.08
07/02/2022;DE0001030542;-3.171
08/02/2022;DE0001030542;-3.186
09/02/2022;DE0001030542;-3.215
10/02/2022;DE0001030542;-3.191
11/02/2022;DE0001030542;-3.186
14/02/2022;DE0001030542;-3.34
15/02/2022;DE0001030542;-3.331
16/02/2022;DE0001030542;-3.363
17/02/2022;DE0001030542;-3.416
18/02/2022;DE0001030542;-3.513
21/02/2022;DE0001030542;-3.579
22/02/2022;DE0001030542;-3.685
23/02/2022;DE0001030542;-3.799
24/02/2022;DE0001030542;-4.218
25/02/2022;DE0001030542;-4.001
28/02/2022;DE0001030542;-4.205
01/03/2022;DE0001030542;-4.545
02/03/2022;DE0001030542;-4.764
03/03/2022;DE0001030542;-4.801
04/03/2022;DE0001030542;-5.036
07/03/2022;DE0001030542;-5.534
08/03/2022;DE0001030542;-5.715
09/03/2022;DE0001030542;-5.661
10/03/2022;DE0001030542;-5.487
11/03/2022;DE0001030542;-5.557
14/03/2022;DE0001030542;-5.489
15/03/2022;DE0001030542;-5.242
16/03/2022;DE0001030542;-5.073
17/03/2022;DE0001030542;-5.218
18/03/2022;DE0001030542;-5.286
21/03/2022;DE0001030542;-5.359
22/03/2022;DE0001030542;-5.476
23/03/2022;DE0001030542;-5.678
24/03/2022;DE0001030542;-5.831
25/03/2022;DE0001030542;-5.78
28/03/2022;DE0001030542;-5.738
29/03/2022;DE0001030542;-5.709
30/03/2022;DE0001030542;-5.863
31/03/2022;DE0001030542;-5.733
01/04/2022;DE0001030542;-5.769
04/04/2022;DE0001030542;-5.942
05/04/2022;DE0001030542;-6.024
06/04/2022;DE0001030542;-6.088
07/04/2022;DE0001030542;-5.992
08/04/2022;DE0001030542;-6.015
11/04/2022;DE0001030542;-5.969
12/04/2022;DE0001030542;-6.033
13/04/2022;DE0001030542;-6.04
14/04/2022;DE0001030542;-6.081
15/04/2022;DE0001030542;#N/A N/A
18/04/2022;DE0001030542;#N/A N/A
19/04/2022;DE0001030542;-6.114
20/04/2022;DE0001030542;-6.107
21/04/2022;DE0001030542;-6.03
22/04/2022;DE0001030542;-5.98
25/04/2022;DE0001030542;-5.91
26/04/2022;DE0001030542;-5.846
27/04/2022;DE0001030542;-5.859
28/04/2022;DE0001030542;-5.858
29/04/2022;DE0001030542;-5.878
02/05/2022;DE0001030542;-5.825
03/05/2022;DE0001030542;-5.778
04/05/2022;DE0001030542;-5.746
05/05/2022;DE0001030542;-5.712
06/05/2022;DE0001030542;-5.587
09/05/2022;DE0001030542;-5.576
10/05/2022;DE0001030542;-5.324
11/05/2022;DE0001030542;-5.324
12/05/2022;DE0001030542;-5.225
13/05/2022;DE0001030542;-5.223
16/05/2022;DE0001030542;-5.248
17/05/2022;DE0001030542;-5.266
18/05/2022;DE0001030542;-5.122
19/05/2022;DE0001030542;-4.851
20/05/2022;DE0001030542;-4.81
23/05/2022;DE0001030542;-4.707
24/05/2022;DE0001030542;-4.604
25/05/2022;DE0001030542;-4.429
26/05/2022;DE0001030542;-4.253
27/05/2022;DE0001030542;-4.135
30/05/2022;DE0001030542;-4.168
31/05/2022;DE0001030542;-4.219
01/06/2022;DE0001030542;-4.146
02/06/2022;DE0001030542;-4.201
03/06/2022;DE0001030542;-4.218
06/06/2022;DE0001030542;-4.199
07/06/2022;DE0001030542;-4.242
08/06/2022;DE0001030542;-4.372
09/06/2022;DE0001030542;-4.393
10/06/2022;DE0001030542;-4.482
13/06/2022;DE0001030542;-4.356
14/06/2022;DE0001030542;-4.241
15/06/2022;DE0001030542;-4.223
16/06/2022;DE0001030542;-4.223
17/06/2022;DE0001030542;-4.43
20/06/2022;DE0001030542;-4.293
21/06/2022;DE0001030542;-4.364
22/06/2022;DE0001030542;-4.284
23/06/2022;DE0001030542;-4.284
24/06/2022;DE0001030542;-4.397
27/06/2022;DE0001030542;-4.529
28/06/2022;DE0001030542;-4.646
29/06/2022;DE0001030542;-4.686
30/06/2022;DE0001030542;-4.584
01/07/2022;DE0001030542;-4.644
04/07/2022;DE0001030542;-4.806
05/07/2022;DE0001030542;-4.933
06/07/2022;DE0001030542;-4.934
07/07/2022;DE0001030542;-5.001
08/07/2022;DE0001030542;-4.956
11/07/2022;DE0001030542;-4.975
12/07/2022;DE0001030542;-4.938
13/07/2022;DE0001030542;-4.914
14/07/2022;DE0001030542;-4.848
15/07/2022;DE0001030542;-4.82
18/07/2022;DE0001030542;-4.803
19/07/2022;DE0001030542;-4.704
20/07/2022;DE0001030542;-4.72
21/07/2022;DE0001030542;-4.425
22/07/2022;DE0001030542;-4.52
25/07/2022;DE0001030542;-4.556
26/07/2022;DE0001030542;-4.856
27/07/2022;DE0001030542;-5.036
28/07/2022;DE0001030542;-5.278
29/07/2022;DE0001030542;-5.379
01/08/2022;DE0001030542;-5.366
02/08/2022;DE0001030542;-5.381
03/08/2022;DE0001030542;-5.462
04/08/2022;DE0001030542;-5.432
05/08/2022;DE0001030542;-5.556
08/08/2022;DE0001030542;-5.642
09/08/2022;DE0001030542;-5.65
10/08/2022;DE0001030542;-5.726
11/08/2022;DE0001030542;-5.853
12/08/2022;DE0001030542;-5.954
15/08/2022;DE0001030542;-5.936
16/08/2022;DE0001030542;-6.035
17/08/2022;DE0001030542;-6.072
18/08/2022;DE0001030542;-6.166
19/08/2022;DE0001030542;-6.299
22/08/2022;DE0001030542;-6.769
23/08/2022;DE0001030542;-6.817
24/08/2022;DE0001030542;-6.67
25/08/2022;DE0001030542;-6.789
26/08/2022;DE0001030542;-6.755
29/08/2022;DE0001030542;-6.754
30/08/2022;DE0001030542;-6.356
31/08/2022;DE0001030542;-5.951
01/09/2022;DE0001030542;-5.172
02/09/2022;DE0001030542;-4.925
05/09/2022;DE0001030542;-5.776
06/09/2022;DE0001030542;-5.498
07/09/2022;DE0001030542;-4.25
08/09/2022;DE0001030542;-4.372
09/09/2022;DE0001030542;-4.309
12/09/2022;DE0001030542;-4.135
13/09/2022;DE0001030542;-4.1
14/09/2022;DE0001030542;-4.47
15/09/2022;DE0001030542;-4.65
16/09/2022;DE0001030542;-4.753
19/09/2022;DE0001030542;-4.704
20/09/2022;DE0001030542;-5.015
21/09/2022;DE0001030542;-4.586
22/09/2022;DE0001030542;-4.155
23/09/2022;DE0001030542;-4.087
26/09/2022;DE0001030542;-4.059
27/09/2022;DE0001030542;-3.956
28/09/2022;DE0001030542;-3.905
29/09/2022;DE0001030542;-3.984
30/09/2022;DE0001030542;-3.624
03/10/2022;DE0001030542;-3.718
04/10/2022;DE0001030542;-3.934
05/10/2022;DE0001030542;-3.941
06/10/2022;DE0001030542;-3.907
07/10/2022;DE0001030542;-3.741
10/10/2022;DE0001030542;-3.612
11/10/2022;DE0001030542;-3.72
12/10/2022;DE0001030542;-3.772
13/10/2022;DE0001030542;-3.654
14/10/2022;DE0001030542;-3.468
17/10/2022;DE0001030542;-3.556
18/10/2022;DE0001030542;-3.272
19/10/2022;DE0001030542;-3.176
20/10/2022;DE0001030542;-3.362
21/10/2022;DE0001030542;-3.449
24/10/2022;DE0001030542;-3.41
25/10/2022;DE0001030542;-3.268
26/10/2022;DE0001030542;-3.177
27/10/2022;DE0001030542;-3.474
28/10/2022;DE0001030542;-4.408
31/10/2022;DE0001030542;-4.426
01/11/2022;DE0001030542;-4.635
02/11/2022;DE0001030542;-4.551
03/11/2022;DE0001030542;-4.465
04/11/2022;DE0001030542;-4.467
07/11/2022;DE0001030542;-4.54
08/11/2022;DE0001030542;-4.512
09/11/2022;DE0001030542;-4.36
10/11/2022;DE0001030542;-3.816
11/11/2022;DE0001030542;-3.404
14/11/2022;DE0001030542;-3.25
15/11/2022;DE0001030542;-3.282
16/11/2022;DE0001030542;-3.416
17/11/2022;DE0001030542;-3.222
18/11/2022;DE0001030542;-2.952
21/11/2022;DE0001030542;-2.887
22/11/2022;DE0001030542;-2.988
23/11/2022;DE0001030542;-3.012
24/11/2022;DE0001030542;-2.715
25/11/2022;DE0001030542;-2.784
28/11/2022;DE0001030542;-2.687
29/11/2022;DE0001030542;-2.451
30/11/2022;DE0001030542;-2.324
01/12/2022;DE0001030542;-2.153
02/12/2022;DE0001030542;-1.891
05/12/2022;DE0001030542;-1.673
06/12/2022;DE0001030542;-1.551
07/12/2022;DE0001030542;-1.51
08/12/2022;DE0001030542;-1.025
09/12/2022;DE0001030542;-0.934
12/12/2022;DE0001030542;-0.829
13/12/2022;DE0001030542;-0.603
14/12/2022;DE0001030542;-0.538
15/12/2022;DE0001030542;-0.072
16/12/2022;DE0001030542;0.456
19/12/2022;DE0001030542;0.878
20/12/2022;DE0001030542;1.45
21/12/2022;DE0001030542;1.891
22/12/2022;DE0001030542;2.606
23/12/2022;DE0001030542;2.612
26/12/2022;DE0001030542;#N/A N/A
27/12/2022;DE0001030542;2.778
28/12/2022;DE0001030542;2.863
29/12/2022;DE0001030542;2.869
30/12/2022;DE0001030542;3.012
02/01/2023;DE0001030542;2.885
03/01/2023;DE0001030542;2.844
04/01/2023;DE0001030542;3.408
05/01/2023;DE0001030542;4.121
06/01/2023;DE0001030542;3.736
09/01/2023;DE0001030542;3.66
10/01/2023;DE0001030542;3.743
11/01/2023;DE0001030542;3.846
12/01/2023;DE0001030542;3.701
13/01/2023;DE0001030542;3.643
16/01/2023;DE0001030542;3.789
17/01/2023;DE0001030542;3.775
18/01/2023;DE0001030542;3.571
19/01/2023;DE0001030542;3.844
20/01/2023;DE0001030542;3.664
23/01/2023;DE0001030542;3.453
24/01/2023;DE0001030542;3.64
25/01/2023;DE0001030542;4.444
26/01/2023;DE0001030542;4.55
27/01/2023;DE0001030542;4.925
30/01/2023;DE0001030542;4.148
31/01/2023;DE0001030542;4.025
01/02/2023;DE0001030542;4.388
02/02/2023;DE0001030542;4.332
03/02/2023;DE0001030542;3.873
06/02/2023;DE0001030542;4.215
07/02/2023;DE0001030542;3.817
08/02/2023;DE0001030542;3.597
09/02/2023;DE0001030542;3.983
10/02/2023;DE0001030542;3.339
13/02/2023;DE0001030542;2.966
14/02/2023;DE0001030542;2.889
15/02/2023;DE0001030542;2.715
16/02/2023;DE0001030542;2.467
17/02/2023;DE0001030542;2.666
20/02/2023;DE0001030542;2.451
21/02/2023;DE0001030542;2.351
22/02/2023;DE0001030542;1.978
23/02/2023;DE0001030542;1.93
24/02/2023;DE0001030542;2.94
27/02/2023;DE0001030542;2.696
28/02/2023;DE0001030542;1.748
01/03/2023;DE0001030542;1.46
02/03/2023;DE0001030542;1
03/03/2023;DE0001030542;0.901
06/03/2023;DE0001030542;0.722
07/03/2023;DE0001030542;0.882
08/03/2023;DE0001030542;0.604
09/03/2023;DE0001030542;0.396
10/03/2023;DE0001030542;0.22
13/03/2023;DE0001030542;-0.018
14/03/2023;DE0001030542;-0.11
15/03/2023;DE0001030542;-0.18
16/03/2023;DE0001030542;-0.054
17/03/2023;DE0001030542;-0.469
20/03/2023;DE0001030542;-0.92
21/03/2023;DE0001030542;-1.379
22/03/2023;DE0001030542;-1.102
23/03/2023;DE0001030542;-3.213
24/03/2023;DE0001030542;-3.978
27/03/2023;DE0001030542;-4.227
28/03/2023;DE0001030542;-5.414
29/03/2023;DE0001030542;-6.028
30/03/2023;DE0001030542;-6.207
31/03/2023;DE0001030542;-5.946
03/04/2023;DE0001030542;-6.011
04/04/2023;DE0001030542;-4.825
05/04/2023;DE0001030542;-5.76
06/04/2023;DE0001030542;-4.138
07/04/2023;DE0001030542;#N/A N/A
10/04/2023;DE0001030542;#N/A N/A
11/04/2023;DE0001030542;-3.958
12/04/2023;DE0001030542;-2.387
13/04/2023;DE0001030542;#N/A N/A
14/04/2023;DE0001030542;#N/A N/A
10/04/2014;DE0001030559;0.393
11/04/2014;DE0001030559;0.396
14/04/2014;DE0001030559;0.411
15/04/2014;DE0001030559;0.375
16/04/2014;DE0001030559;0.385
17/04/2014;DE0001030559;0.424
18/04/2014;DE0001030559;#N/A N/A
21/04/2014;DE0001030559;#N/A N/A
22/04/2014;DE0001030559;0.443
23/04/2014;DE0001030559;0.427
24/04/2014;DE0001030559;0.438
25/04/2014;DE0001030559;0.409
28/04/2014;DE0001030559;0.417
29/04/2014;DE0001030559;0.414
30/04/2014;DE0001030559;0.372
01/05/2014;DE0001030559;0.369
02/05/2014;DE0001030559;0.346
05/05/2014;DE0001030559;0.352
06/05/2014;DE0001030559;0.363
07/05/2014;DE0001030559;0.392
08/05/2014;DE0001030559;0.386
09/05/2014;DE0001030559;0.405
12/05/2014;DE0001030559;0.429
13/05/2014;DE0001030559;0.387
14/05/2014;DE0001030559;0.35
15/05/2014;DE0001030559;0.281
16/05/2014;DE0001030559;0.276
19/05/2014;DE0001030559;0.28
20/05/2014;DE0001030559;0.264
21/05/2014;DE0001030559;0.294
22/05/2014;DE0001030559;0.304
23/05/2014;DE0001030559;0.323
26/05/2014;DE0001030559;0.324
27/05/2014;DE0001030559;0.313
28/05/2014;DE0001030559;0.265
29/05/2014;DE0001030559;0.271
30/05/2014;DE0001030559;0.271
02/06/2014;DE0001030559;0.289
03/06/2014;DE0001030559;0.321
04/06/2014;DE0001030559;0.305
05/06/2014;DE0001030559;0.258
06/06/2014;DE0001030559;0.247
09/06/2014;DE0001030559;0.294
10/06/2014;DE0001030559;0.345
11/06/2014;DE0001030559;0.36
12/06/2014;DE0001030559;0.369
13/06/2014;DE0001030559;0.316
16/06/2014;DE0001030559;0.311
17/06/2014;DE0001030559;0.338
18/06/2014;DE0001030559;0.315
19/06/2014;DE0001030559;0.283
20/06/2014;DE0001030559;0.313
23/06/2014;DE0001030559;0.303
24/06/2014;DE0001030559;0.304
25/06/2014;DE0001030559;0.267
26/06/2014;DE0001030559;0.264
27/06/2014;DE0001030559;0.238
30/06/2014;DE0001030559;0.2
01/07/2014;DE0001030559;0.213
02/07/2014;DE0001030559;0.245
03/07/2014;DE0001030559;0.227
04/07/2014;DE0001030559;0.211
07/07/2014;DE0001030559;0.204
08/07/2014;DE0001030559;0.172
09/07/2014;DE0001030559;0.181
10/07/2014;DE0001030559;0.157
11/07/2014;DE0001030559;0.155
14/07/2014;DE0001030559;0.153
15/07/2014;DE0001030559;0.149
16/07/2014;DE0001030559;0.137
17/07/2014;DE0001030559;0.091
18/07/2014;DE0001030559;0.079
21/07/2014;DE0001030559;0.062
22/07/2014;DE0001030559;0.061
23/07/2014;DE0001030559;0.042
24/07/2014;DE0001030559;0.047
25/07/2014;DE0001030559;0.036
28/07/2014;DE0001030559;0.043
29/07/2014;DE0001030559;0.024
30/07/2014;DE0001030559;0.07
31/07/2014;DE0001030559;0.049
01/08/2014;DE0001030559;0.055
04/08/2014;DE0001030559;0.068
05/08/2014;DE0001030559;0.122
06/08/2014;DE0001030559;0.069
07/08/2014;DE0001030559;0.046
08/08/2014;DE0001030559;0.048
11/08/2014;DE0001030559;0.101
12/08/2014;DE0001030559;0.11
13/08/2014;DE0001030559;0.086
14/08/2014;DE0001030559;0.093
15/08/2014;DE0001030559;0.075
18/08/2014;DE0001030559;0.089
19/08/2014;DE0001030559;0.05
20/08/2014;DE0001030559;0.036
21/08/2014;DE0001030559;0.048
22/08/2014;DE0001030559;0.025
25/08/2014;DE0001030559;-0.021
26/08/2014;DE0001030559;-0.05
27/08/2014;DE0001030559;-0.103
28/08/2014;DE0001030559;-0.149
29/08/2014;DE0001030559;-0.147
01/09/2014;DE0001030559;-0.151
02/09/2014;DE0001030559;-0.093
03/09/2014;DE0001030559;-0.042
04/09/2014;DE0001030559;-0.017
05/09/2014;DE0001030559;-0.063
08/09/2014;DE0001030559;-0.011
09/09/2014;DE0001030559;0.046
10/09/2014;DE0001030559;0.06
11/09/2014;DE0001030559;0.037
12/09/2014;DE0001030559;0.08
15/09/2014;DE0001030559;0.07
16/09/2014;DE0001030559;0.089
17/09/2014;DE0001030559;0.075
18/09/2014;DE0001030559;0.096
19/09/2014;DE0001030559;0.069
22/09/2014;DE0001030559;0.013
23/09/2014;DE0001030559;0.001
24/09/2014;DE0001030559;-0.004
25/09/2014;DE0001030559;-0.015
26/09/2014;DE0001030559;-0.027
29/09/2014;DE0001030559;-0.039
30/09/2014;DE0001030559;-0.086
01/10/2014;DE0001030559;-0.089
02/10/2014;DE0001030559;-0.076
03/10/2014;DE0001030559;-0.038
06/10/2014;DE0001030559;-0.032
07/10/2014;DE0001030559;-0.018
08/10/2014;DE0001030559;-0.028
09/10/2014;DE0001030559;-0.003
10/10/2014;DE0001030559;0.023
13/10/2014;DE0001030559;0.067
14/10/2014;DE0001030559;0.044
15/10/2014;DE0001030559;-0.031
16/10/2014;DE0001030559;-0.017
17/10/2014;DE0001030559;-0.019
20/10/2014;DE0001030559;-0.088
21/10/2014;DE0001030559;-0.117
22/10/2014;DE0001030559;-0.092
23/10/2014;DE0001030559;-0.059
24/10/2014;DE0001030559;-0.056
27/10/2014;DE0001030559;-0.07
28/10/2014;DE0001030559;-0.078
29/10/2014;DE0001030559;-0.094
30/10/2014;DE0001030559;-0.137
31/10/2014;DE0001030559;-0.115
03/11/2014;DE0001030559;-0.089
04/11/2014;DE0001030559;-0.135
05/11/2014;DE0001030559;-0.091
06/11/2014;DE0001030559;-0.084
07/11/2014;DE0001030559;-0.114
10/11/2014;DE0001030559;-0.113
11/11/2014;DE0001030559;-0.124
12/11/2014;DE0001030559;-0.13
13/11/2014;DE0001030559;-0.118
14/11/2014;DE0001030559;-0.12
17/11/2014;DE0001030559;-0.071
18/11/2014;DE0001030559;-0.076
19/11/2014;DE0001030559;-0.036
20/11/2014;DE0001030559;-0.06
21/11/2014;DE0001030559;-0.09
24/11/2014;DE0001030559;-0.093
25/11/2014;DE0001030559;-0.148
26/11/2014;DE0001030559;-0.17
27/11/2014;DE0001030559;-0.178
28/11/2014;DE0001030559;-0.146
01/12/2014;DE0001030559;-0.084
02/12/2014;DE0001030559;-0.102
03/12/2014;DE0001030559;-0.1
04/12/2014;DE0001030559;-0.092
05/12/2014;DE0001030559;-0.12
08/12/2014;DE0001030559;-0.158
09/12/2014;DE0001030559;-0.18
10/12/2014;DE0001030559;-0.134
11/12/2014;DE0001030559;-0.082
12/12/2014;DE0001030559;-0.087
15/12/2014;DE0001030559;-0.102
16/12/2014;DE0001030559;-0.087
17/12/2014;DE0001030559;-0.099
18/12/2014;DE0001030559;-0.091
19/12/2014;DE0001030559;-0.135
22/12/2014;DE0001030559;-0.185
23/12/2014;DE0001030559;-0.226
24/12/2014;DE0001030559;-0.222
25/12/2014;DE0001030559;#N/A N/A
26/12/2014;DE0001030559;#N/A N/A
29/12/2014;DE0001030559;-0.247
30/12/2014;DE0001030559;-0.225
31/12/2014;DE0001030559;-0.221
01/01/2015;DE0001030559;#N/A N/A
02/01/2015;DE0001030559;-0.271
05/01/2015;DE0001030559;-0.196
06/01/2015;DE0001030559;-0.238
07/01/2015;DE0001030559;-0.215
08/01/2015;DE0001030559;-0.19
09/01/2015;DE0001030559;-0.179
12/01/2015;DE0001030559;-0.178
13/01/2015;DE0001030559;-0.19
14/01/2015;DE0001030559;-0.249
15/01/2015;DE0001030559;-0.29
16/01/2015;DE0001030559;-0.319
19/01/2015;DE0001030559;-0.378
20/01/2015;DE0001030559;-0.373
21/01/2015;DE0001030559;-0.35
22/01/2015;DE0001030559;-0.52
23/01/2015;DE0001030559;-0.588
26/01/2015;DE0001030559;-0.563
27/01/2015;DE0001030559;-0.539
28/01/2015;DE0001030559;-0.538
29/01/2015;DE0001030559;-0.521
30/01/2015;DE0001030559;-0.651
02/02/2015;DE0001030559;-0.682
03/02/2015;DE0001030559;-0.673
04/02/2015;DE0001030559;-0.617
05/02/2015;DE0001030559;-0.638
06/02/2015;DE0001030559;-0.621
09/02/2015;DE0001030559;-0.603
10/02/2015;DE0001030559;-0.532
11/02/2015;DE0001030559;-0.527
12/02/2015;DE0001030559;-0.575
13/02/2015;DE0001030559;-0.596
16/02/2015;DE0001030559;-0.62
17/02/2015;DE0001030559;-0.582
18/02/2015;DE0001030559;-0.559
19/02/2015;DE0001030559;-0.595
20/02/2015;DE0001030559;-0.609
23/02/2015;DE0001030559;-0.589
24/02/2015;DE0001030559;-0.576
25/02/2015;DE0001030559;-0.608
26/02/2015;DE0001030559;-0.658
27/02/2015;DE0001030559;-0.701
02/03/2015;DE0001030559;-0.681
03/03/2015;DE0001030559;-0.721
04/03/2015;DE0001030559;-0.756
05/03/2015;DE0001030559;-0.863
06/03/2015;DE0001030559;-0.81
09/03/2015;DE0001030559;-0.853
10/03/2015;DE0001030559;-0.935
11/03/2015;DE0001030559;-0.978
12/03/2015;DE0001030559;-1.039
13/03/2015;DE0001030559;-1.016
16/03/2015;DE0001030559;-0.977
17/03/2015;DE0001030559;-0.956
18/03/2015;DE0001030559;-1.026
19/03/2015;DE0001030559;-1.034
20/03/2015;DE0001030559;-1.124
23/03/2015;DE0001030559;-1.086
24/03/2015;DE0001030559;-1.049
25/03/2015;DE0001030559;-1.067
26/03/2015;DE0001030559;-1.077
27/03/2015;DE0001030559;-1.049
30/03/2015;DE0001030559;-1.008
31/03/2015;DE0001030559;-1.039
01/04/2015;DE0001030559;-1.072
02/04/2015;DE0001030559;-1.067
03/04/2015;DE0001030559;#N/A N/A
06/04/2015;DE0001030559;#N/A N/A
07/04/2015;DE0001030559;-1.062
08/04/2015;DE0001030559;-1.085
09/04/2015;DE0001030559;-1.08
10/04/2015;DE0001030559;-1.088
13/04/2015;DE0001030559;-1.125
14/04/2015;DE0001030559;-1.156
15/04/2015;DE0001030559;-1.196
16/04/2015;DE0001030559;-1.21
17/04/2015;DE0001030559;-1.242
20/04/2015;DE0001030559;-1.252
21/04/2015;DE0001030559;-1.191
22/04/2015;DE0001030559;-1.097
23/04/2015;DE0001030559;-1.074
24/04/2015;DE0001030559;-1.082
27/04/2015;DE0001030559;-1.057
28/04/2015;DE0001030559;-1.073
29/04/2015;DE0001030559;-0.969
30/04/2015;DE0001030559;-0.945
01/05/2015;DE0001030559;-0.943
04/05/2015;DE0001030559;-0.822
05/05/2015;DE0001030559;-0.721
06/05/2015;DE0001030559;-0.627
07/05/2015;DE0001030559;-0.603
08/05/2015;DE0001030559;-0.622
11/05/2015;DE0001030559;-0.577
12/05/2015;DE0001030559;-0.531
13/05/2015;DE0001030559;-0.475
14/05/2015;DE0001030559;-0.49
15/05/2015;DE0001030559;-0.564
18/05/2015;DE0001030559;-0.528
19/05/2015;DE0001030559;-0.597
20/05/2015;DE0001030559;-0.525
21/05/2015;DE0001030559;-0.473
22/05/2015;DE0001030559;-0.485
25/05/2015;DE0001030559;-0.479
26/05/2015;DE0001030559;-0.49
27/05/2015;DE0001030559;-0.426
28/05/2015;DE0001030559;-0.465
29/05/2015;DE0001030559;-0.559
01/06/2015;DE0001030559;-0.501
02/06/2015;DE0001030559;-0.348
03/06/2015;DE0001030559;-0.127
04/06/2015;DE0001030559;-0.177
05/06/2015;DE0001030559;-0.164
08/06/2015;DE0001030559;-0.132
09/06/2015;DE0001030559;-0.108
10/06/2015;DE0001030559;-0.098
11/06/2015;DE0001030559;-0.175
12/06/2015;DE0001030559;-0.247
15/06/2015;DE0001030559;-0.246
16/06/2015;DE0001030559;-0.257
17/06/2015;DE0001030559;-0.251
18/06/2015;DE0001030559;-0.254
19/06/2015;DE0001030559;-0.298
22/06/2015;DE0001030559;-0.232
23/06/2015;DE0001030559;-0.242
24/06/2015;DE0001030559;-0.274
25/06/2015;DE0001030559;-0.264
26/06/2015;DE0001030559;-0.218
29/06/2015;DE0001030559;-0.283
30/06/2015;DE0001030559;-0.355
01/07/2015;DE0001030559;-0.291
02/07/2015;DE0001030559;-0.273
03/07/2015;DE0001030559;-0.342
06/07/2015;DE0001030559;-0.348
07/07/2015;DE0001030559;-0.418
08/07/2015;DE0001030559;-0.404
09/07/2015;DE0001030559;-0.351
10/07/2015;DE0001030559;-0.187
13/07/2015;DE0001030559;-0.224
14/07/2015;DE0001030559;-0.208
15/07/2015;DE0001030559;-0.261
16/07/2015;DE0001030559;-0.296
17/07/2015;DE0001030559;-0.316
20/07/2015;DE0001030559;-0.348
21/07/2015;DE0001030559;-0.305
22/07/2015;DE0001030559;-0.325
23/07/2015;DE0001030559;-0.329
24/07/2015;DE0001030559;-0.37
27/07/2015;DE0001030559;-0.364
28/07/2015;DE0001030559;-0.373
29/07/2015;DE0001030559;-0.368
30/07/2015;DE0001030559;-0.459
31/07/2015;DE0001030559;-0.471
03/08/2015;DE0001030559;-0.435
04/08/2015;DE0001030559;-0.398
05/08/2015;DE0001030559;-0.303
06/08/2015;DE0001030559;-0.336
07/08/2015;DE0001030559;-0.378
10/08/2015;DE0001030559;-0.334
11/08/2015;DE0001030559;-0.334
12/08/2015;DE0001030559;-0.306
13/08/2015;DE0001030559;-0.289
14/08/2015;DE0001030559;-0.331
17/08/2015;DE0001030559;-0.371
18/08/2015;DE0001030559;-0.327
19/08/2015;DE0001030559;-0.341
20/08/2015;DE0001030559;-0.352
21/08/2015;DE0001030559;-0.325
24/08/2015;DE0001030559;-0.27
25/08/2015;DE0001030559;-0.157
26/08/2015;DE0001030559;-0.151
27/08/2015;DE0001030559;-0.151
28/08/2015;DE0001030559;-0.23
31/08/2015;DE0001030559;-0.216
01/09/2015;DE0001030559;-0.213
02/09/2015;DE0001030559;-0.233
03/09/2015;DE0001030559;-0.287
04/09/2015;DE0001030559;-0.31
07/09/2015;DE0001030559;-0.235
08/09/2015;DE0001030559;-0.209
09/09/2015;DE0001030559;-0.225
10/09/2015;DE0001030559;-0.216
11/09/2015;DE0001030559;-0.259
14/09/2015;DE0001030559;-0.267
15/09/2015;DE0001030559;-0.185
16/09/2015;DE0001030559;-0.187
17/09/2015;DE0001030559;-0.187
18/09/2015;DE0001030559;-0.288
21/09/2015;DE0001030559;-0.273
22/09/2015;DE0001030559;-0.37
23/09/2015;DE0001030559;-0.393
24/09/2015;DE0001030559;-0.374
25/09/2015;DE0001030559;-0.326
28/09/2015;DE0001030559;-0.352
29/09/2015;DE0001030559;-0.304
30/09/2015;DE0001030559;-0.293
01/10/2015;DE0001030559;-0.359
02/10/2015;DE0001030559;-0.37
05/10/2015;DE0001030559;-0.327
06/10/2015;DE0001030559;-0.31
07/10/2015;DE0001030559;-0.337
08/10/2015;DE0001030559;-0.336
09/10/2015;DE0001030559;-0.331
12/10/2015;DE0001030559;-0.374
13/10/2015;DE0001030559;-0.361
14/10/2015;DE0001030559;-0.384
15/10/2015;DE0001030559;-0.402
16/10/2015;DE0001030559;-0.413
19/10/2015;DE0001030559;-0.393
20/10/2015;DE0001030559;-0.326
21/10/2015;DE0001030559;-0.39
22/10/2015;DE0001030559;-0.49
23/10/2015;DE0001030559;-0.505
26/10/2015;DE0001030559;-0.518
27/10/2015;DE0001030559;-0.568
28/10/2015;DE0001030559;-0.589
29/10/2015;DE0001030559;-0.514
30/10/2015;DE0001030559;-0.536
02/11/2015;DE0001030559;-0.478
03/11/2015;DE0001030559;-0.436
04/11/2015;DE0001030559;-0.428
05/11/2015;DE0001030559;-0.395
06/11/2015;DE0001030559;-0.338
09/11/2015;DE0001030559;-0.341
10/11/2015;DE0001030559;-0.367
11/11/2015;DE0001030559;-0.36
12/11/2015;DE0001030559;-0.377
13/11/2015;DE0001030559;-0.405
16/11/2015;DE0001030559;-0.425
17/11/2015;DE0001030559;-0.42
18/11/2015;DE0001030559;-0.452
19/11/2015;DE0001030559;-0.471
20/11/2015;DE0001030559;-0.491
23/11/2015;DE0001030559;-0.45
24/11/2015;DE0001030559;-0.485
25/11/2015;DE0001030559;-0.517
26/11/2015;DE0001030559;-0.521
27/11/2015;DE0001030559;-0.549
30/11/2015;DE0001030559;-0.547
01/12/2015;DE0001030559;-0.557
02/12/2015;DE0001030559;-0.521
03/12/2015;DE0001030559;-0.336
04/12/2015;DE0001030559;-0.246
07/12/2015;DE0001030559;-0.312
08/12/2015;DE0001030559;-0.348
09/12/2015;DE0001030559;-0.329
10/12/2015;DE0001030559;-0.348
11/12/2015;DE0001030559;-0.345
14/12/2015;DE0001030559;-0.306
15/12/2015;DE0001030559;-0.271
16/12/2015;DE0001030559;-0.219
17/12/2015;DE0001030559;-0.266
18/12/2015;DE0001030559;-0.282
21/12/2015;DE0001030559;-0.275
22/12/2015;DE0001030559;-0.205
23/12/2015;DE0001030559;-0.163
24/12/2015;DE0001030559;-0.154
25/12/2015;DE0001030559;#N/A N/A
28/12/2015;DE0001030559;-0.215
29/12/2015;DE0001030559;-0.179
30/12/2015;DE0001030559;-0.161
31/12/2015;DE0001030559;-0.161
01/01/2016;DE0001030559;#N/A N/A
04/01/2016;DE0001030559;-0.214
05/01/2016;DE0001030559;-0.196
06/01/2016;DE0001030559;-0.196
07/01/2016;DE0001030559;-0.187
08/01/2016;DE0001030559;-0.248
11/01/2016;DE0001030559;-0.205
12/01/2016;DE0001030559;-0.216
13/01/2016;DE0001030559;-0.268
14/01/2016;DE0001030559;-0.26
15/01/2016;DE0001030559;-0.269
18/01/2016;DE0001030559;-0.256
19/01/2016;DE0001030559;-0.261
20/01/2016;DE0001030559;-0.29
21/01/2016;DE0001030559;-0.318
22/01/2016;DE0001030559;-0.28
25/01/2016;DE0001030559;-0.288
26/01/2016;DE0001030559;-0.326
27/01/2016;DE0001030559;-0.332
28/01/2016;DE0001030559;-0.385
29/01/2016;DE0001030559;-0.446
01/02/2016;DE0001030559;-0.404
02/02/2016;DE0001030559;-0.419
03/02/2016;DE0001030559;-0.449
04/02/2016;DE0001030559;-0.434
05/02/2016;DE0001030559;-0.482
08/02/2016;DE0001030559;-0.541
09/02/2016;DE0001030559;-0.511
10/02/2016;DE0001030559;-0.497
11/02/2016;DE0001030559;-0.521
12/02/2016;DE0001030559;-0.471
15/02/2016;DE0001030559;-0.509
16/02/2016;DE0001030559;-0.473
17/02/2016;DE0001030559;-0.465
18/02/2016;DE0001030559;-0.509
19/02/2016;DE0001030559;-0.489
22/02/2016;DE0001030559;-0.517
23/02/2016;DE0001030559;-0.514
24/02/2016;DE0001030559;-0.509
25/02/2016;DE0001030559;-0.48
26/02/2016;DE0001030559;-0.476
29/02/2016;DE0001030559;-0.444
01/03/2016;DE0001030559;-0.386
02/03/2016;DE0001030559;-0.36
03/03/2016;DE0001030559;-0.459
04/03/2016;DE0001030559;-0.442
07/03/2016;DE0001030559;-0.485
08/03/2016;DE0001030559;-0.519
09/03/2016;DE0001030559;-0.469
10/03/2016;DE0001030559;-0.404
11/03/2016;DE0001030559;-0.464
14/03/2016;DE0001030559;-0.45
15/03/2016;DE0001030559;-0.383
16/03/2016;DE0001030559;-0.388
17/03/2016;DE0001030559;-0.515
18/03/2016;DE0001030559;-0.549
21/03/2016;DE0001030559;-0.532
22/03/2016;DE0001030559;-0.568
23/03/2016;DE0001030559;-0.587
24/03/2016;DE0001030559;-0.597
25/03/2016;DE0001030559;#N/A N/A
28/03/2016;DE0001030559;#N/A N/A
29/03/2016;DE0001030559;-0.626
30/03/2016;DE0001030559;-0.628
31/03/2016;DE0001030559;-0.628
01/04/2016;DE0001030559;-0.654
04/04/2016;DE0001030559;-0.688
05/04/2016;DE0001030559;-0.723
06/04/2016;DE0001030559;-0.73
07/04/2016;DE0001030559;-0.763
08/04/2016;DE0001030559;-0.753
11/04/2016;DE0001030559;-0.713
12/04/2016;DE0001030559;-0.652
13/04/2016;DE0001030559;-0.69
14/04/2016;DE0001030559;-0.664
15/04/2016;DE0001030559;-0.713
18/04/2016;DE0001030559;-0.689
19/04/2016;DE0001030559;-0.702
20/04/2016;DE0001030559;-0.698
21/04/2016;DE0001030559;-0.612
22/04/2016;DE0001030559;-0.601
25/04/2016;DE0001030559;-0.574
26/04/2016;DE0001030559;-0.548
27/04/2016;DE0001030559;-0.542
28/04/2016;DE0001030559;-0.58
29/04/2016;DE0001030559;-0.599
02/05/2016;DE0001030559;-0.607
03/05/2016;DE0001030559;-0.67
04/05/2016;DE0001030559;-0.672
05/05/2016;DE0001030559;-0.692
06/05/2016;DE0001030559;-0.732
09/05/2016;DE0001030559;-0.746
10/05/2016;DE0001030559;-0.74
11/05/2016;DE0001030559;-0.743
12/05/2016;DE0001030559;-0.723
13/05/2016;DE0001030559;-0.748
16/05/2016;DE0001030559;-0.737
17/05/2016;DE0001030559;-0.745
18/05/2016;DE0001030559;-0.688
19/05/2016;DE0001030559;-0.688
20/05/2016;DE0001030559;-0.688
23/05/2016;DE0001030559;-0.67
24/05/2016;DE0001030559;-0.671
25/05/2016;DE0001030559;-0.698
26/05/2016;DE0001030559;-0.692
27/05/2016;DE0001030559;-0.694
30/05/2016;DE0001030559;-0.665
31/05/2016;DE0001030559;-0.687
01/06/2016;DE0001030559;-0.675
02/06/2016;DE0001030559;-0.671
03/06/2016;DE0001030559;-0.708
06/06/2016;DE0001030559;-0.695
07/06/2016;DE0001030559;-0.73
08/06/2016;DE0001030559;-0.739
09/06/2016;DE0001030559;-0.758
10/06/2016;DE0001030559;-0.751
13/06/2016;DE0001030559;-0.748
14/06/2016;DE0001030559;-0.772
15/06/2016;DE0001030559;-0.793
16/06/2016;DE0001030559;-0.79
17/06/2016;DE0001030559;-0.767
20/06/2016;DE0001030559;-0.742
21/06/2016;DE0001030559;-0.733
22/06/2016;DE0001030559;-0.736
23/06/2016;DE0001030559;-0.702
24/06/2016;DE0001030559;-0.809
27/06/2016;DE0001030559;-0.868
28/06/2016;DE0001030559;-0.87
29/06/2016;DE0001030559;-0.916
30/06/2016;DE0001030559;-0.914
01/07/2016;DE0001030559;-0.892
04/07/2016;DE0001030559;-0.886
05/07/2016;DE0001030559;-0.883
06/07/2016;DE0001030559;-0.85
07/07/2016;DE0001030559;-0.837
08/07/2016;DE0001030559;-0.841
11/07/2016;DE0001030559;-0.833
12/07/2016;DE0001030559;-0.774
13/07/2016;DE0001030559;-0.851
14/07/2016;DE0001030559;-0.831
15/07/2016;DE0001030559;-0.8
18/07/2016;DE0001030559;-0.796
19/07/2016;DE0001030559;-0.812
20/07/2016;DE0001030559;-0.786
21/07/2016;DE0001030559;-0.8
22/07/2016;DE0001030559;-0.816
25/07/2016;DE0001030559;-0.837
26/07/2016;DE0001030559;-0.849
27/07/2016;DE0001030559;-0.928
28/07/2016;DE0001030559;-0.959
29/07/2016;DE0001030559;-0.968
01/08/2016;DE0001030559;-0.944
02/08/2016;DE0001030559;-0.861
03/08/2016;DE0001030559;-0.861
04/08/2016;DE0001030559;-0.903
05/08/2016;DE0001030559;-0.88
08/08/2016;DE0001030559;-0.908
09/08/2016;DE0001030559;-0.93
10/08/2016;DE0001030559;-0.977
11/08/2016;DE0001030559;-0.968
12/08/2016;DE0001030559;-0.993
15/08/2016;DE0001030559;-0.976
16/08/2016;DE0001030559;-0.932
17/08/2016;DE0001030559;-0.959
18/08/2016;DE0001030559;-0.968
19/08/2016;DE0001030559;-0.907
22/08/2016;DE0001030559;-0.947
23/08/2016;DE0001030559;-0.945
24/08/2016;DE0001030559;-0.934
25/08/2016;DE0001030559;-0.905
26/08/2016;DE0001030559;-0.917
29/08/2016;DE0001030559;-0.933
30/08/2016;DE0001030559;-0.927
31/08/2016;DE0001030559;-0.883
01/09/2016;DE0001030559;-0.888
02/09/2016;DE0001030559;-0.858
05/09/2016;DE0001030559;-0.865
06/09/2016;DE0001030559;-0.92
07/09/2016;DE0001030559;-0.966
08/09/2016;DE0001030559;-0.923
09/09/2016;DE0001030559;-0.855
12/09/2016;DE0001030559;-0.837
13/09/2016;DE0001030559;-0.804
14/09/2016;DE0001030559;-0.842
15/09/2016;DE0001030559;-0.802
16/09/2016;DE0001030559;-0.824
19/09/2016;DE0001030559;-0.822
20/09/2016;DE0001030559;-0.873
21/09/2016;DE0001030559;-0.865
22/09/2016;DE0001030559;-0.986
23/09/2016;DE0001030559;-0.96
26/09/2016;DE0001030559;-0.979
27/09/2016;DE0001030559;-0.977
28/09/2016;DE0001030559;-0.995
29/09/2016;DE0001030559;-1.01
30/09/2016;DE0001030559;-1.025
03/10/2016;DE0001030559;-1.016
04/10/2016;DE0001030559;-0.977
05/10/2016;DE0001030559;-0.933
06/10/2016;DE0001030559;-0.956
07/10/2016;DE0001030559;-0.915
10/10/2016;DE0001030559;-0.88
11/10/2016;DE0001030559;-0.916
12/10/2016;DE0001030559;-0.852
13/10/2016;DE0001030559;-0.866
14/10/2016;DE0001030559;-0.861
17/10/2016;DE0001030559;-0.882
18/10/2016;DE0001030559;-0.929
19/10/2016;DE0001030559;-0.951
20/10/2016;DE0001030559;-0.983
21/10/2016;DE0001030559;-0.965
24/10/2016;DE0001030559;-0.945
25/10/2016;DE0001030559;-0.931
26/10/2016;DE0001030559;-0.863
27/10/2016;DE0001030559;-0.784
28/10/2016;DE0001030559;-0.796
31/10/2016;DE0001030559;-0.796
01/11/2016;DE0001030559;-0.765
02/11/2016;DE0001030559;-0.769
03/11/2016;DE0001030559;-0.734
04/11/2016;DE0001030559;-0.77
07/11/2016;DE0001030559;-0.764
08/11/2016;DE0001030559;-0.733
09/11/2016;DE0001030559;-0.723
10/11/2016;DE0001030559;-0.684
11/11/2016;DE0001030559;-0.656
14/11/2016;DE0001030559;-0.676
15/11/2016;DE0001030559;-0.669
16/11/2016;DE0001030559;-0.648
17/11/2016;DE0001030559;-0.662
18/11/2016;DE0001030559;-0.692
21/11/2016;DE0001030559;-0.73
22/11/2016;DE0001030559;-0.765
23/11/2016;DE0001030559;-0.73
24/11/2016;DE0001030559;-0.72
25/11/2016;DE0001030559;-0.692
28/11/2016;DE0001030559;-0.722
29/11/2016;DE0001030559;-0.705
30/11/2016;DE0001030559;-0.679
01/12/2016;DE0001030559;-0.612
02/12/2016;DE0001030559;-0.717
05/12/2016;DE0001030559;-0.706
06/12/2016;DE0001030559;-0.671
07/12/2016;DE0001030559;-0.657
08/12/2016;DE0001030559;-0.611
09/12/2016;DE0001030559;-0.619
12/12/2016;DE0001030559;-0.603
13/12/2016;DE0001030559;-0.657
14/12/2016;DE0001030559;-0.707
15/12/2016;DE0001030559;-0.647
16/12/2016;DE0001030559;-0.694
19/12/2016;DE0001030559;-0.772
20/12/2016;DE0001030559;-0.774
21/12/2016;DE0001030559;-0.789
22/12/2016;DE0001030559;-0.783
23/12/2016;DE0001030559;-0.811
26/12/2016;DE0001030559;#N/A N/A
27/12/2016;DE0001030559;-0.834
28/12/2016;DE0001030559;-0.858
29/12/2016;DE0001030559;-0.883
30/12/2016;DE0001030559;-0.856
02/01/2017;DE0001030559;-0.901
03/01/2017;DE0001030559;-0.843
04/01/2017;DE0001030559;-0.832
05/01/2017;DE0001030559;-0.859
06/01/2017;DE0001030559;-0.808
09/01/2017;DE0001030559;-0.809
10/01/2017;DE0001030559;-0.812
11/01/2017;DE0001030559;-0.853
12/01/2017;DE0001030559;-0.843
13/01/2017;DE0001030559;-0.799
16/01/2017;DE0001030559;-0.804
17/01/2017;DE0001030559;-0.803
18/01/2017;DE0001030559;-0.777
19/01/2017;DE0001030559;-0.753
20/01/2017;DE0001030559;-0.749
23/01/2017;DE0001030559;-0.83
24/01/2017;DE0001030559;-0.784
25/01/2017;DE0001030559;-0.718
26/01/2017;DE0001030559;-0.72
27/01/2017;DE0001030559;-0.752
30/01/2017;DE0001030559;-0.766
31/01/2017;DE0001030559;-0.785
01/02/2017;DE0001030559;-0.742
02/02/2017;DE0001030559;-0.772
03/02/2017;DE0001030559;-0.782
06/02/2017;DE0001030559;-0.803
07/02/2017;DE0001030559;-0.813
08/02/2017;DE0001030559;-0.863
09/02/2017;DE0001030559;-0.851
10/02/2017;DE0001030559;-0.842
13/02/2017;DE0001030559;-0.83
14/02/2017;DE0001030559;-0.792
15/02/2017;DE0001030559;-0.792
16/02/2017;DE0001030559;-0.833
17/02/2017;DE0001030559;-0.855
20/02/2017;DE0001030559;-0.842
21/02/2017;DE0001030559;-0.83
22/02/2017;DE0001030559;-0.823
23/02/2017;DE0001030559;-0.88
24/02/2017;DE0001030559;-0.907
27/02/2017;DE0001030559;-0.883
28/02/2017;DE0001030559;-0.866
01/03/2017;DE0001030559;-0.796
02/03/2017;DE0001030559;-0.768
03/03/2017;DE0001030559;-0.733
06/03/2017;DE0001030559;-0.721
07/03/2017;DE0001030559;-0.746
08/03/2017;DE0001030559;-0.736
09/03/2017;DE0001030559;-0.694
10/03/2017;DE0001030559;-0.665
13/03/2017;DE0001030559;-0.684
14/03/2017;DE0001030559;-0.705
15/03/2017;DE0001030559;-0.749
16/03/2017;DE0001030559;-0.726
17/03/2017;DE0001030559;-0.745
20/03/2017;DE0001030559;-0.725
21/03/2017;DE0001030559;-0.698
22/03/2017;DE0001030559;-0.688
23/03/2017;DE0001030559;-0.647
24/03/2017;DE0001030559;-0.704
27/03/2017;DE0001030559;-0.695
28/03/2017;DE0001030559;-0.708
29/03/2017;DE0001030559;-0.726
30/03/2017;DE0001030559;-0.737
31/03/2017;DE0001030559;-0.704
03/04/2017;DE0001030559;-0.755
04/04/2017;DE0001030559;-0.761
05/04/2017;DE0001030559;-0.773
06/04/2017;DE0001030559;-0.772
07/04/2017;DE0001030559;-0.82
10/04/2017;DE0001030559;-0.821
11/04/2017;DE0001030559;-0.82
12/04/2017;DE0001030559;-0.831
13/04/2017;DE0001030559;-0.827
14/04/2017;DE0001030559;-0.827
17/04/2017;DE0001030559;#N/A N/A
18/04/2017;DE0001030559;-0.857
19/04/2017;DE0001030559;-0.813
20/04/2017;DE0001030559;-0.759
21/04/2017;DE0001030559;-0.756
24/04/2017;DE0001030559;-0.689
25/04/2017;DE0001030559;-0.637
26/04/2017;DE0001030559;-0.662
27/04/2017;DE0001030559;-0.722
28/04/2017;DE0001030559;-0.728
01/05/2017;DE0001030559;#N/A N/A
02/05/2017;DE0001030559;-0.75
03/05/2017;DE0001030559;-0.752
04/05/2017;DE0001030559;-0.655
05/05/2017;DE0001030559;-0.623
08/05/2017;DE0001030559;-0.602
09/05/2017;DE0001030559;-0.585
10/05/2017;DE0001030559;-0.611
11/05/2017;DE0001030559;-0.589
12/05/2017;DE0001030559;-0.607
15/05/2017;DE0001030559;-0.562
16/05/2017;DE0001030559;-0.545
17/05/2017;DE0001030559;-0.587
18/05/2017;DE0001030559;-0.601
19/05/2017;DE0001030559;-0.583
22/05/2017;DE0001030559;-0.556
23/05/2017;DE0001030559;-0.568
24/05/2017;DE0001030559;-0.57
25/05/2017;DE0001030559;-0.584
26/05/2017;DE0001030559;-0.599
29/05/2017;DE0001030559;-0.619
30/05/2017;DE0001030559;-0.635
31/05/2017;DE0001030559;-0.606
01/06/2017;DE0001030559;-0.595
02/06/2017;DE0001030559;-0.655
05/06/2017;DE0001030559;-0.638
06/06/2017;DE0001030559;-0.663
07/06/2017;DE0001030559;-0.631
08/06/2017;DE0001030559;-0.64
09/06/2017;DE0001030559;-0.61
12/06/2017;DE0001030559;-0.621
13/06/2017;DE0001030559;-0.622
14/06/2017;DE0001030559;-0.631
15/06/2017;DE0001030559;-0.554
16/06/2017;DE0001030559;-0.561
19/06/2017;DE0001030559;-0.559
20/06/2017;DE0001030559;-0.559
21/06/2017;DE0001030559;-0.55
22/06/2017;DE0001030559;-0.551
23/06/2017;DE0001030559;-0.558
26/06/2017;DE0001030559;-0.585
27/06/2017;DE0001030559;-0.472
28/06/2017;DE0001030559;-0.477
29/06/2017;DE0001030559;-0.437
30/06/2017;DE0001030559;-0.435
03/07/2017;DE0001030559;-0.418
04/07/2017;DE0001030559;-0.427
05/07/2017;DE0001030559;-0.426
06/07/2017;DE0001030559;-0.359
07/07/2017;DE0001030559;-0.358
10/07/2017;DE0001030559;-0.4
11/07/2017;DE0001030559;-0.394
12/07/2017;DE0001030559;-0.429
13/07/2017;DE0001030559;-0.406
14/07/2017;DE0001030559;-0.407
17/07/2017;DE0001030559;-0.413
18/07/2017;DE0001030559;-0.437
19/07/2017;DE0001030559;-0.455
20/07/2017;DE0001030559;-0.463
21/07/2017;DE0001030559;-0.471
24/07/2017;DE0001030559;-0.465
25/07/2017;DE0001030559;-0.442
26/07/2017;DE0001030559;-0.456
27/07/2017;DE0001030559;-0.484
28/07/2017;DE0001030559;-0.501
31/07/2017;DE0001030559;-0.512
01/08/2017;DE0001030559;-0.57
02/08/2017;DE0001030559;-0.572
03/08/2017;DE0001030559;-0.6
04/08/2017;DE0001030559;-0.582
07/08/2017;DE0001030559;-0.6
08/08/2017;DE0001030559;-0.584
09/08/2017;DE0001030559;-0.616
10/08/2017;DE0001030559;-0.632
11/08/2017;DE0001030559;-0.652
14/08/2017;DE0001030559;-0.619
15/08/2017;DE0001030559;-0.592
16/08/2017;DE0001030559;-0.572
17/08/2017;DE0001030559;-0.609
18/08/2017;DE0001030559;-0.622
21/08/2017;DE0001030559;-0.642
22/08/2017;DE0001030559;-0.641
23/08/2017;DE0001030559;-0.666
24/08/2017;DE0001030559;-0.671
25/08/2017;DE0001030559;-0.668
28/08/2017;DE0001030559;-0.654
29/08/2017;DE0001030559;-0.703
30/08/2017;DE0001030559;-0.7
31/08/2017;DE0001030559;-0.704
01/09/2017;DE0001030559;-0.673
04/09/2017;DE0001030559;-0.686
05/09/2017;DE0001030559;-0.722
06/09/2017;DE0001030559;-0.715
07/09/2017;DE0001030559;-0.733
08/09/2017;DE0001030559;-0.724
11/09/2017;DE0001030559;-0.697
12/09/2017;DE0001030559;-0.647
13/09/2017;DE0001030559;-0.652
14/09/2017;DE0001030559;-0.628
15/09/2017;DE0001030559;-0.621
18/09/2017;DE0001030559;-0.59
19/09/2017;DE0001030559;-0.595
20/09/2017;DE0001030559;-0.605
21/09/2017;DE0001030559;-0.599
22/09/2017;DE0001030559;-0.605
25/09/2017;DE0001030559;-0.655
26/09/2017;DE0001030559;-0.658
27/09/2017;DE0001030559;-0.621
28/09/2017;DE0001030559;-0.618
29/09/2017;DE0001030559;-0.633
02/10/2017;DE0001030559;-0.639
03/10/2017;DE0001030559;-0.628
04/10/2017;DE0001030559;-0.634
05/10/2017;DE0001030559;-0.643
06/10/2017;DE0001030559;-0.639
09/10/2017;DE0001030559;-0.654
10/10/2017;DE0001030559;-0.664
11/10/2017;DE0001030559;-0.644
12/10/2017;DE0001030559;-0.65
13/10/2017;DE0001030559;-0.683
16/10/2017;DE0001030559;-0.719
17/10/2017;DE0001030559;-0.725
18/10/2017;DE0001030559;-0.691
19/10/2017;DE0001030559;-0.681
20/10/2017;DE0001030559;-0.627
23/10/2017;DE0001030559;-0.654
24/10/2017;DE0001030559;-0.616
25/10/2017;DE0001030559;-0.612
26/10/2017;DE0001030559;-0.661
27/10/2017;DE0001030559;-0.688
30/10/2017;DE0001030559;-0.704
31/10/2017;DE0001030559;-0.712
01/11/2017;DE0001030559;-0.699
02/11/2017;DE0001030559;-0.693
03/11/2017;DE0001030559;-0.703
06/11/2017;DE0001030559;-0.729
07/11/2017;DE0001030559;-0.762
08/11/2017;DE0001030559;-0.777
09/11/2017;DE0001030559;-0.74
10/11/2017;DE0001030559;-0.706
13/11/2017;DE0001030559;-0.699
14/11/2017;DE0001030559;-0.711
15/11/2017;DE0001030559;-0.729
16/11/2017;DE0001030559;-0.722
17/11/2017;DE0001030559;-0.732
20/11/2017;DE0001030559;-0.734
21/11/2017;DE0001030559;-0.743
22/11/2017;DE0001030559;-0.738
23/11/2017;DE0001030559;-0.75
24/11/2017;DE0001030559;-0.746
27/11/2017;DE0001030559;-0.766
28/11/2017;DE0001030559;-0.775
29/11/2017;DE0001030559;-0.745
30/11/2017;DE0001030559;-0.764
01/12/2017;DE0001030559;-0.822
04/12/2017;DE0001030559;-0.798
05/12/2017;DE0001030559;-0.825
06/12/2017;DE0001030559;-0.852
07/12/2017;DE0001030559;-0.841
08/12/2017;DE0001030559;-0.834
11/12/2017;DE0001030559;-0.856
12/12/2017;DE0001030559;-0.845
13/12/2017;DE0001030559;-0.84
14/12/2017;DE0001030559;-0.853
15/12/2017;DE0001030559;-0.874
18/12/2017;DE0001030559;-0.879
19/12/2017;DE0001030559;-0.79
20/12/2017;DE0001030559;-0.761
21/12/2017;DE0001030559;-0.749
22/12/2017;DE0001030559;-0.747
25/12/2017;DE0001030559;#N/A N/A
26/12/2017;DE0001030559;#N/A N/A
27/12/2017;DE0001030559;-0.783
28/12/2017;DE0001030559;-0.744
29/12/2017;DE0001030559;-0.754
01/01/2018;DE0001030559;#N/A N/A
02/01/2018;DE0001030559;-0.739
03/01/2018;DE0001030559;-0.762
04/01/2018;DE0001030559;-0.751
05/01/2018;DE0001030559;-0.73
08/01/2018;DE0001030559;-0.738
09/01/2018;DE0001030559;-0.699
10/01/2018;DE0001030559;-0.701
11/01/2018;DE0001030559;-0.679
12/01/2018;DE0001030559;-0.68
15/01/2018;DE0001030559;-0.68
16/01/2018;DE0001030559;-0.712
17/01/2018;DE0001030559;-0.701
18/01/2018;DE0001030559;-0.685
19/01/2018;DE0001030559;-0.666
22/01/2018;DE0001030559;-0.676
23/01/2018;DE0001030559;-0.679
24/01/2018;DE0001030559;-0.664
25/01/2018;DE0001030559;-0.643
26/01/2018;DE0001030559;-0.606
29/01/2018;DE0001030559;-0.542
30/01/2018;DE0001030559;-0.544
31/01/2018;DE0001030559;-0.548
01/02/2018;DE0001030559;-0.536
02/02/2018;DE0001030559;-0.498
05/02/2018;DE0001030559;-0.542
06/02/2018;DE0001030559;-0.579
07/02/2018;DE0001030559;-0.552
08/02/2018;DE0001030559;-0.534
09/02/2018;DE0001030559;-0.534
12/02/2018;DE0001030559;-0.516
13/02/2018;DE0001030559;-0.51
14/02/2018;DE0001030559;-0.511
15/02/2018;DE0001030559;-0.509
16/02/2018;DE0001030559;-0.549
19/02/2018;DE0001030559;-0.513
20/02/2018;DE0001030559;-0.506
21/02/2018;DE0001030559;-0.508
22/02/2018;DE0001030559;-0.533
23/02/2018;DE0001030559;-0.591
26/02/2018;DE0001030559;-0.59
27/02/2018;DE0001030559;-0.56
28/02/2018;DE0001030559;-0.577
01/03/2018;DE0001030559;-0.583
02/03/2018;DE0001030559;-0.563
05/03/2018;DE0001030559;-0.562
06/03/2018;DE0001030559;-0.53
07/03/2018;DE0001030559;-0.56
08/03/2018;DE0001030559;-0.588
09/03/2018;DE0001030559;-0.573
12/03/2018;DE0001030559;-0.594
13/03/2018;DE0001030559;-0.597
14/03/2018;DE0001030559;-0.618
15/03/2018;DE0001030559;-0.627
16/03/2018;DE0001030559;-0.636
19/03/2018;DE0001030559;-0.637
20/03/2018;DE0001030559;-0.637
21/03/2018;DE0001030559;-0.649
22/03/2018;DE0001030559;-0.71
23/03/2018;DE0001030559;-0.719
26/03/2018;DE0001030559;-0.743
27/03/2018;DE0001030559;-0.769
28/03/2018;DE0001030559;-0.77
29/03/2018;DE0001030559;-0.777
30/03/2018;DE0001030559;#N/A N/A
02/04/2018;DE0001030559;#N/A N/A
03/04/2018;DE0001030559;-0.783
04/04/2018;DE0001030559;-0.781
05/04/2018;DE0001030559;-0.753
06/04/2018;DE0001030559;-0.776
09/04/2018;DE0001030559;-0.761
10/04/2018;DE0001030559;-0.764
11/04/2018;DE0001030559;-0.787
12/04/2018;DE0001030559;-0.766
13/04/2018;DE0001030559;-0.772
16/04/2018;DE0001030559;-0.764
17/04/2018;DE0001030559;-0.788
18/04/2018;DE0001030559;-0.777
19/04/2018;DE0001030559;-0.721
20/04/2018;DE0001030559;-0.724
23/04/2018;DE0001030559;-0.689
24/04/2018;DE0001030559;-0.693
25/04/2018;DE0001030559;-0.702
26/04/2018;DE0001030559;-0.74
27/04/2018;DE0001030559;-0.753
30/04/2018;DE0001030559;-0.76
01/05/2018;DE0001030559;#N/A N/A
02/05/2018;DE0001030559;-0.741
03/05/2018;DE0001030559;-0.764
04/05/2018;DE0001030559;-0.753
07/05/2018;DE0001030559;-0.776
08/05/2018;DE0001030559;-0.742
09/05/2018;DE0001030559;-0.757
10/05/2018;DE0001030559;-0.758
11/05/2018;DE0001030559;-0.752
14/05/2018;DE0001030559;-0.711
15/05/2018;DE0001030559;-0.689
16/05/2018;DE0001030559;-0.713
17/05/2018;DE0001030559;-0.682
18/05/2018;DE0001030559;-0.727
21/05/2018;DE0001030559;-0.77
22/05/2018;DE0001030559;-0.736
23/05/2018;DE0001030559;-0.776
24/05/2018;DE0001030559;-0.813
25/05/2018;DE0001030559;-0.848
28/05/2018;DE0001030559;-0.894
29/05/2018;DE0001030559;-0.953
30/05/2018;DE0001030559;-0.852
31/05/2018;DE0001030559;-0.923
01/06/2018;DE0001030559;-0.893
04/06/2018;DE0001030559;-0.877
05/06/2018;DE0001030559;-0.917
06/06/2018;DE0001030559;-0.832
07/06/2018;DE0001030559;-0.823
08/06/2018;DE0001030559;-0.859
11/06/2018;DE0001030559;-0.829
12/06/2018;DE0001030559;-0.831
13/06/2018;DE0001030559;-0.833
14/06/2018;DE0001030559;-0.879
15/06/2018;DE0001030559;-0.888
18/06/2018;DE0001030559;-0.884
19/06/2018;DE0001030559;-0.909
20/06/2018;DE0001030559;-0.91
21/06/2018;DE0001030559;-0.939
22/06/2018;DE0001030559;-0.947
25/06/2018;DE0001030559;-0.956
26/06/2018;DE0001030559;-0.934
27/06/2018;DE0001030559;-0.97
28/06/2018;DE0001030559;-0.973
29/06/2018;DE0001030559;-1.013
02/07/2018;DE0001030559;-1.011
03/07/2018;DE0001030559;-1.023
04/07/2018;DE0001030559;-1.007
05/07/2018;DE0001030559;-1.009
06/07/2018;DE0001030559;-1.008
09/07/2018;DE0001030559;-0.999
10/07/2018;DE0001030559;-0.987
11/07/2018;DE0001030559;-0.987
12/07/2018;DE0001030559;-0.981
13/07/2018;DE0001030559;-0.982
16/07/2018;DE0001030559;-0.946
17/07/2018;DE0001030559;-0.947
18/07/2018;DE0001030559;-0.938
19/07/2018;DE0001030559;-0.948
20/07/2018;DE0001030559;-0.914
23/07/2018;DE0001030559;-0.895
24/07/2018;DE0001030559;-0.908
25/07/2018;DE0001030559;-0.918
26/07/2018;DE0001030559;-0.907
27/07/2018;DE0001030559;-0.916
30/07/2018;DE0001030559;-0.891
31/07/2018;DE0001030559;-0.896
01/08/2018;DE0001030559;-0.854
02/08/2018;DE0001030559;-0.865
03/08/2018;DE0001030559;-0.911
06/08/2018;DE0001030559;-0.928
07/08/2018;DE0001030559;-0.912
08/08/2018;DE0001030559;-0.92
09/08/2018;DE0001030559;-0.936
10/08/2018;DE0001030559;-0.99
13/08/2018;DE0001030559;-0.985
14/08/2018;DE0001030559;-0.977
15/08/2018;DE0001030559;-0.989
16/08/2018;DE0001030559;-0.975
17/08/2018;DE0001030559;-0.994
20/08/2018;DE0001030559;-0.999
21/08/2018;DE0001030559;-0.974
22/08/2018;DE0001030559;-0.971
23/08/2018;DE0001030559;-0.973
24/08/2018;DE0001030559;-0.974
27/08/2018;DE0001030559;-0.942
28/08/2018;DE0001030559;-0.938
29/08/2018;DE0001030559;-0.92
30/08/2018;DE0001030559;-0.975
31/08/2018;DE0001030559;-0.98
03/09/2018;DE0001030559;-0.972
04/09/2018;DE0001030559;-0.945
05/09/2018;DE0001030559;-0.914
06/09/2018;DE0001030559;-0.934
07/09/2018;DE0001030559;-0.892
10/09/2018;DE0001030559;-0.879
11/09/2018;DE0001030559;-0.865
12/09/2018;DE0001030559;-0.893
13/09/2018;DE0001030559;-0.884
14/09/2018;DE0001030559;-0.859
17/09/2018;DE0001030559;-0.852
18/09/2018;DE0001030559;-0.827
19/09/2018;DE0001030559;-0.816
20/09/2018;DE0001030559;-0.838
21/09/2018;DE0001030559;-0.857
24/09/2018;DE0001030559;-0.833
25/09/2018;DE0001030559;-0.813
26/09/2018;DE0001030559;-0.832
27/09/2018;DE0001030559;-0.845
28/09/2018;DE0001030559;-0.889
01/10/2018;DE0001030559;-0.888
02/10/2018;DE0001030559;-0.931
03/10/2018;DE0001030559;-0.878
04/10/2018;DE0001030559;-0.829
05/10/2018;DE0001030559;-0.787
08/10/2018;DE0001030559;-0.825
09/10/2018;DE0001030559;-0.821
10/10/2018;DE0001030559;-0.818
11/10/2018;DE0001030559;-0.844
12/10/2018;DE0001030559;-0.859
15/10/2018;DE0001030559;-0.853
16/10/2018;DE0001030559;-0.869
17/10/2018;DE0001030559;-0.895
18/10/2018;DE0001030559;-0.935
19/10/2018;DE0001030559;-0.883
22/10/2018;DE0001030559;-0.891
23/10/2018;DE0001030559;-0.913
24/10/2018;DE0001030559;-0.904
25/10/2018;DE0001030559;-0.905
26/10/2018;DE0001030559;-0.937
29/10/2018;DE0001030559;-0.917
30/10/2018;DE0001030559;-0.929
31/10/2018;DE0001030559;-0.921
01/11/2018;DE0001030559;-0.897
02/11/2018;DE0001030559;-0.874
05/11/2018;DE0001030559;-0.885
06/11/2018;DE0001030559;-0.883
07/11/2018;DE0001030559;-0.884
08/11/2018;DE0001030559;-0.877
09/11/2018;DE0001030559;-0.914
12/11/2018;DE0001030559;-0.918
13/11/2018;DE0001030559;-0.894
14/11/2018;DE0001030559;-0.893
15/11/2018;DE0001030559;-0.928
16/11/2018;DE0001030559;-0.924
19/11/2018;DE0001030559;-0.914
20/11/2018;DE0001030559;-0.914
21/11/2018;DE0001030559;-0.863
22/11/2018;DE0001030559;-0.853
23/11/2018;DE0001030559;-0.802
26/11/2018;DE0001030559;-0.836
27/11/2018;DE0001030559;-0.84
28/11/2018;DE0001030559;-0.82
29/11/2018;DE0001030559;-0.862
30/11/2018;DE0001030559;-0.868
03/12/2018;DE0001030559;-0.891
04/12/2018;DE0001030559;-0.93
05/12/2018;DE0001030559;-0.906
06/12/2018;DE0001030559;-0.932
07/12/2018;DE0001030559;-0.933
10/12/2018;DE0001030559;-0.926
11/12/2018;DE0001030559;-0.958
12/12/2018;DE0001030559;-0.926
13/12/2018;DE0001030559;-0.911
14/12/2018;DE0001030559;-0.932
17/12/2018;DE0001030559;-0.919
18/12/2018;DE0001030559;-0.91
19/12/2018;DE0001030559;-0.901
20/12/2018;DE0001030559;-0.885
21/12/2018;DE0001030559;-0.832
24/12/2018;DE0001030559;#N/A N/A
25/12/2018;DE0001030559;#N/A N/A
26/12/2018;DE0001030559;#N/A N/A
27/12/2018;DE0001030559;-0.843
28/12/2018;DE0001030559;-0.82
31/12/2018;DE0001030559;#N/A N/A
01/01/2019;DE0001030559;#N/A N/A
02/01/2019;DE0001030559;-0.861
03/01/2019;DE0001030559;-0.867
04/01/2019;DE0001030559;-0.824
07/01/2019;DE0001030559;-0.825
08/01/2019;DE0001030559;-0.839
09/01/2019;DE0001030559;-0.862
10/01/2019;DE0001030559;-0.886
11/01/2019;DE0001030559;-0.884
14/01/2019;DE0001030559;-0.88
15/01/2019;DE0001030559;-0.887
16/01/2019;DE0001030559;-0.864
17/01/2019;DE0001030559;-0.836
18/01/2019;DE0001030559;-0.831
21/01/2019;DE0001030559;-0.838
22/01/2019;DE0001030559;-0.844
23/01/2019;DE0001030559;-0.86
24/01/2019;DE0001030559;-0.907
25/01/2019;DE0001030559;-0.906
28/01/2019;DE0001030559;-0.878
29/01/2019;DE0001030559;-0.874
30/01/2019;DE0001030559;-0.88
31/01/2019;DE0001030559;-0.929
01/02/2019;DE0001030559;-0.924
04/02/2019;DE0001030559;-0.916
05/02/2019;DE0001030559;-0.921
06/02/2019;DE0001030559;-0.922
07/02/2019;DE0001030559;-0.942
08/02/2019;DE0001030559;-0.934
11/02/2019;DE0001030559;-0.908
12/02/2019;DE0001030559;-0.908
13/02/2019;DE0001030559;-0.915
14/02/2019;DE0001030559;-0.933
15/02/2019;DE0001030559;-0.948
18/02/2019;DE0001030559;-0.949
19/02/2019;DE0001030559;-0.95
20/02/2019;DE0001030559;-0.954
21/02/2019;DE0001030559;-0.922
22/02/2019;DE0001030559;-0.93
25/02/2019;DE0001030559;-0.926
26/02/2019;DE0001030559;-0.902
27/02/2019;DE0001030559;-0.86
28/02/2019;DE0001030559;-0.864
01/03/2019;DE0001030559;-0.884
04/03/2019;DE0001030559;-0.93
05/03/2019;DE0001030559;-0.932
06/03/2019;DE0001030559;-0.965
07/03/2019;DE0001030559;-1.02
08/03/2019;DE0001030559;-0.98
11/03/2019;DE0001030559;-0.996
12/03/2019;DE0001030559;-1.028
13/03/2019;DE0001030559;-1.041
14/03/2019;DE0001030559;-1.04
15/03/2019;DE0001030559;-1.027
18/03/2019;DE0001030559;-1.03
19/03/2019;DE0001030559;-1.035
20/03/2019;DE0001030559;-1.063
21/03/2019;DE0001030559;-1.128
22/03/2019;DE0001030559;-1.118
25/03/2019;DE0001030559;-1.138
26/03/2019;DE0001030559;-1.124
27/03/2019;DE0001030559;-1.138
28/03/2019;DE0001030559;-1.14
29/03/2019;DE0001030559;-1.158
01/04/2019;DE0001030559;-1.142
02/04/2019;DE0001030559;-1.171
03/04/2019;DE0001030559;-1.113
04/04/2019;DE0001030559;-1.117
05/04/2019;DE0001030559;-1.109
08/04/2019;DE0001030559;-1.114
09/04/2019;DE0001030559;-1.121
10/04/2019;DE0001030559;-1.126
11/04/2019;DE0001030559;-1.107
12/04/2019;DE0001030559;-1.064
15/04/2019;DE0001030559;-1.067
16/04/2019;DE0001030559;-1.063
17/04/2019;DE0001030559;-1.062
18/04/2019;DE0001030559;-1.118
19/04/2019;DE0001030559;#N/A N/A
22/04/2019;DE0001030559;#N/A N/A
23/04/2019;DE0001030559;-1.117
24/04/2019;DE0001030559;-1.147
25/04/2019;DE0001030559;-1.133
26/04/2019;DE0001030559;-1.11
29/04/2019;DE0001030559;-1.098
30/04/2019;DE0001030559;-1.121
01/05/2019;DE0001030559;#N/A N/A
02/05/2019;DE0001030559;-1.093
03/05/2019;DE0001030559;-1.095
06/05/2019;DE0001030559;-1.101
07/05/2019;DE0001030559;-1.118
08/05/2019;DE0001030559;-1.127
09/05/2019;DE0001030559;-1.104
10/05/2019;DE0001030559;-1.109
13/05/2019;DE0001030559;-1.116
14/05/2019;DE0001030559;-1.1
15/05/2019;DE0001030559;-1.116
16/05/2019;DE0001030559;-1.096
17/05/2019;DE0001030559;-1.092
20/05/2019;DE0001030559;-1.083
21/05/2019;DE0001030559;-1.07
22/05/2019;DE0001030559;-1.095
23/05/2019;DE0001030559;-1.09
24/05/2019;DE0001030559;-1.094
27/05/2019;DE0001030559;-1.121
28/05/2019;DE0001030559;-1.14
29/05/2019;DE0001030559;-1.146
30/05/2019;DE0001030559;-1.149
31/05/2019;DE0001030559;-1.157
03/06/2019;DE0001030559;-1.152
04/06/2019;DE0001030559;-1.155
05/06/2019;DE0001030559;-1.168
06/06/2019;DE0001030559;-1.136
07/06/2019;DE0001030559;-1.15
10/06/2019;DE0001030559;-1.131
11/06/2019;DE0001030559;-1.128
12/06/2019;DE0001030559;-1.103
13/06/2019;DE0001030559;-1.084
14/06/2019;DE0001030559;-1.058
17/06/2019;DE0001030559;-1.048
18/06/2019;DE0001030559;-1.189
19/06/2019;DE0001030559;-1.189
20/06/2019;DE0001030559;-1.261
21/06/2019;DE0001030559;-1.229
24/06/2019;DE0001030559;-1.219
25/06/2019;DE0001030559;-1.203
26/06/2019;DE0001030559;-1.172
27/06/2019;DE0001030559;-1.176
28/06/2019;DE0001030559;-1.18
01/07/2019;DE0001030559;-1.2
02/07/2019;DE0001030559;-1.188
03/07/2019;DE0001030559;-1.211
04/07/2019;DE0001030559;-1.226
05/07/2019;DE0001030559;-1.243
08/07/2019;DE0001030559;-1.229
09/07/2019;DE0001030559;-1.213
10/07/2019;DE0001030559;-1.207
11/07/2019;DE0001030559;-1.177
12/07/2019;DE0001030559;-1.183
15/07/2019;DE0001030559;-1.209
16/07/2019;DE0001030559;-1.197
17/07/2019;DE0001030559;-1.227
18/07/2019;DE0001030559;-1.272
19/07/2019;DE0001030559;-1.325
22/07/2019;DE0001030559;-1.341
23/07/2019;DE0001030559;-1.332
24/07/2019;DE0001030559;-1.364
25/07/2019;DE0001030559;-1.356
26/07/2019;DE0001030559;-1.407
29/07/2019;DE0001030559;-1.398
30/07/2019;DE0001030559;-1.383
31/07/2019;DE0001030559;-1.418
01/08/2019;DE0001030559;-1.4
02/08/2019;DE0001030559;-1.394
05/08/2019;DE0001030559;-1.398
06/08/2019;DE0001030559;-1.448
07/08/2019;DE0001030559;-1.469
08/08/2019;DE0001030559;-1.473
09/08/2019;DE0001030559;-1.513
12/08/2019;DE0001030559;-1.545
13/08/2019;DE0001030559;-1.554
14/08/2019;DE0001030559;-1.556
15/08/2019;DE0001030559;-1.638
16/08/2019;DE0001030559;-1.626
19/08/2019;DE0001030559;-1.589
20/08/2019;DE0001030559;-1.607
21/08/2019;DE0001030559;-1.589
22/08/2019;DE0001030559;-1.568
23/08/2019;DE0001030559;-1.586
26/08/2019;DE0001030559;-1.601
27/08/2019;DE0001030559;-1.59
28/08/2019;DE0001030559;-1.574
29/08/2019;DE0001030559;-1.556
30/08/2019;DE0001030559;-1.543
02/09/2019;DE0001030559;-1.529
03/09/2019;DE0001030559;-1.523
04/09/2019;DE0001030559;-1.53
05/09/2019;DE0001030559;-1.512
06/09/2019;DE0001030559;-1.538
09/09/2019;DE0001030559;-1.509
10/09/2019;DE0001030559;-1.456
11/09/2019;DE0001030559;-1.469
12/09/2019;DE0001030559;-1.499
13/09/2019;DE0001030559;-1.422
16/09/2019;DE0001030559;-1.461
17/09/2019;DE0001030559;-1.451
18/09/2019;DE0001030559;-1.469
19/09/2019;DE0001030559;-1.468
20/09/2019;DE0001030559;-1.465
23/09/2019;DE0001030559;-1.496
24/09/2019;DE0001030559;-1.519
25/09/2019;DE0001030559;-1.472
26/09/2019;DE0001030559;-1.481
27/09/2019;DE0001030559;-1.467
30/09/2019;DE0001030559;-1.436
01/10/2019;DE0001030559;-1.418
02/10/2019;DE0001030559;-1.389
03/10/2019;DE0001030559;-1.396
04/10/2019;DE0001030559;-1.412
07/10/2019;DE0001030559;-1.392
08/10/2019;DE0001030559;-1.418
09/10/2019;DE0001030559;-1.398
10/10/2019;DE0001030559;-1.334
11/10/2019;DE0001030559;-1.329
14/10/2019;DE0001030559;-1.337
15/10/2019;DE0001030559;-1.333
16/10/2019;DE0001030559;-1.319
17/10/2019;DE0001030559;-1.341
18/10/2019;DE0001030559;-1.317
21/10/2019;DE0001030559;-1.276
22/10/2019;DE0001030559;-1.284
23/10/2019;DE0001030559;-1.288
24/10/2019;DE0001030559;-1.306
25/10/2019;DE0001030559;-1.265
28/10/2019;DE0001030559;-1.251
29/10/2019;DE0001030559;-1.273
30/10/2019;DE0001030559;-1.272
31/10/2019;DE0001030559;-1.307
01/11/2019;DE0001030559;-1.278
04/11/2019;DE0001030559;-1.277
05/11/2019;DE0001030559;-1.259
06/11/2019;DE0001030559;-1.293
07/11/2019;DE0001030559;-1.214
08/11/2019;DE0001030559;-1.227
11/11/2019;DE0001030559;-1.212
12/11/2019;DE0001030559;-1.22
13/11/2019;DE0001030559;-1.234
14/11/2019;DE0001030559;-1.272
15/11/2019;DE0001030559;-1.258
18/11/2019;DE0001030559;-1.262
19/11/2019;DE0001030559;-1.252
20/11/2019;DE0001030559;-1.26
21/11/2019;DE0001030559;-1.243
22/11/2019;DE0001030559;-1.259
25/11/2019;DE0001030559;-1.233
26/11/2019;DE0001030559;-1.245
27/11/2019;DE0001030559;-1.254
28/11/2019;DE0001030559;-1.255
29/11/2019;DE0001030559;-1.278
02/12/2019;DE0001030559;-1.208
03/12/2019;DE0001030559;-1.273
04/12/2019;DE0001030559;-1.249
05/12/2019;DE0001030559;-1.216
06/12/2019;DE0001030559;-1.225
09/12/2019;DE0001030559;-1.253
10/12/2019;DE0001030559;-1.248
11/12/2019;DE0001030559;-1.282
12/12/2019;DE0001030559;-1.245
13/12/2019;DE0001030559;-1.277
16/12/2019;DE0001030559;-1.254
17/12/2019;DE0001030559;-1.28
18/12/2019;DE0001030559;-1.249
19/12/2019;DE0001030559;-1.242
20/12/2019;DE0001030559;-1.25
23/12/2019;DE0001030559;-1.242
24/12/2019;DE0001030559;#N/A N/A
25/12/2019;DE0001030559;#N/A N/A
26/12/2019;DE0001030559;#N/A N/A
27/12/2019;DE0001030559;-1.256
30/12/2019;DE0001030559;-1.197
31/12/2019;DE0001030559;#N/A N/A
01/01/2020;DE0001030559;#N/A N/A
02/01/2020;DE0001030559;-1.232
03/01/2020;DE0001030559;-1.291
06/01/2020;DE0001030559;-1.298
07/01/2020;DE0001030559;-1.279
08/01/2020;DE0001030559;-1.24
09/01/2020;DE0001030559;-1.225
10/01/2020;DE0001030559;-1.252
13/01/2020;DE0001030559;-1.224
14/01/2020;DE0001030559;-1.251
15/01/2020;DE0001030559;-1.276
16/01/2020;DE0001030559;-1.285
17/01/2020;DE0001030559;-1.288
20/01/2020;DE0001030559;-1.292
21/01/2020;DE0001030559;-1.304
22/01/2020;DE0001030559;-1.315
23/01/2020;DE0001030559;-1.344
24/01/2020;DE0001030559;-1.36
27/01/2020;DE0001030559;-1.377
28/01/2020;DE0001030559;-1.342
29/01/2020;DE0001030559;-1.378
30/01/2020;DE0001030559;-1.395
31/01/2020;DE0001030559;-1.422
03/02/2020;DE0001030559;-1.427
04/02/2020;DE0001030559;-1.395
05/02/2020;DE0001030559;-1.376
06/02/2020;DE0001030559;-1.374
07/02/2020;DE0001030559;-1.369
10/02/2020;DE0001030559;-1.372
11/02/2020;DE0001030559;-1.338
12/02/2020;DE0001030559;-1.327
13/02/2020;DE0001030559;-1.351
14/02/2020;DE0001030559;-1.364
17/02/2020;DE0001030559;-1.358
18/02/2020;DE0001030559;-1.354
19/02/2020;DE0001030559;-1.355
20/02/2020;DE0001030559;-1.374
21/02/2020;DE0001030559;-1.345
24/02/2020;DE0001030559;-1.372
25/02/2020;DE0001030559;-1.386
26/02/2020;DE0001030559;-1.377
27/02/2020;DE0001030559;-1.39
28/02/2020;DE0001030559;-1.418
02/03/2020;DE0001030559;-1.419
03/03/2020;DE0001030559;-1.462
04/03/2020;DE0001030559;-1.466
05/03/2020;DE0001030559;-1.461
06/03/2020;DE0001030559;-1.408
09/03/2020;DE0001030559;-1.443
10/03/2020;DE0001030559;-1.39
11/03/2020;DE0001030559;-1.31
12/03/2020;DE0001030559;-1.257
13/03/2020;DE0001030559;-1.113
16/03/2020;DE0001030559;-0.912
17/03/2020;DE0001030559;-0.87
18/03/2020;DE0001030559;-0.581
19/03/2020;DE0001030559;-0.517
20/03/2020;DE0001030559;-0.603
23/03/2020;DE0001030559;-0.61
24/03/2020;DE0001030559;-0.556
25/03/2020;DE0001030559;-0.566
26/03/2020;DE0001030559;-0.755
27/03/2020;DE0001030559;-0.935
30/03/2020;DE0001030559;-0.987
31/03/2020;DE0001030559;-0.949
01/04/2020;DE0001030559;-0.907
02/04/2020;DE0001030559;-0.908
03/04/2020;DE0001030559;-0.962
06/04/2020;DE0001030559;-0.932
07/04/2020;DE0001030559;-0.862
08/04/2020;DE0001030559;-0.855
09/04/2020;DE0001030559;-0.92
10/04/2020;DE0001030559;#N/A N/A
13/04/2020;DE0001030559;#N/A N/A
14/04/2020;DE0001030559;-0.942
15/04/2020;DE0001030559;-1.009
16/04/2020;DE0001030559;-1.002
17/04/2020;DE0001030559;-0.996
20/04/2020;DE0001030559;-0.963
21/04/2020;DE0001030559;-0.959
22/04/2020;DE0001030559;-0.882
23/04/2020;DE0001030559;-0.93
24/04/2020;DE0001030559;-0.965
27/04/2020;DE0001030559;-0.937
28/04/2020;DE0001030559;-0.94
29/04/2020;DE0001030559;-0.973
30/04/2020;DE0001030559;-1.109
01/05/2020;DE0001030559;#N/A N/A
04/05/2020;DE0001030559;-1.056
05/05/2020;DE0001030559;-1.061
06/05/2020;DE0001030559;-0.991
07/05/2020;DE0001030559;-1.013
08/05/2020;DE0001030559;-0.986
11/05/2020;DE0001030559;-0.965
12/05/2020;DE0001030559;-0.951
13/05/2020;DE0001030559;-0.961
14/05/2020;DE0001030559;-0.96
15/05/2020;DE0001030559;-0.946
18/05/2020;DE0001030559;-0.913
19/05/2020;DE0001030559;-0.94
20/05/2020;DE0001030559;-0.964
21/05/2020;DE0001030559;-0.994
22/05/2020;DE0001030559;-0.977
25/05/2020;DE0001030559;-0.98
26/05/2020;DE0001030559;-0.943
27/05/2020;DE0001030559;-0.929
28/05/2020;DE0001030559;-0.946
29/05/2020;DE0001030559;-1.001
01/06/2020;DE0001030559;-0.969
02/06/2020;DE0001030559;-1.002
03/06/2020;DE0001030559;-0.951
04/06/2020;DE0001030559;-0.948
05/06/2020;DE0001030559;-0.928
08/06/2020;DE0001030559;-0.97
09/06/2020;DE0001030559;-0.959
10/06/2020;DE0001030559;-0.979
11/06/2020;DE0001030559;-1
12/06/2020;DE0001030559;-1.014
15/06/2020;DE0001030559;-1.016
16/06/2020;DE0001030559;-1.012
17/06/2020;DE0001030559;-1.01
18/06/2020;DE0001030559;-1.034
19/06/2020;DE0001030559;-1.049
22/06/2020;DE0001030559;-1.075
23/06/2020;DE0001030559;-1.089
24/06/2020;DE0001030559;-1.127
25/06/2020;DE0001030559;-1.121
26/06/2020;DE0001030559;-1.147
29/06/2020;DE0001030559;-1.149
30/06/2020;DE0001030559;-1.146
01/07/2020;DE0001030559;-1.102
02/07/2020;DE0001030559;-1.136
03/07/2020;DE0001030559;-1.141
06/07/2020;DE0001030559;-1.145
07/07/2020;DE0001030559;-1.136
08/07/2020;DE0001030559;-1.164
09/07/2020;DE0001030559;-1.156
10/07/2020;DE0001030559;-1.134
13/07/2020;DE0001030559;-1.108
14/07/2020;DE0001030559;-1.169
15/07/2020;DE0001030559;-1.186
16/07/2020;DE0001030559;-1.194
17/07/2020;DE0001030559;-1.186
20/07/2020;DE0001030559;-1.222
21/07/2020;DE0001030559;-1.254
22/07/2020;DE0001030559;-1.273
23/07/2020;DE0001030559;-1.265
24/07/2020;DE0001030559;-1.237
27/07/2020;DE0001030559;-1.288
28/07/2020;DE0001030559;-1.302
29/07/2020;DE0001030559;-1.321
30/07/2020;DE0001030559;-1.351
31/07/2020;DE0001030559;-1.339
03/08/2020;DE0001030559;-1.348
04/08/2020;DE0001030559;-1.388
05/08/2020;DE0001030559;-1.35
06/08/2020;DE0001030559;-1.37
07/08/2020;DE0001030559;-1.368
10/08/2020;DE0001030559;-1.406
11/08/2020;DE0001030559;-1.374
12/08/2020;DE0001030559;-1.326
13/08/2020;DE0001030559;-1.287
14/08/2020;DE0001030559;-1.285
17/08/2020;DE0001030559;-1.294
18/08/2020;DE0001030559;-1.286
19/08/2020;DE0001030559;-1.295
20/08/2020;DE0001030559;-1.307
21/08/2020;DE0001030559;-1.303
24/08/2020;DE0001030559;-1.317
25/08/2020;DE0001030559;-1.27
26/08/2020;DE0001030559;-1.273
27/08/2020;DE0001030559;-1.259
28/08/2020;DE0001030559;-1.251
31/08/2020;DE0001030559;-1.237
01/09/2020;DE0001030559;-1.234
02/09/2020;DE0001030559;-1.262
03/09/2020;DE0001030559;-1.281
04/09/2020;DE0001030559;-1.264
07/09/2020;DE0001030559;-1.238
08/09/2020;DE0001030559;-1.239
09/09/2020;DE0001030559;-1.234
10/09/2020;DE0001030559;-1.227
11/09/2020;DE0001030559;-1.259
14/09/2020;DE0001030559;-1.263
15/09/2020;DE0001030559;-1.279
16/09/2020;DE0001030559;-1.303
17/09/2020;DE0001030559;-1.302
18/09/2020;DE0001030559;-1.287
21/09/2020;DE0001030559;-1.286
22/09/2020;DE0001030559;-1.267
23/09/2020;DE0001030559;-1.249
24/09/2020;DE0001030559;-1.223
25/09/2020;DE0001030559;-1.238
28/09/2020;DE0001030559;-1.227
29/09/2020;DE0001030559;-1.24
30/09/2020;DE0001030559;-1.219
01/10/2020;DE0001030559;-1.222
02/10/2020;DE0001030559;-1.236
05/10/2020;DE0001030559;-1.23
06/10/2020;DE0001030559;-1.253
07/10/2020;DE0001030559;-1.254
08/10/2020;DE0001030559;-1.289
09/10/2020;DE0001030559;-1.303
12/10/2020;DE0001030559;-1.311
13/10/2020;DE0001030559;-1.31
14/10/2020;DE0001030559;-1.336
15/10/2020;DE0001030559;-1.351
16/10/2020;DE0001030559;-1.375
19/10/2020;DE0001030559;-1.4
20/10/2020;DE0001030559;-1.398
21/10/2020;DE0001030559;-1.385
22/10/2020;DE0001030559;-1.369
23/10/2020;DE0001030559;-1.391
26/10/2020;DE0001030559;-1.385
27/10/2020;DE0001030559;-1.406
28/10/2020;DE0001030559;-1.373
29/10/2020;DE0001030559;-1.384
30/10/2020;DE0001030559;-1.361
02/11/2020;DE0001030559;-1.346
03/11/2020;DE0001030559;-1.337
04/11/2020;DE0001030559;-1.343
05/11/2020;DE0001030559;-1.35
06/11/2020;DE0001030559;-1.36
09/11/2020;DE0001030559;-1.331
10/11/2020;DE0001030559;-1.339
11/11/2020;DE0001030559;-1.367
12/11/2020;DE0001030559;-1.384
13/11/2020;DE0001030559;-1.394
16/11/2020;DE0001030559;-1.414
17/11/2020;DE0001030559;-1.411
18/11/2020;DE0001030559;-1.394
19/11/2020;DE0001030559;-1.404
20/11/2020;DE0001030559;-1.412
23/11/2020;DE0001030559;-1.436
24/11/2020;DE0001030559;-1.449
25/11/2020;DE0001030559;-1.452
26/11/2020;DE0001030559;-1.471
27/11/2020;DE0001030559;-1.479
30/11/2020;DE0001030559;-1.481
01/12/2020;DE0001030559;-1.46
02/12/2020;DE0001030559;-1.453
03/12/2020;DE0001030559;-1.514
04/12/2020;DE0001030559;-1.516
07/12/2020;DE0001030559;-1.538
08/12/2020;DE0001030559;-1.55
09/12/2020;DE0001030559;-1.539
10/12/2020;DE0001030559;-1.53
11/12/2020;DE0001030559;-1.537
14/12/2020;DE0001030559;-1.548
15/12/2020;DE0001030559;-1.542
16/12/2020;DE0001030559;-1.51
17/12/2020;DE0001030559;-1.518
18/12/2020;DE0001030559;-1.503
21/12/2020;DE0001030559;-1.466
22/12/2020;DE0001030559;-1.5
23/12/2020;DE0001030559;-1.479
24/12/2020;DE0001030559;#N/A N/A
25/12/2020;DE0001030559;#N/A N/A
28/12/2020;DE0001030559;-1.508
29/12/2020;DE0001030559;-1.518
30/12/2020;DE0001030559;-1.511
31/12/2020;DE0001030559;#N/A N/A
01/01/2021;DE0001030559;#N/A N/A
04/01/2021;DE0001030559;-1.546
05/01/2021;DE0001030559;-1.53
06/01/2021;DE0001030559;-1.54
07/01/2021;DE0001030559;-1.551
08/01/2021;DE0001030559;-1.561
11/01/2021;DE0001030559;-1.542
12/01/2021;DE0001030559;-1.54
13/01/2021;DE0001030559;-1.599
14/01/2021;DE0001030559;-1.615
15/01/2021;DE0001030559;-1.621
18/01/2021;DE0001030559;-1.612
19/01/2021;DE0001030559;-1.612
20/01/2021;DE0001030559;-1.628
21/01/2021;DE0001030559;-1.596
22/01/2021;DE0001030559;-1.591
25/01/2021;DE0001030559;-1.62
26/01/2021;DE0001030559;-1.604
27/01/2021;DE0001030559;-1.616
28/01/2021;DE0001030559;-1.631
29/01/2021;DE0001030559;-1.628
01/02/2021;DE0001030559;-1.655
02/02/2021;DE0001030559;-1.66
03/02/2021;DE0001030559;-1.659
04/02/2021;DE0001030559;-1.618
05/02/2021;DE0001030559;-1.598
08/02/2021;DE0001030559;-1.589
09/02/2021;DE0001030559;-1.577
10/02/2021;DE0001030559;-1.565
11/02/2021;DE0001030559;-1.576
12/02/2021;DE0001030559;-1.568
15/02/2021;DE0001030559;-1.517
16/02/2021;DE0001030559;-1.509
17/02/2021;DE0001030559;-1.511
18/02/2021;DE0001030559;-1.459
19/02/2021;DE0001030559;-1.369
22/02/2021;DE0001030559;-1.425
23/02/2021;DE0001030559;-1.424
24/02/2021;DE0001030559;-1.424
25/02/2021;DE0001030559;-1.381
26/02/2021;DE0001030559;-1.401
01/03/2021;DE0001030559;-1.498
02/03/2021;DE0001030559;-1.53
03/03/2021;DE0001030559;-1.489
04/03/2021;DE0001030559;-1.52
05/03/2021;DE0001030559;-1.567
08/03/2021;DE0001030559;-1.526
09/03/2021;DE0001030559;-1.551
10/03/2021;DE0001030559;-1.567
11/03/2021;DE0001030559;-1.604
12/03/2021;DE0001030559;-1.611
15/03/2021;DE0001030559;-1.645
16/03/2021;DE0001030559;-1.675
17/03/2021;DE0001030559;-1.617
18/03/2021;DE0001030559;-1.587
19/03/2021;DE0001030559;-1.596
22/03/2021;DE0001030559;-1.633
23/03/2021;DE0001030559;-1.658
24/03/2021;DE0001030559;-1.714
25/03/2021;DE0001030559;-1.729
26/03/2021;DE0001030559;-1.72
29/03/2021;DE0001030559;-1.694
30/03/2021;DE0001030559;-1.677
31/03/2021;DE0001030559;-1.696
01/04/2021;DE0001030559;-1.749
02/04/2021;DE0001030559;#N/A N/A
05/04/2021;DE0001030559;#N/A N/A
06/04/2021;DE0001030559;-1.748
07/04/2021;DE0001030559;-1.756
08/04/2021;DE0001030559;-1.769
09/04/2021;DE0001030559;-1.739
12/04/2021;DE0001030559;-1.731
13/04/2021;DE0001030559;-1.731
14/04/2021;DE0001030559;-1.684
15/04/2021;DE0001030559;-1.692
16/04/2021;DE0001030559;-1.647
19/04/2021;DE0001030559;-1.641
20/04/2021;DE0001030559;-1.68
21/04/2021;DE0001030559;-1.675
22/04/2021;DE0001030559;-1.65
23/04/2021;DE0001030559;-1.656
26/04/2021;DE0001030559;-1.64
27/04/2021;DE0001030559;-1.649
28/04/2021;DE0001030559;-1.656
29/04/2021;DE0001030559;-1.645
30/04/2021;DE0001030559;-1.648
03/05/2021;DE0001030559;-1.634
04/05/2021;DE0001030559;-1.656
05/05/2021;DE0001030559;-1.669
06/05/2021;DE0001030559;-1.66
07/05/2021;DE0001030559;-1.684
10/05/2021;DE0001030559;-1.722
11/05/2021;DE0001030559;-1.692
12/05/2021;DE0001030559;-1.701
13/05/2021;DE0001030559;-1.686
14/05/2021;DE0001030559;-1.66
17/05/2021;DE0001030559;-1.667
18/05/2021;DE0001030559;-1.669
19/05/2021;DE0001030559;-1.637
20/05/2021;DE0001030559;-1.598
21/05/2021;DE0001030559;-1.613
24/05/2021;DE0001030559;-1.634
25/05/2021;DE0001030559;-1.662
26/05/2021;DE0001030559;-1.662
27/05/2021;DE0001030559;-1.617
28/05/2021;DE0001030559;-1.668
31/05/2021;DE0001030559;-1.673
01/06/2021;DE0001030559;-1.673
02/06/2021;DE0001030559;-1.666
03/06/2021;DE0001030559;-1.684
04/06/2021;DE0001030559;-1.714
07/06/2021;DE0001030559;-1.707
08/06/2021;DE0001030559;-1.699
09/06/2021;DE0001030559;-1.718
10/06/2021;DE0001030559;-1.733
11/06/2021;DE0001030559;-1.757
14/06/2021;DE0001030559;-1.735
15/06/2021;DE0001030559;-1.716
16/06/2021;DE0001030559;-1.72
17/06/2021;DE0001030559;-1.649
18/06/2021;DE0001030559;-1.607
21/06/2021;DE0001030559;-1.576
22/06/2021;DE0001030559;-1.605
23/06/2021;DE0001030559;-1.63
24/06/2021;DE0001030559;-1.632
25/06/2021;DE0001030559;-1.622
28/06/2021;DE0001030559;-1.637
29/06/2021;DE0001030559;-1.639
30/06/2021;DE0001030559;-1.671
01/07/2021;DE0001030559;-1.665
02/07/2021;DE0001030559;-1.706
05/07/2021;DE0001030559;-1.701
06/07/2021;DE0001030559;-1.768
07/07/2021;DE0001030559;-1.761
08/07/2021;DE0001030559;-1.734
09/07/2021;DE0001030559;-1.75
12/07/2021;DE0001030559;-1.731
13/07/2021;DE0001030559;-1.735
14/07/2021;DE0001030559;-1.761
15/07/2021;DE0001030559;-1.775
16/07/2021;DE0001030559;-1.799
19/07/2021;DE0001030559;-1.776
20/07/2021;DE0001030559;-1.798
21/07/2021;DE0001030559;-1.811
22/07/2021;DE0001030559;-1.834
23/07/2021;DE0001030559;-1.845
26/07/2021;DE0001030559;-1.86
27/07/2021;DE0001030559;-1.905
28/07/2021;DE0001030559;-1.926
29/07/2021;DE0001030559;-1.98
30/07/2021;DE0001030559;-2.004
02/08/2021;DE0001030559;-2.013
03/08/2021;DE0001030559;-2.003
04/08/2021;DE0001030559;-2.018
05/08/2021;DE0001030559;-2.005
06/08/2021;DE0001030559;-1.974
09/08/2021;DE0001030559;-1.974
10/08/2021;DE0001030559;-1.994
11/08/2021;DE0001030559;-2.02
12/08/2021;DE0001030559;-2.037
13/08/2021;DE0001030559;-2.048
16/08/2021;DE0001030559;-2.027
17/08/2021;DE0001030559;-2.034
18/08/2021;DE0001030559;-2.038
19/08/2021;DE0001030559;-2.021
20/08/2021;DE0001030559;-2.018
23/08/2021;DE0001030559;-2.022
24/08/2021;DE0001030559;-2.034
25/08/2021;DE0001030559;-2.001
26/08/2021;DE0001030559;-1.972
27/08/2021;DE0001030559;-1.994
30/08/2021;DE0001030559;-2.017
31/08/2021;DE0001030559;-1.969
01/09/2021;DE0001030559;-1.952
02/09/2021;DE0001030559;-1.987
03/09/2021;DE0001030559;-1.999
06/09/2021;DE0001030559;-2.054
07/09/2021;DE0001030559;-2.019
08/09/2021;DE0001030559;-2.032
09/09/2021;DE0001030559;-2.073
10/09/2021;DE0001030559;-2.077
13/09/2021;DE0001030559;-2.096
14/09/2021;DE0001030559;-2.056
15/09/2021;DE0001030559;-2.041
16/09/2021;DE0001030559;-2.039
17/09/2021;DE0001030559;-2.026
20/09/2021;DE0001030559;-2.03
21/09/2021;DE0001030559;-2.031
22/09/2021;DE0001030559;-2.039
23/09/2021;DE0001030559;-2.004
24/09/2021;DE0001030559;-1.963
27/09/2021;DE0001030559;-2.006
28/09/2021;DE0001030559;-2.019
29/09/2021;DE0001030559;-2.015
30/09/2021;DE0001030559;-2.01
01/10/2021;DE0001030559;-2.055
04/10/2021;DE0001030559;-2.064
05/10/2021;DE0001030559;-2.114
06/10/2021;DE0001030559;-2.062
07/10/2021;DE0001030559;-2.05
08/10/2021;DE0001030559;-2.022
11/10/2021;DE0001030559;-2.008
12/10/2021;DE0001030559;-1.992
13/10/2021;DE0001030559;-2.008
14/10/2021;DE0001030559;-2.076
15/10/2021;DE0001030559;-2.103
18/10/2021;DE0001030559;-2.113
19/10/2021;DE0001030559;-2.055
20/10/2021;DE0001030559;-2.065
21/10/2021;DE0001030559;-2.091
22/10/2021;DE0001030559;-2.129
25/10/2021;DE0001030559;-2.161
26/10/2021;DE0001030559;-2.194
27/10/2021;DE0001030559;-2.219
28/10/2021;DE0001030559;-2.107
29/10/2021;DE0001030559;-1.954
01/11/2021;DE0001030559;-1.975
02/11/2021;DE0001030559;-1.991
03/11/2021;DE0001030559;-1.947
04/11/2021;DE0001030559;-2.053
05/11/2021;DE0001030559;-2.151
08/11/2021;DE0001030559;-2.188
09/11/2021;DE0001030559;-2.216
10/11/2021;DE0001030559;-2.192
11/11/2021;DE0001030559;-2.195
12/11/2021;DE0001030559;-2.212
15/11/2021;DE0001030559;-2.203
16/11/2021;DE0001030559;-2.243
17/11/2021;DE0001030559;-2.259
18/11/2021;DE0001030559;-2.224
19/11/2021;DE0001030559;-2.218
22/11/2021;DE0001030559;-2.149
23/11/2021;DE0001030559;-2.055
24/11/2021;DE0001030559;-2.037
25/11/2021;DE0001030559;-2.099
26/11/2021;DE0001030559;-2.098
29/11/2021;DE0001030559;-2.141
30/11/2021;DE0001030559;-2.171
01/12/2021;DE0001030559;-2.174
02/12/2021;DE0001030559;-2.167
03/12/2021;DE0001030559;-2.203
06/12/2021;DE0001030559;-2.188
07/12/2021;DE0001030559;-2.22
08/12/2021;DE0001030559;-2.153
09/12/2021;DE0001030559;-2.19
10/12/2021;DE0001030559;-2.182
13/12/2021;DE0001030559;-2.227
14/12/2021;DE0001030559;-2.196
15/12/2021;DE0001030559;-2.175
16/12/2021;DE0001030559;-2.184
17/12/2021;DE0001030559;-2.201
20/12/2021;DE0001030559;-2.182
21/12/2021;DE0001030559;-2.167
22/12/2021;DE0001030559;-2.229
23/12/2021;DE0001030559;-2.181
24/12/2021;DE0001030559;#N/A N/A
27/12/2021;DE0001030559;-2.152
28/12/2021;DE0001030559;-2.145
29/12/2021;DE0001030559;-2.086
30/12/2021;DE0001030559;-2.101
31/12/2021;DE0001030559;#N/A N/A
03/01/2022;DE0001030559;-2.032
04/01/2022;DE0001030559;-2.074
05/01/2022;DE0001030559;-2.045
06/01/2022;DE0001030559;-1.965
07/01/2022;DE0001030559;-1.97
10/01/2022;DE0001030559;-1.964
11/01/2022;DE0001030559;-1.961
12/01/2022;DE0001030559;-1.995
13/01/2022;DE0001030559;-1.993
14/01/2022;DE0001030559;-1.959
17/01/2022;DE0001030559;-1.948
18/01/2022;DE0001030559;-1.941
19/01/2022;DE0001030559;-1.924
20/01/2022;DE0001030559;-1.918
21/01/2022;DE0001030559;-1.925
24/01/2022;DE0001030559;-1.959
25/01/2022;DE0001030559;-1.954
26/01/2022;DE0001030559;-1.951
27/01/2022;DE0001030559;-1.943
28/01/2022;DE0001030559;-1.95
31/01/2022;DE0001030559;-1.969
01/02/2022;DE0001030559;-1.948
02/02/2022;DE0001030559;-1.926
03/02/2022;DE0001030559;-1.786
04/02/2022;DE0001030559;-1.713
07/02/2022;DE0001030559;-1.688
08/02/2022;DE0001030559;-1.652
09/02/2022;DE0001030559;-1.705
10/02/2022;DE0001030559;-1.64
11/02/2022;DE0001030559;-1.655
14/02/2022;DE0001030559;-1.692
15/02/2022;DE0001030559;-1.668
16/02/2022;DE0001030559;-1.707
17/02/2022;DE0001030559;-1.751
18/02/2022;DE0001030559;-1.807
21/02/2022;DE0001030559;-1.805
22/02/2022;DE0001030559;-1.81
23/02/2022;DE0001030559;-1.876
24/02/2022;DE0001030559;-2.064
25/02/2022;DE0001030559;-1.947
28/02/2022;DE0001030559;-2.106
01/03/2022;DE0001030559;-2.426
02/03/2022;DE0001030559;-2.41
03/03/2022;DE0001030559;-2.427
04/03/2022;DE0001030559;-2.622
07/03/2022;DE0001030559;-2.735
08/03/2022;DE0001030559;-2.671
09/03/2022;DE0001030559;-2.4
10/03/2022;DE0001030559;-2.207
11/03/2022;DE0001030559;-2.333
14/03/2022;DE0001030559;-2.25
15/03/2022;DE0001030559;-2.207
16/03/2022;DE0001030559;-2.093
17/03/2022;DE0001030559;-2.126
18/03/2022;DE0001030559;-2.167
21/03/2022;DE0001030559;-2.111
22/03/2022;DE0001030559;-2.114
23/03/2022;DE0001030559;-2.232
24/03/2022;DE0001030559;-2.241
25/03/2022;DE0001030559;-2.152
28/03/2022;DE0001030559;-2.156
29/03/2022;DE0001030559;-2.133
30/03/2022;DE0001030559;-2.165
31/03/2022;DE0001030559;-2.193
01/04/2022;DE0001030559;-2.209
04/04/2022;DE0001030559;-2.309
05/04/2022;DE0001030559;-2.271
06/04/2022;DE0001030559;-2.276
07/04/2022;DE0001030559;-2.224
08/04/2022;DE0001030559;-2.225
11/04/2022;DE0001030559;-2.144
12/04/2022;DE0001030559;-2.221
13/04/2022;DE0001030559;-2.227
14/04/2022;DE0001030559;-2.191
15/04/2022;DE0001030559;#N/A N/A
18/04/2022;DE0001030559;#N/A N/A
19/04/2022;DE0001030559;-2.154
20/04/2022;DE0001030559;-2.205
21/04/2022;DE0001030559;-2.1
22/04/2022;DE0001030559;-2.056
25/04/2022;DE0001030559;-2.106
26/04/2022;DE0001030559;-2.079
27/04/2022;DE0001030559;-2.138
28/04/2022;DE0001030559;-2.138
29/04/2022;DE0001030559;-2.16
02/05/2022;DE0001030559;-2.144
03/05/2022;DE0001030559;-2.082
04/05/2022;DE0001030559;-2.065
05/05/2022;DE0001030559;-1.936
06/05/2022;DE0001030559;-1.739
09/05/2022;DE0001030559;-1.702
10/05/2022;DE0001030559;-1.647
11/05/2022;DE0001030559;-1.686
12/05/2022;DE0001030559;-1.722
13/05/2022;DE0001030559;-1.684
16/05/2022;DE0001030559;-1.746
17/05/2022;DE0001030559;-1.692
18/05/2022;DE0001030559;-1.68
19/05/2022;DE0001030559;-1.695
20/05/2022;DE0001030559;-1.672
23/05/2022;DE0001030559;-1.573
24/05/2022;DE0001030559;-1.576
25/05/2022;DE0001030559;-1.549
26/05/2022;DE0001030559;-1.499
27/05/2022;DE0001030559;-1.513
30/05/2022;DE0001030559;-1.497
31/05/2022;DE0001030559;-1.459
01/06/2022;DE0001030559;-1.432
02/06/2022;DE0001030559;-1.409
03/06/2022;DE0001030559;-1.404
06/06/2022;DE0001030559;-1.369
07/06/2022;DE0001030559;-1.42
08/06/2022;DE0001030559;-1.4
09/06/2022;DE0001030559;-1.312
10/06/2022;DE0001030559;-1.178
13/06/2022;DE0001030559;-0.968
14/06/2022;DE0001030559;-0.777
15/06/2022;DE0001030559;-0.849
16/06/2022;DE0001030559;-0.739
17/06/2022;DE0001030559;-0.698
20/06/2022;DE0001030559;-0.615
21/06/2022;DE0001030559;-0.667
22/06/2022;DE0001030559;-0.792
23/06/2022;DE0001030559;-0.966
24/06/2022;DE0001030559;-1.009
27/06/2022;DE0001030559;-0.946
28/06/2022;DE0001030559;-0.856
29/06/2022;DE0001030559;-0.916
30/06/2022;DE0001030559;-0.993
01/07/2022;DE0001030559;-1.115
04/07/2022;DE0001030559;-1.093
05/07/2022;DE0001030559;-1.268
06/07/2022;DE0001030559;-1.197
07/07/2022;DE0001030559;-1.119
08/07/2022;DE0001030559;-1.1
11/07/2022;DE0001030559;-1.203
12/07/2022;DE0001030559;-1.272
13/07/2022;DE0001030559;-1.269
14/07/2022;DE0001030559;-1.247
15/07/2022;DE0001030559;-1.286
18/07/2022;DE0001030559;-1.207
19/07/2022;DE0001030559;-1.124
20/07/2022;DE0001030559;-1.118
21/07/2022;DE0001030559;-1.085
22/07/2022;DE0001030559;-1.266
25/07/2022;DE0001030559;-1.306
26/07/2022;DE0001030559;-1.427
27/07/2022;DE0001030559;-1.438
28/07/2022;DE0001030559;-1.556
29/07/2022;DE0001030559;-1.624
01/08/2022;DE0001030559;-1.664
02/08/2022;DE0001030559;-1.63
03/08/2022;DE0001030559;-1.625
04/08/2022;DE0001030559;-1.672
05/08/2022;DE0001030559;-1.575
08/08/2022;DE0001030559;-1.665
09/08/2022;DE0001030559;-1.66
10/08/2022;DE0001030559;-1.654
11/08/2022;DE0001030559;-1.647
12/08/2022;DE0001030559;-1.604
15/08/2022;DE0001030559;-1.656
16/08/2022;DE0001030559;-1.659
17/08/2022;DE0001030559;-1.604
18/08/2022;DE0001030559;-1.636
19/08/2022;DE0001030559;-1.562
22/08/2022;DE0001030559;-1.554
23/08/2022;DE0001030559;-1.491
24/08/2022;DE0001030559;-1.374
25/08/2022;DE0001030559;-1.432
26/08/2022;DE0001030559;-1.362
29/08/2022;DE0001030559;-1.208
30/08/2022;DE0001030559;-1.153
31/08/2022;DE0001030559;-0.978
01/09/2022;DE0001030559;-0.95
02/09/2022;DE0001030559;-0.919
05/09/2022;DE0001030559;-0.933
06/09/2022;DE0001030559;-0.843
07/09/2022;DE0001030559;-0.873
08/09/2022;DE0001030559;-0.763
09/09/2022;DE0001030559;-0.763
12/09/2022;DE0001030559;-0.786
13/09/2022;DE0001030559;-0.724
14/09/2022;DE0001030559;-0.771
15/09/2022;DE0001030559;-0.769
16/09/2022;DE0001030559;-0.801
19/09/2022;DE0001030559;-0.735
20/09/2022;DE0001030559;-0.698
21/09/2022;DE0001030559;-0.707
22/09/2022;DE0001030559;-0.639
23/09/2022;DE0001030559;-0.528
26/09/2022;DE0001030559;-0.386
27/09/2022;DE0001030559;-0.198
28/09/2022;DE0001030559;-0.233
29/09/2022;DE0001030559;-0.112
30/09/2022;DE0001030559;-0.124
03/10/2022;DE0001030559;-0.25
04/10/2022;DE0001030559;-0.397
05/10/2022;DE0001030559;-0.323
06/10/2022;DE0001030559;-0.258
07/10/2022;DE0001030559;-0.158
10/10/2022;DE0001030559;-0.045
11/10/2022;DE0001030559;-0.122
12/10/2022;DE0001030559;-0.184
13/10/2022;DE0001030559;-0.178
14/10/2022;DE0001030559;-0.071
17/10/2022;DE0001030559;-0.141
18/10/2022;DE0001030559;-0.092
19/10/2022;DE0001030559;0.033
20/10/2022;DE0001030559;0.001
21/10/2022;DE0001030559;-0.034
24/10/2022;DE0001030559;-0.14
25/10/2022;DE0001030559;-0.28
26/10/2022;DE0001030559;-0.307
27/10/2022;DE0001030559;-0.523
28/10/2022;DE0001030559;-0.411
31/10/2022;DE0001030559;-0.373
01/11/2022;DE0001030559;-0.371
02/11/2022;DE0001030559;-0.38
03/11/2022;DE0001030559;-0.288
04/11/2022;DE0001030559;-0.266
07/11/2022;DE0001030559;-0.233
08/11/2022;DE0001030559;-0.291
09/11/2022;DE0001030559;-0.351
10/11/2022;DE0001030559;-0.474
11/11/2022;DE0001030559;-0.335
14/11/2022;DE0001030559;-0.303
15/11/2022;DE0001030559;-0.294
16/11/2022;DE0001030559;-0.396
17/11/2022;DE0001030559;-0.328
18/11/2022;DE0001030559;-0.33
21/11/2022;DE0001030559;-0.321
22/11/2022;DE0001030559;-0.354
23/11/2022;DE0001030559;-0.377
24/11/2022;DE0001030559;-0.422
25/11/2022;DE0001030559;-0.332
28/11/2022;DE0001030559;-0.318
29/11/2022;DE0001030559;-0.374
30/11/2022;DE0001030559;-0.445
01/12/2022;DE0001030559;-0.629
02/12/2022;DE0001030559;-0.57
05/12/2022;DE0001030559;-0.56
06/12/2022;DE0001030559;-0.546
07/12/2022;DE0001030559;-0.555
08/12/2022;DE0001030559;-0.513
09/12/2022;DE0001030559;-0.406
12/12/2022;DE0001030559;-0.38
13/12/2022;DE0001030559;-0.343
14/12/2022;DE0001030559;-0.318
15/12/2022;DE0001030559;-0.107
16/12/2022;DE0001030559;0.06
19/12/2022;DE0001030559;0.101
20/12/2022;DE0001030559;0.185
21/12/2022;DE0001030559;0.196
22/12/2022;DE0001030559;0.202
23/12/2022;DE0001030559;0.22
26/12/2022;DE0001030559;#N/A N/A
27/12/2022;DE0001030559;0.312
28/12/2022;DE0001030559;0.254
29/12/2022;DE0001030559;0.178
30/12/2022;DE0001030559;0.316
02/01/2023;DE0001030559;0.175
03/01/2023;DE0001030559;0.124
04/01/2023;DE0001030559;0.078
05/01/2023;DE0001030559;0.181
06/01/2023;DE0001030559;0.098
09/01/2023;DE0001030559;0.164
10/01/2023;DE0001030559;0.247
11/01/2023;DE0001030559;0.135
12/01/2023;DE0001030559;0.052
13/01/2023;DE0001030559;0.056
16/01/2023;DE0001030559;0.091
17/01/2023;DE0001030559;0.004
18/01/2023;DE0001030559;-0.043
19/01/2023;DE0001030559;0.043
20/01/2023;DE0001030559;0.116
23/01/2023;DE0001030559;0.082
24/01/2023;DE0001030559;0.023
25/01/2023;DE0001030559;0.041
26/01/2023;DE0001030559;0.065
27/01/2023;DE0001030559;0.075
30/01/2023;DE0001030559;0.127
31/01/2023;DE0001030559;0.114
01/02/2023;DE0001030559;0.104
02/02/2023;DE0001030559;-0.104
03/02/2023;DE0001030559;-0.027
06/02/2023;DE0001030559;0.059
07/02/2023;DE0001030559;0.081
08/02/2023;DE0001030559;0.058
09/02/2023;DE0001030559;0.015
10/02/2023;DE0001030559;0.066
13/02/2023;DE0001030559;0.073
14/02/2023;DE0001030559;0.107
15/02/2023;DE0001030559;0.109
16/02/2023;DE0001030559;0.071
17/02/2023;DE0001030559;0.073
20/02/2023;DE0001030559;0.085
21/02/2023;DE0001030559;0.127
22/02/2023;DE0001030559;0.107
23/02/2023;DE0001030559;0.025
24/02/2023;DE0001030559;0.048
27/02/2023;DE0001030559;0.078
28/02/2023;DE0001030559;0.088
01/03/2023;DE0001030559;0.091
02/03/2023;DE0001030559;0.035
03/03/2023;DE0001030559;-0.041
06/03/2023;DE0001030559;0.056
07/03/2023;DE0001030559;0.158
08/03/2023;DE0001030559;0.235
09/03/2023;DE0001030559;0.184
10/03/2023;DE0001030559;0.092
13/03/2023;DE0001030559;-0.112
14/03/2023;DE0001030559;-0.02
15/03/2023;DE0001030559;-0.194
16/03/2023;DE0001030559;-0.046
17/03/2023;DE0001030559;-0.139
20/03/2023;DE0001030559;-0.133
21/03/2023;DE0001030559;-0.037
22/03/2023;DE0001030559;-0.052
23/03/2023;DE0001030559;-0.199
24/03/2023;DE0001030559;-0.218
27/03/2023;DE0001030559;-0.132
28/03/2023;DE0001030559;-0.109
29/03/2023;DE0001030559;-0.092
30/03/2023;DE0001030559;-0.08
31/03/2023;DE0001030559;-0.146
03/04/2023;DE0001030559;-0.216
04/04/2023;DE0001030559;-0.24
05/04/2023;DE0001030559;-0.241
06/04/2023;DE0001030559;-0.223
07/04/2023;DE0001030559;#N/A N/A
10/04/2023;DE0001030559;#N/A N/A
11/04/2023;DE0001030559;-0.108
12/04/2023;DE0001030559;-0.065
13/04/2023;DE0001030559;-0.075
14/04/2023;DE0001030559;-0.019
17/04/2023;DE0001030559;-0.027
18/04/2023;DE0001030559;0.014
19/04/2023;DE0001030559;0.039
20/04/2023;DE0001030559;0.001
21/04/2023;DE0001030559;0.035
24/04/2023;DE0001030559;0.055
25/04/2023;DE0001030559;-0.042
26/04/2023;DE0001030559;-0.016
27/04/2023;DE0001030559;0.044
28/04/2023;DE0001030559;-0.087
01/05/2023;DE0001030559;#N/A N/A
02/05/2023;DE0001030559;-0.097
03/05/2023;DE0001030559;-0.03
04/05/2023;DE0001030559;-0.075
05/05/2023;DE0001030559;-0.03
08/05/2023;DE0001030559;-0.04
09/05/2023;DE0001030559;-0.031
10/05/2023;DE0001030559;-0.092
11/05/2023;DE0001030559;-0.092
12/05/2023;DE0001030559;-0.027
15/05/2023;DE0001030559;-0.002
16/05/2023;DE0001030559;0.046
17/05/2023;DE0001030559;0.056
18/05/2023;DE0001030559;0.095
19/05/2023;DE0001030559;0.073
22/05/2023;DE0001030559;0.105
23/05/2023;DE0001030559;0.079
24/05/2023;DE0001030559;0.033
25/05/2023;DE0001030559;0.099
26/05/2023;DE0001030559;0.111
29/05/2023;DE0001030559;0.025
30/05/2023;DE0001030559;0.004
31/05/2023;DE0001030559;-0.037
01/06/2023;DE0001030559;-0.002
02/06/2023;DE0001030559;0.052
05/06/2023;DE0001030559;0.065
06/06/2023;DE0001030559;0.069
07/06/2023;DE0001030559;0.141
08/06/2023;DE0001030559;0.109
09/06/2023;DE0001030559;0.128
12/06/2023;DE0001030559;0.179
13/06/2023;DE0001030559;0.223
14/06/2023;DE0001030559;0.216
15/06/2023;DE0001030559;0.238
16/06/2023;DE0001030559;0.19
19/06/2023;DE0001030559;0.22
20/06/2023;DE0001030559;0.13
21/06/2023;DE0001030559;0.153
22/06/2023;DE0001030559;0.226
23/06/2023;DE0001030559;0.092
26/06/2023;DE0001030559;0.037
27/06/2023;DE0001030559;0.091
28/06/2023;DE0001030559;0.11
29/06/2023;DE0001030559;0.184
30/06/2023;DE0001030559;0.202
03/07/2023;DE0001030559;0.21
04/07/2023;DE0001030559;0.211
05/07/2023;DE0001030559;0.231
06/07/2023;DE0001030559;0.37
07/07/2023;DE0001030559;0.379
10/07/2023;DE0001030559;0.378
11/07/2023;DE0001030559;0.397
12/07/2023;DE0001030559;0.313
13/07/2023;DE0001030559;0.259
14/07/2023;DE0001030559;0.343
17/07/2023;DE0001030559;0.308
18/07/2023;DE0001030559;0.216
19/07/2023;DE0001030559;0.265
20/07/2023;DE0001030559;0.293
21/07/2023;DE0001030559;0.254
24/07/2023;DE0001030559;0.201
25/07/2023;DE0001030559;0.177
26/07/2023;DE0001030559;0.221
27/07/2023;DE0001030559;0.161
28/07/2023;DE0001030559;0.137
31/07/2023;DE0001030559;0.079
01/08/2023;DE0001030559;0.125
02/08/2023;DE0001030559;0.095
03/08/2023;DE0001030559;0.155
04/08/2023;DE0001030559;0.089
07/08/2023;DE0001030559;0.081
08/08/2023;DE0001030559;0.028
09/08/2023;DE0001030559;0.082
10/08/2023;DE0001030559;0.117
11/08/2023;DE0001030559;0.186
14/08/2023;DE0001030559;0.187
15/08/2023;DE0001030559;0.225
16/08/2023;DE0001030559;0.227
17/08/2023;DE0001030559;0.275
18/08/2023;DE0001030559;0.203
21/08/2023;DE0001030559;0.254
22/08/2023;DE0001030559;0.188
23/08/2023;DE0001030559;0.116
24/08/2023;DE0001030559;0.15
25/08/2023;DE0001030559;0.212
28/08/2023;DE0001030559;0.193
29/08/2023;DE0001030559;0.146
30/08/2023;DE0001030559;0.171
31/08/2023;DE0001030559;0.13
01/09/2023;DE0001030559;0.184
04/09/2023;DE0001030559;0.189
05/09/2023;DE0001030559;0.196
06/09/2023;DE0001030559;0.234
07/09/2023;DE0001030559;0.183
08/09/2023;DE0001030559;0.162
11/09/2023;DE0001030559;0.172
12/09/2023;DE0001030559;0.173
13/09/2023;DE0001030559;0.177
14/09/2023;DE0001030559;0.146
15/09/2023;DE0001030559;0.203
18/09/2023;DE0001030559;0.212
19/09/2023;DE0001030559;0.251
20/09/2023;DE0001030559;0.248
21/09/2023;DE0001030559;0.268
22/09/2023;DE0001030559;0.278
25/09/2023;DE0001030559;0.321
26/09/2023;DE0001030559;0.375
27/09/2023;DE0001030559;0.392
28/09/2023;DE0001030559;0.473
29/09/2023;DE0001030559;0.422
02/10/2023;DE0001030559;0.532
03/10/2023;DE0001030559;0.552
04/10/2023;DE0001030559;0.539
05/10/2023;DE0001030559;0.53
06/10/2023;DE0001030559;0.528
09/10/2023;DE0001030559;0.346
10/10/2023;DE0001030559;0.384
11/10/2023;DE0001030559;0.399
12/10/2023;DE0001030559;0.449
13/10/2023;DE0001030559;0.353
16/10/2023;DE0001030559;0.379
17/10/2023;DE0001030559;0.414
18/10/2023;DE0001030559;0.406
19/10/2023;DE0001030559;0.443
20/10/2023;DE0001030559;0.384
23/10/2023;DE0001030559;0.41
24/10/2023;DE0001030559;0.403
25/10/2023;DE0001030559;0.469
26/10/2023;DE0001030559;0.421
27/10/2023;DE0001030559;0.414
30/10/2023;DE0001030559;0.432
31/10/2023;DE0001030559;0.422
01/11/2023;DE0001030559;0.415
02/11/2023;DE0001030559;0.411
03/11/2023;DE0001030559;0.379
06/11/2023;DE0001030559;0.45
07/11/2023;DE0001030559;0.426
08/11/2023;DE0001030559;0.439
09/11/2023;DE0001030559;0.425
10/11/2023;DE0001030559;0.476
13/11/2023;DE0001030559;0.468
14/11/2023;DE0001030559;0.392
15/11/2023;DE0001030559;0.452
16/11/2023;DE0001030559;0.451
17/11/2023;DE0001030559;0.447
20/11/2023;DE0001030559;0.435
21/11/2023;DE0001030559;0.392
22/11/2023;DE0001030559;0.417
23/11/2023;DE0001030559;0.342
24/11/2023;DE0001030559;0.43
27/11/2023;DE0001030559;0.356
28/11/2023;DE0001030559;0.33
29/11/2023;DE0001030559;0.324
30/11/2023;DE0001030559;0.288
01/12/2023;DE0001030559;0.231
04/12/2023;DE0001030559;0.288
05/12/2023;DE0001030559;0.193
06/12/2023;DE0001030559;0.182
07/12/2023;DE0001030559;0.171
08/12/2023;DE0001030559;0.247
11/12/2023;DE0001030559;0.251
12/12/2023;DE0001030559;0.239
13/12/2023;DE0001030559;0.217
14/12/2023;DE0001030559;0.109
15/12/2023;DE0001030559;0.073
18/12/2023;DE0001030559;0.111
19/12/2023;DE0001030559;0.058
20/12/2023;DE0001030559;-0.019
21/12/2023;DE0001030559;-0.014
22/12/2023;DE0001030559;-0.017
25/12/2023;DE0001030559;#N/A N/A
26/12/2023;DE0001030559;#N/A N/A
27/12/2023;DE0001030559;-0.072
28/12/2023;DE0001030559;-0.023
29/12/2023;DE0001030559;0.056
01/01/2024;DE0001030559;#N/A N/A
02/01/2024;DE0001030559;0.079
03/01/2024;DE0001030559;0.059
04/01/2024;DE0001030559;0.176
05/01/2024;DE0001030559;0.187
08/01/2024;DE0001030559;0.154
09/01/2024;DE0001030559;0.199
10/01/2024;DE0001030559;0.254
11/01/2024;DE0001030559;0.24
12/01/2024;DE0001030559;0.166
15/01/2024;DE0001030559;0.219
16/01/2024;DE0001030559;0.239
17/01/2024;DE0001030559;0.308
18/01/2024;DE0001030559;0.312
19/01/2024;DE0001030559;0.32
22/01/2024;DE0001030559;0.283
23/01/2024;DE0001030559;0.35
24/01/2024;DE0001030559;0.329
25/01/2024;DE0001030559;0.28
26/01/2024;DE0001030559;0.286
29/01/2024;DE0001030559;0.216
30/01/2024;DE0001030559;0.251
31/01/2024;DE0001030559;0.167
01/02/2024;DE0001030559;0.139
02/02/2024;DE0001030559;0.242
05/02/2024;DE0001030559;0.298
06/02/2024;DE0001030559;0.237
07/02/2024;DE0001030559;0.259
08/02/2024;DE0001030559;0.295
09/02/2024;DE0001030559;0.339
12/02/2024;DE0001030559;0.328
13/02/2024;DE0001030559;0.34
14/02/2024;DE0001030559;0.303
15/02/2024;DE0001030559;0.37
16/02/2024;DE0001030559;0.415
19/02/2024;DE0001030559;0.419
20/02/2024;DE0001030559;0.395
21/02/2024;DE0001030559;0.49
22/02/2024;DE0001030559;0.506
23/02/2024;DE0001030559;0.454
26/02/2024;DE0001030559;0.491
27/02/2024;DE0001030559;0.502
28/02/2024;DE0001030559;0.457
29/02/2024;DE0001030559;0.397
01/03/2024;DE0001030559;0.411
04/03/2024;DE0001030559;0.406
05/03/2024;DE0001030559;0.383
06/03/2024;DE0001030559;0.37
07/03/2024;DE0001030559;0.374
08/03/2024;DE0001030559;0.328
11/03/2024;DE0001030559;0.364
12/03/2024;DE0001030559;0.387
13/03/2024;DE0001030559;0.403
14/03/2024;DE0001030559;0.4
15/03/2024;DE0001030559;0.43
18/03/2024;DE0001030559;0.426
19/03/2024;DE0001030559;0.406
20/03/2024;DE0001030559;0.426
21/03/2024;DE0001030559;0.371
22/03/2024;DE0001030559;0.308
25/03/2024;DE0001030559;0.328
26/03/2024;DE0001030559;0.304
27/03/2024;DE0001030559;0.253
28/03/2024;DE0001030559;0.247
29/03/2024;DE0001030559;#N/A N/A
01/04/2024;DE0001030559;#N/A N/A
02/04/2024;DE0001030559;0.287
03/04/2024;DE0001030559;0.26
04/04/2024;DE0001030559;0.265
05/04/2024;DE0001030559;0.266
08/04/2024;DE0001030559;0.315
09/04/2024;DE0001030559;0.279
10/04/2024;DE0001030559;0.324
11/04/2024;DE0001030559;0.318
12/04/2024;DE0001030559;0.191
15/04/2024;DE0001030559;0.239
16/04/2024;DE0001030559;0.234
17/04/2024;DE0001030559;0.264
18/04/2024;DE0001030559;0.343
19/04/2024;DE0001030559;0.356
22/04/2024;DE0001030559;0.344
23/04/2024;DE0001030559;0.353
24/04/2024;DE0001030559;0.411
25/04/2024;DE0001030559;0.447
26/04/2024;DE0001030559;0.422
29/04/2024;DE0001030559;0.424
30/04/2024;DE0001030559;0.454
01/05/2024;DE0001030559;#N/A N/A
02/05/2024;DE0001030559;0.456
03/05/2024;DE0001030559;0.418
06/05/2024;DE0001030559;0.405
07/05/2024;DE0001030559;0.391
08/05/2024;DE0001030559;0.426
09/05/2024;DE0001030559;0.423
10/05/2024;DE0001030559;0.455
13/05/2024;DE0001030559;0.447
14/05/2024;DE0001030559;0.489
15/05/2024;DE0001030559;0.389
16/05/2024;DE0001030559;0.44
17/05/2024;DE0001030559;0.481
20/05/2024;DE0001030559;0.513
21/05/2024;DE0001030559;0.484
22/05/2024;DE0001030559;0.517
23/05/2024;DE0001030559;0.598
24/05/2024;DE0001030559;0.612
27/05/2024;DE0001030559;0.571
28/05/2024;DE0001030559;0.606
29/05/2024;DE0001030559;0.644
30/05/2024;DE0001030559;0.616
31/05/2024;DE0001030559;0.635
03/06/2024;DE0001030559;0.582
04/06/2024;DE0001030559;0.572
05/06/2024;DE0001030559;0.553
06/06/2024;DE0001030559;0.587
07/06/2024;DE0001030559;0.634
10/06/2024;DE0001030559;0.645
11/06/2024;DE0001030559;0.619
12/06/2024;DE0001030559;0.538
13/06/2024;DE0001030559;0.486
14/06/2024;DE0001030559;0.404
17/06/2024;DE0001030559;0.437
18/06/2024;DE0001030559;0.403
19/06/2024;DE0001030559;0.426
20/06/2024;DE0001030559;0.455
21/06/2024;DE0001030559;0.438
24/06/2024;DE0001030559;0.463
25/06/2024;DE0001030559;0.478
26/06/2024;DE0001030559;0.515
27/06/2024;DE0001030559;0.495
28/06/2024;DE0001030559;0.539
01/07/2024;DE0001030559;0.632
02/07/2024;DE0001030559;0.616
03/07/2024;DE0001030559;0.605
04/07/2024;DE0001030559;0.618
05/07/2024;DE0001030559;0.571
08/07/2024;DE0001030559;0.567
09/07/2024;DE0001030559;0.617
10/07/2024;DE0001030559;0.585
11/07/2024;DE0001030559;0.512
12/07/2024;DE0001030559;0.546
15/07/2024;DE0001030559;0.522
16/07/2024;DE0001030559;0.488
17/07/2024;DE0001030559;0.474
18/07/2024;DE0001030559;0.474
19/07/2024;DE0001030559;0.503
22/07/2024;DE0001030559;0.56
23/07/2024;DE0001030559;0.531
24/07/2024;DE0001030559;0.493
25/07/2024;DE0001030559;0.501
26/07/2024;DE0001030559;0.516
29/07/2024;DE0001030559;0.481
30/07/2024;DE0001030559;0.455
31/07/2024;DE0001030559;0.396
01/08/2024;DE0001030559;0.331
02/08/2024;DE0001030559;0.322
05/08/2024;DE0001030559;0.353
06/08/2024;DE0001030559;0.359
07/08/2024;DE0001030559;0.39
08/08/2024;DE0001030559;0.392
09/08/2024;DE0001030559;0.392
12/08/2024;DE0001030559;0.362
13/08/2024;DE0001030559;0.341
14/08/2024;DE0001030559;0.363
15/08/2024;DE0001030559;0.422
16/08/2024;DE0001030559;0.434
19/08/2024;DE0001030559;0.45
20/08/2024;DE0001030559;0.437
21/08/2024;DE0001030559;0.422
22/08/2024;DE0001030559;0.454
23/08/2024;DE0001030559;0.409
26/08/2024;DE0001030559;0.389
27/08/2024;DE0001030559;0.444
28/08/2024;DE0001030559;0.449
29/08/2024;DE0001030559;0.466
30/08/2024;DE0001030559;0.501
02/09/2024;DE0001030559;0.512
03/09/2024;DE0001030559;0.481
04/09/2024;DE0001030559;0.459
05/09/2024;DE0001030559;0.442
06/09/2024;DE0001030559;0.419
09/09/2024;DE0001030559;0.403
10/09/2024;DE0001030559;0.394
11/09/2024;DE0001030559;0.4
12/09/2024;DE0001030559;0.427
13/09/2024;DE0001030559;0.391
16/09/2024;DE0001030559;0.354
17/09/2024;DE0001030559;0.357
18/09/2024;DE0001030559;0.392
19/09/2024;DE0001030559;0.397
20/09/2024;DE0001030559;0.405
23/09/2024;DE0001030559;0.349
24/09/2024;DE0001030559;0.309
25/09/2024;DE0001030559;0.319
26/09/2024;DE0001030559;0.343
27/09/2024;DE0001030559;0.335
30/09/2024;DE0001030559;0.3
01/10/2024;DE0001030559;0.219
02/10/2024;DE0001030559;0.209
03/10/2024;DE0001030559;0.211
04/10/2024;DE0001030559;0.273
07/10/2024;DE0001030559;0.28
08/10/2024;DE0001030559;0.288
09/10/2024;DE0001030559;0.32
10/10/2024;DE0001030559;0.243
11/10/2024;DE0001030559;0.234
14/10/2024;DE0001030559;0.266
15/10/2024;DE0001030559;0.287
16/10/2024;DE0001030559;0.269
17/10/2024;DE0001030559;0.265
18/10/2024;DE0001030559;0.253
21/10/2024;DE0001030559;0.328
22/10/2024;DE0001030559;0.304
23/10/2024;DE0001030559;0.298
24/10/2024;DE0001030559;0.311
25/10/2024;DE0001030559;0.367
28/10/2024;DE0001030559;0.385
29/10/2024;DE0001030559;0.45
30/10/2024;DE0001030559;0.499
31/10/2024;DE0001030559;0.476
01/11/2024;DE0001030559;0.439
04/11/2024;DE0001030559;0.433
05/11/2024;DE0001030559;0.424
06/11/2024;DE0001030559;0.326
07/11/2024;DE0001030559;0.395
08/11/2024;DE0001030559;0.369
11/11/2024;DE0001030559;0.362
12/11/2024;DE0001030559;0.369
13/11/2024;DE0001030559;0.411
14/11/2024;DE0001030559;0.354
15/11/2024;DE0001030559;0.375
18/11/2024;DE0001030559;0.373
19/11/2024;DE0001030559;0.351
20/11/2024;DE0001030559;0.362
21/11/2024;DE0001030559;0.332
22/11/2024;DE0001030559;0.263
25/11/2024;DE0001030559;0.267
26/11/2024;DE0001030559;0.248
27/11/2024;DE0001030559;0.239
28/11/2024;DE0001030559;0.214
29/11/2024;DE0001030559;0.154
02/12/2024;DE0001030559;0.134
03/12/2024;DE0001030559;0.171
04/12/2024;DE0001030559;0.169
05/12/2024;DE0001030559;0.233
06/12/2024;DE0001030559;0.237
09/12/2024;DE0001030559;0.251
10/12/2024;DE0001030559;0.221
11/12/2024;DE0001030559;0.215
12/12/2024;DE0001030559;0.278
13/12/2024;DE0001030559;0.305
16/12/2024;DE0001030559;0.308
17/12/2024;DE0001030559;0.345
18/12/2024;DE0001030559;0.332
19/12/2024;DE0001030559;0.37
20/12/2024;DE0001030559;0.362
23/12/2024;DE0001030559;0.403
24/12/2024;DE0001030559;#N/A N/A
25/12/2024;DE0001030559;#N/A N/A
26/12/2024;DE0001030559;#N/A N/A
27/12/2024;DE0001030559;0.445
30/12/2024;DE0001030559;0.43
31/12/2024;DE0001030559;#N/A N/A
01/01/2025;DE0001030559;#N/A N/A
02/01/2025;DE0001030559;0.381
03/01/2025;DE0001030559;0.411
06/01/2025;DE0001030559;0.385
07/01/2025;DE0001030559;0.385
08/01/2025;DE0001030559;0.404
09/01/2025;DE0001030559;0.438
10/01/2025;DE0001030559;0.47
13/01/2025;DE0001030559;0.454
14/01/2025;DE0001030559;0.487
15/01/2025;DE0001030559;0.415
16/01/2025;DE0001030559;0.406
17/01/2025;DE0001030559;0.394
20/01/2025;DE0001030559;0.405
21/01/2025;DE0001030559;0.427
22/01/2025;DE0001030559;0.451
23/01/2025;DE0001030559;0.429
24/01/2025;DE0001030559;0.468
27/01/2025;DE0001030559;0.454
28/01/2025;DE0001030559;0.464
29/01/2025;DE0001030559;0.462
30/01/2025;DE0001030559;0.398
31/01/2025;DE0001030559;0.352
03/02/2025;DE0001030559;0.273
04/02/2025;DE0001030559;0.318
05/02/2025;DE0001030559;0.341
06/02/2025;DE0001030559;0.337
07/02/2025;DE0001030559;0.327
10/02/2025;DE0001030559;0.303
11/02/2025;DE0001030559;0.345
12/02/2025;DE0001030559;0.415
13/02/2025;DE0001030559;0.411
14/02/2025;DE0001030559;0.439
17/02/2025;DE0001030559;0.487
18/02/2025;DE0001030559;0.475
19/02/2025;DE0001030559;0.51
20/02/2025;DE0001030559;0.493
21/02/2025;DE0001030559;0.471
24/02/2025;DE0001030559;0.473
25/02/2025;DE0001030559;0.484
26/02/2025;DE0001030559;0.448
27/02/2025;DE0001030559;0.396
28/02/2025;DE0001030559;0.412
03/03/2025;DE0001030559;0.419
04/03/2025;DE0001030559;0.422
05/03/2025;DE0001030559;0.553
06/03/2025;DE0001030559;0.586
07/03/2025;DE0001030559;0.624
10/03/2025;DE0001030559;0.608
11/03/2025;DE0001030559;0.59
12/03/2025;DE0001030559;0.585
13/03/2025;DE0001030559;0.586
14/03/2025;DE0001030559;0.586
17/03/2025;DE0001030559;0.569
18/03/2025;DE0001030559;0.563
19/03/2025;DE0001030559;0.555
20/03/2025;DE0001030559;0.525
21/03/2025;DE0001030559;0.482
24/03/2025;DE0001030559;0.466
25/03/2025;DE0001030559;0.497
26/03/2025;DE0001030559;0.486
27/03/2025;DE0001030559;0.456
28/03/2025;DE0001030559;0.421
31/03/2025;DE0001030559;0.406
01/04/2025;DE0001030559;0.388
02/04/2025;DE0001030559;0.416
03/04/2025;DE0001030559;0.383
04/04/2025;DE0001030559;0.359
07/04/2025;DE0001030559;0.369
08/04/2025;DE0001030559;0.41
09/04/2025;DE0001030559;0.417
10/04/2025;DE0001030559;0.411
11/04/2025;DE0001030559;0.474
14/04/2025;DE0001030559;0.405
15/04/2025;DE0001030559;0.452
16/04/2025;DE0001030559;0.407
17/04/2025;DE0001030559;0.349
18/04/2025;DE0001030559;#N/A N/A
21/04/2025;DE0001030559;#N/A N/A
22/04/2025;DE0001030559;0.3
23/04/2025;DE0001030559;0.337
24/04/2025;DE0001030559;0.262
25/04/2025;DE0001030559;0.3
28/04/2025;DE0001030559;0.355
29/04/2025;DE0001030559;0.374
30/04/2025;DE0001030559;0.293
01/05/2025;DE0001030559;#N/A N/A
02/05/2025;DE0001030559;0.359
05/05/2025;DE0001030559;0.351
06/05/2025;DE0001030559;0.335
07/05/2025;DE0001030559;0.316
08/05/2025;DE0001030559;0.38
09/05/2025;DE0001030559;0.377
12/05/2025;DE0001030559;0.451
13/05/2025;DE0001030559;0.467
14/05/2025;DE0001030559;0.492
15/05/2025;DE0001030559;0.453
16/05/2025;DE0001030559;0.433
19/05/2025;DE0001030559;0.423
20/05/2025;DE0001030559;0.425
21/05/2025;DE0001030559;0.449
22/05/2025;DE0001030559;0.459
23/05/2025;DE0001030559;0.425
26/05/2025;DE0001030559;0.44
27/05/2025;DE0001030559;0.467
28/05/2025;DE0001030559;0.464
29/05/2025;DE0001030559;0.451
30/05/2025;DE0001030559;0.459
02/06/2025;DE0001030559;0.474
03/06/2025;DE0001030559;0.485
04/06/2025;DE0001030559;0.503
05/06/2025;DE0001030559;0.566
06/06/2025;DE0001030559;0.547
09/06/2025;DE0001030559;0.531
10/06/2025;DE0001030559;0.512
11/06/2025;DE0001030559;0.505
12/06/2025;DE0001030559;0.46
13/06/2025;DE0001030559;0.458
16/06/2025;DE0001030559;0.458
17/06/2025;DE0001030559;0.446
18/06/2025;DE0001030559;0.395
19/06/2025;DE0001030559;0.391
20/06/2025;DE0001030559;0.405
23/06/2025;DE0001030559;0.379
24/06/2025;DE0001030559;0.483
25/06/2025;DE0001030559;0.503
26/06/2025;DE0001030559;0.481
27/06/2025;DE0001030559;0.506
30/06/2025;DE0001030559;0.53
01/07/2025;DE0001030559;0.503
02/07/2025;DE0001030559;0.514
03/07/2025;DE0001030559;0.485
04/07/2025;DE0001030559;0.497
07/07/2025;DE0001030559;0.514
08/07/2025;DE0001030559;0.542
09/07/2025;DE0001030559;0.528
10/07/2025;DE0001030559;0.555
11/07/2025;DE0001030559;0.568
14/07/2025;DE0001030559;0.548
15/07/2025;DE0001030559;0.535
16/07/2025;DE0001030559;0.511
17/07/2025;DE0001030559;0.509
18/07/2025;DE0001030559;0.514
21/07/2025;DE0001030559;0.45
22/07/2025;DE0001030559;0.434
23/07/2025;DE0001030559;0.463
24/07/2025;DE0001030559;0.522
25/07/2025;DE0001030559;0.543
28/07/2025;DE0001030559;0.524
29/07/2025;DE0001030559;0.539
30/07/2025;DE0001030559;0.53
31/07/2025;DE0001030559;0.523
01/08/2025;DE0001030559;0.526
04/08/2025;DE0001030559;0.516
05/08/2025;DE0001030559;0.511
06/08/2025;DE0001030559;0.519
07/08/2025;DE0001030559;0.523
08/08/2025;DE0001030559;0.575
11/08/2025;DE0001030559;0.581
12/08/2025;DE0001030559;0.605
13/08/2025;DE0001030559;0.571
14/08/2025;DE0001030559;0.589
15/08/2025;DE0001030559;0.638
18/08/2025;DE0001030559;0.624
19/08/2025;DE0001030559;0.619
20/08/2025;DE0001030559;0.593
21/08/2025;DE0001030559;0.642
22/08/2025;DE0001030559;0.597
25/08/2025;DE0001030559;0.613
26/08/2025;DE0001030559;0.571
27/08/2025;DE0001030559;0.522
28/08/2025;DE0001030559;0.542
29/08/2025;DE0001030559;0.564
01/09/2025;DE0001030559;0.572
02/09/2025;DE0001030559;0.593
03/09/2025;DE0001030559;0.571
04/09/2025;DE0001030559;0.57
05/09/2025;DE0001030559;0.551
08/09/2025;DE0001030559;0.538
09/09/2025;DE0001030559;0.54
10/09/2025;DE0001030559;0.536
11/09/2025;DE0001030559;0.581
12/09/2025;DE0001030559;0.612
15/09/2025;DE0001030559;0.599
16/09/2025;DE0001030559;0.581
17/09/2025;DE0001030559;0.577
18/09/2025;DE0001030559;0.591
19/09/2025;DE0001030559;0.615
22/09/2025;DE0001030559;0.609
23/09/2025;DE0001030559;0.611
24/09/2025;DE0001030559;0.599
25/09/2025;DE0001030559;0.62
26/09/2025;DE0001030559;0.583
29/09/2025;DE0001030559;0.583
30/09/2025;DE0001030559;0.606
01/10/2025;DE0001030559;0.586
02/10/2025;DE0001030559;0.59
03/10/2025;DE0001030559;0.591
06/10/2025;DE0001030559;0.58
07/10/2025;DE0001030559;0.575
08/10/2025;DE0001030559;0.552
09/10/2025;DE0001030559;0.561
10/10/2025;DE0001030559;0.524
13/10/2025;DE0001030559;0.506
14/10/2025;DE0001030559;0.508
15/10/2025;DE0001030559;0.482
16/10/2025;DE0001030559;0.481
17/10/2025;DE0001030559;0.503
20/10/2025;DE0001030559;0.506
21/10/2025;DE0001030559;0.493
22/10/2025;DE0001030559;0.481
23/10/2025;DE0001030559;0.485
24/10/2025;DE0001030559;0.531
27/10/2025;DE0001030559;0.532
28/10/2025;DE0001030559;0.545
29/10/2025;DE0001030559;0.538
30/10/2025;DE0001030559;0.54
31/10/2025;DE0001030559;0.509
03/11/2025;DE0001030559;0.537
04/11/2025;DE0001030559;0.53
05/11/2025;DE0001030559;0.542
06/11/2025;DE0001030559;0.52
07/11/2025;DE0001030559;0.524
10/11/2025;DE0001030559;0.547
11/11/2025;DE0001030559;0.539
12/11/2025;DE0001030559;0.532
13/11/2025;DE0001030559;0.569
14/11/2025;DE0001030559;0.576
17/11/2025;DE0001030559;0.567
18/11/2025;DE0001030559;0.551
19/11/2025;DE0001030559;0.559
20/11/2025;DE0001030559;0.559
21/11/2025;DE0001030559;0.571
24/11/2025;DE0001030559;0.565
25/11/2025;DE0001030559;0.566
26/11/2025;DE0001030559;0.56
27/11/2025;DE0001030559;0.565
28/11/2025;DE0001030559;0.57
01/12/2025;DE0001030559;0.62
02/12/2025;DE0001030559;0.618
03/12/2025;DE0001030559;0.619
04/12/2025;DE0001030559;0.637
05/12/2025;DE0001030559;0.655
08/12/2025;DE0001030559;0.712
09/12/2025;DE0001030559;0.712
10/12/2025;DE0001030559;0.718
11/12/2025;DE0001030559;0.709
12/12/2025;DE0001030559;0.714
15/12/2025;DE0001030559;0.713
16/12/2025;DE0001030559;0.73
17/12/2025;DE0001030559;0.753
18/12/2025;DE0001030559;0.754
19/12/2025;DE0001030559;0.785
22/12/2025;DE0001030559;0.76
23/12/2025;DE0001030559;0.766
24/12/2025;DE0001030559;#N/A N/A
25/12/2025;DE0001030559;#N/A N/A
26/12/2025;DE0001030559;#N/A N/A
29/12/2025;DE0001030559;0.744
30/12/2025;DE0001030559;0.768
31/12/2025;DE0001030559;#N/A N/A
01/01/2026;DE0001030559;#N/A N/A
02/01/2026;DE0001030559;0.78
05/01/2026;DE0001030559;0.754
06/01/2026;DE0001030559;0.728
07/01/2026;DE0001030559;0.72
08/01/2026;DE0001030559;0.714
09/01/2026;DE0001030559;0.697
12/01/2026;DE0001030559;0.679
13/01/2026;DE0001030559;0.649
14/01/2026;DE0001030559;0.606
15/01/2026;DE0001030559;0.609
16/01/2026;DE0001030559;0.594
19/01/2026;DE0001030559;0.572
20/01/2026;DE0001030559;0.552
21/01/2026;DE0001030559;0.573
22/01/2026;DE0001030559;0.606
23/01/2026;DE0001030559;0.614
26/01/2026;DE0001030559;0.577
27/01/2026;DE0001030559;0.555
28/01/2026;DE0001030559;0.528
29/01/2026;DE0001030559;0.49
30/01/2026;DE0001030559;0.486
02/02/2026;DE0001030559;0.546
03/02/2026;DE0001030559;0.572
04/02/2026;DE0001030559;0.549
05/02/2026;DE0001030559;0.555
06/02/2026;DE0001030559;0.548
09/02/2026;DE0001030559;0.541
10/02/2026;DE0001030559;0.533
11/02/2026;DE0001030559;0.521
12/02/2026;DE0001030559;0.524
13/02/2026;DE0001030559;0.505
16/02/2026;DE0001030559;0.518
17/02/2026;DE0001030559;0.52
18/02/2026;DE0001030559;0.511
19/02/2026;DE0001030559;0.503
20/02/2026;DE0001030559;0.515
23/02/2026;DE0001030559;0.489
24/02/2026;DE0001030559;0.497
25/02/2026;DE0001030559;0.496
26/02/2026;DE0001030559;0.478
27/02/2026;DE0001030559;0.403
02/03/2026;DE0001030559;0.443
03/03/2026;DE0001030559;0.421
04/03/2026;DE0001030559;0.44
05/03/2026;DE0001030559;0.508
06/03/2026;DE0001030559;0.366
09/03/2026;DE0001030559;0.26
10/03/2026;DE0001030559;0.341
11/03/2026;DE0001030559;0.375
12/03/2026;DE0001030559;0.255
13/03/2026;DE0001030559;0.26
16/03/2026;DE0001030559;0.211
17/03/2026;DE0001030559;0.198
18/03/2026;DE0001030559;0.179
19/03/2026;DE0001030559;0.188
20/03/2026;DE0001030559;0.254
23/03/2026;DE0001030559;0.264
24/03/2026;DE0001030559;0.366
25/03/2026;DE0001030559;0.348
26/03/2026;DE0001030559;0.346
27/03/2026;DE0001030559;0.325
30/03/2026;DE0001030559;0.24
31/03/2026;DE0001030559;0.209
01/04/2026;DE0001030559;0.262
02/04/2026;DE0001030559;0.241
03/04/2026;DE0001030559;#N/A N/A
06/04/2026;DE0001030559;#N/A N/A
07/04/2026;DE0001030559;0.3
08/04/2026;DE0001030559;0.268
09/04/2026;DE0001030559;0.271
10/04/2026;DE0001030559;0.354
13/04/2026;DE0001030559;0.368
14/04/2026;DE0001030559;0.335
15/04/2026;DE0001030559;0.326
16/04/2026;DE0001030559;0.31
17/04/2026;DE0001030559;0.314
20/04/2026;DE0001030559;0.302
21/04/2026;DE0001030559;0.358
22/04/2026;DE0001030559;0.343
23/04/2026;DE0001030559;0.314
24/04/2026;DE0001030559;0.254
27/04/2026;DE0001030559;0.225
28/04/2026;DE0001030559;0.232
29/04/2026;DE0001030559;0.264
30/04/2026;DE0001030559;0.202
01/05/2026;DE0001030559;#N/A N/A
04/05/2026;DE0001030559;0.25
05/05/2026;DE0001030559;0.184
06/05/2026;DE0001030559;0.231
07/05/2026;DE0001030559;0.331
08/05/2026;DE0001030559;0.307
11/05/2026;DE0001030559;0.276
12/05/2026;DE0001030559;0.312
13/05/2026;DE0001030559;0.296
14/05/2026;DE0001030559;0.302
15/05/2026;DE0001030559;0.363
18/05/2026;DE0001030559;0.32
19/05/2026;DE0001030559;0.381
20/05/2026;DE0001030559;0.361
21/05/2026;DE0001030559;0.415
22/05/2026;DE0001030559;0.413
25/05/2026;DE0001030559;0.406
26/05/2026;DE0001030559;0.441
27/05/2026;DE0001030559;0.475
28/05/2026;DE0001030559;0.483
29/05/2026;DE0001030559;0.506
01/06/2026;DE0001030559;0.534
02/06/2026;DE0001030559;0.519
03/06/2026;DE0001030559;0.539
04/06/2026;DE0001030559;0.575
05/06/2026;DE0001030559;0.621
08/06/2026;DE0001030559;0.644
09/06/2026;DE0001030559;0.639
10/06/2026;DE0001030559;0.661
11/06/2026;DE0001030559;0.658
12/06/2026;DE0001030559;0.662
15/06/2026;DE0001030559;0.69
16/06/2026;DE0001030559;0.698
17/06/2026;DE0001030559;0.731
18/06/2026;DE0001030559;0.806
19/06/2026;DE0001030559;0.823
22/06/2026;DE0001030559;0.781
23/06/2026;DE0001030559;0.808
24/06/2026;DE0001030559;0.839
25/06/2026;DE0001030559;0.815
26/06/2026;DE0001030559;0.843
29/06/2026;DE0001030559;0.839
30/06/2026;DE0001030559;0.823
01/07/2026;DE0001030559;0.733
02/07/2026;DE0001030559;0.753
03/07/2026;DE0001030559;0.82
06/07/2026;DE0001030559;0.827
07/07/2026;DE0001030559;0.861
08/07/2026;DE0001030559;0.819
09/07/2026;DE0001030559;0.76
10/07/2026;DE0001030559;0.793
13/07/2026;DE0001030559;0.81
14/07/2026;DE0001030559;0.758
15/07/2026;DE0001030559;0.75
16/07/2026;DE0001030559;0.753
17/07/2026;DE0001030559;0.75
20/07/2026;DE0001030559;0.744
21/07/2026;DE0001030559;0.752
22/07/2026;DE0001030559;0.778
23/07/2026;DE0001030559;0.771
24/07/2026;DE0001030559;0.767
27/07/2026;DE0001030559;0.824
12/03/2015;DE0001030567;-1.068
13/03/2015;DE0001030567;-1.044
16/03/2015;DE0001030567;-0.993
17/03/2015;DE0001030567;-0.961
18/03/2015;DE0001030567;-1.056
19/03/2015;DE0001030567;-1.091
20/03/2015;DE0001030567;-1.157
23/03/2015;DE0001030567;-1.136
24/03/2015;DE0001030567;-1.083
25/03/2015;DE0001030567;-1.102
26/03/2015;DE0001030567;-1.111
27/03/2015;DE0001030567;-1.072
30/03/2015;DE0001030567;-1.029
31/03/2015;DE0001030567;-1.072
01/04/2015;DE0001030567;-1.108
02/04/2015;DE0001030567;-1.102
03/04/2015;DE0001030567;#N/A N/A
06/04/2015;DE0001030567;#N/A N/A
07/04/2015;DE0001030567;-1.129
08/04/2015;DE0001030567;-1.154
09/04/2015;DE0001030567;-1.164
10/04/2015;DE0001030567;-1.164
13/04/2015;DE0001030567;-1.186
14/04/2015;DE0001030567;-1.204
15/04/2015;DE0001030567;-1.263
16/04/2015;DE0001030567;-1.288
17/04/2015;DE0001030567;-1.313
20/04/2015;DE0001030567;-1.313
21/04/2015;DE0001030567;-1.259
22/04/2015;DE0001030567;-1.165
23/04/2015;DE0001030567;-1.162
24/04/2015;DE0001030567;-1.168
27/04/2015;DE0001030567;-1.145
28/04/2015;DE0001030567;-1.178
29/04/2015;DE0001030567;-1.075
30/04/2015;DE0001030567;-1.027
01/05/2015;DE0001030567;#N/A N/A
04/05/2015;DE0001030567;-0.936
05/05/2015;DE0001030567;-0.83
06/05/2015;DE0001030567;-0.769
07/05/2015;DE0001030567;-0.717
08/05/2015;DE0001030567;-0.762
11/05/2015;DE0001030567;-0.702
12/05/2015;DE0001030567;-0.661
13/05/2015;DE0001030567;-0.63
14/05/2015;DE0001030567;-0.655
15/05/2015;DE0001030567;-0.719
18/05/2015;DE0001030567;-0.681
19/05/2015;DE0001030567;-0.739
20/05/2015;DE0001030567;-0.686
21/05/2015;DE0001030567;-0.63
22/05/2015;DE0001030567;-0.643
25/05/2015;DE0001030567;#N/A N/A
26/05/2015;DE0001030567;-0.638
27/05/2015;DE0001030567;-0.599
28/05/2015;DE0001030567;-0.642
29/05/2015;DE0001030567;-0.731
01/06/2015;DE0001030567;-0.688
02/06/2015;DE0001030567;-0.536
03/06/2015;DE0001030567;-0.317
04/06/2015;DE0001030567;-0.369
05/06/2015;DE0001030567;-0.384
08/06/2015;DE0001030567;-0.376
09/06/2015;DE0001030567;-0.369
10/06/2015;DE0001030567;-0.353
11/06/2015;DE0001030567;-0.426
12/06/2015;DE0001030567;-0.487
15/06/2015;DE0001030567;-0.492
16/06/2015;DE0001030567;-0.503
17/06/2015;DE0001030567;-0.479
18/06/2015;DE0001030567;-0.481
19/06/2015;DE0001030567;-0.521
22/06/2015;DE0001030567;-0.448
23/06/2015;DE0001030567;-0.469
24/06/2015;DE0001030567;-0.487
25/06/2015;DE0001030567;-0.491
26/06/2015;DE0001030567;-0.441
29/06/2015;DE0001030567;-0.521
30/06/2015;DE0001030567;-0.585
01/07/2015;DE0001030567;-0.517
02/07/2015;DE0001030567;-0.484
03/07/2015;DE0001030567;-0.535
06/07/2015;DE0001030567;-0.556
07/07/2015;DE0001030567;-0.615
08/07/2015;DE0001030567;-0.56
09/07/2015;DE0001030567;-0.518
10/07/2015;DE0001030567;-0.348
13/07/2015;DE0001030567;-0.4
14/07/2015;DE0001030567;-0.4
15/07/2015;DE0001030567;-0.459
16/07/2015;DE0001030567;-0.475
17/07/2015;DE0001030567;-0.515
20/07/2015;DE0001030567;-0.519
21/07/2015;DE0001030567;-0.478
22/07/2015;DE0001030567;-0.497
23/07/2015;DE0001030567;-0.499
24/07/2015;DE0001030567;-0.525
27/07/2015;DE0001030567;-0.484
28/07/2015;DE0001030567;-0.487
29/07/2015;DE0001030567;-0.478
30/07/2015;DE0001030567;-0.558
31/07/2015;DE0001030567;-0.57
03/08/2015;DE0001030567;-0.528
04/08/2015;DE0001030567;-0.503
05/08/2015;DE0001030567;-0.41
06/08/2015;DE0001030567;-0.428
07/08/2015;DE0001030567;-0.473
10/08/2015;DE0001030567;-0.434
11/08/2015;DE0001030567;-0.439
12/08/2015;DE0001030567;-0.403
13/08/2015;DE0001030567;-0.397
14/08/2015;DE0001030567;-0.424
17/08/2015;DE0001030567;-0.463
18/08/2015;DE0001030567;-0.42
19/08/2015;DE0001030567;-0.423
20/08/2015;DE0001030567;-0.438
21/08/2015;DE0001030567;-0.402
24/08/2015;DE0001030567;-0.328
25/08/2015;DE0001030567;-0.254
26/08/2015;DE0001030567;-0.231
27/08/2015;DE0001030567;-0.232
28/08/2015;DE0001030567;-0.306
31/08/2015;DE0001030567;-0.299
01/09/2015;DE0001030567;-0.299
02/09/2015;DE0001030567;-0.325
03/09/2015;DE0001030567;-0.373
04/09/2015;DE0001030567;-0.398
07/09/2015;DE0001030567;-0.352
08/09/2015;DE0001030567;-0.332
09/09/2015;DE0001030567;-0.334
10/09/2015;DE0001030567;-0.328
11/09/2015;DE0001030567;-0.391
14/09/2015;DE0001030567;-0.398
15/09/2015;DE0001030567;-0.311
16/09/2015;DE0001030567;-0.307
17/09/2015;DE0001030567;-0.308
18/09/2015;DE0001030567;-0.4
21/09/2015;DE0001030567;-0.41
22/09/2015;DE0001030567;-0.504
23/09/2015;DE0001030567;-0.512
24/09/2015;DE0001030567;-0.498
25/09/2015;DE0001030567;-0.459
28/09/2015;DE0001030567;-0.466
29/09/2015;DE0001030567;-0.442
30/09/2015;DE0001030567;-0.419
01/10/2015;DE0001030567;-0.486
02/10/2015;DE0001030567;-0.505
05/10/2015;DE0001030567;-0.484
06/10/2015;DE0001030567;-0.479
07/10/2015;DE0001030567;-0.513
08/10/2015;DE0001030567;-0.529
09/10/2015;DE0001030567;-0.504
12/10/2015;DE0001030567;-0.544
13/10/2015;DE0001030567;-0.527
14/10/2015;DE0001030567;-0.551
15/10/2015;DE0001030567;-0.571
16/10/2015;DE0001030567;-0.582
19/10/2015;DE0001030567;-0.584
20/10/2015;DE0001030567;-0.518
21/10/2015;DE0001030567;-0.557
22/10/2015;DE0001030567;-0.661
23/10/2015;DE0001030567;-0.675
26/10/2015;DE0001030567;-0.694
27/10/2015;DE0001030567;-0.725
28/10/2015;DE0001030567;-0.737
29/10/2015;DE0001030567;-0.652
30/10/2015;DE0001030567;-0.659
02/11/2015;DE0001030567;-0.604
03/11/2015;DE0001030567;-0.601
04/11/2015;DE0001030567;-0.587
05/11/2015;DE0001030567;-0.582
06/11/2015;DE0001030567;-0.512
09/11/2015;DE0001030567;-0.572
10/11/2015;DE0001030567;-0.607
11/11/2015;DE0001030567;-0.588
12/11/2015;DE0001030567;-0.584
13/11/2015;DE0001030567;-0.605
16/11/2015;DE0001030567;-0.629
17/11/2015;DE0001030567;-0.625
18/11/2015;DE0001030567;-0.644
19/11/2015;DE0001030567;-0.661
20/11/2015;DE0001030567;-0.65
23/11/2015;DE0001030567;-0.62
24/11/2015;DE0001030567;-0.66
25/11/2015;DE0001030567;-0.705
26/11/2015;DE0001030567;-0.722
27/11/2015;DE0001030567;-0.751
30/11/2015;DE0001030567;-0.774
01/12/2015;DE0001030567;-0.786
02/12/2015;DE0001030567;-0.757
03/12/2015;DE0001030567;-0.54
04/12/2015;DE0001030567;-0.47
07/12/2015;DE0001030567;-0.532
08/12/2015;DE0001030567;-0.542
09/12/2015;DE0001030567;-0.514
10/12/2015;DE0001030567;-0.558
11/12/2015;DE0001030567;-0.523
14/12/2015;DE0001030567;-0.486
15/12/2015;DE0001030567;-0.453
16/12/2015;DE0001030567;-0.403
17/12/2015;DE0001030567;-0.447
18/12/2015;DE0001030567;-0.469
21/12/2015;DE0001030567;-0.458
22/12/2015;DE0001030567;-0.407
23/12/2015;DE0001030567;-0.375
24/12/2015;DE0001030567;-0.372
25/12/2015;DE0001030567;#N/A N/A
28/12/2015;DE0001030567;-0.437
29/12/2015;DE0001030567;-0.393
30/12/2015;DE0001030567;-0.391
31/12/2015;DE0001030567;-0.391
01/01/2016;DE0001030567;#N/A N/A
04/01/2016;DE0001030567;-0.445
05/01/2016;DE0001030567;-0.418
06/01/2016;DE0001030567;-0.422
07/01/2016;DE0001030567;-0.386
08/01/2016;DE0001030567;-0.435
11/01/2016;DE0001030567;-0.388
12/01/2016;DE0001030567;-0.387
13/01/2016;DE0001030567;-0.429
14/01/2016;DE0001030567;-0.408
15/01/2016;DE0001030567;-0.416
18/01/2016;DE0001030567;-0.408
19/01/2016;DE0001030567;-0.431
20/01/2016;DE0001030567;-0.446
21/01/2016;DE0001030567;-0.488
22/01/2016;DE0001030567;-0.472
25/01/2016;DE0001030567;-0.469
26/01/2016;DE0001030567;-0.494
27/01/2016;DE0001030567;-0.485
28/01/2016;DE0001030567;-0.547
29/01/2016;DE0001030567;-0.61
01/02/2016;DE0001030567;-0.554
02/02/2016;DE0001030567;-0.574
03/02/2016;DE0001030567;-0.603
04/02/2016;DE0001030567;-0.585
05/02/2016;DE0001030567;-0.618
08/02/2016;DE0001030567;-0.659
09/02/2016;DE0001030567;-0.617
10/02/2016;DE0001030567;-0.608
11/02/2016;DE0001030567;-0.62
12/02/2016;DE0001030567;-0.557
15/02/2016;DE0001030567;-0.618
16/02/2016;DE0001030567;-0.586
17/02/2016;DE0001030567;-0.579
18/02/2016;DE0001030567;-0.638
19/02/2016;DE0001030567;-0.612
22/02/2016;DE0001030567;-0.646
23/02/2016;DE0001030567;-0.628
24/02/2016;DE0001030567;-0.609
25/02/2016;DE0001030567;-0.596
26/02/2016;DE0001030567;-0.596
29/02/2016;DE0001030567;-0.589
01/03/2016;DE0001030567;-0.537
02/03/2016;DE0001030567;-0.533
03/03/2016;DE0001030567;-0.628
04/03/2016;DE0001030567;-0.611
07/03/2016;DE0001030567;-0.649
08/03/2016;DE0001030567;-0.677
09/03/2016;DE0001030567;-0.624
10/03/2016;DE0001030567;-0.587
11/03/2016;DE0001030567;-0.646
14/03/2016;DE0001030567;-0.626
15/03/2016;DE0001030567;-0.569
16/03/2016;DE0001030567;-0.575
17/03/2016;DE0001030567;-0.692
18/03/2016;DE0001030567;-0.728
21/03/2016;DE0001030567;-0.711
22/03/2016;DE0001030567;-0.738
23/03/2016;DE0001030567;-0.769
24/03/2016;DE0001030567;-0.763
25/03/2016;DE0001030567;#N/A N/A
28/03/2016;DE0001030567;#N/A N/A
29/03/2016;DE0001030567;-0.78
30/03/2016;DE0001030567;-0.789
31/03/2016;DE0001030567;-0.797
01/04/2016;DE0001030567;-0.815
04/04/2016;DE0001030567;-0.848
05/04/2016;DE0001030567;-0.876
06/04/2016;DE0001030567;-0.891
07/04/2016;DE0001030567;-0.918
08/04/2016;DE0001030567;-0.912
11/04/2016;DE0001030567;-0.896
12/04/2016;DE0001030567;-0.842
13/04/2016;DE0001030567;-0.876
14/04/2016;DE0001030567;-0.848
15/04/2016;DE0001030567;-0.885
18/04/2016;DE0001030567;-0.862
19/04/2016;DE0001030567;-0.881
20/04/2016;DE0001030567;-0.881
21/04/2016;DE0001030567;-0.792
22/04/2016;DE0001030567;-0.796
25/04/2016;DE0001030567;-0.788
26/04/2016;DE0001030567;-0.755
27/04/2016;DE0001030567;-0.768
28/04/2016;DE0001030567;-0.799
29/04/2016;DE0001030567;-0.818
02/05/2016;DE0001030567;-0.821
03/05/2016;DE0001030567;-0.865
04/05/2016;DE0001030567;-0.864
05/05/2016;DE0001030567;-0.899
06/05/2016;DE0001030567;-0.913
09/05/2016;DE0001030567;-0.931
10/05/2016;DE0001030567;-0.925
11/05/2016;DE0001030567;-0.931
12/05/2016;DE0001030567;-0.9
13/05/2016;DE0001030567;-0.925
16/05/2016;DE0001030567;-0.913
17/05/2016;DE0001030567;-0.923
18/05/2016;DE0001030567;-0.872
19/05/2016;DE0001030567;-0.86
20/05/2016;DE0001030567;-0.861
23/05/2016;DE0001030567;-0.843
24/05/2016;DE0001030567;-0.84
25/05/2016;DE0001030567;-0.866
26/05/2016;DE0001030567;-0.855
27/05/2016;DE0001030567;-0.846
30/05/2016;DE0001030567;-0.792
31/05/2016;DE0001030567;-0.827
01/06/2016;DE0001030567;-0.812
02/06/2016;DE0001030567;-0.813
03/06/2016;DE0001030567;-0.83
06/06/2016;DE0001030567;-0.819
07/06/2016;DE0001030567;-0.842
08/06/2016;DE0001030567;-0.838
09/06/2016;DE0001030567;-0.822
10/06/2016;DE0001030567;-0.803
13/06/2016;DE0001030567;-0.797
14/06/2016;DE0001030567;-0.813
15/06/2016;DE0001030567;-0.827
16/06/2016;DE0001030567;-0.834
17/06/2016;DE0001030567;-0.829
20/06/2016;DE0001030567;-0.804
21/06/2016;DE0001030567;-0.793
22/06/2016;DE0001030567;-0.789
23/06/2016;DE0001030567;-0.794
24/06/2016;DE0001030567;-0.84
27/06/2016;DE0001030567;-0.873
28/06/2016;DE0001030567;-0.909
29/06/2016;DE0001030567;-0.942
30/06/2016;DE0001030567;-0.961
01/07/2016;DE0001030567;-0.933
04/07/2016;DE0001030567;-0.935
05/07/2016;DE0001030567;-0.948
06/07/2016;DE0001030567;-0.915
07/07/2016;DE0001030567;-0.893
08/07/2016;DE0001030567;-0.914
11/07/2016;DE0001030567;-0.896
12/07/2016;DE0001030567;-0.851
13/07/2016;DE0001030567;-0.913
14/07/2016;DE0001030567;-0.906
15/07/2016;DE0001030567;-0.89
18/07/2016;DE0001030567;-0.904
19/07/2016;DE0001030567;-0.901
20/07/2016;DE0001030567;-0.88
21/07/2016;DE0001030567;-0.881
22/07/2016;DE0001030567;-0.882
25/07/2016;DE0001030567;-0.897
26/07/2016;DE0001030567;-0.905
27/07/2016;DE0001030567;-0.976
28/07/2016;DE0001030567;-0.993
29/07/2016;DE0001030567;-0.997
01/08/2016;DE0001030567;-0.978
02/08/2016;DE0001030567;-0.908
03/08/2016;DE0001030567;-0.899
04/08/2016;DE0001030567;-0.948
05/08/2016;DE0001030567;-0.935
08/08/2016;DE0001030567;-0.955
09/08/2016;DE0001030567;-0.981
10/08/2016;DE0001030567;-1.02
11/08/2016;DE0001030567;-1.017
12/08/2016;DE0001030567;-1.05
15/08/2016;DE0001030567;-1.018
16/08/2016;DE0001030567;-0.972
17/08/2016;DE0001030567;-0.983
18/08/2016;DE0001030567;-0.999
19/08/2016;DE0001030567;-0.942
22/08/2016;DE0001030567;-0.993
23/08/2016;DE0001030567;-0.987
24/08/2016;DE0001030567;-0.984
25/08/2016;DE0001030567;-0.973
26/08/2016;DE0001030567;-0.995
29/08/2016;DE0001030567;-1.024
30/08/2016;DE0001030567;-1.011
31/08/2016;DE0001030567;-0.97
01/09/2016;DE0001030567;-0.977
02/09/2016;DE0001030567;-0.961
05/09/2016;DE0001030567;-0.965
06/09/2016;DE0001030567;-1.019
07/09/2016;DE0001030567;-1.068
08/09/2016;DE0001030567;-1.028
09/09/2016;DE0001030567;-0.988
12/09/2016;DE0001030567;-0.97
13/09/2016;DE0001030567;-0.928
14/09/2016;DE0001030567;-0.965
15/09/2016;DE0001030567;-0.957
16/09/2016;DE0001030567;-0.978
19/09/2016;DE0001030567;-0.978
20/09/2016;DE0001030567;-1.027
21/09/2016;DE0001030567;-1.015
22/09/2016;DE0001030567;-1.117
23/09/2016;DE0001030567;-1.106
26/09/2016;DE0001030567;-1.124
27/09/2016;DE0001030567;-1.117
28/09/2016;DE0001030567;-1.132
29/09/2016;DE0001030567;-1.141
30/09/2016;DE0001030567;-1.151
03/10/2016;DE0001030567;-1.136
04/10/2016;DE0001030567;-1.093
05/10/2016;DE0001030567;-1.055
06/10/2016;DE0001030567;-1.079
07/10/2016;DE0001030567;-1.05
10/10/2016;DE0001030567;-1.022
11/10/2016;DE0001030567;-1.046
12/10/2016;DE0001030567;-0.991
13/10/2016;DE0001030567;-1.013
14/10/2016;DE0001030567;-1.011
17/10/2016;DE0001030567;-1.038
18/10/2016;DE0001030567;-1.087
19/10/2016;DE0001030567;-1.097
20/10/2016;DE0001030567;-1.122
21/10/2016;DE0001030567;-1.127
24/10/2016;DE0001030567;-1.124
25/10/2016;DE0001030567;-1.117
26/10/2016;DE0001030567;-1.043
27/10/2016;DE0001030567;-0.965
28/10/2016;DE0001030567;-0.964
31/10/2016;DE0001030567;-0.968
01/11/2016;DE0001030567;-0.938
02/11/2016;DE0001030567;-0.94
03/11/2016;DE0001030567;-0.908
04/11/2016;DE0001030567;-0.939
07/11/2016;DE0001030567;-0.933
08/11/2016;DE0001030567;-0.903
09/11/2016;DE0001030567;-0.893
10/11/2016;DE0001030567;-0.863
11/11/2016;DE0001030567;-0.842
14/11/2016;DE0001030567;-0.858
15/11/2016;DE0001030567;-0.856
16/11/2016;DE0001030567;-0.848
17/11/2016;DE0001030567;-0.859
18/11/2016;DE0001030567;-0.891
21/11/2016;DE0001030567;-0.925
22/11/2016;DE0001030567;-0.977
23/11/2016;DE0001030567;-0.936
24/11/2016;DE0001030567;-0.949
25/11/2016;DE0001030567;-0.946
28/11/2016;DE0001030567;-0.971
29/11/2016;DE0001030567;-0.943
30/11/2016;DE0001030567;-0.925
01/12/2016;DE0001030567;-0.855
02/12/2016;DE0001030567;-0.96
05/12/2016;DE0001030567;-0.951
06/12/2016;DE0001030567;-0.915
07/12/2016;DE0001030567;-0.914
08/12/2016;DE0001030567;-0.876
09/12/2016;DE0001030567;-0.91
12/12/2016;DE0001030567;-0.898
13/12/2016;DE0001030567;-0.945
14/12/2016;DE0001030567;-0.979
15/12/2016;DE0001030567;-0.918
16/12/2016;DE0001030567;-0.956
19/12/2016;DE0001030567;-1.019
20/12/2016;DE0001030567;-1.031
21/12/2016;DE0001030567;-1.061
22/12/2016;DE0001030567;-1.051
23/12/2016;DE0001030567;-1.061
26/12/2016;DE0001030567;#N/A N/A
27/12/2016;DE0001030567;-1.106
28/12/2016;DE0001030567;-1.136
29/12/2016;DE0001030567;-1.161
30/12/2016;DE0001030567;-1.148
02/01/2017;DE0001030567;-1.167
03/01/2017;DE0001030567;-1.139
04/01/2017;DE0001030567;-1.125
05/01/2017;DE0001030567;-1.135
06/01/2017;DE0001030567;-1.064
09/01/2017;DE0001030567;-1.07
10/01/2017;DE0001030567;-1.073
11/01/2017;DE0001030567;-1.113
12/01/2017;DE0001030567;-1.125
13/01/2017;DE0001030567;-1.089
16/01/2017;DE0001030567;-1.097
17/01/2017;DE0001030567;-1.097
18/01/2017;DE0001030567;-1.074
19/01/2017;DE0001030567;-1.045
20/01/2017;DE0001030567;-1.034
23/01/2017;DE0001030567;-1.106
24/01/2017;DE0001030567;-1.071
25/01/2017;DE0001030567;-1.012
26/01/2017;DE0001030567;-1.015
27/01/2017;DE0001030567;-1.045
30/01/2017;DE0001030567;-1.065
31/01/2017;DE0001030567;-1.083
01/02/2017;DE0001030567;-1.045
02/02/2017;DE0001030567;-1.055
03/02/2017;DE0001030567;-1.066
06/02/2017;DE0001030567;-1.091
07/02/2017;DE0001030567;-1.108
08/02/2017;DE0001030567;-1.154
09/02/2017;DE0001030567;-1.136
10/02/2017;DE0001030567;-1.138
13/02/2017;DE0001030567;-1.129
14/02/2017;DE0001030567;-1.097
15/02/2017;DE0001030567;-1.102
16/02/2017;DE0001030567;-1.142
17/02/2017;DE0001030567;-1.158
20/02/2017;DE0001030567;-1.147
21/02/2017;DE0001030567;-1.142
22/02/2017;DE0001030567;-1.136
23/02/2017;DE0001030567;-1.173
24/02/2017;DE0001030567;-1.195
27/02/2017;DE0001030567;-1.171
28/02/2017;DE0001030567;-1.168
01/03/2017;DE0001030567;-1.106
02/03/2017;DE0001030567;-1.08
03/03/2017;DE0001030567;-1.042
06/03/2017;DE0001030567;-1.024
07/03/2017;DE0001030567;-1.056
08/03/2017;DE0001030567;-1.032
09/03/2017;DE0001030567;-0.993
10/03/2017;DE0001030567;-0.939
13/03/2017;DE0001030567;-0.958
14/03/2017;DE0001030567;-0.97
15/03/2017;DE0001030567;-1.006
16/03/2017;DE0001030567;-0.985
17/03/2017;DE0001030567;-0.998
20/03/2017;DE0001030567;-0.977
21/03/2017;DE0001030567;-0.948
22/03/2017;DE0001030567;-0.957
23/03/2017;DE0001030567;-0.939
24/03/2017;DE0001030567;-0.988
27/03/2017;DE0001030567;-0.979
28/03/2017;DE0001030567;-0.986
29/03/2017;DE0001030567;-1.024
30/03/2017;DE0001030567;-1.022
31/03/2017;DE0001030567;-0.995
03/04/2017;DE0001030567;-1.052
04/04/2017;DE0001030567;-1.058
05/04/2017;DE0001030567;-1.078
06/04/2017;DE0001030567;-1.068
07/04/2017;DE0001030567;-1.108
10/04/2017;DE0001030567;-1.12
11/04/2017;DE0001030567;-1.105
12/04/2017;DE0001030567;-1.11
13/04/2017;DE0001030567;-1.109
14/04/2017;DE0001030567;-1.109
17/04/2017;DE0001030567;#N/A N/A
18/04/2017;DE0001030567;-1.148
19/04/2017;DE0001030567;-1.108
20/04/2017;DE0001030567;-1.052
21/04/2017;DE0001030567;-1.054
24/04/2017;DE0001030567;-0.999
25/04/2017;DE0001030567;-0.954
26/04/2017;DE0001030567;-0.98
27/04/2017;DE0001030567;-1.046
28/04/2017;DE0001030567;-1.055
01/05/2017;DE0001030567;#N/A N/A
02/05/2017;DE0001030567;-1.061
03/05/2017;DE0001030567;-1.072
04/05/2017;DE0001030567;-0.984
05/05/2017;DE0001030567;-0.939
08/05/2017;DE0001030567;-0.909
09/05/2017;DE0001030567;-0.908
10/05/2017;DE0001030567;-0.944
11/05/2017;DE0001030567;-0.93
12/05/2017;DE0001030567;-0.948
15/05/2017;DE0001030567;-0.913
16/05/2017;DE0001030567;-0.892
17/05/2017;DE0001030567;-0.932
18/05/2017;DE0001030567;-0.941
19/05/2017;DE0001030567;-0.928
22/05/2017;DE0001030567;-0.91
23/05/2017;DE0001030567;-0.911
24/05/2017;DE0001030567;-0.908
25/05/2017;DE0001030567;-0.918
26/05/2017;DE0001030567;-0.934
29/05/2017;DE0001030567;-0.956
30/05/2017;DE0001030567;-0.965
31/05/2017;DE0001030567;-0.93
01/06/2017;DE0001030567;-0.923
02/06/2017;DE0001030567;-0.961
05/06/2017;DE0001030567;-0.963
06/06/2017;DE0001030567;-0.994
07/06/2017;DE0001030567;-0.954
08/06/2017;DE0001030567;-0.954
09/06/2017;DE0001030567;-0.937
12/06/2017;DE0001030567;-0.944
13/06/2017;DE0001030567;-0.948
14/06/2017;DE0001030567;-0.952
15/06/2017;DE0001030567;-0.881
16/06/2017;DE0001030567;-0.89
19/06/2017;DE0001030567;-0.879
20/06/2017;DE0001030567;-0.88
21/06/2017;DE0001030567;-0.853
22/06/2017;DE0001030567;-0.862
23/06/2017;DE0001030567;-0.879
26/06/2017;DE0001030567;-0.904
27/06/2017;DE0001030567;-0.791
28/06/2017;DE0001030567;-0.794
29/06/2017;DE0001030567;-0.752
30/06/2017;DE0001030567;-0.753
03/07/2017;DE0001030567;-0.74
04/07/2017;DE0001030567;-0.761
05/07/2017;DE0001030567;-0.753
06/07/2017;DE0001030567;-0.673
07/07/2017;DE0001030567;-0.677
10/07/2017;DE0001030567;-0.722
11/07/2017;DE0001030567;-0.725
12/07/2017;DE0001030567;-0.767
13/07/2017;DE0001030567;-0.734
14/07/2017;DE0001030567;-0.721
17/07/2017;DE0001030567;-0.723
18/07/2017;DE0001030567;-0.758
19/07/2017;DE0001030567;-0.769
20/07/2017;DE0001030567;-0.786
21/07/2017;DE0001030567;-0.8
24/07/2017;DE0001030567;-0.789
25/07/2017;DE0001030567;-0.765
26/07/2017;DE0001030567;-0.776
27/07/2017;DE0001030567;-0.81
28/07/2017;DE0001030567;-0.818
31/07/2017;DE0001030567;-0.833
01/08/2017;DE0001030567;-0.894
02/08/2017;DE0001030567;-0.89
03/08/2017;DE0001030567;-0.917
04/08/2017;DE0001030567;-0.904
07/08/2017;DE0001030567;-0.923
08/08/2017;DE0001030567;-0.907
09/08/2017;DE0001030567;-0.943
10/08/2017;DE0001030567;-0.963
11/08/2017;DE0001030567;-0.978
14/08/2017;DE0001030567;-0.955
15/08/2017;DE0001030567;-0.93
16/08/2017;DE0001030567;-0.92
17/08/2017;DE0001030567;-0.947
18/08/2017;DE0001030567;-0.966
21/08/2017;DE0001030567;-0.982
22/08/2017;DE0001030567;-0.972
23/08/2017;DE0001030567;-0.992
24/08/2017;DE0001030567;-0.994
25/08/2017;DE0001030567;-0.994
28/08/2017;DE0001030567;-0.989
29/08/2017;DE0001030567;-1.034
30/08/2017;DE0001030567;-1.027
31/08/2017;DE0001030567;-1.03
01/09/2017;DE0001030567;-1.018
04/09/2017;DE0001030567;-1.035
05/09/2017;DE0001030567;-1.063
06/09/2017;DE0001030567;-1.053
07/09/2017;DE0001030567;-1.081
08/09/2017;DE0001030567;-1.075
11/09/2017;DE0001030567;-1.055
12/09/2017;DE0001030567;-1.014
13/09/2017;DE0001030567;-1.024
14/09/2017;DE0001030567;-1.004
15/09/2017;DE0001030567;-0.984
18/09/2017;DE0001030567;-0.964
19/09/2017;DE0001030567;-0.97
20/09/2017;DE0001030567;-0.987
21/09/2017;DE0001030567;-0.979
22/09/2017;DE0001030567;-0.99
25/09/2017;DE0001030567;-1.037
26/09/2017;DE0001030567;-1.041
27/09/2017;DE0001030567;-1.004
28/09/2017;DE0001030567;-1.003
29/09/2017;DE0001030567;-1.013
02/10/2017;DE0001030567;-1.025
03/10/2017;DE0001030567;-1.014
04/10/2017;DE0001030567;-1.019
05/10/2017;DE0001030567;-1.023
06/10/2017;DE0001030567;-1.022
09/10/2017;DE0001030567;-1.03
10/10/2017;DE0001030567;-1.034
11/10/2017;DE0001030567;-1.022
12/10/2017;DE0001030567;-1.032
13/10/2017;DE0001030567;-1.066
16/10/2017;DE0001030567;-1.103
17/10/2017;DE0001030567;-1.1
18/10/2017;DE0001030567;-1.067
19/10/2017;DE0001030567;-1.057
20/10/2017;DE0001030567;-1.011
23/10/2017;DE0001030567;-1.043
24/10/2017;DE0001030567;-1.005
25/10/2017;DE0001030567;-1.007
26/10/2017;DE0001030567;-1.065
27/10/2017;DE0001030567;-1.098
30/10/2017;DE0001030567;-1.106
31/10/2017;DE0001030567;-1.102
01/11/2017;DE0001030567;-1.093
02/11/2017;DE0001030567;-1.089
03/11/2017;DE0001030567;-1.099
06/11/2017;DE0001030567;-1.121
07/11/2017;DE0001030567;-1.152
08/11/2017;DE0001030567;-1.163
09/11/2017;DE0001030567;-1.129
10/11/2017;DE0001030567;-1.104
13/11/2017;DE0001030567;-1.096
14/11/2017;DE0001030567;-1.105
15/11/2017;DE0001030567;-1.111
16/11/2017;DE0001030567;-1.109
17/11/2017;DE0001030567;-1.117
20/11/2017;DE0001030567;-1.112
21/11/2017;DE0001030567;-1.115
22/11/2017;DE0001030567;-1.108
23/11/2017;DE0001030567;-1.111
24/11/2017;DE0001030567;-1.101
27/11/2017;DE0001030567;-1.119
28/11/2017;DE0001030567;-1.121
29/11/2017;DE0001030567;-1.096
30/11/2017;DE0001030567;-1.117
01/12/2017;DE0001030567;-1.172
04/12/2017;DE0001030567;-1.142
05/12/2017;DE0001030567;-1.168
06/12/2017;DE0001030567;-1.196
07/12/2017;DE0001030567;-1.192
08/12/2017;DE0001030567;-1.182
11/12/2017;DE0001030567;-1.191
12/12/2017;DE0001030567;-1.195
13/12/2017;DE0001030567;-1.205
14/12/2017;DE0001030567;-1.199
15/12/2017;DE0001030567;-1.212
18/12/2017;DE0001030567;-1.223
19/12/2017;DE0001030567;-1.145
20/12/2017;DE0001030567;-1.118
21/12/2017;DE0001030567;-1.098
22/12/2017;DE0001030567;-1.092
25/12/2017;DE0001030567;#N/A N/A
26/12/2017;DE0001030567;#N/A N/A
27/12/2017;DE0001030567;-1.137
28/12/2017;DE0001030567;-1.095
29/12/2017;DE0001030567;-1.093
01/01/2018;DE0001030567;#N/A N/A
02/01/2018;DE0001030567;-1.08
03/01/2018;DE0001030567;-1.094
04/01/2018;DE0001030567;-1.081
05/01/2018;DE0001030567;-1.065
08/01/2018;DE0001030567;-1.073
09/01/2018;DE0001030567;-1.054
10/01/2018;DE0001030567;-1.056
11/01/2018;DE0001030567;-1.014
12/01/2018;DE0001030567;-1.016
15/01/2018;DE0001030567;-1.019
16/01/2018;DE0001030567;-1.045
17/01/2018;DE0001030567;-1.035
18/01/2018;DE0001030567;-1.019
19/01/2018;DE0001030567;-1.009
22/01/2018;DE0001030567;-1.009
23/01/2018;DE0001030567;-1.014
24/01/2018;DE0001030567;-0.992
25/01/2018;DE0001030567;-0.95
26/01/2018;DE0001030567;-0.911
29/01/2018;DE0001030567;-0.86
30/01/2018;DE0001030567;-0.866
31/01/2018;DE0001030567;-0.862
01/02/2018;DE0001030567;-0.853
02/02/2018;DE0001030567;-0.813
05/02/2018;DE0001030567;-0.852
06/02/2018;DE0001030567;-0.882
07/02/2018;DE0001030567;-0.843
08/02/2018;DE0001030567;-0.828
09/02/2018;DE0001030567;-0.831
12/02/2018;DE0001030567;-0.812
13/02/2018;DE0001030567;-0.811
14/02/2018;DE0001030567;-0.818
15/02/2018;DE0001030567;-0.815
16/02/2018;DE0001030567;-0.852
19/02/2018;DE0001030567;-0.82
20/02/2018;DE0001030567;-0.816
21/02/2018;DE0001030567;-0.808
22/02/2018;DE0001030567;-0.839
23/02/2018;DE0001030567;-0.89
26/02/2018;DE0001030567;-0.887
27/02/2018;DE0001030567;-0.858
28/02/2018;DE0001030567;-0.877
01/03/2018;DE0001030567;-0.885
02/03/2018;DE0001030567;-0.867
05/03/2018;DE0001030567;-0.873
06/03/2018;DE0001030567;-0.855
07/03/2018;DE0001030567;-0.877
08/03/2018;DE0001030567;-0.906
09/03/2018;DE0001030567;-0.892
12/03/2018;DE0001030567;-0.912
13/03/2018;DE0001030567;-0.921
14/03/2018;DE0001030567;-0.946
15/03/2018;DE0001030567;-0.957
16/03/2018;DE0001030567;-0.967
19/03/2018;DE0001030567;-0.972
20/03/2018;DE0001030567;-0.97
21/03/2018;DE0001030567;-0.982
22/03/2018;DE0001030567;-1.043
23/03/2018;DE0001030567;-1.06
26/03/2018;DE0001030567;-1.08
27/03/2018;DE0001030567;-1.103
28/03/2018;DE0001030567;-1.103
29/03/2018;DE0001030567;-1.114
30/03/2018;DE0001030567;#N/A N/A
02/04/2018;DE0001030567;#N/A N/A
03/04/2018;DE0001030567;-1.119
04/04/2018;DE0001030567;-1.117
05/04/2018;DE0001030567;-1.091
06/04/2018;DE0001030567;-1.118
09/04/2018;DE0001030567;-1.104
10/04/2018;DE0001030567;-1.105
11/04/2018;DE0001030567;-1.128
12/04/2018;DE0001030567;-1.114
13/04/2018;DE0001030567;-1.122
16/04/2018;DE0001030567;-1.108
17/04/2018;DE0001030567;-1.127
18/04/2018;DE0001030567;-1.109
19/04/2018;DE0001030567;-1.057
20/04/2018;DE0001030567;-1.062
23/04/2018;DE0001030567;-1.029
24/04/2018;DE0001030567;-1.034
25/04/2018;DE0001030567;-1.034
26/04/2018;DE0001030567;-1.07
27/04/2018;DE0001030567;-1.08
30/04/2018;DE0001030567;-1.094
01/05/2018;DE0001030567;#N/A N/A
02/05/2018;DE0001030567;-1.08
03/05/2018;DE0001030567;-1.11
04/05/2018;DE0001030567;-1.093
07/05/2018;DE0001030567;-1.11
08/05/2018;DE0001030567;-1.086
09/05/2018;DE0001030567;-1.097
10/05/2018;DE0001030567;-1.089
11/05/2018;DE0001030567;-1.085
14/05/2018;DE0001030567;-1.044
15/05/2018;DE0001030567;-1.021
16/05/2018;DE0001030567;-1.052
17/05/2018;DE0001030567;-1.023
18/05/2018;DE0001030567;-1.07
21/05/2018;DE0001030567;-1.116
22/05/2018;DE0001030567;-1.084
23/05/2018;DE0001030567;-1.129
24/05/2018;DE0001030567;-1.151
25/05/2018;DE0001030567;-1.193
28/05/2018;DE0001030567;-1.246
29/05/2018;DE0001030567;-1.301
30/05/2018;DE0001030567;-1.195
31/05/2018;DE0001030567;-1.251
01/06/2018;DE0001030567;-1.222
04/06/2018;DE0001030567;-1.205
05/06/2018;DE0001030567;-1.242
06/06/2018;DE0001030567;-1.139
07/06/2018;DE0001030567;-1.134
08/06/2018;DE0001030567;-1.171
11/06/2018;DE0001030567;-1.131
12/06/2018;DE0001030567;-1.129
13/06/2018;DE0001030567;-1.134
14/06/2018;DE0001030567;-1.191
15/06/2018;DE0001030567;-1.201
18/06/2018;DE0001030567;-1.202
19/06/2018;DE0001030567;-1.226
20/06/2018;DE0001030567;-1.229
21/06/2018;DE0001030567;-1.267
22/06/2018;DE0001030567;-1.268
25/06/2018;DE0001030567;-1.273
26/06/2018;DE0001030567;-1.249
27/06/2018;DE0001030567;-1.276
28/06/2018;DE0001030567;-1.282
29/06/2018;DE0001030567;-1.307
02/07/2018;DE0001030567;-1.305
03/07/2018;DE0001030567;-1.308
04/07/2018;DE0001030567;-1.294
05/07/2018;DE0001030567;-1.299
06/07/2018;DE0001030567;-1.302
09/07/2018;DE0001030567;-1.298
10/07/2018;DE0001030567;-1.286
11/07/2018;DE0001030567;-1.285
12/07/2018;DE0001030567;-1.267
13/07/2018;DE0001030567;-1.271
16/07/2018;DE0001030567;-1.233
17/07/2018;DE0001030567;-1.237
18/07/2018;DE0001030567;-1.225
19/07/2018;DE0001030567;-1.23
20/07/2018;DE0001030567;-1.196
23/07/2018;DE0001030567;-1.176
24/07/2018;DE0001030567;-1.192
25/07/2018;DE0001030567;-1.196
26/07/2018;DE0001030567;-1.186
27/07/2018;DE0001030567;-1.205
30/07/2018;DE0001030567;-1.171
31/07/2018;DE0001030567;-1.168
01/08/2018;DE0001030567;-1.123
02/08/2018;DE0001030567;-1.134
03/08/2018;DE0001030567;-1.173
06/08/2018;DE0001030567;-1.189
07/08/2018;DE0001030567;-1.175
08/08/2018;DE0001030567;-1.187
09/08/2018;DE0001030567;-1.206
10/08/2018;DE0001030567;-1.259
13/08/2018;DE0001030567;-1.256
14/08/2018;DE0001030567;-1.251
15/08/2018;DE0001030567;-1.263
16/08/2018;DE0001030567;-1.249
17/08/2018;DE0001030567;-1.269
20/08/2018;DE0001030567;-1.271
21/08/2018;DE0001030567;-1.249
22/08/2018;DE0001030567;-1.238
23/08/2018;DE0001030567;-1.237
24/08/2018;DE0001030567;-1.244
27/08/2018;DE0001030567;-1.218
28/08/2018;DE0001030567;-1.214
29/08/2018;DE0001030567;-1.198
30/08/2018;DE0001030567;-1.253
31/08/2018;DE0001030567;-1.262
03/09/2018;DE0001030567;-1.256
04/09/2018;DE0001030567;-1.229
05/09/2018;DE0001030567;-1.194
06/09/2018;DE0001030567;-1.216
07/09/2018;DE0001030567;-1.183
10/09/2018;DE0001030567;-1.177
11/09/2018;DE0001030567;-1.167
12/09/2018;DE0001030567;-1.192
13/09/2018;DE0001030567;-1.18
14/09/2018;DE0001030567;-1.153
17/09/2018;DE0001030567;-1.14
18/09/2018;DE0001030567;-1.12
19/09/2018;DE0001030567;-1.116
20/09/2018;DE0001030567;-1.137
21/09/2018;DE0001030567;-1.16
24/09/2018;DE0001030567;-1.125
25/09/2018;DE0001030567;-1.104
26/09/2018;DE0001030567;-1.122
27/09/2018;DE0001030567;-1.126
28/09/2018;DE0001030567;-1.168
01/10/2018;DE0001030567;-1.176
02/10/2018;DE0001030567;-1.217
03/10/2018;DE0001030567;-1.164
04/10/2018;DE0001030567;-1.123
05/10/2018;DE0001030567;-1.088
08/10/2018;DE0001030567;-1.133
09/10/2018;DE0001030567;-1.129
10/10/2018;DE0001030567;-1.128
11/10/2018;DE0001030567;-1.151
12/10/2018;DE0001030567;-1.175
15/10/2018;DE0001030567;-1.175
16/10/2018;DE0001030567;-1.186
17/10/2018;DE0001030567;-1.21
18/10/2018;DE0001030567;-1.25
19/10/2018;DE0001030567;-1.192
22/10/2018;DE0001030567;-1.203
23/10/2018;DE0001030567;-1.217
24/10/2018;DE0001030567;-1.219
25/10/2018;DE0001030567;-1.213
26/10/2018;DE0001030567;-1.249
29/10/2018;DE0001030567;-1.23
30/10/2018;DE0001030567;-1.242
31/10/2018;DE0001030567;-1.232
01/11/2018;DE0001030567;-1.214
02/11/2018;DE0001030567;-1.198
05/11/2018;DE0001030567;-1.214
06/11/2018;DE0001030567;-1.211
07/11/2018;DE0001030567;-1.201
08/11/2018;DE0001030567;-1.184
09/11/2018;DE0001030567;-1.214
12/11/2018;DE0001030567;-1.233
13/11/2018;DE0001030567;-1.192
14/11/2018;DE0001030567;-1.186
15/11/2018;DE0001030567;-1.221
16/11/2018;DE0001030567;-1.218
19/11/2018;DE0001030567;-1.208
20/11/2018;DE0001030567;-1.2
21/11/2018;DE0001030567;-1.15
22/11/2018;DE0001030567;-1.13
23/11/2018;DE0001030567;-1.068
26/11/2018;DE0001030567;-1.108
27/11/2018;DE0001030567;-1.105
28/11/2018;DE0001030567;-1.093
29/11/2018;DE0001030567;-1.126
30/11/2018;DE0001030567;-1.133
03/12/2018;DE0001030567;-1.158
04/12/2018;DE0001030567;-1.19
05/12/2018;DE0001030567;-1.172
06/12/2018;DE0001030567;-1.18
07/12/2018;DE0001030567;-1.183
10/12/2018;DE0001030567;-1.159
11/12/2018;DE0001030567;-1.181
12/12/2018;DE0001030567;-1.133
13/12/2018;DE0001030567;-1.129
14/12/2018;DE0001030567;-1.154
17/12/2018;DE0001030567;-1.138
18/12/2018;DE0001030567;-1.114
19/12/2018;DE0001030567;-1.102
20/12/2018;DE0001030567;-1.072
21/12/2018;DE0001030567;-1.026
24/12/2018;DE0001030567;#N/A N/A
25/12/2018;DE0001030567;#N/A N/A
26/12/2018;DE0001030567;#N/A N/A
27/12/2018;DE0001030567;-1.04
28/12/2018;DE0001030567;-1.014
31/12/2018;DE0001030567;#N/A N/A
01/01/2019;DE0001030567;#N/A N/A
02/01/2019;DE0001030567;-1.052
03/01/2019;DE0001030567;-1.068
04/01/2019;DE0001030567;-1.035
07/01/2019;DE0001030567;-1.034
08/01/2019;DE0001030567;-1.045
09/01/2019;DE0001030567;-1.075
10/01/2019;DE0001030567;-1.098
11/01/2019;DE0001030567;-1.095
14/01/2019;DE0001030567;-1.095
15/01/2019;DE0001030567;-1.101
16/01/2019;DE0001030567;-1.085
17/01/2019;DE0001030567;-1.056
18/01/2019;DE0001030567;-1.057
21/01/2019;DE0001030567;-1.069
22/01/2019;DE0001030567;-1.068
23/01/2019;DE0001030567;-1.085
24/01/2019;DE0001030567;-1.119
25/01/2019;DE0001030567;-1.107
28/01/2019;DE0001030567;-1.08
29/01/2019;DE0001030567;-1.076
30/01/2019;DE0001030567;-1.082
31/01/2019;DE0001030567;-1.123
01/02/2019;DE0001030567;-1.125
04/02/2019;DE0001030567;-1.116
05/02/2019;DE0001030567;-1.119
06/02/2019;DE0001030567;-1.12
07/02/2019;DE0001030567;-1.148
08/02/2019;DE0001030567;-1.136
11/02/2019;DE0001030567;-1.12
12/02/2019;DE0001030567;-1.124
13/02/2019;DE0001030567;-1.132
14/02/2019;DE0001030567;-1.141
15/02/2019;DE0001030567;-1.163
18/02/2019;DE0001030567;-1.176
19/02/2019;DE0001030567;-1.17
20/02/2019;DE0001030567;-1.173
21/02/2019;DE0001030567;-1.132
22/02/2019;DE0001030567;-1.135
25/02/2019;DE0001030567;-1.127
26/02/2019;DE0001030567;-1.109
27/02/2019;DE0001030567;-1.055
28/02/2019;DE0001030567;-1.066
01/03/2019;DE0001030567;-1.083
04/03/2019;DE0001030567;-1.131
05/03/2019;DE0001030567;-1.135
06/03/2019;DE0001030567;-1.171
07/03/2019;DE0001030567;-1.24
08/03/2019;DE0001030567;-1.202
11/03/2019;DE0001030567;-1.242
12/03/2019;DE0001030567;-1.27
13/03/2019;DE0001030567;-1.279
14/03/2019;DE0001030567;-1.278
15/03/2019;DE0001030567;-1.263
18/03/2019;DE0001030567;-1.266
19/03/2019;DE0001030567;-1.271
20/03/2019;DE0001030567;-1.288
21/03/2019;DE0001030567;-1.345
22/03/2019;DE0001030567;-1.331
25/03/2019;DE0001030567;-1.34
26/03/2019;DE0001030567;-1.322
27/03/2019;DE0001030567;-1.344
28/03/2019;DE0001030567;-1.346
29/03/2019;DE0001030567;-1.372
01/04/2019;DE0001030567;-1.363
02/04/2019;DE0001030567;-1.385
03/04/2019;DE0001030567;-1.335
04/04/2019;DE0001030567;-1.34
05/04/2019;DE0001030567;-1.336
08/04/2019;DE0001030567;-1.356
09/04/2019;DE0001030567;-1.356
10/04/2019;DE0001030567;-1.365
11/04/2019;DE0001030567;-1.346
12/04/2019;DE0001030567;-1.313
15/04/2019;DE0001030567;-1.321
16/04/2019;DE0001030567;-1.319
17/04/2019;DE0001030567;-1.309
18/04/2019;DE0001030567;-1.353
19/04/2019;DE0001030567;#N/A N/A
22/04/2019;DE0001030567;#N/A N/A
23/04/2019;DE0001030567;-1.355
24/04/2019;DE0001030567;-1.38
25/04/2019;DE0001030567;-1.371
26/04/2019;DE0001030567;-1.34
29/04/2019;DE0001030567;-1.333
30/04/2019;DE0001030567;-1.355
01/05/2019;DE0001030567;#N/A N/A
02/05/2019;DE0001030567;-1.304
03/05/2019;DE0001030567;-1.304
06/05/2019;DE0001030567;-1.306
07/05/2019;DE0001030567;-1.328
08/05/2019;DE0001030567;-1.325
09/05/2019;DE0001030567;-1.311
10/05/2019;DE0001030567;-1.32
13/05/2019;DE0001030567;-1.325
14/05/2019;DE0001030567;-1.307
15/05/2019;DE0001030567;-1.318
16/05/2019;DE0001030567;-1.304
17/05/2019;DE0001030567;-1.299
20/05/2019;DE0001030567;-1.295
21/05/2019;DE0001030567;-1.274
22/05/2019;DE0001030567;-1.296
23/05/2019;DE0001030567;-1.273
24/05/2019;DE0001030567;-1.278
27/05/2019;DE0001030567;-1.3
28/05/2019;DE0001030567;-1.316
29/05/2019;DE0001030567;-1.318
30/05/2019;DE0001030567;-1.31
31/05/2019;DE0001030567;-1.316
03/06/2019;DE0001030567;-1.299
04/06/2019;DE0001030567;-1.299
05/06/2019;DE0001030567;-1.319
06/06/2019;DE0001030567;-1.268
07/06/2019;DE0001030567;-1.275
10/06/2019;DE0001030567;-1.275
11/06/2019;DE0001030567;-1.266
12/06/2019;DE0001030567;-1.24
13/06/2019;DE0001030567;-1.221
14/06/2019;DE0001030567;-1.199
17/06/2019;DE0001030567;-1.185
18/06/2019;DE0001030567;-1.33
19/06/2019;DE0001030567;-1.317
20/06/2019;DE0001030567;-1.376
21/06/2019;DE0001030567;-1.344
24/06/2019;DE0001030567;-1.328
25/06/2019;DE0001030567;-1.3
26/06/2019;DE0001030567;-1.276
27/06/2019;DE0001030567;-1.278
28/06/2019;DE0001030567;-1.291
01/07/2019;DE0001030567;-1.306
02/07/2019;DE0001030567;-1.292
03/07/2019;DE0001030567;-1.296
04/07/2019;DE0001030567;-1.315
05/07/2019;DE0001030567;-1.337
08/07/2019;DE0001030567;-1.32
09/07/2019;DE0001030567;-1.308
10/07/2019;DE0001030567;-1.314
11/07/2019;DE0001030567;-1.305
12/07/2019;DE0001030567;-1.318
15/07/2019;DE0001030567;-1.338
16/07/2019;DE0001030567;-1.318
17/07/2019;DE0001030567;-1.343
18/07/2019;DE0001030567;-1.389
19/07/2019;DE0001030567;-1.449
22/07/2019;DE0001030567;-1.46
23/07/2019;DE0001030567;-1.448
24/07/2019;DE0001030567;-1.47
25/07/2019;DE0001030567;-1.464
26/07/2019;DE0001030567;-1.5
29/07/2019;DE0001030567;-1.496
30/07/2019;DE0001030567;-1.473
31/07/2019;DE0001030567;-1.5
01/08/2019;DE0001030567;-1.469
02/08/2019;DE0001030567;-1.442
05/08/2019;DE0001030567;-1.446
06/08/2019;DE0001030567;-1.48
07/08/2019;DE0001030567;-1.487
08/08/2019;DE0001030567;-1.508
09/08/2019;DE0001030567;-1.538
12/08/2019;DE0001030567;-1.566
13/08/2019;DE0001030567;-1.575
14/08/2019;DE0001030567;-1.562
15/08/2019;DE0001030567;-1.622
16/08/2019;DE0001030567;-1.612
19/08/2019;DE0001030567;-1.594
20/08/2019;DE0001030567;-1.601
21/08/2019;DE0001030567;-1.576
22/08/2019;DE0001030567;-1.56
23/08/2019;DE0001030567;-1.581
26/08/2019;DE0001030567;-1.574
27/08/2019;DE0001030567;-1.569
28/08/2019;DE0001030567;-1.54
29/08/2019;DE0001030567;-1.543
30/08/2019;DE0001030567;-1.53
02/09/2019;DE0001030567;-1.518
03/09/2019;DE0001030567;-1.498
04/09/2019;DE0001030567;-1.515
05/09/2019;DE0001030567;-1.527
06/09/2019;DE0001030567;-1.535
09/09/2019;DE0001030567;-1.528
10/09/2019;DE0001030567;-1.49
11/09/2019;DE0001030567;-1.499
12/09/2019;DE0001030567;-1.488
13/09/2019;DE0001030567;-1.427
16/09/2019;DE0001030567;-1.475
17/09/2019;DE0001030567;-1.463
18/09/2019;DE0001030567;-1.474
19/09/2019;DE0001030567;-1.469
20/09/2019;DE0001030567;-1.464
23/09/2019;DE0001030567;-1.487
24/09/2019;DE0001030567;-1.498
25/09/2019;DE0001030567;-1.458
26/09/2019;DE0001030567;-1.464
27/09/2019;DE0001030567;-1.463
30/09/2019;DE0001030567;-1.445
01/10/2019;DE0001030567;-1.43
02/10/2019;DE0001030567;-1.407
03/10/2019;DE0001030567;-1.407
04/10/2019;DE0001030567;-1.437
07/10/2019;DE0001030567;-1.419
08/10/2019;DE0001030567;-1.449
09/10/2019;DE0001030567;-1.428
10/10/2019;DE0001030567;-1.376
11/10/2019;DE0001030567;-1.39
14/10/2019;DE0001030567;-1.383
15/10/2019;DE0001030567;-1.387
16/10/2019;DE0001030567;-1.376
17/10/2019;DE0001030567;-1.384
18/10/2019;DE0001030567;-1.359
21/10/2019;DE0001030567;-1.336
22/10/2019;DE0001030567;-1.327
23/10/2019;DE0001030567;-1.321
24/10/2019;DE0001030567;-1.347
25/10/2019;DE0001030567;-1.319
28/10/2019;DE0001030567;-1.317
29/10/2019;DE0001030567;-1.322
30/10/2019;DE0001030567;-1.306
31/10/2019;DE0001030567;-1.335
01/11/2019;DE0001030567;-1.322
04/11/2019;DE0001030567;-1.331
05/11/2019;DE0001030567;-1.326
06/11/2019;DE0001030567;-1.343
07/11/2019;DE0001030567;-1.274
08/11/2019;DE0001030567;-1.278
11/11/2019;DE0001030567;-1.27
12/11/2019;DE0001030567;-1.289
13/11/2019;DE0001030567;-1.298
14/11/2019;DE0001030567;-1.328
15/11/2019;DE0001030567;-1.318
18/11/2019;DE0001030567;-1.319
19/11/2019;DE0001030567;-1.308
20/11/2019;DE0001030567;-1.302
21/11/2019;DE0001030567;-1.281
22/11/2019;DE0001030567;-1.302
25/11/2019;DE0001030567;-1.282
26/11/2019;DE0001030567;-1.289
27/11/2019;DE0001030567;-1.294
28/11/2019;DE0001030567;-1.292
29/11/2019;DE0001030567;-1.313
02/12/2019;DE0001030567;-1.265
03/12/2019;DE0001030567;-1.331
04/12/2019;DE0001030567;-1.313
05/12/2019;DE0001030567;-1.288
06/12/2019;DE0001030567;-1.288
09/12/2019;DE0001030567;-1.313
10/12/2019;DE0001030567;-1.307
11/12/2019;DE0001030567;-1.328
12/12/2019;DE0001030567;-1.301
13/12/2019;DE0001030567;-1.314
16/12/2019;DE0001030567;-1.303
17/12/2019;DE0001030567;-1.322
18/12/2019;DE0001030567;-1.297
19/12/2019;DE0001030567;-1.297
20/12/2019;DE0001030567;-1.297
23/12/2019;DE0001030567;-1.279
24/12/2019;DE0001030567;#N/A N/A
25/12/2019;DE0001030567;#N/A N/A
26/12/2019;DE0001030567;#N/A N/A
27/12/2019;DE0001030567;-1.288
30/12/2019;DE0001030567;-1.252
31/12/2019;DE0001030567;#N/A N/A
01/01/2020;DE0001030567;#N/A N/A
02/01/2020;DE0001030567;-1.291
03/01/2020;DE0001030567;-1.346
06/01/2020;DE0001030567;-1.36
07/01/2020;DE0001030567;-1.347
08/01/2020;DE0001030567;-1.314
09/01/2020;DE0001030567;-1.294
10/01/2020;DE0001030567;-1.321
13/01/2020;DE0001030567;-1.305
14/01/2020;DE0001030567;-1.326
15/01/2020;DE0001030567;-1.345
16/01/2020;DE0001030567;-1.35
17/01/2020;DE0001030567;-1.354
20/01/2020;DE0001030567;-1.354
21/01/2020;DE0001030567;-1.361
22/01/2020;DE0001030567;-1.369
23/01/2020;DE0001030567;-1.391
24/01/2020;DE0001030567;-1.401
27/01/2020;DE0001030567;-1.408
28/01/2020;DE0001030567;-1.387
29/01/2020;DE0001030567;-1.417
30/01/2020;DE0001030567;-1.427
31/01/2020;DE0001030567;-1.451
03/02/2020;DE0001030567;-1.453
04/02/2020;DE0001030567;-1.434
05/02/2020;DE0001030567;-1.417
06/02/2020;DE0001030567;-1.412
07/02/2020;DE0001030567;-1.4
10/02/2020;DE0001030567;-1.399
11/02/2020;DE0001030567;-1.372
12/02/2020;DE0001030567;-1.366
13/02/2020;DE0001030567;-1.379
14/02/2020;DE0001030567;-1.405
17/02/2020;DE0001030567;-1.396
18/02/2020;DE0001030567;-1.389
19/02/2020;DE0001030567;-1.396
20/02/2020;DE0001030567;-1.403
21/02/2020;DE0001030567;-1.367
24/02/2020;DE0001030567;-1.38
25/02/2020;DE0001030567;-1.39
26/02/2020;DE0001030567;-1.386
27/02/2020;DE0001030567;-1.391
28/02/2020;DE0001030567;-1.395
02/03/2020;DE0001030567;-1.412
03/03/2020;DE0001030567;-1.442
04/03/2020;DE0001030567;-1.455
05/03/2020;DE0001030567;-1.444
06/03/2020;DE0001030567;-1.377
09/03/2020;DE0001030567;-1.334
10/03/2020;DE0001030567;-1.314
11/03/2020;DE0001030567;-1.266
12/03/2020;DE0001030567;-1.183
13/03/2020;DE0001030567;-1.109
16/03/2020;DE0001030567;-0.916
17/03/2020;DE0001030567;-0.864
18/03/2020;DE0001030567;-0.616
19/03/2020;DE0001030567;-0.546
20/03/2020;DE0001030567;-0.639
23/03/2020;DE0001030567;-0.613
24/03/2020;DE0001030567;-0.529
25/03/2020;DE0001030567;-0.524
26/03/2020;DE0001030567;-0.727
27/03/2020;DE0001030567;-0.87
30/03/2020;DE0001030567;-0.893
31/03/2020;DE0001030567;-0.858
01/04/2020;DE0001030567;-0.814
02/04/2020;DE0001030567;-0.813
03/04/2020;DE0001030567;-0.886
06/04/2020;DE0001030567;-0.874
07/04/2020;DE0001030567;-0.818
08/04/2020;DE0001030567;-0.824
09/04/2020;DE0001030567;-0.881
10/04/2020;DE0001030567;#N/A N/A
13/04/2020;DE0001030567;#N/A N/A
14/04/2020;DE0001030567;-0.9
15/04/2020;DE0001030567;-0.949
16/04/2020;DE0001030567;-0.939
17/04/2020;DE0001030567;-0.94
20/04/2020;DE0001030567;-0.913
21/04/2020;DE0001030567;-0.915
22/04/2020;DE0001030567;-0.86
23/04/2020;DE0001030567;-0.912
24/04/2020;DE0001030567;-0.944
27/04/2020;DE0001030567;-0.907
28/04/2020;DE0001030567;-0.915
29/04/2020;DE0001030567;-0.934
30/04/2020;DE0001030567;-1.067
01/05/2020;DE0001030567;#N/A N/A
04/05/2020;DE0001030567;-1.021
05/05/2020;DE0001030567;-1.036
06/05/2020;DE0001030567;-0.971
07/05/2020;DE0001030567;-0.986
08/05/2020;DE0001030567;-0.979
11/05/2020;DE0001030567;-0.946
12/05/2020;DE0001030567;-0.922
13/05/2020;DE0001030567;-0.929
14/05/2020;DE0001030567;-0.915
15/05/2020;DE0001030567;-0.898
18/05/2020;DE0001030567;-0.869
19/05/2020;DE0001030567;-0.911
20/05/2020;DE0001030567;-0.932
21/05/2020;DE0001030567;-0.955
22/05/2020;DE0001030567;-0.934
25/05/2020;DE0001030567;-0.929
26/05/2020;DE0001030567;-0.902
27/05/2020;DE0001030567;-0.881
28/05/2020;DE0001030567;-0.893
29/05/2020;DE0001030567;-0.948
01/06/2020;DE0001030567;-0.937
02/06/2020;DE0001030567;-0.958
03/06/2020;DE0001030567;-0.923
04/06/2020;DE0001030567;-0.928
05/06/2020;DE0001030567;-0.924
08/06/2020;DE0001030567;-0.955
09/06/2020;DE0001030567;-0.938
10/06/2020;DE0001030567;-0.952
11/06/2020;DE0001030567;-0.962
12/06/2020;DE0001030567;-0.97
15/06/2020;DE0001030567;-0.951
16/06/2020;DE0001030567;-0.946
17/06/2020;DE0001030567;-0.939
18/06/2020;DE0001030567;-0.954
19/06/2020;DE0001030567;-0.967
22/06/2020;DE0001030567;-0.997
23/06/2020;DE0001030567;-1.014
24/06/2020;DE0001030567;-1.04
25/06/2020;DE0001030567;-1.037
26/06/2020;DE0001030567;-1.053
29/06/2020;DE0001030567;-1.056
30/06/2020;DE0001030567;-1.058
01/07/2020;DE0001030567;-1.014
02/07/2020;DE0001030567;-1.057
03/07/2020;DE0001030567;-1.07
06/07/2020;DE0001030567;-1.076
07/07/2020;DE0001030567;-1.055
08/07/2020;DE0001030567;-1.075
09/07/2020;DE0001030567;-1.081
10/07/2020;DE0001030567;-1.057
13/07/2020;DE0001030567;-1.026
14/07/2020;DE0001030567;-1.074
15/07/2020;DE0001030567;-1.111
16/07/2020;DE0001030567;-1.131
17/07/2020;DE0001030567;-1.119
20/07/2020;DE0001030567;-1.153
21/07/2020;DE0001030567;-1.202
22/07/2020;DE0001030567;-1.231
23/07/2020;DE0001030567;-1.215
24/07/2020;DE0001030567;-1.19
27/07/2020;DE0001030567;-1.228
28/07/2020;DE0001030567;-1.24
29/07/2020;DE0001030567;-1.251
30/07/2020;DE0001030567;-1.277
31/07/2020;DE0001030567;-1.277
03/08/2020;DE0001030567;-1.276
04/08/2020;DE0001030567;-1.302
05/08/2020;DE0001030567;-1.279
06/08/2020;DE0001030567;-1.288
07/08/2020;DE0001030567;-1.296
10/08/2020;DE0001030567;-1.325
11/08/2020;DE0001030567;-1.3
12/08/2020;DE0001030567;-1.256
13/08/2020;DE0001030567;-1.213
14/08/2020;DE0001030567;-1.211
17/08/2020;DE0001030567;-1.22
18/08/2020;DE0001030567;-1.208
19/08/2020;DE0001030567;-1.217
20/08/2020;DE0001030567;-1.219
21/08/2020;DE0001030567;-1.208
24/08/2020;DE0001030567;-1.215
25/08/2020;DE0001030567;-1.184
26/08/2020;DE0001030567;-1.193
27/08/2020;DE0001030567;-1.188
28/08/2020;DE0001030567;-1.184
31/08/2020;DE0001030567;-1.159
01/09/2020;DE0001030567;-1.158
02/09/2020;DE0001030567;-1.181
03/09/2020;DE0001030567;-1.189
04/09/2020;DE0001030567;-1.177
07/09/2020;DE0001030567;-1.156
08/09/2020;DE0001030567;-1.124
09/09/2020;DE0001030567;-1.13
10/09/2020;DE0001030567;-1.123
11/09/2020;DE0001030567;-1.157
14/09/2020;DE0001030567;-1.167
15/09/2020;DE0001030567;-1.172
16/09/2020;DE0001030567;-1.2
17/09/2020;DE0001030567;-1.2
18/09/2020;DE0001030567;-1.192
21/09/2020;DE0001030567;-1.189
22/09/2020;DE0001030567;-1.176
23/09/2020;DE0001030567;-1.163
24/09/2020;DE0001030567;-1.142
25/09/2020;DE0001030567;-1.149
28/09/2020;DE0001030567;-1.137
29/09/2020;DE0001030567;-1.132
30/09/2020;DE0001030567;-1.119
01/10/2020;DE0001030567;-1.117
02/10/2020;DE0001030567;-1.132
05/10/2020;DE0001030567;-1.138
06/10/2020;DE0001030567;-1.169
07/10/2020;DE0001030567;-1.179
08/10/2020;DE0001030567;-1.22
09/10/2020;DE0001030567;-1.24
12/10/2020;DE0001030567;-1.248
13/10/2020;DE0001030567;-1.249
14/10/2020;DE0001030567;-1.265
15/10/2020;DE0001030567;-1.278
16/10/2020;DE0001030567;-1.298
19/10/2020;DE0001030567;-1.323
20/10/2020;DE0001030567;-1.33
21/10/2020;DE0001030567;-1.321
22/10/2020;DE0001030567;-1.315
23/10/2020;DE0001030567;-1.331
26/10/2020;DE0001030567;-1.325
27/10/2020;DE0001030567;-1.348
28/10/2020;DE0001030567;-1.317
29/10/2020;DE0001030567;-1.333
30/10/2020;DE0001030567;-1.305
02/11/2020;DE0001030567;-1.291
03/11/2020;DE0001030567;-1.286
04/11/2020;DE0001030567;-1.28
05/11/2020;DE0001030567;-1.279
06/11/2020;DE0001030567;-1.283
09/11/2020;DE0001030567;-1.293
10/11/2020;DE0001030567;-1.305
11/11/2020;DE0001030567;-1.335
12/11/2020;DE0001030567;-1.344
13/11/2020;DE0001030567;-1.35
16/11/2020;DE0001030567;-1.369
17/11/2020;DE0001030567;-1.361
18/11/2020;DE0001030567;-1.347
19/11/2020;DE0001030567;-1.353
20/11/2020;DE0001030567;-1.365
23/11/2020;DE0001030567;-1.403
24/11/2020;DE0001030567;-1.421
25/11/2020;DE0001030567;-1.431
26/11/2020;DE0001030567;-1.434
27/11/2020;DE0001030567;-1.433
30/11/2020;DE0001030567;-1.413
01/12/2020;DE0001030567;-1.411
02/12/2020;DE0001030567;-1.407
03/12/2020;DE0001030567;-1.464
04/12/2020;DE0001030567;-1.486
07/12/2020;DE0001030567;-1.492
08/12/2020;DE0001030567;-1.507
09/12/2020;DE0001030567;-1.504
10/12/2020;DE0001030567;-1.487
11/12/2020;DE0001030567;-1.488
14/12/2020;DE0001030567;-1.493
15/12/2020;DE0001030567;-1.49
16/12/2020;DE0001030567;-1.466
17/12/2020;DE0001030567;-1.471
18/12/2020;DE0001030567;-1.462
21/12/2020;DE0001030567;-1.424
22/12/2020;DE0001030567;-1.45
23/12/2020;DE0001030567;-1.433
24/12/2020;DE0001030567;#N/A N/A
25/12/2020;DE0001030567;#N/A N/A
28/12/2020;DE0001030567;-1.462
29/12/2020;DE0001030567;-1.473
30/12/2020;DE0001030567;-1.466
31/12/2020;DE0001030567;#N/A N/A
01/01/2021;DE0001030567;#N/A N/A
04/01/2021;DE0001030567;-1.486
05/01/2021;DE0001030567;-1.478
06/01/2021;DE0001030567;-1.503
07/01/2021;DE0001030567;-1.52
08/01/2021;DE0001030567;-1.526
11/01/2021;DE0001030567;-1.515
12/01/2021;DE0001030567;-1.516
13/01/2021;DE0001030567;-1.566
14/01/2021;DE0001030567;-1.592
15/01/2021;DE0001030567;-1.608
18/01/2021;DE0001030567;-1.605
19/01/2021;DE0001030567;-1.619
20/01/2021;DE0001030567;-1.646
21/01/2021;DE0001030567;-1.625
22/01/2021;DE0001030567;-1.612
25/01/2021;DE0001030567;-1.631
26/01/2021;DE0001030567;-1.63
27/01/2021;DE0001030567;-1.646
28/01/2021;DE0001030567;-1.674
29/01/2021;DE0001030567;-1.685
01/02/2021;DE0001030567;-1.706
02/02/2021;DE0001030567;-1.712
03/02/2021;DE0001030567;-1.724
04/02/2021;DE0001030567;-1.679
05/02/2021;DE0001030567;-1.66
08/02/2021;DE0001030567;-1.654
09/02/2021;DE0001030567;-1.636
10/02/2021;DE0001030567;-1.623
11/02/2021;DE0001030567;-1.625
12/02/2021;DE0001030567;-1.617
15/02/2021;DE0001030567;-1.579
16/02/2021;DE0001030567;-1.584
17/02/2021;DE0001030567;-1.589
18/02/2021;DE0001030567;-1.543
19/02/2021;DE0001030567;-1.464
22/02/2021;DE0001030567;-1.513
23/02/2021;DE0001030567;-1.53
24/02/2021;DE0001030567;-1.543
25/02/2021;DE0001030567;-1.507
26/02/2021;DE0001030567;-1.515
01/03/2021;DE0001030567;-1.613
02/03/2021;DE0001030567;-1.634
03/03/2021;DE0001030567;-1.616
04/03/2021;DE0001030567;-1.64
05/03/2021;DE0001030567;-1.698
08/03/2021;DE0001030567;-1.658
09/03/2021;DE0001030567;-1.677
10/03/2021;DE0001030567;-1.68
11/03/2021;DE0001030567;-1.72
12/03/2021;DE0001030567;-1.744
15/03/2021;DE0001030567;-1.772
16/03/2021;DE0001030567;-1.809
17/03/2021;DE0001030567;-1.775
18/03/2021;DE0001030567;-1.76
19/03/2021;DE0001030567;-1.754
22/03/2021;DE0001030567;-1.783
23/03/2021;DE0001030567;-1.794
24/03/2021;DE0001030567;-1.845
25/03/2021;DE0001030567;-1.852
26/03/2021;DE0001030567;-1.862
29/03/2021;DE0001030567;-1.854
30/03/2021;DE0001030567;-1.839
31/03/2021;DE0001030567;-1.853
01/04/2021;DE0001030567;-1.907
02/04/2021;DE0001030567;#N/A N/A
05/04/2021;DE0001030567;#N/A N/A
06/04/2021;DE0001030567;-1.911
07/04/2021;DE0001030567;-1.919
08/04/2021;DE0001030567;-1.933
09/04/2021;DE0001030567;-1.9
12/04/2021;DE0001030567;-1.904
13/04/2021;DE0001030567;-1.899
14/04/2021;DE0001030567;-1.861
15/04/2021;DE0001030567;-1.864
16/04/2021;DE0001030567;-1.824
19/04/2021;DE0001030567;-1.824
20/04/2021;DE0001030567;-1.86
21/04/2021;DE0001030567;-1.871
22/04/2021;DE0001030567;-1.834
23/04/2021;DE0001030567;-1.846
26/04/2021;DE0001030567;-1.836
27/04/2021;DE0001030567;-1.851
28/04/2021;DE0001030567;-1.868
29/04/2021;DE0001030567;-1.865
30/04/2021;DE0001030567;-1.874
03/05/2021;DE0001030567;-1.86
04/05/2021;DE0001030567;-1.881
05/05/2021;DE0001030567;-1.901
06/05/2021;DE0001030567;-1.884
07/05/2021;DE0001030567;-1.901
10/05/2021;DE0001030567;-1.94
11/05/2021;DE0001030567;-1.92
12/05/2021;DE0001030567;-1.935
13/05/2021;DE0001030567;-1.907
14/05/2021;DE0001030567;-1.878
17/05/2021;DE0001030567;-1.89
18/05/2021;DE0001030567;-1.904
19/05/2021;DE0001030567;-1.855
20/05/2021;DE0001030567;-1.795
21/05/2021;DE0001030567;-1.804
24/05/2021;DE0001030567;-1.82
25/05/2021;DE0001030567;-1.841
26/05/2021;DE0001030567;-1.829
27/05/2021;DE0001030567;-1.784
28/05/2021;DE0001030567;-1.832
31/05/2021;DE0001030567;-1.841
01/06/2021;DE0001030567;-1.843
02/06/2021;DE0001030567;-1.839
03/06/2021;DE0001030567;-1.869
04/06/2021;DE0001030567;-1.903
07/06/2021;DE0001030567;-1.894
08/06/2021;DE0001030567;-1.884
09/06/2021;DE0001030567;-1.898
10/06/2021;DE0001030567;-1.905
11/06/2021;DE0001030567;-1.914
14/06/2021;DE0001030567;-1.895
15/06/2021;DE0001030567;-1.877
16/06/2021;DE0001030567;-1.878
17/06/2021;DE0001030567;-1.786
18/06/2021;DE0001030567;-1.724
21/06/2021;DE0001030567;-1.7
22/06/2021;DE0001030567;-1.736
23/06/2021;DE0001030567;-1.757
24/06/2021;DE0001030567;-1.743
25/06/2021;DE0001030567;-1.737
28/06/2021;DE0001030567;-1.75
29/06/2021;DE0001030567;-1.772
30/06/2021;DE0001030567;-1.773
01/07/2021;DE0001030567;-1.778
02/07/2021;DE0001030567;-1.809
05/07/2021;DE0001030567;-1.802
06/07/2021;DE0001030567;-1.844
07/07/2021;DE0001030567;-1.832
08/07/2021;DE0001030567;-1.788
09/07/2021;DE0001030567;-1.807
12/07/2021;DE0001030567;-1.792
13/07/2021;DE0001030567;-1.795
14/07/2021;DE0001030567;-1.82
15/07/2021;DE0001030567;-1.816
16/07/2021;DE0001030567;-1.825
19/07/2021;DE0001030567;-1.78
20/07/2021;DE0001030567;-1.801
21/07/2021;DE0001030567;-1.822
22/07/2021;DE0001030567;-1.831
23/07/2021;DE0001030567;-1.847
26/07/2021;DE0001030567;-1.869
27/07/2021;DE0001030567;-1.913
28/07/2021;DE0001030567;-1.934
29/07/2021;DE0001030567;-1.991
30/07/2021;DE0001030567;-2.015
02/08/2021;DE0001030567;-2.015
03/08/2021;DE0001030567;-2.011
04/08/2021;DE0001030567;-2.029
05/08/2021;DE0001030567;-2.014
06/08/2021;DE0001030567;-1.997
09/08/2021;DE0001030567;-1.985
10/08/2021;DE0001030567;-2.018
11/08/2021;DE0001030567;-2.054
12/08/2021;DE0001030567;-2.068
13/08/2021;DE0001030567;-2.058
16/08/2021;DE0001030567;-2.041
17/08/2021;DE0001030567;-2.046
18/08/2021;DE0001030567;-2.054
19/08/2021;DE0001030567;-2.029
20/08/2021;DE0001030567;-2.02
23/08/2021;DE0001030567;-2.032
24/08/2021;DE0001030567;-2.048
25/08/2021;DE0001030567;-2.044
26/08/2021;DE0001030567;-2.014
27/08/2021;DE0001030567;-2.037
30/08/2021;DE0001030567;-2.059
31/08/2021;DE0001030567;-2.045
01/09/2021;DE0001030567;-2.038
02/09/2021;DE0001030567;-2.084
03/09/2021;DE0001030567;-2.105
06/09/2021;DE0001030567;-2.171
07/09/2021;DE0001030567;-2.132
08/09/2021;DE0001030567;-2.155
09/09/2021;DE0001030567;-2.198
10/09/2021;DE0001030567;-2.224
13/09/2021;DE0001030567;-2.264
14/09/2021;DE0001030567;-2.218
15/09/2021;DE0001030567;-2.227
16/09/2021;DE0001030567;-2.234
17/09/2021;DE0001030567;-2.236
20/09/2021;DE0001030567;-2.215
21/09/2021;DE0001030567;-2.209
22/09/2021;DE0001030567;-2.214
23/09/2021;DE0001030567;-2.204
24/09/2021;DE0001030567;-2.176
27/09/2021;DE0001030567;-2.222
28/09/2021;DE0001030567;-2.268
29/09/2021;DE0001030567;-2.263
30/09/2021;DE0001030567;-2.269
01/10/2021;DE0001030567;-2.305
04/10/2021;DE0001030567;-2.338
05/10/2021;DE0001030567;-2.436
06/10/2021;DE0001030567;-2.376
07/10/2021;DE0001030567;-2.342
08/10/2021;DE0001030567;-2.322
11/10/2021;DE0001030567;-2.312
12/10/2021;DE0001030567;-2.304
13/10/2021;DE0001030567;-2.284
14/10/2021;DE0001030567;-2.342
15/10/2021;DE0001030567;-2.377
18/10/2021;DE0001030567;-2.36
19/10/2021;DE0001030567;-2.314
20/10/2021;DE0001030567;-2.332
21/10/2021;DE0001030567;-2.352
22/10/2021;DE0001030567;-2.377
25/10/2021;DE0001030567;-2.419
26/10/2021;DE0001030567;-2.443
27/10/2021;DE0001030567;-2.417
28/10/2021;DE0001030567;-2.295
29/10/2021;DE0001030567;-2.128
01/11/2021;DE0001030567;-2.17
02/11/2021;DE0001030567;-2.204
03/11/2021;DE0001030567;-2.16
04/11/2021;DE0001030567;-2.278
05/11/2021;DE0001030567;-2.357
08/11/2021;DE0001030567;-2.39
09/11/2021;DE0001030567;-2.396
10/11/2021;DE0001030567;-2.378
11/11/2021;DE0001030567;-2.38
12/11/2021;DE0001030567;-2.416
15/11/2021;DE0001030567;-2.397
16/11/2021;DE0001030567;-2.465
17/11/2021;DE0001030567;-2.474
18/11/2021;DE0001030567;-2.432
19/11/2021;DE0001030567;-2.408
22/11/2021;DE0001030567;-2.347
23/11/2021;DE0001030567;-2.28
24/11/2021;DE0001030567;-2.263
25/11/2021;DE0001030567;-2.321
26/11/2021;DE0001030567;-2.286
29/11/2021;DE0001030567;-2.34
30/11/2021;DE0001030567;-2.327
01/12/2021;DE0001030567;-2.305
02/12/2021;DE0001030567;-2.267
03/12/2021;DE0001030567;-2.3
06/12/2021;DE0001030567;-2.285
07/12/2021;DE0001030567;-2.306
08/12/2021;DE0001030567;-2.254
09/12/2021;DE0001030567;-2.299
10/12/2021;DE0001030567;-2.287
13/12/2021;DE0001030567;-2.321
14/12/2021;DE0001030567;-2.284
15/12/2021;DE0001030567;-2.273
16/12/2021;DE0001030567;-2.3
17/12/2021;DE0001030567;-2.317
20/12/2021;DE0001030567;-2.311
21/12/2021;DE0001030567;-2.316
22/12/2021;DE0001030567;-2.381
23/12/2021;DE0001030567;-2.349
24/12/2021;DE0001030567;#N/A N/A
27/12/2021;DE0001030567;-2.298
28/12/2021;DE0001030567;-2.288
29/12/2021;DE0001030567;-2.25
30/12/2021;DE0001030567;-2.271
31/12/2021;DE0001030567;#N/A N/A
03/01/2022;DE0001030567;-2.213
04/01/2022;DE0001030567;-2.235
05/01/2022;DE0001030567;-2.209
06/01/2022;DE0001030567;-2.135
07/01/2022;DE0001030567;-2.149
10/01/2022;DE0001030567;-2.145
11/01/2022;DE0001030567;-2.139
12/01/2022;DE0001030567;-2.182
13/01/2022;DE0001030567;-2.162
14/01/2022;DE0001030567;-2.14
17/01/2022;DE0001030567;-2.137
18/01/2022;DE0001030567;-2.145
19/01/2022;DE0001030567;-2.142
20/01/2022;DE0001030567;-2.14
21/01/2022;DE0001030567;-2.147
24/01/2022;DE0001030567;-2.195
25/01/2022;DE0001030567;-2.202
26/01/2022;DE0001030567;-2.213
27/01/2022;DE0001030567;-2.232
28/01/2022;DE0001030567;-2.285
31/01/2022;DE0001030567;-2.326
01/02/2022;DE0001030567;-2.278
02/02/2022;DE0001030567;-2.22
03/02/2022;DE0001030567;-2.048
04/02/2022;DE0001030567;-1.962
07/02/2022;DE0001030567;-1.972
08/02/2022;DE0001030567;-1.971
09/02/2022;DE0001030567;-2.029
10/02/2022;DE0001030567;-1.975
11/02/2022;DE0001030567;-2.022
14/02/2022;DE0001030567;-2.103
15/02/2022;DE0001030567;-2.069
16/02/2022;DE0001030567;-2.1
17/02/2022;DE0001030567;-2.171
18/02/2022;DE0001030567;-2.255
21/02/2022;DE0001030567;-2.275
22/02/2022;DE0001030567;-2.279
23/02/2022;DE0001030567;-2.355
24/02/2022;DE0001030567;-2.649
25/02/2022;DE0001030567;-2.469
28/02/2022;DE0001030567;-2.662
01/03/2022;DE0001030567;-3.025
02/03/2022;DE0001030567;-3.027
03/03/2022;DE0001030567;-3.044
04/03/2022;DE0001030567;-3.248
07/03/2022;DE0001030567;-3.441
08/03/2022;DE0001030567;-3.425
09/03/2022;DE0001030567;-3.136
10/03/2022;DE0001030567;-2.89
11/03/2022;DE0001030567;-2.969
14/03/2022;DE0001030567;-2.868
15/03/2022;DE0001030567;-2.765
16/03/2022;DE0001030567;-2.638
17/03/2022;DE0001030567;-2.725
18/03/2022;DE0001030567;-2.764
21/03/2022;DE0001030567;-2.773
22/03/2022;DE0001030567;-2.817
23/03/2022;DE0001030567;-2.951
24/03/2022;DE0001030567;-2.982
25/03/2022;DE0001030567;-2.873
28/03/2022;DE0001030567;-2.834
29/03/2022;DE0001030567;-2.771
30/03/2022;DE0001030567;-2.817
31/03/2022;DE0001030567;-2.831
01/04/2022;DE0001030567;-2.858
04/04/2022;DE0001030567;-2.972
05/04/2022;DE0001030567;-2.976
06/04/2022;DE0001030567;-3.001
07/04/2022;DE0001030567;-2.956
08/04/2022;DE0001030567;-2.94
11/04/2022;DE0001030567;-2.841
12/04/2022;DE0001030567;-2.945
13/04/2022;DE0001030567;-2.97
14/04/2022;DE0001030567;-2.969
15/04/2022;DE0001030567;#N/A N/A
18/04/2022;DE0001030567;#N/A N/A
19/04/2022;DE0001030567;-3
20/04/2022;DE0001030567;-3.021
21/04/2022;DE0001030567;-2.858
22/04/2022;DE0001030567;-2.752
25/04/2022;DE0001030567;-2.8
26/04/2022;DE0001030567;-2.737
27/04/2022;DE0001030567;-2.819
28/04/2022;DE0001030567;-2.808
29/04/2022;DE0001030567;-2.857
02/05/2022;DE0001030567;-2.864
03/05/2022;DE0001030567;-2.804
04/05/2022;DE0001030567;-2.792
05/05/2022;DE0001030567;-2.73
06/05/2022;DE0001030567;-2.555
09/05/2022;DE0001030567;-2.532
10/05/2022;DE0001030567;-2.367
11/05/2022;DE0001030567;-2.436
12/05/2022;DE0001030567;-2.474
13/05/2022;DE0001030567;-2.474
16/05/2022;DE0001030567;-2.557
17/05/2022;DE0001030567;-2.506
18/05/2022;DE0001030567;-2.426
19/05/2022;DE0001030567;-2.371
20/05/2022;DE0001030567;-2.363
23/05/2022;DE0001030567;-2.253
24/05/2022;DE0001030567;-2.243
25/05/2022;DE0001030567;-2.233
26/05/2022;DE0001030567;-2.194
27/05/2022;DE0001030567;-2.176
30/05/2022;DE0001030567;-2.17
31/05/2022;DE0001030567;-2.161
01/06/2022;DE0001030567;-2.107
02/06/2022;DE0001030567;-2.05
03/06/2022;DE0001030567;-2.048
06/06/2022;DE0001030567;-2.022
07/06/2022;DE0001030567;-2.068
08/06/2022;DE0001030567;-2.111
09/06/2022;DE0001030567;-1.997
10/06/2022;DE0001030567;-1.836
13/06/2022;DE0001030567;-1.573
14/06/2022;DE0001030567;-1.385
15/06/2022;DE0001030567;-1.486
16/06/2022;DE0001030567;-1.354
17/06/2022;DE0001030567;-1.324
20/06/2022;DE0001030567;-1.228
21/06/2022;DE0001030567;-1.28
22/06/2022;DE0001030567;-1.37
23/06/2022;DE0001030567;-1.557
24/06/2022;DE0001030567;-1.624
27/06/2022;DE0001030567;-1.57
28/06/2022;DE0001030567;-1.49
29/06/2022;DE0001030567;-1.574
30/06/2022;DE0001030567;-1.667
01/07/2022;DE0001030567;-1.78
04/07/2022;DE0001030567;-1.779
05/07/2022;DE0001030567;-2.02
06/07/2022;DE0001030567;-1.954
07/07/2022;DE0001030567;-1.875
08/07/2022;DE0001030567;-1.872
11/07/2022;DE0001030567;-1.967
12/07/2022;DE0001030567;-2.019
13/07/2022;DE0001030567;-1.992
14/07/2022;DE0001030567;-1.947
15/07/2022;DE0001030567;-1.939
18/07/2022;DE0001030567;-1.868
19/07/2022;DE0001030567;-1.745
20/07/2022;DE0001030567;-1.753
21/07/2022;DE0001030567;-1.637
22/07/2022;DE0001030567;-1.872
25/07/2022;DE0001030567;-1.919
26/07/2022;DE0001030567;-2.072
27/07/2022;DE0001030567;-2.105
28/07/2022;DE0001030567;-2.319
29/07/2022;DE0001030567;-2.39
01/08/2022;DE0001030567;-2.435
02/08/2022;DE0001030567;-2.374
03/08/2022;DE0001030567;-2.347
04/08/2022;DE0001030567;-2.372
05/08/2022;DE0001030567;-2.306
08/08/2022;DE0001030567;-2.386
09/08/2022;DE0001030567;-2.405
10/08/2022;DE0001030567;-2.396
11/08/2022;DE0001030567;-2.437
12/08/2022;DE0001030567;-2.378
15/08/2022;DE0001030567;-2.409
16/08/2022;DE0001030567;-2.433
17/08/2022;DE0001030567;-2.368
18/08/2022;DE0001030567;-2.382
19/08/2022;DE0001030567;-2.363
22/08/2022;DE0001030567;-2.372
23/08/2022;DE0001030567;-2.315
24/08/2022;DE0001030567;-2.151
25/08/2022;DE0001030567;-2.207
26/08/2022;DE0001030567;-2.113
29/08/2022;DE0001030567;-1.941
30/08/2022;DE0001030567;-1.836
31/08/2022;DE0001030567;-1.638
01/09/2022;DE0001030567;-1.457
02/09/2022;DE0001030567;-1.404
05/09/2022;DE0001030567;-1.495
06/09/2022;DE0001030567;-1.39
07/09/2022;DE0001030567;-1.318
08/09/2022;DE0001030567;-1.248
09/09/2022;DE0001030567;-1.245
12/09/2022;DE0001030567;-1.241
13/09/2022;DE0001030567;-1.188
14/09/2022;DE0001030567;-1.23
15/09/2022;DE0001030567;-1.213
16/09/2022;DE0001030567;-1.234
19/09/2022;DE0001030567;-1.179
20/09/2022;DE0001030567;-1.21
21/09/2022;DE0001030567;-1.186
22/09/2022;DE0001030567;-1.128
23/09/2022;DE0001030567;-0.941
26/09/2022;DE0001030567;-0.794
27/09/2022;DE0001030567;-0.618
28/09/2022;DE0001030567;-0.674
29/09/2022;DE0001030567;-0.489
30/09/2022;DE0001030567;-0.532
03/10/2022;DE0001030567;-0.605
04/10/2022;DE0001030567;-0.788
05/10/2022;DE0001030567;-0.809
06/10/2022;DE0001030567;-0.708
07/10/2022;DE0001030567;-0.63
10/10/2022;DE0001030567;-0.557
11/10/2022;DE0001030567;-0.61
12/10/2022;DE0001030567;-0.691
13/10/2022;DE0001030567;-0.612
14/10/2022;DE0001030567;-0.495
17/10/2022;DE0001030567;-0.536
18/10/2022;DE0001030567;-0.432
19/10/2022;DE0001030567;-0.225
20/10/2022;DE0001030567;-0.316
21/10/2022;DE0001030567;-0.405
24/10/2022;DE0001030567;-0.45
25/10/2022;DE0001030567;-0.539
26/10/2022;DE0001030567;-0.578
27/10/2022;DE0001030567;-0.881
28/10/2022;DE0001030567;-0.792
31/10/2022;DE0001030567;-0.784
01/11/2022;DE0001030567;-0.833
02/11/2022;DE0001030567;-0.836
03/11/2022;DE0001030567;-0.73
04/11/2022;DE0001030567;-0.747
07/11/2022;DE0001030567;-0.72
08/11/2022;DE0001030567;-0.756
09/11/2022;DE0001030567;-0.773
10/11/2022;DE0001030567;-0.829
11/11/2022;DE0001030567;-0.685
14/11/2022;DE0001030567;-0.628
15/11/2022;DE0001030567;-0.587
16/11/2022;DE0001030567;-0.674
17/11/2022;DE0001030567;-0.584
18/11/2022;DE0001030567;-0.565
21/11/2022;DE0001030567;-0.53
22/11/2022;DE0001030567;-0.58
23/11/2022;DE0001030567;-0.546
24/11/2022;DE0001030567;-0.549
25/11/2022;DE0001030567;-0.499
28/11/2022;DE0001030567;-0.488
29/11/2022;DE0001030567;-0.528
30/11/2022;DE0001030567;-0.628
01/12/2022;DE0001030567;-0.818
02/12/2022;DE0001030567;-0.755
05/12/2022;DE0001030567;-0.74
06/12/2022;DE0001030567;-0.733
07/12/2022;DE0001030567;-0.742
08/12/2022;DE0001030567;-0.695
09/12/2022;DE0001030567;-0.588
12/12/2022;DE0001030567;-0.519
13/12/2022;DE0001030567;-0.498
14/12/2022;DE0001030567;-0.499
15/12/2022;DE0001030567;-0.185
16/12/2022;DE0001030567;0.007
19/12/2022;DE0001030567;0.029
20/12/2022;DE0001030567;0.126
21/12/2022;DE0001030567;0.175
22/12/2022;DE0001030567;0.23
23/12/2022;DE0001030567;0.317
26/12/2022;DE0001030567;#N/A N/A
27/12/2022;DE0001030567;0.373
28/12/2022;DE0001030567;0.318
29/12/2022;DE0001030567;0.256
30/12/2022;DE0001030567;0.358
02/01/2023;DE0001030567;0.178
03/01/2023;DE0001030567;0.174
04/01/2023;DE0001030567;0.199
05/01/2023;DE0001030567;0.333
06/01/2023;DE0001030567;0.282
09/01/2023;DE0001030567;0.401
10/01/2023;DE0001030567;0.478
11/01/2023;DE0001030567;0.432
12/01/2023;DE0001030567;0.298
13/01/2023;DE0001030567;0.323
16/01/2023;DE0001030567;0.384
17/01/2023;DE0001030567;0.291
18/01/2023;DE0001030567;0.27
19/01/2023;DE0001030567;0.405
20/01/2023;DE0001030567;0.417
23/01/2023;DE0001030567;0.353
24/01/2023;DE0001030567;0.314
25/01/2023;DE0001030567;0.357
26/01/2023;DE0001030567;0.362
27/01/2023;DE0001030567;0.357
30/01/2023;DE0001030567;0.405
31/01/2023;DE0001030567;0.369
01/02/2023;DE0001030567;0.331
02/02/2023;DE0001030567;0.144
03/02/2023;DE0001030567;0.172
06/02/2023;DE0001030567;0.245
07/02/2023;DE0001030567;0.254
08/02/2023;DE0001030567;0.209
09/02/2023;DE0001030567;0.184
10/02/2023;DE0001030567;0.225
13/02/2023;DE0001030567;0.254
14/02/2023;DE0001030567;0.291
15/02/2023;DE0001030567;0.257
16/02/2023;DE0001030567;0.185
17/02/2023;DE0001030567;0.257
20/02/2023;DE0001030567;0.255
21/02/2023;DE0001030567;0.281
22/02/2023;DE0001030567;0.239
23/02/2023;DE0001030567;0.13
24/02/2023;DE0001030567;0.171
27/02/2023;DE0001030567;0.189
28/02/2023;DE0001030567;0.21
01/03/2023;DE0001030567;0.243
02/03/2023;DE0001030567;0.146
03/03/2023;DE0001030567;0.078
06/03/2023;DE0001030567;0.23
07/03/2023;DE0001030567;0.36
08/03/2023;DE0001030567;0.452
09/03/2023;DE0001030567;0.329
10/03/2023;DE0001030567;0.223
13/03/2023;DE0001030567;-0.027
14/03/2023;DE0001030567;0.089
15/03/2023;DE0001030567;-0.108
16/03/2023;DE0001030567;0.084
17/03/2023;DE0001030567;0.028
20/03/2023;DE0001030567;-0.019
21/03/2023;DE0001030567;0.107
22/03/2023;DE0001030567;0.073
23/03/2023;DE0001030567;-0.14
24/03/2023;DE0001030567;-0.177
27/03/2023;DE0001030567;-0.093
28/03/2023;DE0001030567;-0.077
29/03/2023;DE0001030567;-0.057
30/03/2023;DE0001030567;-0.032
31/03/2023;DE0001030567;-0.06
03/04/2023;DE0001030567;-0.147
04/04/2023;DE0001030567;-0.2
05/04/2023;DE0001030567;-0.211
06/04/2023;DE0001030567;-0.179
07/04/2023;DE0001030567;#N/A N/A
10/04/2023;DE0001030567;#N/A N/A
11/04/2023;DE0001030567;-0.05
12/04/2023;DE0001030567;-0.008
13/04/2023;DE0001030567;-0.013
14/04/2023;DE0001030567;0.057
17/04/2023;DE0001030567;0.038
18/04/2023;DE0001030567;0.099
19/04/2023;DE0001030567;0.149
20/04/2023;DE0001030567;0.115
21/04/2023;DE0001030567;0.157
24/04/2023;DE0001030567;0.174
25/04/2023;DE0001030567;0.064
26/04/2023;DE0001030567;0.077
27/04/2023;DE0001030567;0.182
28/04/2023;DE0001030567;0.105
01/05/2023;DE0001030567;#N/A N/A
02/05/2023;DE0001030567;0.085
03/05/2023;DE0001030567;0.179
04/05/2023;DE0001030567;0.107
05/05/2023;DE0001030567;0.146
08/05/2023;DE0001030567;0.138
09/05/2023;DE0001030567;0.14
10/05/2023;DE0001030567;0.078
11/05/2023;DE0001030567;0.105
12/05/2023;DE0001030567;0.156
15/05/2023;DE0001030567;0.165
16/05/2023;DE0001030567;0.221
17/05/2023;DE0001030567;0.262
18/05/2023;DE0001030567;0.278
19/05/2023;DE0001030567;0.265
22/05/2023;DE0001030567;0.336
23/05/2023;DE0001030567;0.324
24/05/2023;DE0001030567;0.28
25/05/2023;DE0001030567;0.36
26/05/2023;DE0001030567;0.424
29/05/2023;DE0001030567;0.35
30/05/2023;DE0001030567;0.344
31/05/2023;DE0001030567;0.342
01/06/2023;DE0001030567;0.395
02/06/2023;DE0001030567;0.468
05/06/2023;DE0001030567;0.509
06/06/2023;DE0001030567;0.518
07/06/2023;DE0001030567;0.577
08/06/2023;DE0001030567;0.554
09/06/2023;DE0001030567;0.587
12/06/2023;DE0001030567;0.651
13/06/2023;DE0001030567;0.693
14/06/2023;DE0001030567;0.677
15/06/2023;DE0001030567;0.729
16/06/2023;DE0001030567;0.696
19/06/2023;DE0001030567;0.716
20/06/2023;DE0001030567;0.677
21/06/2023;DE0001030567;0.701
22/06/2023;DE0001030567;0.801
23/06/2023;DE0001030567;0.695
26/06/2023;DE0001030567;0.659
27/06/2023;DE0001030567;0.74
28/06/2023;DE0001030567;0.792
29/06/2023;DE0001030567;0.86
30/06/2023;DE0001030567;0.913
03/07/2023;DE0001030567;0.956
04/07/2023;DE0001030567;0.901
05/07/2023;DE0001030567;0.909
06/07/2023;DE0001030567;1.01
07/07/2023;DE0001030567;0.972
10/07/2023;DE0001030567;0.982
11/07/2023;DE0001030567;1.009
12/07/2023;DE0001030567;0.939
13/07/2023;DE0001030567;0.883
14/07/2023;DE0001030567;0.972
17/07/2023;DE0001030567;0.968
18/07/2023;DE0001030567;0.872
19/07/2023;DE0001030567;0.901
20/07/2023;DE0001030567;0.916
21/07/2023;DE0001030567;0.874
24/07/2023;DE0001030567;0.823
25/07/2023;DE0001030567;0.751
26/07/2023;DE0001030567;0.802
27/07/2023;DE0001030567;0.716
28/07/2023;DE0001030567;0.668
31/07/2023;DE0001030567;0.596
01/08/2023;DE0001030567;0.604
02/08/2023;DE0001030567;0.613
03/08/2023;DE0001030567;0.686
04/08/2023;DE0001030567;0.615
07/08/2023;DE0001030567;0.57
08/08/2023;DE0001030567;0.542
09/08/2023;DE0001030567;0.57
10/08/2023;DE0001030567;0.584
11/08/2023;DE0001030567;0.648
14/08/2023;DE0001030567;0.633
15/08/2023;DE0001030567;0.693
16/08/2023;DE0001030567;0.691
17/08/2023;DE0001030567;0.714
18/08/2023;DE0001030567;0.66
21/08/2023;DE0001030567;0.694
22/08/2023;DE0001030567;0.65
23/08/2023;DE0001030567;0.619
24/08/2023;DE0001030567;0.645
25/08/2023;DE0001030567;0.732
28/08/2023;DE0001030567;0.714
29/08/2023;DE0001030567;0.695
30/08/2023;DE0001030567;0.68
31/08/2023;DE0001030567;0.622
01/09/2023;DE0001030567;0.627
04/09/2023;DE0001030567;0.622
05/09/2023;DE0001030567;0.624
06/09/2023;DE0001030567;0.669
07/09/2023;DE0001030567;0.633
08/09/2023;DE0001030567;0.586
11/09/2023;DE0001030567;0.599
12/09/2023;DE0001030567;0.604
13/09/2023;DE0001030567;0.635
14/09/2023;DE0001030567;0.619
15/09/2023;DE0001030567;0.656
18/09/2023;DE0001030567;0.646
19/09/2023;DE0001030567;0.685
20/09/2023;DE0001030567;0.704
21/09/2023;DE0001030567;0.711
22/09/2023;DE0001030567;0.716
25/09/2023;DE0001030567;0.695
26/09/2023;DE0001030567;0.743
27/09/2023;DE0001030567;0.749
28/09/2023;DE0001030567;0.814
29/09/2023;DE0001030567;0.829
02/10/2023;DE0001030567;0.903
03/10/2023;DE0001030567;0.884
04/10/2023;DE0001030567;0.895
05/10/2023;DE0001030567;0.906
06/10/2023;DE0001030567;0.92
09/10/2023;DE0001030567;0.697
10/10/2023;DE0001030567;0.749
11/10/2023;DE0001030567;0.827
12/10/2023;DE0001030567;0.895
13/10/2023;DE0001030567;0.774
16/10/2023;DE0001030567;0.778
17/10/2023;DE0001030567;0.804
18/10/2023;DE0001030567;0.745
19/10/2023;DE0001030567;0.782
20/10/2023;DE0001030567;0.689
23/10/2023;DE0001030567;0.757
24/10/2023;DE0001030567;0.791
25/10/2023;DE0001030567;0.856
26/10/2023;DE0001030567;0.784
27/10/2023;DE0001030567;0.815
30/10/2023;DE0001030567;0.86
31/10/2023;DE0001030567;0.885
01/11/2023;DE0001030567;0.89
02/11/2023;DE0001030567;0.941
03/11/2023;DE0001030567;0.922
06/11/2023;DE0001030567;0.968
07/11/2023;DE0001030567;0.992
08/11/2023;DE0001030567;1.052
09/11/2023;DE0001030567;1.035
10/11/2023;DE0001030567;1.057
13/11/2023;DE0001030567;1.054
14/11/2023;DE0001030567;1.011
15/11/2023;DE0001030567;1.086
16/11/2023;DE0001030567;1.126
17/11/2023;DE0001030567;1.115
20/11/2023;DE0001030567;1.124
21/11/2023;DE0001030567;1.107
22/11/2023;DE0001030567;1.161
23/11/2023;DE0001030567;1.125
24/11/2023;DE0001030567;1.164
27/11/2023;DE0001030567;1.118
28/11/2023;DE0001030567;1.07
29/11/2023;DE0001030567;1.081
30/11/2023;DE0001030567;1.032
01/12/2023;DE0001030567;0.966
04/12/2023;DE0001030567;1.052
05/12/2023;DE0001030567;1.006
06/12/2023;DE0001030567;1.042
07/12/2023;DE0001030567;1.016
08/12/2023;DE0001030567;1.071
11/12/2023;DE0001030567;1.073
12/12/2023;DE0001030567;1.107
13/12/2023;DE0001030567;1.082
14/12/2023;DE0001030567;0.902
15/12/2023;DE0001030567;0.91
18/12/2023;DE0001030567;0.936
19/12/2023;DE0001030567;0.91
20/12/2023;DE0001030567;0.819
21/12/2023;DE0001030567;0.824
22/12/2023;DE0001030567;0.796
25/12/2023;DE0001030567;#N/A N/A
26/12/2023;DE0001030567;#N/A N/A
27/12/2023;DE0001030567;0.79
28/12/2023;DE0001030567;0.785
29/12/2023;DE0001030567;0.827
01/01/2024;DE0001030567;#N/A N/A
02/01/2024;DE0001030567;0.897
03/01/2024;DE0001030567;0.922
04/01/2024;DE0001030567;1.034
05/01/2024;DE0001030567;1.008
08/01/2024;DE0001030567;0.99
09/01/2024;DE0001030567;0.986
10/01/2024;DE0001030567;1.032
11/01/2024;DE0001030567;0.972
12/01/2024;DE0001030567;0.797
15/01/2024;DE0001030567;0.871
16/01/2024;DE0001030567;0.873
17/01/2024;DE0001030567;0.965
18/01/2024;DE0001030567;0.917
19/01/2024;DE0001030567;0.922
22/01/2024;DE0001030567;0.896
23/01/2024;DE0001030567;0.95
24/01/2024;DE0001030567;0.946
25/01/2024;DE0001030567;0.841
26/01/2024;DE0001030567;0.869
29/01/2024;DE0001030567;0.788
30/01/2024;DE0001030567;0.806
31/01/2024;DE0001030567;0.741
01/02/2024;DE0001030567;0.707
02/02/2024;DE0001030567;0.844
05/02/2024;DE0001030567;0.882
06/02/2024;DE0001030567;0.859
07/02/2024;DE0001030567;0.88
08/02/2024;DE0001030567;0.889
09/02/2024;DE0001030567;0.956
12/02/2024;DE0001030567;0.952
13/02/2024;DE0001030567;1.019
14/02/2024;DE0001030567;0.991
15/02/2024;DE0001030567;1.037
16/02/2024;DE0001030567;1.109
19/02/2024;DE0001030567;1.109
20/02/2024;DE0001030567;1.091
21/02/2024;DE0001030567;1.157
22/02/2024;DE0001030567;1.217
23/02/2024;DE0001030567;1.175
26/02/2024;DE0001030567;1.201
27/02/2024;DE0001030567;1.205
28/02/2024;DE0001030567;1.168
29/02/2024;DE0001030567;1.123
01/03/2024;DE0001030567;1.092
04/03/2024;DE0001030567;1.111
05/03/2024;DE0001030567;1.081
06/03/2024;DE0001030567;1.07
07/03/2024;DE0001030567;1.034
08/03/2024;DE0001030567;0.955
11/03/2024;DE0001030567;0.991
12/03/2024;DE0001030567;1.023
13/03/2024;DE0001030567;1.044
14/03/2024;DE0001030567;1.011
15/03/2024;DE0001030567;1.056
18/03/2024;DE0001030567;1.016
19/03/2024;DE0001030567;0.966
20/03/2024;DE0001030567;1.009
21/03/2024;DE0001030567;0.923
22/03/2024;DE0001030567;0.858
25/03/2024;DE0001030567;0.842
26/03/2024;DE0001030567;0.816
27/03/2024;DE0001030567;0.76
28/03/2024;DE0001030567;0.768
29/03/2024;DE0001030567;#N/A N/A
01/04/2024;DE0001030567;#N/A N/A
02/04/2024;DE0001030567;0.742
03/04/2024;DE0001030567;0.745
04/04/2024;DE0001030567;0.806
05/04/2024;DE0001030567;0.773
08/04/2024;DE0001030567;0.841
09/04/2024;DE0001030567;0.839
10/04/2024;DE0001030567;0.888
11/04/2024;DE0001030567;0.865
12/04/2024;DE0001030567;0.743
15/04/2024;DE0001030567;0.742
16/04/2024;DE0001030567;0.704
17/04/2024;DE0001030567;0.774
18/04/2024;DE0001030567;0.855
19/04/2024;DE0001030567;0.898
22/04/2024;DE0001030567;0.89
23/04/2024;DE0001030567;0.914
24/04/2024;DE0001030567;0.955
25/04/2024;DE0001030567;1.018
26/04/2024;DE0001030567;1.021
29/04/2024;DE0001030567;1.053
30/04/2024;DE0001030567;1.09
01/05/2024;DE0001030567;#N/A N/A
02/05/2024;DE0001030567;1.104
03/05/2024;DE0001030567;1.051
06/05/2024;DE0001030567;1.055
07/05/2024;DE0001030567;1.077
08/05/2024;DE0001030567;1.118
09/05/2024;DE0001030567;1.114
10/05/2024;DE0001030567;1.148
13/05/2024;DE0001030567;1.154
14/05/2024;DE0001030567;1.188
15/05/2024;DE0001030567;1.159
16/05/2024;DE0001030567;1.208
17/05/2024;DE0001030567;1.241
20/05/2024;DE0001030567;1.261
21/05/2024;DE0001030567;1.237
22/05/2024;DE0001030567;1.285
23/05/2024;DE0001030567;1.354
24/05/2024;DE0001030567;1.407
27/05/2024;DE0001030567;1.369
28/05/2024;DE0001030567;1.377
29/05/2024;DE0001030567;1.396
30/05/2024;DE0001030567;1.422
31/05/2024;DE0001030567;1.425
03/06/2024;DE0001030567;1.436
04/06/2024;DE0001030567;1.473
05/06/2024;DE0001030567;1.462
06/06/2024;DE0001030567;1.496
07/06/2024;DE0001030567;1.544
10/06/2024;DE0001030567;1.527
11/06/2024;DE0001030567;1.508
12/06/2024;DE0001030567;1.444
13/06/2024;DE0001030567;1.398
14/06/2024;DE0001030567;1.348
17/06/2024;DE0001030567;1.358
18/06/2024;DE0001030567;1.332
19/06/2024;DE0001030567;1.365
20/06/2024;DE0001030567;1.388
21/06/2024;DE0001030567;1.366
24/06/2024;DE0001030567;1.415
25/06/2024;DE0001030567;1.469
26/06/2024;DE0001030567;1.493
27/06/2024;DE0001030567;1.474
28/06/2024;DE0001030567;1.485
01/07/2024;DE0001030567;1.556
02/07/2024;DE0001030567;1.521
03/07/2024;DE0001030567;1.523
04/07/2024;DE0001030567;1.519
05/07/2024;DE0001030567;1.483
08/07/2024;DE0001030567;1.509
09/07/2024;DE0001030567;1.557
10/07/2024;DE0001030567;1.55
11/07/2024;DE0001030567;1.48
12/07/2024;DE0001030567;1.509
15/07/2024;DE0001030567;1.488
16/07/2024;DE0001030567;1.48
17/07/2024;DE0001030567;1.43
18/07/2024;DE0001030567;1.461
19/07/2024;DE0001030567;1.495
22/07/2024;DE0001030567;1.575
23/07/2024;DE0001030567;1.547
24/07/2024;DE0001030567;1.486
25/07/2024;DE0001030567;1.511
26/07/2024;DE0001030567;1.557
29/07/2024;DE0001030567;1.581
30/07/2024;DE0001030567;1.579
31/07/2024;DE0001030567;1.528
01/08/2024;DE0001030567;1.462
02/08/2024;DE0001030567;1.447
05/08/2024;DE0001030567;1.472
06/08/2024;DE0001030567;1.466
07/08/2024;DE0001030567;1.436
08/08/2024;DE0001030567;1.407
09/08/2024;DE0001030567;1.399
12/08/2024;DE0001030567;1.36
13/08/2024;DE0001030567;1.318
14/08/2024;DE0001030567;1.365
15/08/2024;DE0001030567;1.41
16/08/2024;DE0001030567;1.429
19/08/2024;DE0001030567;1.427
20/08/2024;DE0001030567;1.428
21/08/2024;DE0001030567;1.385
22/08/2024;DE0001030567;1.385
23/08/2024;DE0001030567;1.311
26/08/2024;DE0001030567;1.27
27/08/2024;DE0001030567;1.308
28/08/2024;DE0001030567;1.325
29/08/2024;DE0001030567;1.346
30/08/2024;DE0001030567;1.421
02/09/2024;DE0001030567;1.426
03/09/2024;DE0001030567;1.456
04/09/2024;DE0001030567;1.452
05/09/2024;DE0001030567;1.413
06/09/2024;DE0001030567;1.398
09/09/2024;DE0001030567;1.356
10/09/2024;DE0001030567;1.377
11/09/2024;DE0001030567;1.384
12/09/2024;DE0001030567;1.39
13/09/2024;DE0001030567;1.347
16/09/2024;DE0001030567;1.286
17/09/2024;DE0001030567;1.26
18/09/2024;DE0001030567;1.297
19/09/2024;DE0001030567;1.227
20/09/2024;DE0001030567;1.238
23/09/2024;DE0001030567;1.179
24/09/2024;DE0001030567;1.095
25/09/2024;DE0001030567;1.112
26/09/2024;DE0001030567;1.169
27/09/2024;DE0001030567;1.172
30/09/2024;DE0001030567;1.165
01/10/2024;DE0001030567;1.1
02/10/2024;DE0001030567;1.022
03/10/2024;DE0001030567;0.961
04/10/2024;DE0001030567;1.035
07/10/2024;DE0001030567;1.028
08/10/2024;DE0001030567;1.094
09/10/2024;DE0001030567;1.119
10/10/2024;DE0001030567;1.05
11/10/2024;DE0001030567;1.038
14/10/2024;DE0001030567;1.088
15/10/2024;DE0001030567;1.153
16/10/2024;DE0001030567;1.16
17/10/2024;DE0001030567;1.127
18/10/2024;DE0001030567;1.127
21/10/2024;DE0001030567;1.174
22/10/2024;DE0001030567;1.126
23/10/2024;DE0001030567;1.081
24/10/2024;DE0001030567;1.114
25/10/2024;DE0001030567;1.17
28/10/2024;DE0001030567;1.183
29/10/2024;DE0001030567;1.255
30/10/2024;DE0001030567;1.232
31/10/2024;DE0001030567;1.21
01/11/2024;DE0001030567;1.225
04/11/2024;DE0001030567;1.097
05/11/2024;DE0001030567;1.109
06/11/2024;DE0001030567;1.019
07/11/2024;DE0001030567;1.004
08/11/2024;DE0001030567;0.987
11/11/2024;DE0001030567;0.978
12/11/2024;DE0001030567;0.968
13/11/2024;DE0001030567;0.972
14/11/2024;DE0001030567;0.879
15/11/2024;DE0001030567;0.867
18/11/2024;DE0001030567;0.86
19/11/2024;DE0001030567;0.824
20/11/2024;DE0001030567;0.808
21/11/2024;DE0001030567;0.734
22/11/2024;DE0001030567;0.617
25/11/2024;DE0001030567;0.692
26/11/2024;DE0001030567;0.724
27/11/2024;DE0001030567;0.745
28/11/2024;DE0001030567;0.716
29/11/2024;DE0001030567;0.639
02/12/2024;DE0001030567;0.639
03/12/2024;DE0001030567;0.667
04/12/2024;DE0001030567;0.646
05/12/2024;DE0001030567;0.741
06/12/2024;DE0001030567;0.764
09/12/2024;DE0001030567;0.746
10/12/2024;DE0001030567;0.731
11/12/2024;DE0001030567;0.726
12/12/2024;DE0001030567;0.798
13/12/2024;DE0001030567;0.813
16/12/2024;DE0001030567;0.863
17/12/2024;DE0001030567;0.873
18/12/2024;DE0001030567;0.841
19/12/2024;DE0001030567;0.894
20/12/2024;DE0001030567;0.908
23/12/2024;DE0001030567;0.956
24/12/2024;DE0001030567;#N/A N/A
25/12/2024;DE0001030567;#N/A N/A
26/12/2024;DE0001030567;#N/A N/A
27/12/2024;DE0001030567;0.898
30/12/2024;DE0001030567;0.924
31/12/2024;DE0001030567;#N/A N/A
01/01/2025;DE0001030567;#N/A N/A
02/01/2025;DE0001030567;0.858
03/01/2025;DE0001030567;0.869
06/01/2025;DE0001030567;0.846
07/01/2025;DE0001030567;0.82
08/01/2025;DE0001030567;0.808
09/01/2025;DE0001030567;0.814
10/01/2025;DE0001030567;0.847
13/01/2025;DE0001030567;0.745
14/01/2025;DE0001030567;0.776
15/01/2025;DE0001030567;0.752
16/01/2025;DE0001030567;0.708
17/01/2025;DE0001030567;0.689
20/01/2025;DE0001030567;0.69
21/01/2025;DE0001030567;0.737
22/01/2025;DE0001030567;0.731
23/01/2025;DE0001030567;0.668
24/01/2025;DE0001030567;0.637
27/01/2025;DE0001030567;0.632
28/01/2025;DE0001030567;0.614
29/01/2025;DE0001030567;0.598
30/01/2025;DE0001030567;0.522
31/01/2025;DE0001030567;0.538
03/02/2025;DE0001030567;0.478
04/02/2025;DE0001030567;0.54
05/02/2025;DE0001030567;0.585
06/02/2025;DE0001030567;0.584
07/02/2025;DE0001030567;0.543
10/02/2025;DE0001030567;0.508
11/02/2025;DE0001030567;0.554
12/02/2025;DE0001030567;0.628
13/02/2025;DE0001030567;0.688
14/02/2025;DE0001030567;0.749
17/02/2025;DE0001030567;0.773
18/02/2025;DE0001030567;0.783
19/02/2025;DE0001030567;0.791
20/02/2025;DE0001030567;0.781
21/02/2025;DE0001030567;0.825
24/02/2025;DE0001030567;0.783
25/02/2025;DE0001030567;0.827
26/02/2025;DE0001030567;0.86
27/02/2025;DE0001030567;0.718
28/02/2025;DE0001030567;0.751
03/03/2025;DE0001030567;0.679
04/03/2025;DE0001030567;0.718
05/03/2025;DE0001030567;0.746
06/03/2025;DE0001030567;0.74
07/03/2025;DE0001030567;0.806
10/03/2025;DE0001030567;0.756
11/03/2025;DE0001030567;0.733
12/03/2025;DE0001030567;0.736
13/03/2025;DE0001030567;0.734
14/03/2025;DE0001030567;0.699
17/03/2025;DE0001030567;0.72
18/03/2025;DE0001030567;0.736
19/03/2025;DE0001030567;0.689
20/03/2025;DE0001030567;0.624
21/03/2025;DE0001030567;0.562
24/03/2025;DE0001030567;0.516
25/03/2025;DE0001030567;0.47
26/03/2025;DE0001030567;0.468
27/03/2025;DE0001030567;0.452
28/03/2025;DE0001030567;0.423
31/03/2025;DE0001030567;0.394
01/04/2025;DE0001030567;0.338
02/04/2025;DE0001030567;0.36
03/04/2025;DE0001030567;0.381
04/04/2025;DE0001030567;0.389
07/04/2025;DE0001030567;0.48
08/04/2025;DE0001030567;0.524
09/04/2025;DE0001030567;0.459
10/04/2025;DE0001030567;0.548
11/04/2025;DE0001030567;0.578
14/04/2025;DE0001030567;0.563
15/04/2025;DE0001030567;0.653
16/04/2025;DE0001030567;0.621
17/04/2025;DE0001030567;0.553
18/04/2025;DE0001030567;#N/A N/A
21/04/2025;DE0001030567;#N/A N/A
22/04/2025;DE0001030567;0.519
23/04/2025;DE0001030567;0.592
24/04/2025;DE0001030567;0.523
25/04/2025;DE0001030567;0.589
28/04/2025;DE0001030567;0.59
29/04/2025;DE0001030567;0.688
30/04/2025;DE0001030567;0.704
01/05/2025;DE0001030567;#N/A N/A
02/05/2025;DE0001030567;0.679
05/05/2025;DE0001030567;0.704
06/05/2025;DE0001030567;0.678
07/05/2025;DE0001030567;0.773
08/05/2025;DE0001030567;0.784
09/05/2025;DE0001030567;0.778
12/05/2025;DE0001030567;0.769
13/05/2025;DE0001030567;0.817
14/05/2025;DE0001030567;0.829
15/05/2025;DE0001030567;0.902
16/05/2025;DE0001030567;0.855
19/05/2025;DE0001030567;0.847
20/05/2025;DE0001030567;0.848
21/05/2025;DE0001030567;0.892
22/05/2025;DE0001030567;0.959
23/05/2025;DE0001030567;0.975
26/05/2025;DE0001030567;1.01
27/05/2025;DE0001030567;0.998
28/05/2025;DE0001030567;1.042
29/05/2025;DE0001030567;1.164
30/05/2025;DE0001030567;1.207
02/06/2025;DE0001030567;1.237
03/06/2025;DE0001030567;1.232
04/06/2025;DE0001030567;1.27
05/06/2025;DE0001030567;1.376
06/06/2025;DE0001030567;1.348
09/06/2025;DE0001030567;1.382
10/06/2025;DE0001030567;1.421
11/06/2025;DE0001030567;1.427
12/06/2025;DE0001030567;1.422
13/06/2025;DE0001030567;1.358
16/06/2025;DE0001030567;1.413
17/06/2025;DE0001030567;1.4
18/06/2025;DE0001030567;1.363
19/06/2025;DE0001030567;1.34
20/06/2025;DE0001030567;1.385
23/06/2025;DE0001030567;1.342
24/06/2025;DE0001030567;1.58
25/06/2025;DE0001030567;1.589
26/06/2025;DE0001030567;1.661
27/06/2025;DE0001030567;1.683
30/06/2025;DE0001030567;1.659
01/07/2025;DE0001030567;1.647
02/07/2025;DE0001030567;1.607
03/07/2025;DE0001030567;1.656
04/07/2025;DE0001030567;1.675
07/07/2025;DE0001030567;1.661
08/07/2025;DE0001030567;1.662
09/07/2025;DE0001030567;1.667
10/07/2025;DE0001030567;1.64
11/07/2025;DE0001030567;1.636
14/07/2025;DE0001030567;1.59
15/07/2025;DE0001030567;1.585
16/07/2025;DE0001030567;1.65
17/07/2025;DE0001030567;1.604
18/07/2025;DE0001030567;1.594
21/07/2025;DE0001030567;1.574
22/07/2025;DE0001030567;1.552
23/07/2025;DE0001030567;1.574
24/07/2025;DE0001030567;1.545
25/07/2025;DE0001030567;1.536
28/07/2025;DE0001030567;1.578
29/07/2025;DE0001030567;1.556
30/07/2025;DE0001030567;1.518
31/07/2025;DE0001030567;1.552
01/08/2025;DE0001030567;1.568
04/08/2025;DE0001030567;1.573
05/08/2025;DE0001030567;1.599
06/08/2025;DE0001030567;1.589
07/08/2025;DE0001030567;1.595
08/08/2025;DE0001030567;1.609
11/08/2025;DE0001030567;1.659
12/08/2025;DE0001030567;1.694
13/08/2025;DE0001030567;1.702
14/08/2025;DE0001030567;1.725
15/08/2025;DE0001030567;1.715
18/08/2025;DE0001030567;1.779
19/08/2025;DE0001030567;1.781
20/08/2025;DE0001030567;1.759
21/08/2025;DE0001030567;1.829
22/08/2025;DE0001030567;1.86
25/08/2025;DE0001030567;1.841
26/08/2025;DE0001030567;1.841
27/08/2025;DE0001030567;1.836
28/08/2025;DE0001030567;1.832
29/08/2025;DE0001030567;1.884
01/09/2025;DE0001030567;1.933
02/09/2025;DE0001030567;1.924
03/09/2025;DE0001030567;1.972
04/09/2025;DE0001030567;2.05
05/09/2025;DE0001030567;2.032
08/09/2025;DE0001030567;2.038
09/09/2025;DE0001030567;2.052
10/09/2025;DE0001030567;2.069
11/09/2025;DE0001030567;2.091
12/09/2025;DE0001030567;2.037
15/09/2025;DE0001030567;2.02
16/09/2025;DE0001030567;1.98
17/09/2025;DE0001030567;1.982
18/09/2025;DE0001030567;1.992
19/09/2025;DE0001030567;1.98
22/09/2025;DE0001030567;2.017
23/09/2025;DE0001030567;2.021
24/09/2025;DE0001030567;1.947
25/09/2025;DE0001030567;1.914
26/09/2025;DE0001030567;1.896
29/09/2025;DE0001030567;1.899
30/09/2025;DE0001030567;1.954
01/10/2025;DE0001030567;2.008
02/10/2025;DE0001030567;2.054
03/10/2025;DE0001030567;2.125
06/10/2025;DE0001030567;2.158
07/10/2025;DE0001030567;2.165
08/10/2025;DE0001030567;2.154
09/10/2025;DE0001030567;2.146
10/10/2025;DE0001030567;2.198
13/10/2025;DE0001030567;2.186
14/10/2025;DE0001030567;2.222
15/10/2025;DE0001030567;2.316
16/10/2025;DE0001030567;2.322
17/10/2025;DE0001030567;2.38
20/10/2025;DE0001030567;2.409
21/10/2025;DE0001030567;2.408
22/10/2025;DE0001030567;2.332
23/10/2025;DE0001030567;2.303
24/10/2025;DE0001030567;2.339
27/10/2025;DE0001030567;2.339
28/10/2025;DE0001030567;2.355
29/10/2025;DE0001030567;2.382
30/10/2025;DE0001030567;2.378
31/10/2025;DE0001030567;2.337
03/11/2025;DE0001030567;2.267
04/11/2025;DE0001030567;2.253
05/11/2025;DE0001030567;2.318
06/11/2025;DE0001030567;2.338
07/11/2025;DE0001030567;2.367
10/11/2025;DE0001030567;2.437
11/11/2025;DE0001030567;2.468
12/11/2025;DE0001030567;2.424
13/11/2025;DE0001030567;2.455
14/11/2025;DE0001030567;2.469
17/11/2025;DE0001030567;2.476
18/11/2025;DE0001030567;2.42
19/11/2025;DE0001030567;2.45
20/11/2025;DE0001030567;2.456
21/11/2025;DE0001030567;2.528
24/11/2025;DE0001030567;2.567
25/11/2025;DE0001030567;2.595
26/11/2025;DE0001030567;2.584
27/11/2025;DE0001030567;2.611
28/11/2025;DE0001030567;2.597
01/12/2025;DE0001030567;2.653
02/12/2025;DE0001030567;2.584
03/12/2025;DE0001030567;2.677
04/12/2025;DE0001030567;2.699
05/12/2025;DE0001030567;2.688
08/12/2025;DE0001030567;2.716
09/12/2025;DE0001030567;2.786
10/12/2025;DE0001030567;2.926
11/12/2025;DE0001030567;2.97
12/12/2025;DE0001030567;3.041
15/12/2025;DE0001030567;3.105
16/12/2025;DE0001030567;3.23
17/12/2025;DE0001030567;3.331
18/12/2025;DE0001030567;3.415
19/12/2025;DE0001030567;3.487
22/12/2025;DE0001030567;3.418
23/12/2025;DE0001030567;3.678
24/12/2025;DE0001030567;#N/A N/A
25/12/2025;DE0001030567;#N/A N/A
26/12/2025;DE0001030567;#N/A N/A
29/12/2025;DE0001030567;3.915
30/12/2025;DE0001030567;3.928
31/12/2025;DE0001030567;#N/A N/A
01/01/2026;DE0001030567;#N/A N/A
02/01/2026;DE0001030567;3.964
05/01/2026;DE0001030567;3.87
06/01/2026;DE0001030567;3.846
07/01/2026;DE0001030567;3.96
08/01/2026;DE0001030567;3.914
09/01/2026;DE0001030567;3.818
12/01/2026;DE0001030567;3.764
13/01/2026;DE0001030567;3.556
14/01/2026;DE0001030567;3.432
15/01/2026;DE0001030567;3.4
16/01/2026;DE0001030567;3.321
19/01/2026;DE0001030567;3.337
20/01/2026;DE0001030567;3.301
21/01/2026;DE0001030567;3.319
22/01/2026;DE0001030567;3.243
23/01/2026;DE0001030567;3.15
26/01/2026;DE0001030567;3.05
27/01/2026;DE0001030567;3.09
28/01/2026;DE0001030567;3.097
29/01/2026;DE0001030567;2.89
30/01/2026;DE0001030567;2.903
02/02/2026;DE0001030567;3.251
03/02/2026;DE0001030567;3.069
04/02/2026;DE0001030567;3.222
05/02/2026;DE0001030567;3.34
06/02/2026;DE0001030567;3.396
09/02/2026;DE0001030567;3.446
10/02/2026;DE0001030567;3.445
11/02/2026;DE0001030567;3.515
12/02/2026;DE0001030567;3.734
13/02/2026;DE0001030567;3.831
16/02/2026;DE0001030567;3.918
17/02/2026;DE0001030567;4.006
18/02/2026;DE0001030567;4.041
19/02/2026;DE0001030567;4.235
20/02/2026;DE0001030567;4.307
23/02/2026;DE0001030567;4.411
24/02/2026;DE0001030567;4.48
25/02/2026;DE0001030567;4.431
26/02/2026;DE0001030567;4.707
27/02/2026;DE0001030567;4.49
02/03/2026;DE0001030567;4.393
03/03/2026;DE0001030567;4.026
04/03/2026;DE0001030567;3.842
05/03/2026;DE0001030567;3.507
06/03/2026;DE0001030567;3.208
09/03/2026;DE0001030567;2.935
10/03/2026;DE0001030567;3.123
11/03/2026;DE0001030567;3.161
12/03/2026;DE0001030567;2.229
13/03/2026;DE0001030567;1.925
16/03/2026;DE0001030567;1.568
17/03/2026;DE0001030567;1.414
18/03/2026;DE0001030567;0.969
19/03/2026;DE0001030567;-0.293
20/03/2026;DE0001030567;-0.33
23/03/2026;DE0001030567;-1.004
24/03/2026;DE0001030567;-0.721
25/03/2026;DE0001030567;-1.708
26/03/2026;DE0001030567;-4.286
27/03/2026;DE0001030567;-4.678
30/03/2026;DE0001030567;-5.132
31/03/2026;DE0001030567;-5.562
01/04/2026;DE0001030567;-5.638
02/04/2026;DE0001030567;-5.117
03/04/2026;DE0001030567;#N/A N/A
06/04/2026;DE0001030567;#N/A N/A
07/04/2026;DE0001030567;-4.718
08/04/2026;DE0001030567;-4.233
09/04/2026;DE0001030567;-3.783
10/04/2026;DE0001030567;1.345
13/04/2026;DE0001030567;1.179
14/04/2026;DE0001030567;#N/A N/A
15/04/2026;DE0001030567;#N/A N/A
16/06/2015;DE0001030575;-0.113
17/06/2015;DE0001030575;-0.103
18/06/2015;DE0001030575;-0.1
19/06/2015;DE0001030575;-0.13
22/06/2015;DE0001030575;-0.009
23/06/2015;DE0001030575;-0.022
24/06/2015;DE0001030575;-0.043
25/06/2015;DE0001030575;-0.024
26/06/2015;DE0001030575;0.02
29/06/2015;DE0001030575;-0.046
30/06/2015;DE0001030575;-0.125
01/07/2015;DE0001030575;-0.034
02/07/2015;DE0001030575;0.006
03/07/2015;DE0001030575;-0.088
06/07/2015;DE0001030575;-0.119
07/07/2015;DE0001030575;-0.214
08/07/2015;DE0001030575;-0.214
09/07/2015;DE0001030575;-0.145
10/07/2015;DE0001030575;0.015
13/07/2015;DE0001030575;0.012
14/07/2015;DE0001030575;-0.01
15/07/2015;DE0001030575;-0.103
16/07/2015;DE0001030575;-0.103
17/07/2015;DE0001030575;-0.134
20/07/2015;DE0001030575;-0.162
21/07/2015;DE0001030575;-0.113
22/07/2015;DE0001030575;-0.144
23/07/2015;DE0001030575;-0.145
24/07/2015;DE0001030575;-0.19
27/07/2015;DE0001030575;-0.182
28/07/2015;DE0001030575;-0.184
29/07/2015;DE0001030575;-0.176
30/07/2015;DE0001030575;-0.275
31/07/2015;DE0001030575;-0.303
03/08/2015;DE0001030575;-0.281
04/08/2015;DE0001030575;-0.25
05/08/2015;DE0001030575;-0.137
06/08/2015;DE0001030575;-0.149
07/08/2015;DE0001030575;-0.189
10/08/2015;DE0001030575;-0.144
11/08/2015;DE0001030575;-0.177
12/08/2015;DE0001030575;-0.142
13/08/2015;DE0001030575;-0.112
14/08/2015;DE0001030575;-0.14
17/08/2015;DE0001030575;-0.185
18/08/2015;DE0001030575;-0.149
19/08/2015;DE0001030575;-0.183
20/08/2015;DE0001030575;-0.214
21/08/2015;DE0001030575;-0.195
24/08/2015;DE0001030575;-0.15
25/08/2015;DE0001030575;-0.044
26/08/2015;DE0001030575;-0.047
27/08/2015;DE0001030575;-0.005
28/08/2015;DE0001030575;-0.078
31/08/2015;DE0001030575;-0.055
01/09/2015;DE0001030575;-0.085
02/09/2015;DE0001030575;-0.108
03/09/2015;DE0001030575;-0.128
04/09/2015;DE0001030575;-0.176
07/09/2015;DE0001030575;-0.105
08/09/2015;DE0001030575;-0.077
09/09/2015;DE0001030575;-0.078
10/09/2015;DE0001030575;-0.062
11/09/2015;DE0001030575;-0.07
14/09/2015;DE0001030575;-0.086
15/09/2015;DE0001030575;-0.001
16/09/2015;DE0001030575;-0.006
17/09/2015;DE0001030575;0.002
18/09/2015;DE0001030575;-0.106
21/09/2015;DE0001030575;-0.087
22/09/2015;DE0001030575;-0.181
23/09/2015;DE0001030575;-0.195
24/09/2015;DE0001030575;-0.178
25/09/2015;DE0001030575;-0.124
28/09/2015;DE0001030575;-0.137
29/09/2015;DE0001030575;-0.082
30/09/2015;DE0001030575;-0.078
01/10/2015;DE0001030575;-0.13
02/10/2015;DE0001030575;-0.149
05/10/2015;DE0001030575;-0.098
06/10/2015;DE0001030575;-0.079
07/10/2015;DE0001030575;-0.115
08/10/2015;DE0001030575;-0.132
09/10/2015;DE0001030575;-0.109
12/10/2015;DE0001030575;-0.152
13/10/2015;DE0001030575;-0.139
14/10/2015;DE0001030575;-0.164
15/10/2015;DE0001030575;-0.18
16/10/2015;DE0001030575;-0.203
19/10/2015;DE0001030575;-0.18
20/10/2015;DE0001030575;-0.119
21/10/2015;DE0001030575;-0.175
22/10/2015;DE0001030575;-0.262
23/10/2015;DE0001030575;-0.243
26/10/2015;DE0001030575;-0.264
27/10/2015;DE0001030575;-0.304
28/10/2015;DE0001030575;-0.322
29/10/2015;DE0001030575;-0.256
30/10/2015;DE0001030575;-0.292
02/11/2015;DE0001030575;-0.244
03/11/2015;DE0001030575;-0.191
04/11/2015;DE0001030575;-0.162
05/11/2015;DE0001030575;-0.133
06/11/2015;DE0001030575;-0.073
09/11/2015;DE0001030575;-0.054
10/11/2015;DE0001030575;-0.088
11/11/2015;DE0001030575;-0.082
12/11/2015;DE0001030575;-0.121
13/11/2015;DE0001030575;-0.138
16/11/2015;DE0001030575;-0.162
17/11/2015;DE0001030575;-0.141
18/11/2015;DE0001030575;-0.19
19/11/2015;DE0001030575;-0.24
20/11/2015;DE0001030575;-0.267
23/11/2015;DE0001030575;-0.217
24/11/2015;DE0001030575;-0.238
25/11/2015;DE0001030575;-0.248
26/11/2015;DE0001030575;-0.257
27/11/2015;DE0001030575;-0.282
30/11/2015;DE0001030575;-0.284
01/12/2015;DE0001030575;-0.286
02/12/2015;DE0001030575;-0.268
03/12/2015;DE0001030575;-0.102
04/12/2015;DE0001030575;-0.019
07/12/2015;DE0001030575;-0.095
08/12/2015;DE0001030575;-0.138
09/12/2015;DE0001030575;-0.118
10/12/2015;DE0001030575;-0.137
11/12/2015;DE0001030575;-0.141
14/12/2015;DE0001030575;-0.121
15/12/2015;DE0001030575;-0.089
16/12/2015;DE0001030575;-0.036
17/12/2015;DE0001030575;-0.088
18/12/2015;DE0001030575;-0.127
21/12/2015;DE0001030575;-0.108
22/12/2015;DE0001030575;-0.044
23/12/2015;DE0001030575;0.013
24/12/2015;DE0001030575;#N/A N/A
25/12/2015;DE0001030575;#N/A N/A
28/12/2015;DE0001030575;-0.068
29/12/2015;DE0001030575;0.028
30/12/2015;DE0001030575;0.048
31/12/2015;DE0001030575;0.048
01/01/2016;DE0001030575;#N/A N/A
04/01/2016;DE0001030575;-0.019
05/01/2016;DE0001030575;0.005
06/01/2016;DE0001030575;-0.011
07/01/2016;DE0001030575;0.003
08/01/2016;DE0001030575;-0.054
11/01/2016;DE0001030575;-0.048
12/01/2016;DE0001030575;-0.07
13/01/2016;DE0001030575;-0.116
14/01/2016;DE0001030575;-0.087
15/01/2016;DE0001030575;-0.096
18/01/2016;DE0001030575;-0.09
19/01/2016;DE0001030575;-0.1
20/01/2016;DE0001030575;-0.155
21/01/2016;DE0001030575;-0.155
22/01/2016;DE0001030575;-0.115
25/01/2016;DE0001030575;-0.146
26/01/2016;DE0001030575;-0.188
27/01/2016;DE0001030575;-0.191
28/01/2016;DE0001030575;-0.257
29/01/2016;DE0001030575;-0.306
01/02/2016;DE0001030575;-0.258
02/02/2016;DE0001030575;-0.264
03/02/2016;DE0001030575;-0.296
04/02/2016;DE0001030575;-0.289
05/02/2016;DE0001030575;-0.324
08/02/2016;DE0001030575;-0.392
09/02/2016;DE0001030575;-0.358
10/02/2016;DE0001030575;-0.342
11/02/2016;DE0001030575;-0.386
12/02/2016;DE0001030575;-0.327
15/02/2016;DE0001030575;-0.357
16/02/2016;DE0001030575;-0.285
17/02/2016;DE0001030575;-0.271
18/02/2016;DE0001030575;-0.343
19/02/2016;DE0001030575;-0.321
22/02/2016;DE0001030575;-0.378
23/02/2016;DE0001030575;-0.373
24/02/2016;DE0001030575;-0.392
25/02/2016;DE0001030575;-0.367
26/02/2016;DE0001030575;-0.338
29/02/2016;DE0001030575;-0.31
01/03/2016;DE0001030575;-0.245
02/03/2016;DE0001030575;-0.204
03/03/2016;DE0001030575;-0.303
04/03/2016;DE0001030575;-0.29
07/03/2016;DE0001030575;-0.3
08/03/2016;DE0001030575;-0.328
09/03/2016;DE0001030575;-0.271
10/03/2016;DE0001030575;-0.231
11/03/2016;DE0001030575;-0.296
14/03/2016;DE0001030575;-0.278
15/03/2016;DE0001030575;-0.199
16/03/2016;DE0001030575;-0.199
17/03/2016;DE0001030575;-0.334
18/03/2016;DE0001030575;-0.378
21/03/2016;DE0001030575;-0.34
22/03/2016;DE0001030575;-0.384
23/03/2016;DE0001030575;-0.391
24/03/2016;DE0001030575;-0.402
25/03/2016;DE0001030575;#N/A N/A
28/03/2016;DE0001030575;#N/A N/A
29/03/2016;DE0001030575;-0.435
30/03/2016;DE0001030575;-0.436
31/03/2016;DE0001030575;-0.445
01/04/2016;DE0001030575;-0.481
04/04/2016;DE0001030575;-0.518
05/04/2016;DE0001030575;-0.561
06/04/2016;DE0001030575;-0.561
07/04/2016;DE0001030575;-0.587
08/04/2016;DE0001030575;-0.544
11/04/2016;DE0001030575;-0.478
12/04/2016;DE0001030575;-0.401
13/04/2016;DE0001030575;-0.447
14/04/2016;DE0001030575;-0.419
15/04/2016;DE0001030575;-0.477
18/04/2016;DE0001030575;-0.445
19/04/2016;DE0001030575;-0.448
20/04/2016;DE0001030575;-0.467
21/04/2016;DE0001030575;-0.376
22/04/2016;DE0001030575;-0.348
25/04/2016;DE0001030575;-0.316
26/04/2016;DE0001030575;-0.291
27/04/2016;DE0001030575;-0.276
28/04/2016;DE0001030575;-0.332
29/04/2016;DE0001030575;-0.376
02/05/2016;DE0001030575;-0.391
03/05/2016;DE0001030575;-0.462
04/05/2016;DE0001030575;-0.451
05/05/2016;DE0001030575;-0.492
06/05/2016;DE0001030575;-0.521
09/05/2016;DE0001030575;-0.555
10/05/2016;DE0001030575;-0.533
11/05/2016;DE0001030575;-0.547
12/05/2016;DE0001030575;-0.528
13/05/2016;DE0001030575;-0.562
16/05/2016;DE0001030575;-0.554
17/05/2016;DE0001030575;-0.579
18/05/2016;DE0001030575;-0.519
19/05/2016;DE0001030575;-0.509
20/05/2016;DE0001030575;-0.507
23/05/2016;DE0001030575;-0.486
24/05/2016;DE0001030575;-0.483
25/05/2016;DE0001030575;-0.522
26/05/2016;DE0001030575;-0.523
27/05/2016;DE0001030575;-0.516
30/05/2016;DE0001030575;-0.464
31/05/2016;DE0001030575;-0.49
01/06/2016;DE0001030575;-0.478
02/06/2016;DE0001030575;-0.498
03/06/2016;DE0001030575;-0.549
06/06/2016;DE0001030575;-0.54
07/06/2016;DE0001030575;-0.58
08/06/2016;DE0001030575;-0.595
09/06/2016;DE0001030575;-0.612
10/06/2016;DE0001030575;-0.611
13/06/2016;DE0001030575;-0.602
14/06/2016;DE0001030575;-0.661
15/06/2016;DE0001030575;-0.677
16/06/2016;DE0001030575;-0.705
17/06/2016;DE0001030575;-0.65
20/06/2016;DE0001030575;-0.605
21/06/2016;DE0001030575;-0.601
22/06/2016;DE0001030575;-0.593
23/06/2016;DE0001030575;-0.543
24/06/2016;DE0001030575;-0.739
27/06/2016;DE0001030575;-0.777
28/06/2016;DE0001030575;-0.764
29/06/2016;DE0001030575;-0.824
30/06/2016;DE0001030575;-0.835
01/07/2016;DE0001030575;-0.791
04/07/2016;DE0001030575;-0.753
05/07/2016;DE0001030575;-0.778
06/07/2016;DE0001030575;-0.745
07/07/2016;DE0001030575;-0.731
08/07/2016;DE0001030575;-0.74
11/07/2016;DE0001030575;-0.719
12/07/2016;DE0001030575;-0.641
13/07/2016;DE0001030575;-0.718
14/07/2016;DE0001030575;-0.692
15/07/2016;DE0001030575;-0.667
18/07/2016;DE0001030575;-0.661
19/07/2016;DE0001030575;-0.668
20/07/2016;DE0001030575;-0.632
21/07/2016;DE0001030575;-0.641
22/07/2016;DE0001030575;-0.668
25/07/2016;DE0001030575;-0.703
26/07/2016;DE0001030575;-0.73
27/07/2016;DE0001030575;-0.808
28/07/2016;DE0001030575;-0.851
29/07/2016;DE0001030575;-0.879
01/08/2016;DE0001030575;-0.855
02/08/2016;DE0001030575;-0.763
03/08/2016;DE0001030575;-0.758
04/08/2016;DE0001030575;-0.8
05/08/2016;DE0001030575;-0.77
08/08/2016;DE0001030575;-0.783
09/08/2016;DE0001030575;-0.801
10/08/2016;DE0001030575;-0.849
11/08/2016;DE0001030575;-0.833
12/08/2016;DE0001030575;-0.859
15/08/2016;DE0001030575;-0.85
16/08/2016;DE0001030575;-0.801
17/08/2016;DE0001030575;-0.814
18/08/2016;DE0001030575;-0.826
19/08/2016;DE0001030575;-0.761
22/08/2016;DE0001030575;-0.806
23/08/2016;DE0001030575;-0.799
24/08/2016;DE0001030575;-0.772
25/08/2016;DE0001030575;-0.735
26/08/2016;DE0001030575;-0.732
29/08/2016;DE0001030575;-0.74
30/08/2016;DE0001030575;-0.741
31/08/2016;DE0001030575;-0.697
01/09/2016;DE0001030575;-0.686
02/09/2016;DE0001030575;-0.637
05/09/2016;DE0001030575;-0.64
06/09/2016;DE0001030575;-0.699
07/09/2016;DE0001030575;-0.763
08/09/2016;DE0001030575;-0.686
09/09/2016;DE0001030575;-0.604
12/09/2016;DE0001030575;-0.602
13/09/2016;DE0001030575;-0.567
14/09/2016;DE0001030575;-0.596
15/09/2016;DE0001030575;-0.541
16/09/2016;DE0001030575;-0.547
19/09/2016;DE0001030575;-0.555
20/09/2016;DE0001030575;-0.634
21/09/2016;DE0001030575;-0.631
22/09/2016;DE0001030575;-0.752
23/09/2016;DE0001030575;-0.736
26/09/2016;DE0001030575;-0.738
27/09/2016;DE0001030575;-0.737
28/09/2016;DE0001030575;-0.753
29/09/2016;DE0001030575;-0.765
30/09/2016;DE0001030575;-0.789
03/10/2016;DE0001030575;-0.775
04/10/2016;DE0001030575;-0.739
05/10/2016;DE0001030575;-0.684
06/10/2016;DE0001030575;-0.681
07/10/2016;DE0001030575;-0.63
10/10/2016;DE0001030575;-0.58
11/10/2016;DE0001030575;-0.633
12/10/2016;DE0001030575;-0.561
13/10/2016;DE0001030575;-0.591
14/10/2016;DE0001030575;-0.583
17/10/2016;DE0001030575;-0.596
18/10/2016;DE0001030575;-0.642
19/10/2016;DE0001030575;-0.664
20/10/2016;DE0001030575;-0.718
21/10/2016;DE0001030575;-0.719
24/10/2016;DE0001030575;-0.707
25/10/2016;DE0001030575;-0.705
26/10/2016;DE0001030575;-0.635
27/10/2016;DE0001030575;-0.534
28/10/2016;DE0001030575;-0.562
31/10/2016;DE0001030575;-0.571
01/11/2016;DE0001030575;-0.554
02/11/2016;DE0001030575;-0.568
03/11/2016;DE0001030575;-0.543
04/11/2016;DE0001030575;-0.597
07/11/2016;DE0001030575;-0.593
08/11/2016;DE0001030575;-0.553
09/11/2016;DE0001030575;-0.531
10/11/2016;DE0001030575;-0.486
11/11/2016;DE0001030575;-0.474
14/11/2016;DE0001030575;-0.492
15/11/2016;DE0001030575;-0.506
16/11/2016;DE0001030575;-0.487
17/11/2016;DE0001030575;-0.506
18/11/2016;DE0001030575;-0.537
21/11/2016;DE0001030575;-0.574
22/11/2016;DE0001030575;-0.622
23/11/2016;DE0001030575;-0.581
24/11/2016;DE0001030575;-0.575
25/11/2016;DE0001030575;-0.575
28/11/2016;DE0001030575;-0.598
29/11/2016;DE0001030575;-0.571
30/11/2016;DE0001030575;-0.529
01/12/2016;DE0001030575;-0.458
02/12/2016;DE0001030575;-0.569
05/12/2016;DE0001030575;-0.553
06/12/2016;DE0001030575;-0.532
07/12/2016;DE0001030575;-0.525
08/12/2016;DE0001030575;-0.424
09/12/2016;DE0001030575;-0.393
12/12/2016;DE0001030575;-0.366
13/12/2016;DE0001030575;-0.426
14/12/2016;DE0001030575;-0.497
15/12/2016;DE0001030575;-0.42
16/12/2016;DE0001030575;-0.489
19/12/2016;DE0001030575;-0.59
20/12/2016;DE0001030575;-0.584
21/12/2016;DE0001030575;-0.63
22/12/2016;DE0001030575;-0.612
23/12/2016;DE0001030575;-0.651
26/12/2016;DE0001030575;#N/A N/A
27/12/2016;DE0001030575;-0.669
28/12/2016;DE0001030575;-0.675
29/12/2016;DE0001030575;-0.705
30/12/2016;DE0001030575;-0.656
02/01/2017;DE0001030575;-0.692
03/01/2017;DE0001030575;-0.638
04/01/2017;DE0001030575;-0.616
05/01/2017;DE0001030575;-0.654
06/01/2017;DE0001030575;-0.586
09/01/2017;DE0001030575;-0.581
10/01/2017;DE0001030575;-0.578
11/01/2017;DE0001030575;-0.612
12/01/2017;DE0001030575;-0.592
13/01/2017;DE0001030575;-0.52
16/01/2017;DE0001030575;-0.523
17/01/2017;DE0001030575;-0.524
18/01/2017;DE0001030575;-0.508
19/01/2017;DE0001030575;-0.476
20/01/2017;DE0001030575;-0.466
23/01/2017;DE0001030575;-0.548
24/01/2017;DE0001030575;-0.525
25/01/2017;DE0001030575;-0.461
26/01/2017;DE0001030575;-0.468
27/01/2017;DE0001030575;-0.505
30/01/2017;DE0001030575;-0.517
31/01/2017;DE0001030575;-0.541
01/02/2017;DE0001030575;-0.471
02/02/2017;DE0001030575;-0.492
03/02/2017;DE0001030575;-0.482
06/02/2017;DE0001030575;-0.488
07/02/2017;DE0001030575;-0.494
08/02/2017;DE0001030575;-0.557
09/02/2017;DE0001030575;-0.556
10/02/2017;DE0001030575;-0.54
13/02/2017;DE0001030575;-0.542
14/02/2017;DE0001030575;-0.507
15/02/2017;DE0001030575;-0.51
16/02/2017;DE0001030575;-0.563
17/02/2017;DE0001030575;-0.613
20/02/2017;DE0001030575;-0.585
21/02/2017;DE0001030575;-0.561
22/02/2017;DE0001030575;-0.566
23/02/2017;DE0001030575;-0.636
24/02/2017;DE0001030575;-0.685
27/02/2017;DE0001030575;-0.649
28/02/2017;DE0001030575;-0.62
01/03/2017;DE0001030575;-0.535
02/03/2017;DE0001030575;-0.49
03/03/2017;DE0001030575;-0.468
06/03/2017;DE0001030575;-0.452
07/03/2017;DE0001030575;-0.471
08/03/2017;DE0001030575;-0.455
09/03/2017;DE0001030575;-0.411
10/03/2017;DE0001030575;-0.403
13/03/2017;DE0001030575;-0.418
14/03/2017;DE0001030575;-0.44
15/03/2017;DE0001030575;-0.464
16/03/2017;DE0001030575;-0.441
17/03/2017;DE0001030575;-0.465
20/03/2017;DE0001030575;-0.438
21/03/2017;DE0001030575;-0.424
22/03/2017;DE0001030575;-0.442
23/03/2017;DE0001030575;-0.378
24/03/2017;DE0001030575;-0.433
27/03/2017;DE0001030575;-0.429
28/03/2017;DE0001030575;-0.425
29/03/2017;DE0001030575;-0.442
30/03/2017;DE0001030575;-0.454
31/03/2017;DE0001030575;-0.443
03/04/2017;DE0001030575;-0.471
04/04/2017;DE0001030575;-0.48
05/04/2017;DE0001030575;-0.481
06/04/2017;DE0001030575;-0.49
07/04/2017;DE0001030575;-0.542
10/04/2017;DE0001030575;-0.562
11/04/2017;DE0001030575;-0.567
12/04/2017;DE0001030575;-0.589
13/04/2017;DE0001030575;-0.589
14/04/2017;DE0001030575;-0.589
17/04/2017;DE0001030575;#N/A N/A
18/04/2017;DE0001030575;-0.62
19/04/2017;DE0001030575;-0.574
20/04/2017;DE0001030575;-0.523
21/04/2017;DE0001030575;-0.52
24/04/2017;DE0001030575;-0.441
25/04/2017;DE0001030575;-0.386
26/04/2017;DE0001030575;-0.405
27/04/2017;DE0001030575;-0.456
28/04/2017;DE0001030575;-0.46
01/05/2017;DE0001030575;#N/A N/A
02/05/2017;DE0001030575;-0.471
03/05/2017;DE0001030575;-0.471
04/05/2017;DE0001030575;-0.37
05/05/2017;DE0001030575;-0.332
08/05/2017;DE0001030575;-0.315
09/05/2017;DE0001030575;-0.29
10/05/2017;DE0001030575;-0.32
11/05/2017;DE0001030575;-0.31
12/05/2017;DE0001030575;-0.327
15/05/2017;DE0001030575;-0.272
16/05/2017;DE0001030575;-0.253
17/05/2017;DE0001030575;-0.298
18/05/2017;DE0001030575;-0.301
19/05/2017;DE0001030575;-0.276
22/05/2017;DE0001030575;-0.257
23/05/2017;DE0001030575;-0.265
24/05/2017;DE0001030575;-0.272
25/05/2017;DE0001030575;-0.291
26/05/2017;DE0001030575;-0.304
29/05/2017;DE0001030575;-0.322
30/05/2017;DE0001030575;-0.32
31/05/2017;DE0001030575;-0.283
01/06/2017;DE0001030575;-0.28
02/06/2017;DE0001030575;-0.323
05/06/2017;DE0001030575;-0.321
06/06/2017;DE0001030575;-0.344
07/06/2017;DE0001030575;-0.316
08/06/2017;DE0001030575;-0.33
09/06/2017;DE0001030575;-0.294
12/06/2017;DE0001030575;-0.308
13/06/2017;DE0001030575;-0.318
14/06/2017;DE0001030575;-0.359
15/06/2017;DE0001030575;-0.298
16/06/2017;DE0001030575;-0.292
19/06/2017;DE0001030575;-0.302
20/06/2017;DE0001030575;-0.316
21/06/2017;DE0001030575;-0.305
22/06/2017;DE0001030575;-0.323
23/06/2017;DE0001030575;-0.328
26/06/2017;DE0001030575;-0.353
27/06/2017;DE0001030575;-0.266
28/06/2017;DE0001030575;-0.27
29/06/2017;DE0001030575;-0.227
30/06/2017;DE0001030575;-0.22
03/07/2017;DE0001030575;-0.201
04/07/2017;DE0001030575;-0.197
05/07/2017;DE0001030575;-0.205
06/07/2017;DE0001030575;-0.136
07/07/2017;DE0001030575;-0.137
10/07/2017;DE0001030575;-0.188
11/07/2017;DE0001030575;-0.172
12/07/2017;DE0001030575;-0.203
13/07/2017;DE0001030575;-0.182
14/07/2017;DE0001030575;-0.181
17/07/2017;DE0001030575;-0.18
18/07/2017;DE0001030575;-0.202
19/07/2017;DE0001030575;-0.226
20/07/2017;DE0001030575;-0.223
21/07/2017;DE0001030575;-0.216
24/07/2017;DE0001030575;-0.209
25/07/2017;DE0001030575;-0.178
26/07/2017;DE0001030575;-0.192
27/07/2017;DE0001030575;-0.216
28/07/2017;DE0001030575;-0.228
31/07/2017;DE0001030575;-0.258
01/08/2017;DE0001030575;-0.316
02/08/2017;DE0001030575;-0.311
03/08/2017;DE0001030575;-0.339
04/08/2017;DE0001030575;-0.314
07/08/2017;DE0001030575;-0.324
08/08/2017;DE0001030575;-0.306
09/08/2017;DE0001030575;-0.354
10/08/2017;DE0001030575;-0.368
11/08/2017;DE0001030575;-0.393
14/08/2017;DE0001030575;-0.353
15/08/2017;DE0001030575;-0.322
16/08/2017;DE0001030575;-0.303
17/08/2017;DE0001030575;-0.332
18/08/2017;DE0001030575;-0.349
21/08/2017;DE0001030575;-0.358
22/08/2017;DE0001030575;-0.343
23/08/2017;DE0001030575;-0.371
24/08/2017;DE0001030575;-0.374
25/08/2017;DE0001030575;-0.37
28/08/2017;DE0001030575;-0.357
29/08/2017;DE0001030575;-0.411
30/08/2017;DE0001030575;-0.405
31/08/2017;DE0001030575;-0.401
01/09/2017;DE0001030575;-0.36
04/09/2017;DE0001030575;-0.363
05/09/2017;DE0001030575;-0.404
06/09/2017;DE0001030575;-0.408
07/09/2017;DE0001030575;-0.419
08/09/2017;DE0001030575;-0.398
11/09/2017;DE0001030575;-0.367
12/09/2017;DE0001030575;-0.317
13/09/2017;DE0001030575;-0.319
14/09/2017;DE0001030575;-0.304
15/09/2017;DE0001030575;-0.302
18/09/2017;DE0001030575;-0.273
19/09/2017;DE0001030575;-0.277
20/09/2017;DE0001030575;-0.3
21/09/2017;DE0001030575;-0.296
22/09/2017;DE0001030575;-0.309
25/09/2017;DE0001030575;-0.344
26/09/2017;DE0001030575;-0.345
27/09/2017;DE0001030575;-0.312
28/09/2017;DE0001030575;-0.304
29/09/2017;DE0001030575;-0.326
02/10/2017;DE0001030575;-0.336
03/10/2017;DE0001030575;-0.321
04/10/2017;DE0001030575;-0.329
05/10/2017;DE0001030575;-0.332
06/10/2017;DE0001030575;-0.333
09/10/2017;DE0001030575;-0.346
10/10/2017;DE0001030575;-0.343
11/10/2017;DE0001030575;-0.323
12/10/2017;DE0001030575;-0.334
13/10/2017;DE0001030575;-0.365
16/10/2017;DE0001030575;-0.402
17/10/2017;DE0001030575;-0.411
18/10/2017;DE0001030575;-0.37
19/10/2017;DE0001030575;-0.36
20/10/2017;DE0001030575;-0.306
23/10/2017;DE0001030575;-0.33
24/10/2017;DE0001030575;-0.3
25/10/2017;DE0001030575;-0.303
26/10/2017;DE0001030575;-0.347
27/10/2017;DE0001030575;-0.361
30/10/2017;DE0001030575;-0.385
31/10/2017;DE0001030575;-0.402
01/11/2017;DE0001030575;-0.38
02/11/2017;DE0001030575;-0.375
03/11/2017;DE0001030575;-0.386
06/11/2017;DE0001030575;-0.409
07/11/2017;DE0001030575;-0.448
08/11/2017;DE0001030575;-0.467
09/11/2017;DE0001030575;-0.418
10/11/2017;DE0001030575;-0.382
13/11/2017;DE0001030575;-0.375
14/11/2017;DE0001030575;-0.39
15/11/2017;DE0001030575;-0.399
16/11/2017;DE0001030575;-0.4
17/11/2017;DE0001030575;-0.425
20/11/2017;DE0001030575;-0.427
21/11/2017;DE0001030575;-0.454
22/11/2017;DE0001030575;-0.466
23/11/2017;DE0001030575;-0.473
24/11/2017;DE0001030575;-0.457
27/11/2017;DE0001030575;-0.483
28/11/2017;DE0001030575;-0.486
29/11/2017;DE0001030575;-0.466
30/11/2017;DE0001030575;-0.495
01/12/2017;DE0001030575;-0.569
04/12/2017;DE0001030575;-0.524
05/12/2017;DE0001030575;-0.562
06/12/2017;DE0001030575;-0.591
07/12/2017;DE0001030575;-0.565
08/12/2017;DE0001030575;-0.564
11/12/2017;DE0001030575;-0.585
12/12/2017;DE0001030575;-0.574
13/12/2017;DE0001030575;-0.571
14/12/2017;DE0001030575;-0.597
15/12/2017;DE0001030575;-0.638
18/12/2017;DE0001030575;-0.628
19/12/2017;DE0001030575;-0.527
20/12/2017;DE0001030575;-0.494
21/12/2017;DE0001030575;-0.493
22/12/2017;DE0001030575;-0.487
25/12/2017;DE0001030575;#N/A N/A
26/12/2017;DE0001030575;#N/A N/A
27/12/2017;DE0001030575;-0.525
28/12/2017;DE0001030575;-0.489
29/12/2017;DE0001030575;-0.489
01/01/2018;DE0001030575;#N/A N/A
02/01/2018;DE0001030575;-0.443
03/01/2018;DE0001030575;-0.48
04/01/2018;DE0001030575;-0.477
05/01/2018;DE0001030575;-0.45
08/01/2018;DE0001030575;-0.45
09/01/2018;DE0001030575;-0.403
10/01/2018;DE0001030575;-0.415
11/01/2018;DE0001030575;-0.401
12/01/2018;DE0001030575;-0.421
15/01/2018;DE0001030575;-0.409
16/01/2018;DE0001030575;-0.455
17/01/2018;DE0001030575;-0.45
18/01/2018;DE0001030575;-0.43
19/01/2018;DE0001030575;-0.407
22/01/2018;DE0001030575;-0.416
23/01/2018;DE0001030575;-0.425
24/01/2018;DE0001030575;-0.401
25/01/2018;DE0001030575;-0.411
26/01/2018;DE0001030575;-0.417
29/01/2018;DE0001030575;-0.355
30/01/2018;DE0001030575;-0.346
31/01/2018;DE0001030575;-0.375
01/02/2018;DE0001030575;-0.357
02/02/2018;DE0001030575;-0.305
05/02/2018;DE0001030575;-0.341
06/02/2018;DE0001030575;-0.379
07/02/2018;DE0001030575;-0.357
08/02/2018;DE0001030575;-0.352
09/02/2018;DE0001030575;-0.362
12/02/2018;DE0001030575;-0.347
13/02/2018;DE0001030575;-0.324
14/02/2018;DE0001030575;-0.314
15/02/2018;DE0001030575;-0.313
16/02/2018;DE0001030575;-0.345
19/02/2018;DE0001030575;-0.304
20/02/2018;DE0001030575;-0.292
21/02/2018;DE0001030575;-0.301
22/02/2018;DE0001030575;-0.32
23/02/2018;DE0001030575;-0.386
26/02/2018;DE0001030575;-0.395
27/02/2018;DE0001030575;-0.365
28/02/2018;DE0001030575;-0.377
01/03/2018;DE0001030575;-0.376
02/03/2018;DE0001030575;-0.356
05/03/2018;DE0001030575;-0.351
06/03/2018;DE0001030575;-0.327
07/03/2018;DE0001030575;-0.363
08/03/2018;DE0001030575;-0.389
09/03/2018;DE0001030575;-0.364
12/03/2018;DE0001030575;-0.382
13/03/2018;DE0001030575;-0.374
14/03/2018;DE0001030575;-0.39
15/03/2018;DE0001030575;-0.412
16/03/2018;DE0001030575;-0.422
19/03/2018;DE0001030575;-0.424
20/03/2018;DE0001030575;-0.422
21/03/2018;DE0001030575;-0.432
22/03/2018;DE0001030575;-0.48
23/03/2018;DE0001030575;-0.495
26/03/2018;DE0001030575;-0.5
27/03/2018;DE0001030575;-0.517
28/03/2018;DE0001030575;-0.511
29/03/2018;DE0001030575;-0.501
30/03/2018;DE0001030575;#N/A N/A
02/04/2018;DE0001030575;#N/A N/A
03/04/2018;DE0001030575;-0.513
04/04/2018;DE0001030575;-0.509
05/04/2018;DE0001030575;-0.475
06/04/2018;DE0001030575;-0.501
09/04/2018;DE0001030575;-0.494
10/04/2018;DE0001030575;-0.502
11/04/2018;DE0001030575;-0.527
12/04/2018;DE0001030575;-0.491
13/04/2018;DE0001030575;-0.496
16/04/2018;DE0001030575;-0.477
17/04/2018;DE0001030575;-0.502
18/04/2018;DE0001030575;-0.499
19/04/2018;DE0001030575;-0.448
20/04/2018;DE0001030575;-0.437
23/04/2018;DE0001030575;-0.401
24/04/2018;DE0001030575;-0.406
25/04/2018;DE0001030575;-0.415
26/04/2018;DE0001030575;-0.452
27/04/2018;DE0001030575;-0.458
30/04/2018;DE0001030575;-0.46
01/05/2018;DE0001030575;#N/A N/A
02/05/2018;DE0001030575;-0.439
03/05/2018;DE0001030575;-0.457
04/05/2018;DE0001030575;-0.444
07/05/2018;DE0001030575;-0.465
08/05/2018;DE0001030575;-0.433
09/05/2018;DE0001030575;-0.443
10/05/2018;DE0001030575;-0.454
11/05/2018;DE0001030575;-0.453
14/05/2018;DE0001030575;-0.427
15/05/2018;DE0001030575;-0.4
16/05/2018;DE0001030575;-0.42
17/05/2018;DE0001030575;-0.376
18/05/2018;DE0001030575;-0.425
21/05/2018;DE0001030575;-0.468
22/05/2018;DE0001030575;-0.438
23/05/2018;DE0001030575;-0.47
24/05/2018;DE0001030575;-0.519
25/05/2018;DE0001030575;-0.555
28/05/2018;DE0001030575;-0.607
29/05/2018;DE0001030575;-0.657
30/05/2018;DE0001030575;-0.572
31/05/2018;DE0001030575;-0.642
01/06/2018;DE0001030575;-0.607
04/06/2018;DE0001030575;-0.587
05/06/2018;DE0001030575;-0.607
06/06/2018;DE0001030575;-0.55
07/06/2018;DE0001030575;-0.542
08/06/2018;DE0001030575;-0.58
11/06/2018;DE0001030575;-0.542
12/06/2018;DE0001030575;-0.551
13/06/2018;DE0001030575;-0.553
14/06/2018;DE0001030575;-0.556
15/06/2018;DE0001030575;-0.55
18/06/2018;DE0001030575;-0.535
19/06/2018;DE0001030575;-0.567
20/06/2018;DE0001030575;-0.564
21/06/2018;DE0001030575;-0.582
22/06/2018;DE0001030575;-0.589
25/06/2018;DE0001030575;-0.601
26/06/2018;DE0001030575;-0.579
27/06/2018;DE0001030575;-0.634
28/06/2018;DE0001030575;-0.65
29/06/2018;DE0001030575;-0.698
02/07/2018;DE0001030575;-0.694
03/07/2018;DE0001030575;-0.715
04/07/2018;DE0001030575;-0.705
05/07/2018;DE0001030575;-0.723
06/07/2018;DE0001030575;-0.709
09/07/2018;DE0001030575;-0.688
10/07/2018;DE0001030575;-0.684
11/07/2018;DE0001030575;-0.695
12/07/2018;DE0001030575;-0.688
13/07/2018;DE0001030575;-0.689
16/07/2018;DE0001030575;-0.661
17/07/2018;DE0001030575;-0.66
18/07/2018;DE0001030575;-0.65
19/07/2018;DE0001030575;-0.658
20/07/2018;DE0001030575;-0.632
23/07/2018;DE0001030575;-0.615
24/07/2018;DE0001030575;-0.637
25/07/2018;DE0001030575;-0.653
26/07/2018;DE0001030575;-0.641
27/07/2018;DE0001030575;-0.647
30/07/2018;DE0001030575;-0.616
31/07/2018;DE0001030575;-0.625
01/08/2018;DE0001030575;-0.583
02/08/2018;DE0001030575;-0.6
03/08/2018;DE0001030575;-0.647
06/08/2018;DE0001030575;-0.664
07/08/2018;DE0001030575;-0.653
08/08/2018;DE0001030575;-0.656
09/08/2018;DE0001030575;-0.669
10/08/2018;DE0001030575;-0.722
13/08/2018;DE0001030575;-0.717
14/08/2018;DE0001030575;-0.711
15/08/2018;DE0001030575;-0.727
16/08/2018;DE0001030575;-0.71
17/08/2018;DE0001030575;-0.722
20/08/2018;DE0001030575;-0.72
21/08/2018;DE0001030575;-0.697
22/08/2018;DE0001030575;-0.691
23/08/2018;DE0001030575;-0.685
24/08/2018;DE0001030575;-0.684
27/08/2018;DE0001030575;-0.653
28/08/2018;DE0001030575;-0.643
29/08/2018;DE0001030575;-0.633
30/08/2018;DE0001030575;-0.688
31/08/2018;DE0001030575;-0.69
03/09/2018;DE0001030575;-0.676
04/09/2018;DE0001030575;-0.653
05/09/2018;DE0001030575;-0.627
06/09/2018;DE0001030575;-0.641
07/09/2018;DE0001030575;-0.603
10/09/2018;DE0001030575;-0.583
11/09/2018;DE0001030575;-0.572
12/09/2018;DE0001030575;-0.598
13/09/2018;DE0001030575;-0.59
14/09/2018;DE0001030575;-0.575
17/09/2018;DE0001030575;-0.585
18/09/2018;DE0001030575;-0.558
19/09/2018;DE0001030575;-0.542
20/09/2018;DE0001030575;-0.552
21/09/2018;DE0001030575;-0.563
24/09/2018;DE0001030575;-0.554
25/09/2018;DE0001030575;-0.541
26/09/2018;DE0001030575;-0.568
27/09/2018;DE0001030575;-0.596
28/09/2018;DE0001030575;-0.627
01/10/2018;DE0001030575;-0.609
02/10/2018;DE0001030575;-0.648
03/10/2018;DE0001030575;-0.611
04/10/2018;DE0001030575;-0.584
05/10/2018;DE0001030575;-0.535
08/10/2018;DE0001030575;-0.557
09/10/2018;DE0001030575;-0.56
10/10/2018;DE0001030575;-0.563
11/10/2018;DE0001030575;-0.589
12/10/2018;DE0001030575;-0.592
15/10/2018;DE0001030575;-0.589
16/10/2018;DE0001030575;-0.602
17/10/2018;DE0001030575;-0.621
18/10/2018;DE0001030575;-0.658
19/10/2018;DE0001030575;-0.631
22/10/2018;DE0001030575;-0.64
23/10/2018;DE0001030575;-0.667
24/10/2018;DE0001030575;-0.647
25/10/2018;DE0001030575;-0.645
26/10/2018;DE0001030575;-0.675
29/10/2018;DE0001030575;-0.64
30/10/2018;DE0001030575;-0.661
31/10/2018;DE0001030575;-0.663
01/11/2018;DE0001030575;-0.636
02/11/2018;DE0001030575;-0.614
05/11/2018;DE0001030575;-0.629
06/11/2018;DE0001030575;-0.631
07/11/2018;DE0001030575;-0.635
08/11/2018;DE0001030575;-0.624
09/11/2018;DE0001030575;-0.659
12/11/2018;DE0001030575;-0.661
13/11/2018;DE0001030575;-0.636
14/11/2018;DE0001030575;-0.639
15/11/2018;DE0001030575;-0.66
16/11/2018;DE0001030575;-0.654
19/11/2018;DE0001030575;-0.63
20/11/2018;DE0001030575;-0.649
21/11/2018;DE0001030575;-0.601
22/11/2018;DE0001030575;-0.593
23/11/2018;DE0001030575;-0.575
26/11/2018;DE0001030575;-0.594
27/11/2018;DE0001030575;-0.592
28/11/2018;DE0001030575;-0.581
29/11/2018;DE0001030575;-0.61
30/11/2018;DE0001030575;-0.62
03/12/2018;DE0001030575;-0.645
04/12/2018;DE0001030575;-0.715
05/12/2018;DE0001030575;-0.688
06/12/2018;DE0001030575;-0.715
07/12/2018;DE0001030575;-0.723
10/12/2018;DE0001030575;-0.752
11/12/2018;DE0001030575;-0.776
12/12/2018;DE0001030575;-0.754
13/12/2018;DE0001030575;-0.722
14/12/2018;DE0001030575;-0.737
17/12/2018;DE0001030575;-0.737
18/12/2018;DE0001030575;-0.744
19/12/2018;DE0001030575;-0.726
20/12/2018;DE0001030575;-0.733
21/12/2018;DE0001030575;-0.679
24/12/2018;DE0001030575;#N/A N/A
25/12/2018;DE0001030575;#N/A N/A
26/12/2018;DE0001030575;#N/A N/A
27/12/2018;DE0001030575;-0.675
28/12/2018;DE0001030575;-0.665
31/12/2018;DE0001030575;#N/A N/A
01/01/2019;DE0001030575;#N/A N/A
02/01/2019;DE0001030575;-0.69
03/01/2019;DE0001030575;-0.686
04/01/2019;DE0001030575;-0.641
07/01/2019;DE0001030575;-0.646
08/01/2019;DE0001030575;-0.664
09/01/2019;DE0001030575;-0.693
10/01/2019;DE0001030575;-0.702
11/01/2019;DE0001030575;-0.7
14/01/2019;DE0001030575;-0.691
15/01/2019;DE0001030575;-0.677
16/01/2019;DE0001030575;-0.658
17/01/2019;DE0001030575;-0.632
18/01/2019;DE0001030575;-0.628
21/01/2019;DE0001030575;-0.634
22/01/2019;DE0001030575;-0.656
23/01/2019;DE0001030575;-0.671
24/01/2019;DE0001030575;-0.721
25/01/2019;DE0001030575;-0.724
28/01/2019;DE0001030575;-0.684
29/01/2019;DE0001030575;-0.682
30/01/2019;DE0001030575;-0.692
31/01/2019;DE0001030575;-0.738
01/02/2019;DE0001030575;-0.716
04/02/2019;DE0001030575;-0.71
05/02/2019;DE0001030575;-0.71
06/02/2019;DE0001030575;-0.711
07/02/2019;DE0001030575;-0.732
08/02/2019;DE0001030575;-0.731
11/02/2019;DE0001030575;-0.69
12/02/2019;DE0001030575;-0.69
13/02/2019;DE0001030575;-0.695
14/02/2019;DE0001030575;-0.723
15/02/2019;DE0001030575;-0.735
18/02/2019;DE0001030575;-0.728
19/02/2019;DE0001030575;-0.722
20/02/2019;DE0001030575;-0.725
21/02/2019;DE0001030575;-0.702
22/02/2019;DE0001030575;-0.719
25/02/2019;DE0001030575;-0.704
26/02/2019;DE0001030575;-0.691
27/02/2019;DE0001030575;-0.661
28/02/2019;DE0001030575;-0.651
01/03/2019;DE0001030575;-0.659
04/03/2019;DE0001030575;-0.695
05/03/2019;DE0001030575;-0.693
06/03/2019;DE0001030575;-0.715
07/03/2019;DE0001030575;-0.761
08/03/2019;DE0001030575;-0.734
11/03/2019;DE0001030575;-0.727
12/03/2019;DE0001030575;-0.742
13/03/2019;DE0001030575;-0.745
14/03/2019;DE0001030575;-0.745
15/03/2019;DE0001030575;-0.724
18/03/2019;DE0001030575;-0.733
19/03/2019;DE0001030575;-0.725
20/03/2019;DE0001030575;-0.746
21/03/2019;DE0001030575;-0.816
22/03/2019;DE0001030575;-0.821
25/03/2019;DE0001030575;-0.854
26/03/2019;DE0001030575;-0.837
27/03/2019;DE0001030575;-0.838
28/03/2019;DE0001030575;-0.836
29/03/2019;DE0001030575;-0.839
01/04/2019;DE0001030575;-0.812
02/04/2019;DE0001030575;-0.834
03/04/2019;DE0001030575;-0.759
04/04/2019;DE0001030575;-0.788
05/04/2019;DE0001030575;-0.781
08/04/2019;DE0001030575;-0.792
09/04/2019;DE0001030575;-0.796
10/04/2019;DE0001030575;-0.79
11/04/2019;DE0001030575;-0.77
12/04/2019;DE0001030575;-0.718
15/04/2019;DE0001030575;-0.708
16/04/2019;DE0001030575;-0.7
17/04/2019;DE0001030575;-0.7
18/04/2019;DE0001030575;-0.765
19/04/2019;DE0001030575;#N/A N/A
22/04/2019;DE0001030575;#N/A N/A
23/04/2019;DE0001030575;-0.767
24/04/2019;DE0001030575;-0.813
25/04/2019;DE0001030575;-0.79
26/04/2019;DE0001030575;-0.777
29/04/2019;DE0001030575;-0.763
30/04/2019;DE0001030575;-0.79
01/05/2019;DE0001030575;#N/A N/A
02/05/2019;DE0001030575;-0.752
03/05/2019;DE0001030575;-0.754
06/05/2019;DE0001030575;-0.755
07/05/2019;DE0001030575;-0.776
08/05/2019;DE0001030575;-0.786
09/05/2019;DE0001030575;-0.769
10/05/2019;DE0001030575;-0.768
13/05/2019;DE0001030575;-0.787
14/05/2019;DE0001030575;-0.77
15/05/2019;DE0001030575;-0.791
16/05/2019;DE0001030575;-0.77
17/05/2019;DE0001030575;-0.766
20/05/2019;DE0001030575;-0.753
21/05/2019;DE0001030575;-0.73
22/05/2019;DE0001030575;-0.758
23/05/2019;DE0001030575;-0.755
24/05/2019;DE0001030575;-0.756
27/05/2019;DE0001030575;-0.792
28/05/2019;DE0001030575;-0.808
29/05/2019;DE0001030575;-0.825
30/05/2019;DE0001030575;-0.823
31/05/2019;DE0001030575;-0.855
03/06/2019;DE0001030575;-0.863
04/06/2019;DE0001030575;-0.869
05/06/2019;DE0001030575;-0.873
06/06/2019;DE0001030575;-0.876
07/06/2019;DE0001030575;-0.893
10/06/2019;DE0001030575;-0.826
11/06/2019;DE0001030575;-0.827
12/06/2019;DE0001030575;-0.825
13/06/2019;DE0001030575;-0.82
14/06/2019;DE0001030575;-0.802
17/06/2019;DE0001030575;-0.78
18/06/2019;DE0001030575;-0.922
19/06/2019;DE0001030575;-0.929
20/06/2019;DE0001030575;-1.011
21/06/2019;DE0001030575;-0.971
24/06/2019;DE0001030575;-0.973
25/06/2019;DE0001030575;-0.956
26/06/2019;DE0001030575;-0.906
27/06/2019;DE0001030575;-0.907
28/06/2019;DE0001030575;-0.899
01/07/2019;DE0001030575;-0.9
02/07/2019;DE0001030575;-0.87
03/07/2019;DE0001030575;-0.909
04/07/2019;DE0001030575;-0.924
05/07/2019;DE0001030575;-0.927
08/07/2019;DE0001030575;-0.923
09/07/2019;DE0001030575;-0.905
10/07/2019;DE0001030575;-0.905
11/07/2019;DE0001030575;-0.858
12/07/2019;DE0001030575;-0.861
15/07/2019;DE0001030575;-0.912
16/07/2019;DE0001030575;-0.899
17/07/2019;DE0001030575;-0.938
18/07/2019;DE0001030575;-0.987
19/07/2019;DE0001030575;-1.036
22/07/2019;DE0001030575;-1.054
23/07/2019;DE0001030575;-1.043
24/07/2019;DE0001030575;-1.083
25/07/2019;DE0001030575;-1.062
26/07/2019;DE0001030575;-1.133
29/07/2019;DE0001030575;-1.128
30/07/2019;DE0001030575;-1.115
31/07/2019;DE0001030575;-1.163
01/08/2019;DE0001030575;-1.161
02/08/2019;DE0001030575;-1.196
05/08/2019;DE0001030575;-1.198
06/08/2019;DE0001030575;-1.247
07/08/2019;DE0001030575;-1.283
08/08/2019;DE0001030575;-1.256
09/08/2019;DE0001030575;-1.323
12/08/2019;DE0001030575;-1.371
13/08/2019;DE0001030575;-1.405
14/08/2019;DE0001030575;-1.429
15/08/2019;DE0001030575;-1.538
16/08/2019;DE0001030575;-1.492
19/08/2019;DE0001030575;-1.417
20/08/2019;DE0001030575;-1.429
21/08/2019;DE0001030575;-1.422
22/08/2019;DE0001030575;-1.41
23/08/2019;DE0001030575;-1.429
26/08/2019;DE0001030575;-1.439
27/08/2019;DE0001030575;-1.472
28/08/2019;DE0001030575;-1.473
29/08/2019;DE0001030575;-1.438
30/08/2019;DE0001030575;-1.412
02/09/2019;DE0001030575;-1.383
03/09/2019;DE0001030575;-1.402
04/09/2019;DE0001030575;-1.393
05/09/2019;DE0001030575;-1.307
06/09/2019;DE0001030575;-1.355
09/09/2019;DE0001030575;-1.292
10/09/2019;DE0001030575;-1.236
11/09/2019;DE0001030575;-1.246
12/09/2019;DE0001030575;-1.298
13/09/2019;DE0001030575;-1.193
16/09/2019;DE0001030575;-1.251
17/09/2019;DE0001030575;-1.247
18/09/2019;DE0001030575;-1.293
19/09/2019;DE0001030575;-1.298
20/09/2019;DE0001030575;-1.312
23/09/2019;DE0001030575;-1.355
24/09/2019;DE0001030575;-1.387
25/09/2019;DE0001030575;-1.337
26/09/2019;DE0001030575;-1.342
27/09/2019;DE0001030575;-1.313
30/09/2019;DE0001030575;-1.27
01/10/2019;DE0001030575;-1.248
02/10/2019;DE0001030575;-1.22
03/10/2019;DE0001030575;-1.235
04/10/2019;DE0001030575;-1.235
07/10/2019;DE0001030575;-1.219
08/10/2019;DE0001030575;-1.245
09/10/2019;DE0001030575;-1.212
10/10/2019;DE0001030575;-1.149
11/10/2019;DE0001030575;-1.122
14/10/2019;DE0001030575;-1.144
15/10/2019;DE0001030575;-1.134
16/10/2019;DE0001030575;-1.107
17/10/2019;DE0001030575;-1.142
18/10/2019;DE0001030575;-1.111
21/10/2019;DE0001030575;-1.057
22/10/2019;DE0001030575;-1.085
23/10/2019;DE0001030575;-1.112
24/10/2019;DE0001030575;-1.128
25/10/2019;DE0001030575;-1.072
28/10/2019;DE0001030575;-1.056
29/10/2019;DE0001030575;-1.084
30/10/2019;DE0001030575;-1.086
31/10/2019;DE0001030575;-1.143
01/11/2019;DE0001030575;-1.1
04/11/2019;DE0001030575;-1.087
05/11/2019;DE0001030575;-1.078
06/11/2019;DE0001030575;-1.124
07/11/2019;DE0001030575;-1.037
08/11/2019;DE0001030575;-1.059
11/11/2019;DE0001030575;-1.04
12/11/2019;DE0001030575;-1.067
13/11/2019;DE0001030575;-1.097
14/11/2019;DE0001030575;-1.149
15/11/2019;DE0001030575;-1.126
18/11/2019;DE0001030575;-1.127
19/11/2019;DE0001030575;-1.109
20/11/2019;DE0001030575;-1.111
21/11/2019;DE0001030575;-1.095
22/11/2019;DE0001030575;-1.117
25/11/2019;DE0001030575;-1.083
26/11/2019;DE0001030575;-1.092
27/11/2019;DE0001030575;-1.107
28/11/2019;DE0001030575;-1.109
29/11/2019;DE0001030575;-1.138
02/12/2019;DE0001030575;-1.055
03/12/2019;DE0001030575;-1.128
04/12/2019;DE0001030575;-1.096
05/12/2019;DE0001030575;-1.079
06/12/2019;DE0001030575;-1.071
09/12/2019;DE0001030575;-1.089
10/12/2019;DE0001030575;-1.084
11/12/2019;DE0001030575;-1.12
12/12/2019;DE0001030575;-1.086
13/12/2019;DE0001030575;-1.13
16/12/2019;DE0001030575;-1.103
17/12/2019;DE0001030575;-1.137
18/12/2019;DE0001030575;-1.105
19/12/2019;DE0001030575;-1.096
20/12/2019;DE0001030575;-1.105
23/12/2019;DE0001030575;-1.092
24/12/2019;DE0001030575;#N/A N/A
25/12/2019;DE0001030575;#N/A N/A
26/12/2019;DE0001030575;#N/A N/A
27/12/2019;DE0001030575;-1.102
30/12/2019;DE0001030575;-1.037
31/12/2019;DE0001030575;#N/A N/A
01/01/2020;DE0001030575;#N/A N/A
02/01/2020;DE0001030575;-1.082
03/01/2020;DE0001030575;-1.134
06/01/2020;DE0001030575;-1.134
07/01/2020;DE0001030575;-1.114
08/01/2020;DE0001030575;-1.062
09/01/2020;DE0001030575;-1.05
10/01/2020;DE0001030575;-1.081
13/01/2020;DE0001030575;-1.041
14/01/2020;DE0001030575;-1.078
15/01/2020;DE0001030575;-1.11
16/01/2020;DE0001030575;-1.114
17/01/2020;DE0001030575;-1.112
20/01/2020;DE0001030575;-1.118
21/01/2020;DE0001030575;-1.137
22/01/2020;DE0001030575;-1.142
23/01/2020;DE0001030575;-1.167
24/01/2020;DE0001030575;-1.18
27/01/2020;DE0001030575;-1.21
28/01/2020;DE0001030575;-1.175
29/01/2020;DE0001030575;-1.213
30/01/2020;DE0001030575;-1.237
31/01/2020;DE0001030575;-1.271
03/02/2020;DE0001030575;-1.276
04/02/2020;DE0001030575;-1.233
05/02/2020;DE0001030575;-1.198
06/02/2020;DE0001030575;-1.195
07/02/2020;DE0001030575;-1.197
10/02/2020;DE0001030575;-1.205
11/02/2020;DE0001030575;-1.161
12/02/2020;DE0001030575;-1.154
13/02/2020;DE0001030575;-1.177
14/02/2020;DE0001030575;-1.197
17/02/2020;DE0001030575;-1.193
18/02/2020;DE0001030575;-1.187
19/02/2020;DE0001030575;-1.195
20/02/2020;DE0001030575;-1.239
21/02/2020;DE0001030575;-1.22
24/02/2020;DE0001030575;-1.239
25/02/2020;DE0001030575;-1.264
26/02/2020;DE0001030575;-1.238
27/02/2020;DE0001030575;-1.257
28/02/2020;DE0001030575;-1.312
02/03/2020;DE0001030575;-1.315
03/03/2020;DE0001030575;-1.355
04/03/2020;DE0001030575;-1.348
05/03/2020;DE0001030575;-1.345
06/03/2020;DE0001030575;-1.337
09/03/2020;DE0001030575;-1.447
10/03/2020;DE0001030575;-1.446
11/03/2020;DE0001030575;-1.384
12/03/2020;DE0001030575;-1.307
13/03/2020;DE0001030575;-1.128
16/03/2020;DE0001030575;-0.968
17/03/2020;DE0001030575;-0.925
18/03/2020;DE0001030575;-0.638
19/03/2020;DE0001030575;-0.57
20/03/2020;DE0001030575;-0.677
23/03/2020;DE0001030575;-0.669
24/03/2020;DE0001030575;-0.588
25/03/2020;DE0001030575;-0.554
26/03/2020;DE0001030575;-0.675
27/03/2020;DE0001030575;-0.887
30/03/2020;DE0001030575;-0.957
31/03/2020;DE0001030575;-0.915
01/04/2020;DE0001030575;-0.933
02/04/2020;DE0001030575;-0.962
03/04/2020;DE0001030575;-1.007
06/04/2020;DE0001030575;-0.969
07/04/2020;DE0001030575;-0.892
08/04/2020;DE0001030575;-0.888
09/04/2020;DE0001030575;-0.928
10/04/2020;DE0001030575;#N/A N/A
13/04/2020;DE0001030575;#N/A N/A
14/04/2020;DE0001030575;-0.96
15/04/2020;DE0001030575;-1.052
16/04/2020;DE0001030575;-1.039
17/04/2020;DE0001030575;-1.016
20/04/2020;DE0001030575;-0.977
21/04/2020;DE0001030575;-0.991
22/04/2020;DE0001030575;-0.929
23/04/2020;DE0001030575;-0.982
24/04/2020;DE0001030575;-1.033
27/04/2020;DE0001030575;-1.001
28/04/2020;DE0001030575;-0.992
29/04/2020;DE0001030575;-1.021
30/04/2020;DE0001030575;-1.151
01/05/2020;DE0001030575;#N/A N/A
04/05/2020;DE0001030575;-1.07
05/05/2020;DE0001030575;-1.067
06/05/2020;DE0001030575;-0.984
07/05/2020;DE0001030575;-1.009
08/05/2020;DE0001030575;-0.979
11/05/2020;DE0001030575;-0.939
12/05/2020;DE0001030575;-0.941
13/05/2020;DE0001030575;-0.966
14/05/2020;DE0001030575;-0.968
15/05/2020;DE0001030575;-0.954
18/05/2020;DE0001030575;-0.899
19/05/2020;DE0001030575;-0.945
20/05/2020;DE0001030575;-0.974
21/05/2020;DE0001030575;-0.999
22/05/2020;DE0001030575;-0.976
25/05/2020;DE0001030575;-0.98
26/05/2020;DE0001030575;-0.94
27/05/2020;DE0001030575;-0.924
28/05/2020;DE0001030575;-0.939
29/05/2020;DE0001030575;-0.992
01/06/2020;DE0001030575;-0.928
02/06/2020;DE0001030575;-0.96
03/06/2020;DE0001030575;-0.901
04/06/2020;DE0001030575;-0.861
05/06/2020;DE0001030575;-0.824
08/06/2020;DE0001030575;-0.878
09/06/2020;DE0001030575;-0.887
10/06/2020;DE0001030575;-0.924
11/06/2020;DE0001030575;-0.978
12/06/2020;DE0001030575;-0.991
15/06/2020;DE0001030575;-0.995
16/06/2020;DE0001030575;-0.988
17/06/2020;DE0001030575;-0.992
18/06/2020;DE0001030575;-1.044
19/06/2020;DE0001030575;-1.053
22/06/2020;DE0001030575;-1.076
23/06/2020;DE0001030575;-1.051
24/06/2020;DE0001030575;-1.124
25/06/2020;DE0001030575;-1.138
26/06/2020;DE0001030575;-1.15
29/06/2020;DE0001030575;-1.146
30/06/2020;DE0001030575;-1.123
01/07/2020;DE0001030575;-1.083
02/07/2020;DE0001030575;-1.109
03/07/2020;DE0001030575;-1.117
06/07/2020;DE0001030575;-1.118
07/07/2020;DE0001030575;-1.116
08/07/2020;DE0001030575;-1.159
09/07/2020;DE0001030575;-1.18
10/07/2020;DE0001030575;-1.167
13/07/2020;DE0001030575;-1.135
14/07/2020;DE0001030575;-1.196
15/07/2020;DE0001030575;-1.2
16/07/2020;DE0001030575;-1.181
17/07/2020;DE0001030575;-1.175
20/07/2020;DE0001030575;-1.212
21/07/2020;DE0001030575;-1.22
22/07/2020;DE0001030575;-1.241
23/07/2020;DE0001030575;-1.237
24/07/2020;DE0001030575;-1.211
27/07/2020;DE0001030575;-1.266
28/07/2020;DE0001030575;-1.283
29/07/2020;DE0001030575;-1.288
30/07/2020;DE0001030575;-1.326
31/07/2020;DE0001030575;-1.311
03/08/2020;DE0001030575;-1.313
04/08/2020;DE0001030575;-1.361
05/08/2020;DE0001030575;-1.322
06/08/2020;DE0001030575;-1.342
07/08/2020;DE0001030575;-1.336
10/08/2020;DE0001030575;-1.371
11/08/2020;DE0001030575;-1.327
12/08/2020;DE0001030575;-1.273
13/08/2020;DE0001030575;-1.239
14/08/2020;DE0001030575;-1.231
17/08/2020;DE0001030575;-1.244
18/08/2020;DE0001030575;-1.223
19/08/2020;DE0001030575;-1.244
20/08/2020;DE0001030575;-1.278
21/08/2020;DE0001030575;-1.279
24/08/2020;DE0001030575;-1.287
25/08/2020;DE0001030575;-1.234
26/08/2020;DE0001030575;-1.235
27/08/2020;DE0001030575;-1.205
28/08/2020;DE0001030575;-1.191
31/08/2020;DE0001030575;-1.192
01/09/2020;DE0001030575;-1.196
02/09/2020;DE0001030575;-1.238
03/09/2020;DE0001030575;-1.269
04/09/2020;DE0001030575;-1.25
07/09/2020;DE0001030575;-1.215
08/09/2020;DE0001030575;-1.228
09/09/2020;DE0001030575;-1.219
10/09/2020;DE0001030575;-1.228
11/09/2020;DE0001030575;-1.257
14/09/2020;DE0001030575;-1.27
15/09/2020;DE0001030575;-1.282
16/09/2020;DE0001030575;-1.306
17/09/2020;DE0001030575;-1.302
18/09/2020;DE0001030575;-1.286
21/09/2020;DE0001030575;-1.287
22/09/2020;DE0001030575;-1.255
23/09/2020;DE0001030575;-1.236
24/09/2020;DE0001030575;-1.222
25/09/2020;DE0001030575;-1.256
28/09/2020;DE0001030575;-1.241
29/09/2020;DE0001030575;-1.261
30/09/2020;DE0001030575;-1.237
01/10/2020;DE0001030575;-1.238
02/10/2020;DE0001030575;-1.236
05/10/2020;DE0001030575;-1.23
06/10/2020;DE0001030575;-1.239
07/10/2020;DE0001030575;-1.246
08/10/2020;DE0001030575;-1.288
09/10/2020;DE0001030575;-1.29
12/10/2020;DE0001030575;-1.309
13/10/2020;DE0001030575;-1.312
14/10/2020;DE0001030575;-1.333
15/10/2020;DE0001030575;-1.355
16/10/2020;DE0001030575;-1.365
19/10/2020;DE0001030575;-1.388
20/10/2020;DE0001030575;-1.392
21/10/2020;DE0001030575;-1.373
22/10/2020;DE0001030575;-1.347
23/10/2020;DE0001030575;-1.364
26/10/2020;DE0001030575;-1.36
27/10/2020;DE0001030575;-1.388
28/10/2020;DE0001030575;-1.376
29/10/2020;DE0001030575;-1.389
30/10/2020;DE0001030575;-1.373
02/11/2020;DE0001030575;-1.355
03/11/2020;DE0001030575;-1.353
04/11/2020;DE0001030575;-1.36
05/11/2020;DE0001030575;-1.365
06/11/2020;DE0001030575;-1.367
09/11/2020;DE0001030575;-1.316
10/11/2020;DE0001030575;-1.321
11/11/2020;DE0001030575;-1.347
12/11/2020;DE0001030575;-1.375
13/11/2020;DE0001030575;-1.38
16/11/2020;DE0001030575;-1.394
17/11/2020;DE0001030575;-1.386
18/11/2020;DE0001030575;-1.366
19/11/2020;DE0001030575;-1.385
20/11/2020;DE0001030575;-1.388
23/11/2020;DE0001030575;-1.391
24/11/2020;DE0001030575;-1.405
25/11/2020;DE0001030575;-1.414
26/11/2020;DE0001030575;-1.433
27/11/2020;DE0001030575;-1.45
30/11/2020;DE0001030575;-1.446
01/12/2020;DE0001030575;-1.426
02/12/2020;DE0001030575;-1.422
03/12/2020;DE0001030575;-1.475
04/12/2020;DE0001030575;-1.458
07/12/2020;DE0001030575;-1.485
08/12/2020;DE0001030575;-1.512
09/12/2020;DE0001030575;-1.503
10/12/2020;DE0001030575;-1.5
11/12/2020;DE0001030575;-1.523
14/12/2020;DE0001030575;-1.518
15/12/2020;DE0001030575;-1.513
16/12/2020;DE0001030575;-1.484
17/12/2020;DE0001030575;-1.491
18/12/2020;DE0001030575;-1.485
21/12/2020;DE0001030575;-1.465
22/12/2020;DE0001030575;-1.501
23/12/2020;DE0001030575;-1.477
24/12/2020;DE0001030575;#N/A N/A
25/12/2020;DE0001030575;#N/A N/A
28/12/2020;DE0001030575;-1.495
29/12/2020;DE0001030575;-1.503
30/12/2020;DE0001030575;-1.489
31/12/2020;DE0001030575;#N/A N/A
01/01/2021;DE0001030575;#N/A N/A
04/01/2021;DE0001030575;-1.521
05/01/2021;DE0001030575;-1.503
06/01/2021;DE0001030575;-1.499
07/01/2021;DE0001030575;-1.506
08/01/2021;DE0001030575;-1.514
11/01/2021;DE0001030575;-1.486
12/01/2021;DE0001030575;-1.48
13/01/2021;DE0001030575;-1.543
14/01/2021;DE0001030575;-1.556
15/01/2021;DE0001030575;-1.552
18/01/2021;DE0001030575;-1.533
19/01/2021;DE0001030575;-1.524
20/01/2021;DE0001030575;-1.529
21/01/2021;DE0001030575;-1.485
22/01/2021;DE0001030575;-1.492
25/01/2021;DE0001030575;-1.512
26/01/2021;DE0001030575;-1.488
27/01/2021;DE0001030575;-1.486
28/01/2021;DE0001030575;-1.486
29/01/2021;DE0001030575;-1.474
01/02/2021;DE0001030575;-1.508
02/02/2021;DE0001030575;-1.505
03/02/2021;DE0001030575;-1.495
04/02/2021;DE0001030575;-1.462
05/02/2021;DE0001030575;-1.444
08/02/2021;DE0001030575;-1.429
09/02/2021;DE0001030575;-1.415
10/02/2021;DE0001030575;-1.386
11/02/2021;DE0001030575;-1.393
12/02/2021;DE0001030575;-1.363
15/02/2021;DE0001030575;-1.309
16/02/2021;DE0001030575;-1.297
17/02/2021;DE0001030575;-1.302
18/02/2021;DE0001030575;-1.255
19/02/2021;DE0001030575;-1.154
22/02/2021;DE0001030575;-1.225
23/02/2021;DE0001030575;-1.219
24/02/2021;DE0001030575;-1.213
25/02/2021;DE0001030575;-1.204
26/02/2021;DE0001030575;-1.238
01/03/2021;DE0001030575;-1.315
02/03/2021;DE0001030575;-1.323
03/03/2021;DE0001030575;-1.267
04/03/2021;DE0001030575;-1.276
05/03/2021;DE0001030575;-1.317
08/03/2021;DE0001030575;-1.275
09/03/2021;DE0001030575;-1.311
10/03/2021;DE0001030575;-1.326
11/03/2021;DE0001030575;-1.339
12/03/2021;DE0001030575;-1.315
15/03/2021;DE0001030575;-1.338
16/03/2021;DE0001030575;-1.36
17/03/2021;DE0001030575;-1.292
18/03/2021;DE0001030575;-1.246
19/03/2021;DE0001030575;-1.257
22/03/2021;DE0001030575;-1.295
23/03/2021;DE0001030575;-1.333
24/03/2021;DE0001030575;-1.399
25/03/2021;DE0001030575;-1.429
26/03/2021;DE0001030575;-1.413
29/03/2021;DE0001030575;-1.378
30/03/2021;DE0001030575;-1.377
31/03/2021;DE0001030575;-1.386
01/04/2021;DE0001030575;-1.437
02/04/2021;DE0001030575;#N/A N/A
05/04/2021;DE0001030575;#N/A N/A
06/04/2021;DE0001030575;-1.432
07/04/2021;DE0001030575;-1.435
08/04/2021;DE0001030575;-1.436
09/04/2021;DE0001030575;-1.421
12/04/2021;DE0001030575;-1.396
13/04/2021;DE0001030575;-1.401
14/04/2021;DE0001030575;-1.368
15/04/2021;DE0001030575;-1.381
16/04/2021;DE0001030575;-1.347
19/04/2021;DE0001030575;-1.347
20/04/2021;DE0001030575;-1.373
21/04/2021;DE0001030575;-1.371
22/04/2021;DE0001030575;-1.346
23/04/2021;DE0001030575;-1.348
26/04/2021;DE0001030575;-1.333
27/04/2021;DE0001030575;-1.339
28/04/2021;DE0001030575;-1.335
29/04/2021;DE0001030575;-1.309
30/04/2021;DE0001030575;-1.295
03/05/2021;DE0001030575;-1.274
04/05/2021;DE0001030575;-1.292
05/05/2021;DE0001030575;-1.287
06/05/2021;DE0001030575;-1.269
07/05/2021;DE0001030575;-1.274
10/05/2021;DE0001030575;-1.273
11/05/2021;DE0001030575;-1.259
12/05/2021;DE0001030575;-1.261
13/05/2021;DE0001030575;-1.254
14/05/2021;DE0001030575;-1.233
17/05/2021;DE0001030575;-1.239
18/05/2021;DE0001030575;-1.224
19/05/2021;DE0001030575;-1.194
20/05/2021;DE0001030575;-1.172
21/05/2021;DE0001030575;-1.192
24/05/2021;DE0001030575;-1.208
25/05/2021;DE0001030575;-1.241
26/05/2021;DE0001030575;-1.253
27/05/2021;DE0001030575;-1.209
28/05/2021;DE0001030575;-1.252
31/05/2021;DE0001030575;-1.285
01/06/2021;DE0001030575;-1.285
02/06/2021;DE0001030575;-1.263
03/06/2021;DE0001030575;-1.279
04/06/2021;DE0001030575;-1.314
07/06/2021;DE0001030575;-1.311
08/06/2021;DE0001030575;-1.321
09/06/2021;DE0001030575;-1.341
10/06/2021;DE0001030575;-1.336
11/06/2021;DE0001030575;-1.39
14/06/2021;DE0001030575;-1.371
15/06/2021;DE0001030575;-1.352
16/06/2021;DE0001030575;-1.357
17/06/2021;DE0001030575;-1.333
18/06/2021;DE0001030575;-1.337
21/06/2021;DE0001030575;-1.293
22/06/2021;DE0001030575;-1.322
23/06/2021;DE0001030575;-1.316
24/06/2021;DE0001030575;-1.322
25/06/2021;DE0001030575;-1.292
28/06/2021;DE0001030575;-1.313
29/06/2021;DE0001030575;-1.311
30/06/2021;DE0001030575;-1.343
01/07/2021;DE0001030575;-1.322
02/07/2021;DE0001030575;-1.359
05/07/2021;DE0001030575;-1.354
06/07/2021;DE0001030575;-1.441
07/07/2021;DE0001030575;-1.448
08/07/2021;DE0001030575;-1.426
09/07/2021;DE0001030575;-1.436
12/07/2021;DE0001030575;-1.433
13/07/2021;DE0001030575;-1.438
14/07/2021;DE0001030575;-1.469
15/07/2021;DE0001030575;-1.505
16/07/2021;DE0001030575;-1.535
19/07/2021;DE0001030575;-1.557
20/07/2021;DE0001030575;-1.604
21/07/2021;DE0001030575;-1.607
22/07/2021;DE0001030575;-1.617
23/07/2021;DE0001030575;-1.619
26/07/2021;DE0001030575;-1.643
27/07/2021;DE0001030575;-1.689
28/07/2021;DE0001030575;-1.7
29/07/2021;DE0001030575;-1.726
30/07/2021;DE0001030575;-1.729
02/08/2021;DE0001030575;-1.75
03/08/2021;DE0001030575;-1.739
04/08/2021;DE0001030575;-1.76
05/08/2021;DE0001030575;-1.749
06/08/2021;DE0001030575;-1.719
09/08/2021;DE0001030575;-1.722
10/08/2021;DE0001030575;-1.752
11/08/2021;DE0001030575;-1.762
12/08/2021;DE0001030575;-1.785
13/08/2021;DE0001030575;-1.794
16/08/2021;DE0001030575;-1.776
17/08/2021;DE0001030575;-1.781
18/08/2021;DE0001030575;-1.795
19/08/2021;DE0001030575;-1.795
20/08/2021;DE0001030575;-1.786
23/08/2021;DE0001030575;-1.782
24/08/2021;DE0001030575;-1.793
25/08/2021;DE0001030575;-1.734
26/08/2021;DE0001030575;-1.716
27/08/2021;DE0001030575;-1.729
30/08/2021;DE0001030575;-1.753
31/08/2021;DE0001030575;-1.696
01/09/2021;DE0001030575;-1.663
02/09/2021;DE0001030575;-1.675
03/09/2021;DE0001030575;-1.663
06/09/2021;DE0001030575;-1.71
07/09/2021;DE0001030575;-1.647
08/09/2021;DE0001030575;-1.665
09/09/2021;DE0001030575;-1.715
10/09/2021;DE0001030575;-1.71
13/09/2021;DE0001030575;-1.707
14/09/2021;DE0001030575;-1.67
15/09/2021;DE0001030575;-1.638
16/09/2021;DE0001030575;-1.64
17/09/2021;DE0001030575;-1.633
20/09/2021;DE0001030575;-1.655
21/09/2021;DE0001030575;-1.655
22/09/2021;DE0001030575;-1.667
23/09/2021;DE0001030575;-1.646
24/09/2021;DE0001030575;-1.608
27/09/2021;DE0001030575;-1.655
28/09/2021;DE0001030575;-1.664
29/09/2021;DE0001030575;-1.659
30/09/2021;DE0001030575;-1.637
01/10/2021;DE0001030575;-1.669
04/10/2021;DE0001030575;-1.661
05/10/2021;DE0001030575;-1.689
06/10/2021;DE0001030575;-1.646
07/10/2021;DE0001030575;-1.628
08/10/2021;DE0001030575;-1.622
11/10/2021;DE0001030575;-1.617
12/10/2021;DE0001030575;-1.635
13/10/2021;DE0001030575;-1.693
14/10/2021;DE0001030575;-1.74
15/10/2021;DE0001030575;-1.747
18/10/2021;DE0001030575;-1.825
19/10/2021;DE0001030575;-1.762
20/10/2021;DE0001030575;-1.753
21/10/2021;DE0001030575;-1.854
22/10/2021;DE0001030575;-1.915
25/10/2021;DE0001030575;-1.915
26/10/2021;DE0001030575;-1.979
27/10/2021;DE0001030575;-2.038
28/10/2021;DE0001030575;-1.98
29/10/2021;DE0001030575;-1.89
01/11/2021;DE0001030575;-1.876
02/11/2021;DE0001030575;-1.839
03/11/2021;DE0001030575;-1.828
04/11/2021;DE0001030575;-1.841
05/11/2021;DE0001030575;-1.966
08/11/2021;DE0001030575;-1.965
09/11/2021;DE0001030575;-2.056
10/11/2021;DE0001030575;-2.014
11/11/2021;DE0001030575;-2.007
12/11/2021;DE0001030575;-1.997
15/11/2021;DE0001030575;-1.988
16/11/2021;DE0001030575;-1.998
17/11/2021;DE0001030575;-2.013
18/11/2021;DE0001030575;-2.012
19/11/2021;DE0001030575;-2.005
22/11/2021;DE0001030575;-1.959
23/11/2021;DE0001030575;-1.879
24/11/2021;DE0001030575;-1.849
25/11/2021;DE0001030575;-1.92
26/11/2021;DE0001030575;-1.922
29/11/2021;DE0001030575;-1.971
30/11/2021;DE0001030575;-2.044
01/12/2021;DE0001030575;-2.059
02/12/2021;DE0001030575;-2.064
03/12/2021;DE0001030575;-2.116
06/12/2021;DE0001030575;-2.099
07/12/2021;DE0001030575;-2.135
08/12/2021;DE0001030575;-2.059
09/12/2021;DE0001030575;-2.071
10/12/2021;DE0001030575;-2.061
13/12/2021;DE0001030575;-2.108
14/12/2021;DE0001030575;-2.081
15/12/2021;DE0001030575;-2.056
16/12/2021;DE0001030575;-2.051
17/12/2021;DE0001030575;-2.073
20/12/2021;DE0001030575;-2.043
21/12/2021;DE0001030575;-2.011
22/12/2021;DE0001030575;-2.084
23/12/2021;DE0001030575;-2.008
24/12/2021;DE0001030575;#N/A N/A
27/12/2021;DE0001030575;-2.008
28/12/2021;DE0001030575;-2.01
29/12/2021;DE0001030575;-1.926
30/12/2021;DE0001030575;-1.941
31/12/2021;DE0001030575;#N/A N/A
03/01/2022;DE0001030575;-1.886
04/01/2022;DE0001030575;-1.906
05/01/2022;DE0001030575;-1.863
06/01/2022;DE0001030575;-1.784
07/01/2022;DE0001030575;-1.779
10/01/2022;DE0001030575;-1.772
11/01/2022;DE0001030575;-1.775
12/01/2022;DE0001030575;-1.804
13/01/2022;DE0001030575;-1.824
14/01/2022;DE0001030575;-1.79
17/01/2022;DE0001030575;-1.785
18/01/2022;DE0001030575;-1.768
19/01/2022;DE0001030575;-1.76
20/01/2022;DE0001030575;-1.766
21/01/2022;DE0001030575;-1.775
24/01/2022;DE0001030575;-1.795
25/01/2022;DE0001030575;-1.775
26/01/2022;DE0001030575;-1.769
27/01/2022;DE0001030575;-1.79
28/01/2022;DE0001030575;-1.789
31/01/2022;DE0001030575;-1.794
01/02/2022;DE0001030575;-1.751
02/02/2022;DE0001030575;-1.767
03/02/2022;DE0001030575;-1.689
04/02/2022;DE0001030575;-1.641
07/02/2022;DE0001030575;-1.597
08/02/2022;DE0001030575;-1.547
09/02/2022;DE0001030575;-1.573
10/02/2022;DE0001030575;-1.523
11/02/2022;DE0001030575;-1.527
14/02/2022;DE0001030575;-1.527
15/02/2022;DE0001030575;-1.474
16/02/2022;DE0001030575;-1.491
17/02/2022;DE0001030575;-1.531
18/02/2022;DE0001030575;-1.559
21/02/2022;DE0001030575;-1.556
22/02/2022;DE0001030575;-1.558
23/02/2022;DE0001030575;-1.621
24/02/2022;DE0001030575;-1.683
25/02/2022;DE0001030575;-1.629
28/02/2022;DE0001030575;-1.72
01/03/2022;DE0001030575;-1.972
02/03/2022;DE0001030575;-1.945
03/03/2022;DE0001030575;-1.986
04/03/2022;DE0001030575;-2.216
07/03/2022;DE0001030575;-2.317
08/03/2022;DE0001030575;-2.206
09/03/2022;DE0001030575;-1.965
10/03/2022;DE0001030575;-1.891
11/03/2022;DE0001030575;-2.035
14/03/2022;DE0001030575;-1.939
15/03/2022;DE0001030575;-1.886
16/03/2022;DE0001030575;-1.797
17/03/2022;DE0001030575;-1.824
18/03/2022;DE0001030575;-1.842
21/03/2022;DE0001030575;-1.768
22/03/2022;DE0001030575;-1.788
23/03/2022;DE0001030575;-1.884
24/03/2022;DE0001030575;-1.843
25/03/2022;DE0001030575;-1.798
28/03/2022;DE0001030575;-1.833
29/03/2022;DE0001030575;-1.815
30/03/2022;DE0001030575;-1.825
31/03/2022;DE0001030575;-1.834
01/04/2022;DE0001030575;-1.85
04/04/2022;DE0001030575;-1.91
05/04/2022;DE0001030575;-1.852
06/04/2022;DE0001030575;-1.794
07/04/2022;DE0001030575;-1.769
08/04/2022;DE0001030575;-1.79
11/04/2022;DE0001030575;-1.688
12/04/2022;DE0001030575;-1.711
13/04/2022;DE0001030575;-1.703
14/04/2022;DE0001030575;-1.618
15/04/2022;DE0001030575;#N/A N/A
18/04/2022;DE0001030575;#N/A N/A
19/04/2022;DE0001030575;-1.574
20/04/2022;DE0001030575;-1.659
21/04/2022;DE0001030575;-1.603
22/04/2022;DE0001030575;-1.605
25/04/2022;DE0001030575;-1.619
26/04/2022;DE0001030575;-1.634
27/04/2022;DE0001030575;-1.63
28/04/2022;DE0001030575;-1.632
29/04/2022;DE0001030575;-1.614
02/05/2022;DE0001030575;-1.574
03/05/2022;DE0001030575;-1.58
04/05/2022;DE0001030575;-1.558
05/05/2022;DE0001030575;-1.432
06/05/2022;DE0001030575;-1.261
09/05/2022;DE0001030575;-1.232
10/05/2022;DE0001030575;-1.26
11/05/2022;DE0001030575;-1.272
12/05/2022;DE0001030575;-1.318
13/05/2022;DE0001030575;-1.251
16/05/2022;DE0001030575;-1.317
17/05/2022;DE0001030575;-1.293
18/05/2022;DE0001030575;-1.304
19/05/2022;DE0001030575;-1.346
20/05/2022;DE0001030575;-1.285
23/05/2022;DE0001030575;-1.17
24/05/2022;DE0001030575;-1.134
25/05/2022;DE0001030575;-1.077
26/05/2022;DE0001030575;-0.986
27/05/2022;DE0001030575;-1.011
30/05/2022;DE0001030575;-0.963
31/05/2022;DE0001030575;-0.931
01/06/2022;DE0001030575;-0.883
02/06/2022;DE0001030575;-0.923
03/06/2022;DE0001030575;-0.915
06/06/2022;DE0001030575;-0.873
07/06/2022;DE0001030575;-0.934
08/06/2022;DE0001030575;-0.896
09/06/2022;DE0001030575;-0.854
10/06/2022;DE0001030575;-0.782
13/06/2022;DE0001030575;-0.661
14/06/2022;DE0001030575;-0.491
15/06/2022;DE0001030575;-0.496
16/06/2022;DE0001030575;-0.44
17/06/2022;DE0001030575;-0.373
20/06/2022;DE0001030575;-0.306
21/06/2022;DE0001030575;-0.315
22/06/2022;DE0001030575;-0.458
23/06/2022;DE0001030575;-0.56
24/06/2022;DE0001030575;-0.608
27/06/2022;DE0001030575;-0.604
28/06/2022;DE0001030575;-0.515
29/06/2022;DE0001030575;-0.565
30/06/2022;DE0001030575;-0.607
01/07/2022;DE0001030575;-0.654
04/07/2022;DE0001030575;-0.632
05/07/2022;DE0001030575;-0.753
06/07/2022;DE0001030575;-0.649
07/07/2022;DE0001030575;-0.616
08/07/2022;DE0001030575;-0.54
11/07/2022;DE0001030575;-0.6
12/07/2022;DE0001030575;-0.714
13/07/2022;DE0001030575;-0.779
14/07/2022;DE0001030575;-0.815
15/07/2022;DE0001030575;-0.84
18/07/2022;DE0001030575;-0.796
19/07/2022;DE0001030575;-0.764
20/07/2022;DE0001030575;-0.766
21/07/2022;DE0001030575;-0.791
22/07/2022;DE0001030575;-0.878
25/07/2022;DE0001030575;-0.893
26/07/2022;DE0001030575;-0.981
27/07/2022;DE0001030575;-0.994
28/07/2022;DE0001030575;-1.047
29/07/2022;DE0001030575;-1.154
01/08/2022;DE0001030575;-1.175
02/08/2022;DE0001030575;-1.181
03/08/2022;DE0001030575;-1.179
04/08/2022;DE0001030575;-1.213
05/08/2022;DE0001030575;-1.119
08/08/2022;DE0001030575;-1.163
09/08/2022;DE0001030575;-1.102
10/08/2022;DE0001030575;-1.095
11/08/2022;DE0001030575;-1.053
12/08/2022;DE0001030575;-1.009
15/08/2022;DE0001030575;-1.078
16/08/2022;DE0001030575;-1.043
17/08/2022;DE0001030575;-1.035
18/08/2022;DE0001030575;-1.071
19/08/2022;DE0001030575;-0.993
22/08/2022;DE0001030575;-0.978
23/08/2022;DE0001030575;-0.913
24/08/2022;DE0001030575;-0.876
25/08/2022;DE0001030575;-0.876
26/08/2022;DE0001030575;-0.876
29/08/2022;DE0001030575;-0.765
30/08/2022;DE0001030575;-0.746
31/08/2022;DE0001030575;-0.693
01/09/2022;DE0001030575;-0.623
02/09/2022;DE0001030575;-0.6
05/09/2022;DE0001030575;-0.616
06/09/2022;DE0001030575;-0.595
07/09/2022;DE0001030575;-0.668
08/09/2022;DE0001030575;-0.574
09/09/2022;DE0001030575;-0.529
12/09/2022;DE0001030575;-0.553
13/09/2022;DE0001030575;-0.535
14/09/2022;DE0001030575;-0.592
15/09/2022;DE0001030575;-0.626
16/09/2022;DE0001030575;-0.632
19/09/2022;DE0001030575;-0.568
20/09/2022;DE0001030575;-0.484
21/09/2022;DE0001030575;-0.562
22/09/2022;DE0001030575;-0.54
23/09/2022;DE0001030575;-0.511
26/09/2022;DE0001030575;-0.421
27/09/2022;DE0001030575;-0.21
28/09/2022;DE0001030575;-0.212
29/09/2022;DE0001030575;-0.067
30/09/2022;DE0001030575;-0.1
03/10/2022;DE0001030575;-0.213
04/10/2022;DE0001030575;-0.279
05/10/2022;DE0001030575;-0.228
06/10/2022;DE0001030575;-0.203
07/10/2022;DE0001030575;-0.093
10/10/2022;DE0001030575;0.038
11/10/2022;DE0001030575;0.007
12/10/2022;DE0001030575;0.047
13/10/2022;DE0001030575;-0.013
14/10/2022;DE0001030575;0.132
17/10/2022;DE0001030575;0.002
18/10/2022;DE0001030575;0.039
19/10/2022;DE0001030575;0.061
20/10/2022;DE0001030575;0.047
21/10/2022;DE0001030575;0.072
24/10/2022;DE0001030575;-0.05
25/10/2022;DE0001030575;-0.236
26/10/2022;DE0001030575;-0.238
27/10/2022;DE0001030575;-0.329
28/10/2022;DE0001030575;-0.28
31/10/2022;DE0001030575;-0.197
01/11/2022;DE0001030575;-0.184
02/11/2022;DE0001030575;-0.226
03/11/2022;DE0001030575;-0.157
04/11/2022;DE0001030575;-0.132
07/11/2022;DE0001030575;-0.101
08/11/2022;DE0001030575;-0.182
09/11/2022;DE0001030575;-0.249
10/11/2022;DE0001030575;-0.334
11/11/2022;DE0001030575;-0.228
14/11/2022;DE0001030575;-0.209
15/11/2022;DE0001030575;-0.218
16/11/2022;DE0001030575;-0.328
17/11/2022;DE0001030575;-0.295
18/11/2022;DE0001030575;-0.293
21/11/2022;DE0001030575;-0.295
22/11/2022;DE0001030575;-0.324
23/11/2022;DE0001030575;-0.407
24/11/2022;DE0001030575;-0.493
25/11/2022;DE0001030575;-0.433
28/11/2022;DE0001030575;-0.44
29/11/2022;DE0001030575;-0.503
30/11/2022;DE0001030575;-0.553
01/12/2022;DE0001030575;-0.704
02/12/2022;DE0001030575;-0.725
05/12/2022;DE0001030575;-0.715
06/12/2022;DE0001030575;-0.717
07/12/2022;DE0001030575;-0.703
08/12/2022;DE0001030575;-0.709
09/12/2022;DE0001030575;-0.615
12/12/2022;DE0001030575;-0.642
13/12/2022;DE0001030575;-0.56
14/12/2022;DE0001030575;-0.454
15/12/2022;DE0001030575;-0.387
16/12/2022;DE0001030575;-0.27
19/12/2022;DE0001030575;-0.211
20/12/2022;DE0001030575;-0.106
21/12/2022;DE0001030575;-0.107
22/12/2022;DE0001030575;-0.09
23/12/2022;DE0001030575;-0.082
26/12/2022;DE0001030575;#N/A N/A
27/12/2022;DE0001030575;0.083
28/12/2022;DE0001030575;0.009
29/12/2022;DE0001030575;-0.046
30/12/2022;DE0001030575;0.168
02/01/2023;DE0001030575;0.003
03/01/2023;DE0001030575;-0.033
04/01/2023;DE0001030575;-0.109
05/01/2023;DE0001030575;-0.052
06/01/2023;DE0001030575;-0.15
09/01/2023;DE0001030575;-0.102
10/01/2023;DE0001030575;-0.033
11/01/2023;DE0001030575;-0.15
12/01/2023;DE0001030575;-0.194
13/01/2023;DE0001030575;-0.148
16/01/2023;DE0001030575;-0.116
17/01/2023;DE0001030575;-0.168
18/01/2023;DE0001030575;-0.26
19/01/2023;DE0001030575;-0.235
20/01/2023;DE0001030575;-0.109
23/01/2023;DE0001030575;-0.12
24/01/2023;DE0001030575;-0.191
25/01/2023;DE0001030575;-0.155
26/01/2023;DE0001030575;-0.119
27/01/2023;DE0001030575;-0.123
30/01/2023;DE0001030575;-0.1
31/01/2023;DE0001030575;-0.116
01/02/2023;DE0001030575;-0.111
02/02/2023;DE0001030575;-0.221
03/02/2023;DE0001030575;-0.109
06/02/2023;DE0001030575;-0.064
07/02/2023;DE0001030575;-0.058
08/02/2023;DE0001030575;-0.058
09/02/2023;DE0001030575;-0.118
10/02/2023;DE0001030575;-0.081
13/02/2023;DE0001030575;-0.089
14/02/2023;DE0001030575;-0.06
15/02/2023;DE0001030575;-0.034
16/02/2023;DE0001030575;-0.056
17/02/2023;DE0001030575;-0.079
20/02/2023;DE0001030575;-0.061
21/02/2023;DE0001030575;-0.028
22/02/2023;DE0001030575;-0.014
23/02/2023;DE0001030575;-0.099
24/02/2023;DE0001030575;-0.072
27/02/2023;DE0001030575;-0.018
28/02/2023;DE0001030575;0.028
01/03/2023;DE0001030575;0.04
02/03/2023;DE0001030575;0.006
03/03/2023;DE0001030575;-0.068
06/03/2023;DE0001030575;-0.019
07/03/2023;DE0001030575;0.019
08/03/2023;DE0001030575;0.024
09/03/2023;DE0001030575;0.05
10/03/2023;DE0001030575;-0.015
13/03/2023;DE0001030575;-0.159
14/03/2023;DE0001030575;-0.098
15/03/2023;DE0001030575;-0.281
16/03/2023;DE0001030575;-0.106
17/03/2023;DE0001030575;-0.194
20/03/2023;DE0001030575;-0.142
21/03/2023;DE0001030575;-0.099
22/03/2023;DE0001030575;-0.142
23/03/2023;DE0001030575;-0.225
24/03/2023;DE0001030575;-0.234
27/03/2023;DE0001030575;-0.156
28/03/2023;DE0001030575;-0.111
29/03/2023;DE0001030575;-0.086
30/03/2023;DE0001030575;-0.115
31/03/2023;DE0001030575;-0.167
03/04/2023;DE0001030575;-0.229
04/04/2023;DE0001030575;-0.185
05/04/2023;DE0001030575;-0.207
06/04/2023;DE0001030575;-0.187
07/04/2023;DE0001030575;#N/A N/A
10/04/2023;DE0001030575;#N/A N/A
11/04/2023;DE0001030575;-0.101
12/04/2023;DE0001030575;-0.082
13/04/2023;DE0001030575;-0.07
14/04/2023;DE0001030575;-0.042
17/04/2023;DE0001030575;-0.029
18/04/2023;DE0001030575;-0.023
19/04/2023;DE0001030575;-0.018
20/04/2023;DE0001030575;-0.061
21/04/2023;DE0001030575;-0.018
24/04/2023;DE0001030575;-0.02
25/04/2023;DE0001030575;-0.097
26/04/2023;DE0001030575;-0.053
27/04/2023;DE0001030575;-0.013
28/04/2023;DE0001030575;-0.127
01/05/2023;DE0001030575;#N/A N/A
02/05/2023;DE0001030575;-0.128
03/05/2023;DE0001030575;-0.102
04/05/2023;DE0001030575;-0.101
05/05/2023;DE0001030575;-0.049
08/05/2023;DE0001030575;-0.053
09/05/2023;DE0001030575;-0.036
10/05/2023;DE0001030575;-0.092
11/05/2023;DE0001030575;-0.124
12/05/2023;DE0001030575;-0.06
15/05/2023;DE0001030575;-0.017
16/05/2023;DE0001030575;0.022
17/05/2023;DE0001030575;-0.007
18/05/2023;DE0001030575;0.079
19/05/2023;DE0001030575;0.041
22/05/2023;DE0001030575;0.053
23/05/2023;DE0001030575;0.027
24/05/2023;DE0001030575;-0.033
25/05/2023;DE0001030575;-0.002
26/05/2023;DE0001030575;0.002
29/05/2023;DE0001030575;-0.096
30/05/2023;DE0001030575;-0.118
31/05/2023;DE0001030575;-0.136
01/06/2023;DE0001030575;-0.1
02/06/2023;DE0001030575;-0.081
05/06/2023;DE0001030575;-0.059
06/06/2023;DE0001030575;-0.027
07/06/2023;DE0001030575;0.005
08/06/2023;DE0001030575;-0.024
09/06/2023;DE0001030575;-0.032
12/06/2023;DE0001030575;0.042
13/06/2023;DE0001030575;0.059
14/06/2023;DE0001030575;0.066
15/06/2023;DE0001030575;0.059
16/06/2023;DE0001030575;0.006
19/06/2023;DE0001030575;0.027
20/06/2023;DE0001030575;-0.087
21/06/2023;DE0001030575;-0.071
22/06/2023;DE0001030575;-0.037
23/06/2023;DE0001030575;-0.126
26/06/2023;DE0001030575;-0.162
27/06/2023;DE0001030575;-0.147
28/06/2023;DE0001030575;-0.129
29/06/2023;DE0001030575;-0.074
30/06/2023;DE0001030575;-0.073
03/07/2023;DE0001030575;-0.118
04/07/2023;DE0001030575;-0.077
05/07/2023;DE0001030575;-0.026
06/07/2023;DE0001030575;0.06
07/07/2023;DE0001030575;0.095
10/07/2023;DE0001030575;0.086
11/07/2023;DE0001030575;0.1
12/07/2023;DE0001030575;0.048
13/07/2023;DE0001030575;0.008
14/07/2023;DE0001030575;0.047
17/07/2023;DE0001030575;0.018
18/07/2023;DE0001030575;-0.039
19/07/2023;DE0001030575;0.012
20/07/2023;DE0001030575;0.01
21/07/2023;DE0001030575;-0.028
24/07/2023;DE0001030575;-0.05
25/07/2023;DE0001030575;-0.082
26/07/2023;DE0001030575;-0.025
27/07/2023;DE0001030575;-0.011
28/07/2023;DE0001030575;0.014
31/07/2023;DE0001030575;-0.002
01/08/2023;DE0001030575;0.06
02/08/2023;DE0001030575;0.052
03/08/2023;DE0001030575;0.119
04/08/2023;DE0001030575;0.039
07/08/2023;DE0001030575;0.088
08/08/2023;DE0001030575;-0.012
09/08/2023;DE0001030575;0.051
10/08/2023;DE0001030575;0.075
11/08/2023;DE0001030575;0.128
14/08/2023;DE0001030575;0.108
15/08/2023;DE0001030575;0.149
16/08/2023;DE0001030575;0.154
17/08/2023;DE0001030575;0.231
18/08/2023;DE0001030575;0.187
21/08/2023;DE0001030575;0.24
22/08/2023;DE0001030575;0.153
23/08/2023;DE0001030575;0.091
24/08/2023;DE0001030575;0.11
25/08/2023;DE0001030575;0.155
28/08/2023;DE0001030575;0.142
29/08/2023;DE0001030575;0.102
30/08/2023;DE0001030575;0.124
31/08/2023;DE0001030575;0.098
01/09/2023;DE0001030575;0.175
04/09/2023;DE0001030575;0.175
05/09/2023;DE0001030575;0.215
06/09/2023;DE0001030575;0.207
07/09/2023;DE0001030575;0.179
08/09/2023;DE0001030575;0.165
11/09/2023;DE0001030575;0.193
12/09/2023;DE0001030575;0.177
13/09/2023;DE0001030575;0.161
14/09/2023;DE0001030575;0.162
15/09/2023;DE0001030575;0.239
18/09/2023;DE0001030575;0.241
19/09/2023;DE0001030575;0.273
20/09/2023;DE0001030575;0.276
21/09/2023;DE0001030575;0.29
22/09/2023;DE0001030575;0.326
25/09/2023;DE0001030575;0.434
26/09/2023;DE0001030575;0.473
27/09/2023;DE0001030575;0.496
28/09/2023;DE0001030575;0.541
29/09/2023;DE0001030575;0.522
02/10/2023;DE0001030575;0.651
03/10/2023;DE0001030575;0.73
04/10/2023;DE0001030575;0.658
05/10/2023;DE0001030575;0.662
06/10/2023;DE0001030575;0.663
09/10/2023;DE0001030575;0.546
10/10/2023;DE0001030575;0.553
11/10/2023;DE0001030575;0.47
12/10/2023;DE0001030575;0.542
13/10/2023;DE0001030575;0.485
16/10/2023;DE0001030575;0.554
17/10/2023;DE0001030575;0.573
18/10/2023;DE0001030575;0.585
19/10/2023;DE0001030575;0.612
20/10/2023;DE0001030575;0.597
23/10/2023;DE0001030575;0.603
24/10/2023;DE0001030575;0.603
25/10/2023;DE0001030575;0.669
26/10/2023;DE0001030575;0.659
27/10/2023;DE0001030575;0.661
30/10/2023;DE0001030575;0.652
31/10/2023;DE0001030575;0.638
01/11/2023;DE0001030575;0.637
02/11/2023;DE0001030575;0.582
03/11/2023;DE0001030575;0.514
06/11/2023;DE0001030575;0.584
07/11/2023;DE0001030575;0.508
08/11/2023;DE0001030575;0.449
09/11/2023;DE0001030575;0.507
10/11/2023;DE0001030575;0.546
13/11/2023;DE0001030575;0.519
14/11/2023;DE0001030575;0.449
15/11/2023;DE0001030575;0.539
16/11/2023;DE0001030575;0.524
17/11/2023;DE0001030575;0.489
20/11/2023;DE0001030575;0.463
21/11/2023;DE0001030575;0.435
22/11/2023;DE0001030575;0.407
23/11/2023;DE0001030575;0.288
24/11/2023;DE0001030575;0.326
27/11/2023;DE0001030575;0.272
28/11/2023;DE0001030575;0.277
29/11/2023;DE0001030575;0.269
30/11/2023;DE0001030575;0.262
01/12/2023;DE0001030575;0.244
04/12/2023;DE0001030575;0.232
05/12/2023;DE0001030575;0.099
06/12/2023;DE0001030575;0.048
07/12/2023;DE0001030575;0.099
08/12/2023;DE0001030575;0.202
11/12/2023;DE0001030575;0.196
12/12/2023;DE0001030575;0.174
13/12/2023;DE0001030575;0.16
14/12/2023;DE0001030575;0.124
15/12/2023;DE0001030575;0.052
18/12/2023;DE0001030575;0.134
19/12/2023;DE0001030575;0.065
20/12/2023;DE0001030575;-0.005
21/12/2023;DE0001030575;-0.003
22/12/2023;DE0001030575;0.03
25/12/2023;DE0001030575;#N/A N/A
26/12/2023;DE0001030575;#N/A N/A
27/12/2023;DE0001030575;-0.025
28/12/2023;DE0001030575;0.04
29/12/2023;DE0001030575;0.125
01/01/2024;DE0001030575;#N/A N/A
02/01/2024;DE0001030575;0.133
03/01/2024;DE0001030575;0.098
04/01/2024;DE0001030575;0.148
05/01/2024;DE0001030575;0.147
08/01/2024;DE0001030575;0.13
09/01/2024;DE0001030575;0.178
10/01/2024;DE0001030575;0.207
11/01/2024;DE0001030575;0.226
12/01/2024;DE0001030575;0.212
15/01/2024;DE0001030575;0.249
16/01/2024;DE0001030575;0.281
17/01/2024;DE0001030575;0.285
18/01/2024;DE0001030575;0.324
19/01/2024;DE0001030575;0.301
22/01/2024;DE0001030575;0.267
23/01/2024;DE0001030575;0.372
24/01/2024;DE0001030575;0.345
25/01/2024;DE0001030575;0.342
26/01/2024;DE0001030575;0.36
29/01/2024;DE0001030575;0.316
30/01/2024;DE0001030575;0.335
31/01/2024;DE0001030575;0.256
01/02/2024;DE0001030575;0.225
02/02/2024;DE0001030575;0.276
05/02/2024;DE0001030575;0.335
06/02/2024;DE0001030575;0.308
07/02/2024;DE0001030575;0.338
08/02/2024;DE0001030575;0.369
09/02/2024;DE0001030575;0.382
12/02/2024;DE0001030575;0.373
13/02/2024;DE0001030575;0.357
14/02/2024;DE0001030575;0.319
15/02/2024;DE0001030575;0.357
16/02/2024;DE0001030575;0.374
19/02/2024;DE0001030575;0.398
20/02/2024;DE0001030575;0.369
21/02/2024;DE0001030575;0.439
22/02/2024;DE0001030575;0.405
23/02/2024;DE0001030575;0.344
26/02/2024;DE0001030575;0.397
27/02/2024;DE0001030575;0.418
28/02/2024;DE0001030575;0.379
29/02/2024;DE0001030575;0.313
01/03/2024;DE0001030575;0.33
04/03/2024;DE0001030575;0.332
05/03/2024;DE0001030575;0.267
06/03/2024;DE0001030575;0.274
07/03/2024;DE0001030575;0.278
08/03/2024;DE0001030575;0.269
11/03/2024;DE0001030575;0.297
12/03/2024;DE0001030575;0.301
13/03/2024;DE0001030575;0.331
14/03/2024;DE0001030575;0.337
15/03/2024;DE0001030575;0.354
18/03/2024;DE0001030575;0.354
19/03/2024;DE0001030575;0.359
20/03/2024;DE0001030575;0.36
21/03/2024;DE0001030575;0.339
22/03/2024;DE0001030575;0.261
25/03/2024;DE0001030575;0.281
26/03/2024;DE0001030575;0.264
27/03/2024;DE0001030575;0.227
28/03/2024;DE0001030575;0.232
29/03/2024;DE0001030575;#N/A N/A
01/04/2024;DE0001030575;#N/A N/A
02/04/2024;DE0001030575;0.327
03/04/2024;DE0001030575;0.304
04/04/2024;DE0001030575;0.286
05/04/2024;DE0001030575;0.303
08/04/2024;DE0001030575;0.324
09/04/2024;DE0001030575;0.278
10/04/2024;DE0001030575;0.297
11/04/2024;DE0001030575;0.31
12/04/2024;DE0001030575;0.223
15/04/2024;DE0001030575;0.294
16/04/2024;DE0001030575;0.298
17/04/2024;DE0001030575;0.29
18/04/2024;DE0001030575;0.337
19/04/2024;DE0001030575;0.328
22/04/2024;DE0001030575;0.34
23/04/2024;DE0001030575;0.362
24/04/2024;DE0001030575;0.427
25/04/2024;DE0001030575;0.454
26/04/2024;DE0001030575;0.419
29/04/2024;DE0001030575;0.397
30/04/2024;DE0001030575;0.399
01/05/2024;DE0001030575;#N/A N/A
02/05/2024;DE0001030575;0.381
03/05/2024;DE0001030575;0.357
06/05/2024;DE0001030575;0.347
07/05/2024;DE0001030575;0.315
08/05/2024;DE0001030575;0.341
09/05/2024;DE0001030575;0.384
10/05/2024;DE0001030575;0.407
13/05/2024;DE0001030575;0.405
14/05/2024;DE0001030575;0.438
15/05/2024;DE0001030575;0.346
16/05/2024;DE0001030575;0.381
17/05/2024;DE0001030575;0.419
20/05/2024;DE0001030575;0.439
21/05/2024;DE0001030575;0.427
22/05/2024;DE0001030575;0.434
23/05/2024;DE0001030575;0.463
24/05/2024;DE0001030575;0.469
27/05/2024;DE0001030575;0.454
28/05/2024;DE0001030575;0.492
29/05/2024;DE0001030575;0.576
30/05/2024;DE0001030575;0.541
31/05/2024;DE0001030575;0.54
03/06/2024;DE0001030575;0.492
04/06/2024;DE0001030575;0.471
05/06/2024;DE0001030575;0.451
06/06/2024;DE0001030575;0.468
07/06/2024;DE0001030575;0.507
10/06/2024;DE0001030575;0.551
11/06/2024;DE0001030575;0.548
12/06/2024;DE0001030575;0.481
13/06/2024;DE0001030575;0.439
14/06/2024;DE0001030575;0.337
17/06/2024;DE0001030575;0.381
18/06/2024;DE0001030575;0.343
19/06/2024;DE0001030575;0.372
20/06/2024;DE0001030575;0.408
21/06/2024;DE0001030575;0.414
24/06/2024;DE0001030575;0.444
25/06/2024;DE0001030575;0.443
26/06/2024;DE0001030575;0.473
27/06/2024;DE0001030575;0.452
28/06/2024;DE0001030575;0.51
01/07/2024;DE0001030575;0.602
02/07/2024;DE0001030575;0.604
03/07/2024;DE0001030575;0.552
04/07/2024;DE0001030575;0.551
05/07/2024;DE0001030575;0.507
08/07/2024;DE0001030575;0.501
09/07/2024;DE0001030575;0.549
10/07/2024;DE0001030575;0.519
11/07/2024;DE0001030575;0.485
12/07/2024;DE0001030575;0.52
15/07/2024;DE0001030575;0.507
16/07/2024;DE0001030575;0.464
17/07/2024;DE0001030575;0.427
18/07/2024;DE0001030575;0.452
19/07/2024;DE0001030575;0.482
22/07/2024;DE0001030575;0.505
23/07/2024;DE0001030575;0.469
24/07/2024;DE0001030575;0.505
25/07/2024;DE0001030575;0.486
26/07/2024;DE0001030575;0.476
29/07/2024;DE0001030575;0.44
30/07/2024;DE0001030575;0.44
31/07/2024;DE0001030575;0.398
01/08/2024;DE0001030575;0.347
02/08/2024;DE0001030575;0.338
05/08/2024;DE0001030575;0.356
06/08/2024;DE0001030575;0.357
07/08/2024;DE0001030575;0.422
08/08/2024;DE0001030575;0.444
09/08/2024;DE0001030575;0.434
12/08/2024;DE0001030575;0.421
13/08/2024;DE0001030575;0.405
14/08/2024;DE0001030575;0.409
15/08/2024;DE0001030575;0.438
16/08/2024;DE0001030575;0.445
19/08/2024;DE0001030575;0.443
20/08/2024;DE0001030575;0.432
21/08/2024;DE0001030575;0.436
22/08/2024;DE0001030575;0.473
23/08/2024;DE0001030575;0.445
26/08/2024;DE0001030575;0.445
27/08/2024;DE0001030575;0.497
28/08/2024;DE0001030575;0.476
29/08/2024;DE0001030575;0.513
30/08/2024;DE0001030575;0.538
02/09/2024;DE0001030575;0.555
03/09/2024;DE0001030575;0.489
04/09/2024;DE0001030575;0.477
05/09/2024;DE0001030575;0.469
06/09/2024;DE0001030575;0.46
09/09/2024;DE0001030575;0.463
10/09/2024;DE0001030575;0.462
11/09/2024;DE0001030575;0.482
12/09/2024;DE0001030575;0.506
13/09/2024;DE0001030575;0.49
16/09/2024;DE0001030575;0.443
17/09/2024;DE0001030575;0.422
18/09/2024;DE0001030575;0.474
19/09/2024;DE0001030575;0.512
20/09/2024;DE0001030575;0.52
23/09/2024;DE0001030575;0.494
24/09/2024;DE0001030575;0.468
25/09/2024;DE0001030575;0.471
26/09/2024;DE0001030575;0.472
27/09/2024;DE0001030575;0.441
30/09/2024;DE0001030575;0.416
01/10/2024;DE0001030575;0.333
02/10/2024;DE0001030575;0.365
03/10/2024;DE0001030575;0.378
04/10/2024;DE0001030575;0.397
07/10/2024;DE0001030575;0.412
08/10/2024;DE0001030575;0.415
09/10/2024;DE0001030575;0.423
10/10/2024;DE0001030575;0.384
11/10/2024;DE0001030575;0.379
14/10/2024;DE0001030575;0.397
15/10/2024;DE0001030575;0.391
16/10/2024;DE0001030575;0.384
17/10/2024;DE0001030575;0.415
18/10/2024;DE0001030575;0.407
21/10/2024;DE0001030575;0.477
22/10/2024;DE0001030575;0.488
23/10/2024;DE0001030575;0.501
24/10/2024;DE0001030575;0.5
25/10/2024;DE0001030575;0.523
28/10/2024;DE0001030575;0.546
29/10/2024;DE0001030575;0.589
30/10/2024;DE0001030575;0.563
31/10/2024;DE0001030575;0.53
01/11/2024;DE0001030575;0.546
04/11/2024;DE0001030575;0.507
05/11/2024;DE0001030575;0.5
06/11/2024;DE0001030575;0.506
07/11/2024;DE0001030575;0.558
08/11/2024;DE0001030575;0.498
11/11/2024;DE0001030575;0.475
12/11/2024;DE0001030575;0.488
13/11/2024;DE0001030575;0.518
14/11/2024;DE0001030575;0.507
15/11/2024;DE0001030575;0.525
18/11/2024;DE0001030575;0.523
19/11/2024;DE0001030575;0.506
20/11/2024;DE0001030575;0.526
21/11/2024;DE0001030575;0.527
22/11/2024;DE0001030575;0.48
25/11/2024;DE0001030575;0.454
26/11/2024;DE0001030575;0.447
27/11/2024;DE0001030575;0.424
28/11/2024;DE0001030575;0.408
29/11/2024;DE0001030575;0.364
02/12/2024;DE0001030575;0.331
03/12/2024;DE0001030575;0.347
04/12/2024;DE0001030575;0.347
05/12/2024;DE0001030575;0.372
06/12/2024;DE0001030575;0.382
09/12/2024;DE0001030575;0.421
10/12/2024;DE0001030575;0.411
11/12/2024;DE0001030575;0.425
12/12/2024;DE0001030575;0.486
13/12/2024;DE0001030575;0.508
16/12/2024;DE0001030575;0.523
17/12/2024;DE0001030575;0.524
18/12/2024;DE0001030575;0.525
19/12/2024;DE0001030575;0.576
20/12/2024;DE0001030575;0.569
23/12/2024;DE0001030575;0.603
24/12/2024;DE0001030575;#N/A N/A
25/12/2024;DE0001030575;#N/A N/A
26/12/2024;DE0001030575;#N/A N/A
27/12/2024;DE0001030575;0.649
30/12/2024;DE0001030575;0.63
31/12/2024;DE0001030575;#N/A N/A
01/01/2025;DE0001030575;#N/A N/A
02/01/2025;DE0001030575;0.625
03/01/2025;DE0001030575;0.65
06/01/2025;DE0001030575;0.629
07/01/2025;DE0001030575;0.653
08/01/2025;DE0001030575;0.686
09/01/2025;DE0001030575;0.707
10/01/2025;DE0001030575;0.709
13/01/2025;DE0001030575;0.71
14/01/2025;DE0001030575;0.745
15/01/2025;DE0001030575;0.69
16/01/2025;DE0001030575;0.699
17/01/2025;DE0001030575;0.678
20/01/2025;DE0001030575;0.684
21/01/2025;DE0001030575;0.677
22/01/2025;DE0001030575;0.713
23/01/2025;DE0001030575;0.71
24/01/2025;DE0001030575;0.716
27/01/2025;DE0001030575;0.718
28/01/2025;DE0001030575;0.745
29/01/2025;DE0001030575;0.771
30/01/2025;DE0001030575;0.73
31/01/2025;DE0001030575;0.704
03/02/2025;DE0001030575;0.636
04/02/2025;DE0001030575;0.652
05/02/2025;DE0001030575;0.631
06/02/2025;DE0001030575;0.646
07/02/2025;DE0001030575;0.655
10/02/2025;DE0001030575;0.65
11/02/2025;DE0001030575;0.716
12/02/2025;DE0001030575;0.74
13/02/2025;DE0001030575;0.708
14/02/2025;DE0001030575;0.72
17/02/2025;DE0001030575;0.785
18/02/2025;DE0001030575;0.771
19/02/2025;DE0001030575;0.807
20/02/2025;DE0001030575;0.788
21/02/2025;DE0001030575;0.751
24/02/2025;DE0001030575;0.779
25/02/2025;DE0001030575;0.763
26/02/2025;DE0001030575;0.731
27/02/2025;DE0001030575;0.725
28/02/2025;DE0001030575;0.743
03/03/2025;DE0001030575;0.808
04/03/2025;DE0001030575;0.861
05/03/2025;DE0001030575;0.965
06/03/2025;DE0001030575;0.962
07/03/2025;DE0001030575;1.029
10/03/2025;DE0001030575;1.037
11/03/2025;DE0001030575;1.061
12/03/2025;DE0001030575;1.06
13/03/2025;DE0001030575;1.116
14/03/2025;DE0001030575;1.109
17/03/2025;DE0001030575;1.043
18/03/2025;DE0001030575;1.05
19/03/2025;DE0001030575;1.027
20/03/2025;DE0001030575;1.051
21/03/2025;DE0001030575;1.067
24/03/2025;DE0001030575;1.07
25/03/2025;DE0001030575;1.097
26/03/2025;DE0001030575;1.101
27/03/2025;DE0001030575;1.117
28/03/2025;DE0001030575;1.099
31/03/2025;DE0001030575;1.064
01/04/2025;DE0001030575;1.045
02/04/2025;DE0001030575;1.092
03/04/2025;DE0001030575;1.083
04/04/2025;DE0001030575;1.035
07/04/2025;DE0001030575;1.087
08/04/2025;DE0001030575;1.07
09/04/2025;DE0001030575;1.045
10/04/2025;DE0001030575;1.003
11/04/2025;DE0001030575;0.98
14/04/2025;DE0001030575;0.939
15/04/2025;DE0001030575;1.024
16/04/2025;DE0001030575;0.997
17/04/2025;DE0001030575;1
18/04/2025;DE0001030575;#N/A N/A
21/04/2025;DE0001030575;#N/A N/A
22/04/2025;DE0001030575;0.971
23/04/2025;DE0001030575;1.008
24/04/2025;DE0001030575;0.984
25/04/2025;DE0001030575;0.99
28/04/2025;DE0001030575;1.045
29/04/2025;DE0001030575;1.057
30/04/2025;DE0001030575;0.989
01/05/2025;DE0001030575;#N/A N/A
02/05/2025;DE0001030575;1.054
05/05/2025;DE0001030575;1.045
06/05/2025;DE0001030575;1.05
07/05/2025;DE0001030575;0.993
08/05/2025;DE0001030575;1.052
09/05/2025;DE0001030575;1.071
12/05/2025;DE0001030575;1.108
13/05/2025;DE0001030575;1.144
14/05/2025;DE0001030575;1.151
15/05/2025;DE0001030575;1.083
16/05/2025;DE0001030575;1.064
19/05/2025;DE0001030575;1.064
20/05/2025;DE0001030575;1.109
21/05/2025;DE0001030575;1.154
22/05/2025;DE0001030575;1.169
23/05/2025;DE0001030575;1.133
26/05/2025;DE0001030575;1.126
27/05/2025;DE0001030575;1.088
28/05/2025;DE0001030575;1.105
29/05/2025;DE0001030575;1.07
30/05/2025;DE0001030575;1.06
02/06/2025;DE0001030575;1.073
03/06/2025;DE0001030575;1.074
04/06/2025;DE0001030575;1.064
05/06/2025;DE0001030575;1.081
06/06/2025;DE0001030575;1.059
09/06/2025;DE0001030575;1.052
10/06/2025;DE0001030575;1.019
11/06/2025;DE0001030575;1.044
12/06/2025;DE0001030575;0.975
13/06/2025;DE0001030575;1.014
16/06/2025;DE0001030575;1.016
17/06/2025;DE0001030575;0.997
18/06/2025;DE0001030575;0.944
19/06/2025;DE0001030575;0.953
20/06/2025;DE0001030575;0.954
23/06/2025;DE0001030575;0.937
24/06/2025;DE0001030575;1.027
25/06/2025;DE0001030575;1.04
26/06/2025;DE0001030575;1.049
27/06/2025;DE0001030575;1.049
30/06/2025;DE0001030575;1.082
01/07/2025;DE0001030575;1.054
02/07/2025;DE0001030575;1.07
03/07/2025;DE0001030575;1.046
04/07/2025;DE0001030575;1.057
07/07/2025;DE0001030575;1.082
08/07/2025;DE0001030575;1.126
09/07/2025;DE0001030575;1.126
10/07/2025;DE0001030575;1.18
11/07/2025;DE0001030575;1.194
14/07/2025;DE0001030575;1.208
15/07/2025;DE0001030575;1.184
16/07/2025;DE0001030575;1.183
17/07/2025;DE0001030575;1.185
18/07/2025;DE0001030575;1.211
21/07/2025;DE0001030575;1.128
22/07/2025;DE0001030575;1.108
23/07/2025;DE0001030575;1.162
24/07/2025;DE0001030575;1.176
25/07/2025;DE0001030575;1.181
28/07/2025;DE0001030575;1.18
29/07/2025;DE0001030575;1.189
30/07/2025;DE0001030575;1.184
31/07/2025;DE0001030575;1.16
01/08/2025;DE0001030575;1.184
04/08/2025;DE0001030575;1.144
05/08/2025;DE0001030575;1.136
06/08/2025;DE0001030575;1.152
07/08/2025;DE0001030575;1.122
08/08/2025;DE0001030575;1.181
11/08/2025;DE0001030575;1.197
12/08/2025;DE0001030575;1.257
13/08/2025;DE0001030575;1.208
14/08/2025;DE0001030575;1.255
15/08/2025;DE0001030575;1.327
18/08/2025;DE0001030575;1.316
19/08/2025;DE0001030575;1.307
20/08/2025;DE0001030575;1.287
21/08/2025;DE0001030575;1.325
22/08/2025;DE0001030575;1.302
25/08/2025;DE0001030575;1.321
26/08/2025;DE0001030575;1.3
27/08/2025;DE0001030575;1.284
28/08/2025;DE0001030575;1.281
29/08/2025;DE0001030575;1.328
01/09/2025;DE0001030575;1.347
02/09/2025;DE0001030575;1.387
03/09/2025;DE0001030575;1.35
04/09/2025;DE0001030575;1.327
05/09/2025;DE0001030575;1.313
08/09/2025;DE0001030575;1.286
09/09/2025;DE0001030575;1.295
10/09/2025;DE0001030575;1.285
11/09/2025;DE0001030575;1.282
12/09/2025;DE0001030575;1.315
15/09/2025;DE0001030575;1.286
16/09/2025;DE0001030575;1.295
17/09/2025;DE0001030575;1.256
18/09/2025;DE0001030575;1.316
19/09/2025;DE0001030575;1.34
22/09/2025;DE0001030575;1.361
23/09/2025;DE0001030575;1.349
24/09/2025;DE0001030575;1.341
25/09/2025;DE0001030575;1.334
26/09/2025;DE0001030575;1.309
29/09/2025;DE0001030575;1.272
30/09/2025;DE0001030575;1.288
01/10/2025;DE0001030575;1.296
02/10/2025;DE0001030575;1.278
03/10/2025;DE0001030575;1.27
06/10/2025;DE0001030575;1.293
07/10/2025;DE0001030575;1.281
08/10/2025;DE0001030575;1.253
09/10/2025;DE0001030575;1.258
10/10/2025;DE0001030575;1.219
13/10/2025;DE0001030575;1.208
14/10/2025;DE0001030575;1.176
15/10/2025;DE0001030575;1.117
16/10/2025;DE0001030575;1.113
17/10/2025;DE0001030575;1.151
20/10/2025;DE0001030575;1.143
21/10/2025;DE0001030575;1.109
22/10/2025;DE0001030575;1.101
23/10/2025;DE0001030575;1.115
24/10/2025;DE0001030575;1.166
27/10/2025;DE0001030575;1.145
28/10/2025;DE0001030575;1.159
29/10/2025;DE0001030575;1.158
30/10/2025;DE0001030575;1.164
31/10/2025;DE0001030575;1.168
03/11/2025;DE0001030575;1.182
04/11/2025;DE0001030575;1.183
05/11/2025;DE0001030575;1.191
06/11/2025;DE0001030575;1.19
07/11/2025;DE0001030575;1.207
10/11/2025;DE0001030575;1.206
11/11/2025;DE0001030575;1.201
12/11/2025;DE0001030575;1.17
13/11/2025;DE0001030575;1.214
14/11/2025;DE0001030575;1.244
17/11/2025;DE0001030575;1.237
18/11/2025;DE0001030575;1.243
19/11/2025;DE0001030575;1.26
20/11/2025;DE0001030575;1.272
21/11/2025;DE0001030575;1.282
24/11/2025;DE0001030575;1.27
25/11/2025;DE0001030575;1.256
26/11/2025;DE0001030575;1.257
27/11/2025;DE0001030575;1.262
28/11/2025;DE0001030575;1.27
01/12/2025;DE0001030575;1.323
02/12/2025;DE0001030575;1.319
03/12/2025;DE0001030575;1.328
04/12/2025;DE0001030575;1.332
05/12/2025;DE0001030575;1.356
08/12/2025;DE0001030575;1.382
09/12/2025;DE0001030575;1.381
10/12/2025;DE0001030575;1.37
11/12/2025;DE0001030575;1.366
12/12/2025;DE0001030575;1.396
15/12/2025;DE0001030575;1.385
16/12/2025;DE0001030575;1.392
17/12/2025;DE0001030575;1.415
18/12/2025;DE0001030575;1.424
19/12/2025;DE0001030575;1.47
22/12/2025;DE0001030575;1.466
23/12/2025;DE0001030575;1.437
24/12/2025;DE0001030575;#N/A N/A
25/12/2025;DE0001030575;#N/A N/A
26/12/2025;DE0001030575;#N/A N/A
29/12/2025;DE0001030575;1.414
30/12/2025;DE0001030575;1.407
31/12/2025;DE0001030575;#N/A N/A
01/01/2026;DE0001030575;#N/A N/A
02/01/2026;DE0001030575;1.464
05/01/2026;DE0001030575;1.424
06/01/2026;DE0001030575;1.403
07/01/2026;DE0001030575;1.374
08/01/2026;DE0001030575;1.382
09/01/2026;DE0001030575;1.357
12/01/2026;DE0001030575;1.34
13/01/2026;DE0001030575;1.343
14/01/2026;DE0001030575;1.303
15/01/2026;DE0001030575;1.278
16/01/2026;DE0001030575;1.288
19/01/2026;DE0001030575;1.315
20/01/2026;DE0001030575;1.325
21/01/2026;DE0001030575;1.349
22/01/2026;DE0001030575;1.354
23/01/2026;DE0001030575;1.37
26/01/2026;DE0001030575;1.334
27/01/2026;DE0001030575;1.324
28/01/2026;DE0001030575;1.324
29/01/2026;DE0001030575;1.305
30/01/2026;DE0001030575;1.302
02/02/2026;DE0001030575;1.337
03/02/2026;DE0001030575;1.362
04/02/2026;DE0001030575;1.34
05/02/2026;DE0001030575;1.325
06/02/2026;DE0001030575;1.342
09/02/2026;DE0001030575;1.358
10/02/2026;DE0001030575;1.328
11/02/2026;DE0001030575;1.293
12/02/2026;DE0001030575;1.296
13/02/2026;DE0001030575;1.286
16/02/2026;DE0001030575;1.286
17/02/2026;DE0001030575;1.276
18/02/2026;DE0001030575;1.269
19/02/2026;DE0001030575;1.262
20/02/2026;DE0001030575;1.258
23/02/2026;DE0001030575;1.242
24/02/2026;DE0001030575;1.244
25/02/2026;DE0001030575;1.238
26/02/2026;DE0001030575;1.225
27/02/2026;DE0001030575;1.18
02/03/2026;DE0001030575;1.206
03/03/2026;DE0001030575;1.219
04/03/2026;DE0001030575;1.231
05/03/2026;DE0001030575;1.265
06/03/2026;DE0001030575;1.195
09/03/2026;DE0001030575;1.193
10/03/2026;DE0001030575;1.246
11/03/2026;DE0001030575;1.277
12/03/2026;DE0001030575;1.254
13/03/2026;DE0001030575;1.284
16/03/2026;DE0001030575;1.278
17/03/2026;DE0001030575;1.26
18/03/2026;DE0001030575;1.244
19/03/2026;DE0001030575;1.215
20/03/2026;DE0001030575;1.288
23/03/2026;DE0001030575;1.28
24/03/2026;DE0001030575;1.29
25/03/2026;DE0001030575;1.245
26/03/2026;DE0001030575;1.299
27/03/2026;DE0001030575;1.32
30/03/2026;DE0001030575;1.256
31/03/2026;DE0001030575;1.238
01/04/2026;DE0001030575;1.261
02/04/2026;DE0001030575;1.257
03/04/2026;DE0001030575;#N/A N/A
06/04/2026;DE0001030575;#N/A N/A
07/04/2026;DE0001030575;1.306
08/04/2026;DE0001030575;1.275
09/04/2026;DE0001030575;1.308
10/04/2026;DE0001030575;1.378
13/04/2026;DE0001030575;1.398
14/04/2026;DE0001030575;1.369
15/04/2026;DE0001030575;1.371
16/04/2026;DE0001030575;1.368
17/04/2026;DE0001030575;1.345
20/04/2026;DE0001030575;1.35
21/04/2026;DE0001030575;1.355
22/04/2026;DE0001030575;1.339
23/04/2026;DE0001030575;1.313
24/04/2026;DE0001030575;1.301
27/04/2026;DE0001030575;1.314
28/04/2026;DE0001030575;1.318
29/04/2026;DE0001030575;1.32
30/04/2026;DE0001030575;1.321
01/05/2026;DE0001030575;#N/A N/A
04/05/2026;DE0001030575;1.318
05/05/2026;DE0001030575;1.272
06/05/2026;DE0001030575;1.265
07/05/2026;DE0001030575;1.31
08/05/2026;DE0001030575;1.305
11/05/2026;DE0001030575;1.31
12/05/2026;DE0001030575;1.328
13/05/2026;DE0001030575;1.318
14/05/2026;DE0001030575;1.307
15/05/2026;DE0001030575;1.391
18/05/2026;DE0001030575;1.372
19/05/2026;DE0001030575;1.418
20/05/2026;DE0001030575;1.353
21/05/2026;DE0001030575;1.345
22/05/2026;DE0001030575;1.309
25/05/2026;DE0001030575;1.267
26/05/2026;DE0001030575;1.285
27/05/2026;DE0001030575;1.304
28/05/2026;DE0001030575;1.278
29/05/2026;DE0001030575;1.277
01/06/2026;DE0001030575;1.299
02/06/2026;DE0001030575;1.282
03/06/2026;DE0001030575;1.322
04/06/2026;DE0001030575;1.323
05/06/2026;DE0001030575;1.335
08/06/2026;DE0001030575;1.356
09/06/2026;DE0001030575;1.357
10/06/2026;DE0001030575;1.369
11/06/2026;DE0001030575;1.34
12/06/2026;DE0001030575;1.344
15/06/2026;DE0001030575;1.337
16/06/2026;DE0001030575;#N/A Requesting Data...
17/06/2026;DE0001030575;1.334
18/06/2026;DE0001030575;1.335
19/06/2026;DE0001030575;1.388
22/06/2026;DE0001030575;1.366
23/06/2026;DE0001030575;1.352
24/06/2026;DE0001030575;1.314
25/06/2026;DE0001030575;1.3
26/06/2026;DE0001030575;1.298
29/06/2026;DE0001030575;1.295
30/06/2026;DE0001030575;1.292
01/07/2026;DE0001030575;1.306
02/07/2026;DE0001030575;1.326
03/07/2026;DE0001030575;1.365
06/07/2026;DE0001030575;1.368
07/07/2026;DE0001030575;1.4
08/07/2026;DE0001030575;1.42
09/07/2026;DE0001030575;1.404
10/07/2026;DE0001030575;1.389
13/07/2026;DE0001030575;1.405
14/07/2026;DE0001030575;1.395
15/07/2026;DE0001030575;1.406
16/07/2026;DE0001030575;1.418
17/07/2026;DE0001030575;1.392
20/07/2026;DE0001030575;1.415
21/07/2026;DE0001030575;1.42
22/07/2026;DE0001030575;1.425
23/07/2026;DE0001030575;1.416
24/07/2026;DE0001030575;1.424
27/07/2026;DE0001030575;1.42
11/02/2021;DE0001030583;-1.488
12/02/2021;DE0001030583;-1.477
15/02/2021;DE0001030583;-1.426
16/02/2021;DE0001030583;-1.418
17/02/2021;DE0001030583;-1.416
18/02/2021;DE0001030583;-1.367
19/02/2021;DE0001030583;-1.276
22/02/2021;DE0001030583;-1.332
23/02/2021;DE0001030583;-1.335
24/02/2021;DE0001030583;-1.331
25/02/2021;DE0001030583;-1.287
26/02/2021;DE0001030583;-1.302
01/03/2021;DE0001030583;-1.4
02/03/2021;DE0001030583;-1.425
03/03/2021;DE0001030583;-1.382
04/03/2021;DE0001030583;-1.409
05/03/2021;DE0001030583;-1.455
08/03/2021;DE0001030583;-1.411
09/03/2021;DE0001030583;-1.44
10/03/2021;DE0001030583;-1.459
11/03/2021;DE0001030583;-1.493
12/03/2021;DE0001030583;-1.494
15/03/2021;DE0001030583;-1.526
16/03/2021;DE0001030583;-1.552
17/03/2021;DE0001030583;-1.494
18/03/2021;DE0001030583;-1.458
19/03/2021;DE0001030583;-1.469
22/03/2021;DE0001030583;-1.503
23/03/2021;DE0001030583;-1.529
24/03/2021;DE0001030583;-1.585
25/03/2021;DE0001030583;-1.6
26/03/2021;DE0001030583;-1.591
29/03/2021;DE0001030583;-1.562
30/03/2021;DE0001030583;-1.545
31/03/2021;DE0001030583;-1.557
01/04/2021;DE0001030583;-1.61
02/04/2021;DE0001030583;#N/A N/A
05/04/2021;DE0001030583;#N/A N/A
06/04/2021;DE0001030583;-1.604
07/04/2021;DE0001030583;-1.615
08/04/2021;DE0001030583;-1.626
09/04/2021;DE0001030583;-1.592
12/04/2021;DE0001030583;-1.583
13/04/2021;DE0001030583;-1.576
14/04/2021;DE0001030583;-1.532
15/04/2021;DE0001030583;-1.543
16/04/2021;DE0001030583;-1.502
19/04/2021;DE0001030583;-1.499
20/04/2021;DE0001030583;-1.523
21/04/2021;DE0001030583;-1.526
22/04/2021;DE0001030583;-1.5
23/04/2021;DE0001030583;-1.506
26/04/2021;DE0001030583;-1.488
27/04/2021;DE0001030583;-1.495
28/04/2021;DE0001030583;-1.501
29/04/2021;DE0001030583;-1.49
30/04/2021;DE0001030583;-1.49
03/05/2021;DE0001030583;-1.473
04/05/2021;DE0001030583;-1.494
05/05/2021;DE0001030583;-1.502
06/05/2021;DE0001030583;-1.492
07/05/2021;DE0001030583;-1.512
10/05/2021;DE0001030583;-1.538
11/05/2021;DE0001030583;-1.511
12/05/2021;DE0001030583;-1.517
13/05/2021;DE0001030583;-1.501
14/05/2021;DE0001030583;-1.48
17/05/2021;DE0001030583;-1.497
18/05/2021;DE0001030583;-1.502
19/05/2021;DE0001030583;-1.47
20/05/2021;DE0001030583;-1.421
21/05/2021;DE0001030583;-1.441
24/05/2021;DE0001030583;-1.461
25/05/2021;DE0001030583;-1.488
26/05/2021;DE0001030583;-1.492
27/05/2021;DE0001030583;-1.447
28/05/2021;DE0001030583;-1.494
31/05/2021;DE0001030583;-1.504
01/06/2021;DE0001030583;-1.508
02/06/2021;DE0001030583;-1.497
03/06/2021;DE0001030583;-1.521
04/06/2021;DE0001030583;-1.554
07/06/2021;DE0001030583;-1.54
08/06/2021;DE0001030583;-1.541
09/06/2021;DE0001030583;-1.559
10/06/2021;DE0001030583;-1.56
11/06/2021;DE0001030583;-1.592
14/06/2021;DE0001030583;-1.574
15/06/2021;DE0001030583;-1.548
16/06/2021;DE0001030583;-1.545
17/06/2021;DE0001030583;-1.484
18/06/2021;DE0001030583;-1.455
21/06/2021;DE0001030583;-1.434
22/06/2021;DE0001030583;-1.461
23/06/2021;DE0001030583;-1.48
24/06/2021;DE0001030583;-1.489
25/06/2021;DE0001030583;-1.472
28/06/2021;DE0001030583;-1.493
29/06/2021;DE0001030583;-1.492
30/06/2021;DE0001030583;-1.528
01/07/2021;DE0001030583;-1.524
02/07/2021;DE0001030583;-1.564
05/07/2021;DE0001030583;-1.558
06/07/2021;DE0001030583;-1.623
07/07/2021;DE0001030583;-1.63
08/07/2021;DE0001030583;-1.608
09/07/2021;DE0001030583;-1.618
12/07/2021;DE0001030583;-1.604
13/07/2021;DE0001030583;-1.604
14/07/2021;DE0001030583;-1.629
15/07/2021;DE0001030583;-1.648
16/07/2021;DE0001030583;-1.672
19/07/2021;DE0001030583;-1.656
20/07/2021;DE0001030583;-1.689
21/07/2021;DE0001030583;-1.701
22/07/2021;DE0001030583;-1.724
23/07/2021;DE0001030583;-1.725
26/07/2021;DE0001030583;-1.742
27/07/2021;DE0001030583;-1.786
28/07/2021;DE0001030583;-1.805
29/07/2021;DE0001030583;-1.848
30/07/2021;DE0001030583;-1.868
02/08/2021;DE0001030583;-1.875
03/08/2021;DE0001030583;-1.863
04/08/2021;DE0001030583;-1.877
05/08/2021;DE0001030583;-1.862
06/08/2021;DE0001030583;-1.83
09/08/2021;DE0001030583;-1.829
10/08/2021;DE0001030583;-1.853
11/08/2021;DE0001030583;-1.878
12/08/2021;DE0001030583;-1.891
13/08/2021;DE0001030583;-1.898
16/08/2021;DE0001030583;-1.879
17/08/2021;DE0001030583;-1.884
18/08/2021;DE0001030583;-1.892
19/08/2021;DE0001030583;-1.879
20/08/2021;DE0001030583;-1.874
23/08/2021;DE0001030583;-1.877
24/08/2021;DE0001030583;-1.89
25/08/2021;DE0001030583;-1.859
26/08/2021;DE0001030583;-1.826
27/08/2021;DE0001030583;-1.848
30/08/2021;DE0001030583;-1.868
31/08/2021;DE0001030583;-1.809
01/09/2021;DE0001030583;-1.784
02/09/2021;DE0001030583;-1.815
03/09/2021;DE0001030583;-1.822
06/09/2021;DE0001030583;-1.878
07/09/2021;DE0001030583;-1.828
08/09/2021;DE0001030583;-1.849
09/09/2021;DE0001030583;-1.892
10/09/2021;DE0001030583;-1.889
13/09/2021;DE0001030583;-1.901
14/09/2021;DE0001030583;-1.869
15/09/2021;DE0001030583;-1.847
16/09/2021;DE0001030583;-1.846
17/09/2021;DE0001030583;-1.835
20/09/2021;DE0001030583;-1.837
21/09/2021;DE0001030583;-1.837
22/09/2021;DE0001030583;-1.848
23/09/2021;DE0001030583;-1.814
24/09/2021;DE0001030583;-1.777
27/09/2021;DE0001030583;-1.817
28/09/2021;DE0001030583;-1.827
29/09/2021;DE0001030583;-1.825
30/09/2021;DE0001030583;-1.815
01/10/2021;DE0001030583;-1.853
04/10/2021;DE0001030583;-1.858
05/10/2021;DE0001030583;-1.909
06/10/2021;DE0001030583;-1.863
07/10/2021;DE0001030583;-1.853
08/10/2021;DE0001030583;-1.824
11/10/2021;DE0001030583;-1.803
12/10/2021;DE0001030583;-1.795
13/10/2021;DE0001030583;-1.818
14/10/2021;DE0001030583;-1.893
15/10/2021;DE0001030583;-1.909
18/10/2021;DE0001030583;-1.929
19/10/2021;DE0001030583;-1.876
20/10/2021;DE0001030583;-1.878
21/10/2021;DE0001030583;-1.908
22/10/2021;DE0001030583;-1.957
25/10/2021;DE0001030583;-1.987
26/10/2021;DE0001030583;-2.02
27/10/2021;DE0001030583;-2.055
28/10/2021;DE0001030583;-1.955
29/10/2021;DE0001030583;-1.796
01/11/2021;DE0001030583;-1.815
02/11/2021;DE0001030583;-1.844
03/11/2021;DE0001030583;-1.798
04/11/2021;DE0001030583;-1.889
05/11/2021;DE0001030583;-1.991
08/11/2021;DE0001030583;-2.023
09/11/2021;DE0001030583;-2.059
10/11/2021;DE0001030583;-2.033
11/11/2021;DE0001030583;-2.031
12/11/2021;DE0001030583;-2.043
15/11/2021;DE0001030583;-2.035
16/11/2021;DE0001030583;-2.066
17/11/2021;DE0001030583;-2.081
18/11/2021;DE0001030583;-2.048
19/11/2021;DE0001030583;-2.049
22/11/2021;DE0001030583;-1.992
23/11/2021;DE0001030583;-1.89
24/11/2021;DE0001030583;-1.878
25/11/2021;DE0001030583;-1.943
26/11/2021;DE0001030583;-1.946
29/11/2021;DE0001030583;-1.982
30/11/2021;DE0001030583;-2.018
01/12/2021;DE0001030583;-2.023
02/12/2021;DE0001030583;-2.021
03/12/2021;DE0001030583;-2.065
06/12/2021;DE0001030583;-2.056
07/12/2021;DE0001030583;-2.082
08/12/2021;DE0001030583;-2.019
09/12/2021;DE0001030583;-2.063
10/12/2021;DE0001030583;-2.05
13/12/2021;DE0001030583;-2.098
14/12/2021;DE0001030583;-2.06
15/12/2021;DE0001030583;-2.038
16/12/2021;DE0001030583;-2.045
17/12/2021;DE0001030583;-2.063
20/12/2021;DE0001030583;-2.043
21/12/2021;DE0001030583;-2.022
22/12/2021;DE0001030583;-2.081
23/12/2021;DE0001030583;-2.035
24/12/2021;DE0001030583;#N/A N/A
27/12/2021;DE0001030583;-2.018
28/12/2021;DE0001030583;-2.012
29/12/2021;DE0001030583;-1.944
30/12/2021;DE0001030583;-1.954
31/12/2021;DE0001030583;#N/A N/A
03/01/2022;DE0001030583;-1.893
04/01/2022;DE0001030583;-1.924
05/01/2022;DE0001030583;-1.901
06/01/2022;DE0001030583;-1.808
07/01/2022;DE0001030583;-1.805
10/01/2022;DE0001030583;-1.797
11/01/2022;DE0001030583;-1.799
12/01/2022;DE0001030583;-1.839
13/01/2022;DE0001030583;-1.838
14/01/2022;DE0001030583;-1.805
17/01/2022;DE0001030583;-1.797
18/01/2022;DE0001030583;-1.78
19/01/2022;DE0001030583;-1.77
20/01/2022;DE0001030583;-1.769
21/01/2022;DE0001030583;-1.787
24/01/2022;DE0001030583;-1.828
25/01/2022;DE0001030583;-1.816
26/01/2022;DE0001030583;-1.812
27/01/2022;DE0001030583;-1.803
28/01/2022;DE0001030583;-1.809
31/01/2022;DE0001030583;-1.824
01/02/2022;DE0001030583;-1.796
02/02/2022;DE0001030583;-1.781
03/02/2022;DE0001030583;-1.636
04/02/2022;DE0001030583;-1.562
07/02/2022;DE0001030583;-1.538
08/02/2022;DE0001030583;-1.502
09/02/2022;DE0001030583;-1.554
10/02/2022;DE0001030583;-1.487
11/02/2022;DE0001030583;-1.496
14/02/2022;DE0001030583;-1.521
15/02/2022;DE0001030583;-1.486
16/02/2022;DE0001030583;-1.514
17/02/2022;DE0001030583;-1.556
18/02/2022;DE0001030583;-1.599
21/02/2022;DE0001030583;-1.581
22/02/2022;DE0001030583;-1.579
23/02/2022;DE0001030583;-1.656
24/02/2022;DE0001030583;-1.815
25/02/2022;DE0001030583;-1.709
28/02/2022;DE0001030583;-1.845
01/03/2022;DE0001030583;-2.168
02/03/2022;DE0001030583;-2.136
03/03/2022;DE0001030583;-2.14
04/03/2022;DE0001030583;-2.331
07/03/2022;DE0001030583;-2.43
08/03/2022;DE0001030583;-2.366
09/03/2022;DE0001030583;-2.11
10/03/2022;DE0001030583;-1.936
11/03/2022;DE0001030583;-2.08
14/03/2022;DE0001030583;-1.991
15/03/2022;DE0001030583;-1.954
16/03/2022;DE0001030583;-1.838
17/03/2022;DE0001030583;-1.874
18/03/2022;DE0001030583;-1.899
21/03/2022;DE0001030583;-1.833
22/03/2022;DE0001030583;-1.843
23/03/2022;DE0001030583;-1.936
24/03/2022;DE0001030583;-1.917
25/03/2022;DE0001030583;-1.845
28/03/2022;DE0001030583;-1.858
29/03/2022;DE0001030583;-1.842
30/03/2022;DE0001030583;-1.888
31/03/2022;DE0001030583;-1.928
01/04/2022;DE0001030583;-1.944
04/04/2022;DE0001030583;-2.036
05/04/2022;DE0001030583;-1.989
06/04/2022;DE0001030583;-1.977
07/04/2022;DE0001030583;-1.933
08/04/2022;DE0001030583;-1.933
11/04/2022;DE0001030583;-1.844
12/04/2022;DE0001030583;-1.902
13/04/2022;DE0001030583;-1.903
14/04/2022;DE0001030583;-1.862
15/04/2022;DE0001030583;#N/A N/A
18/04/2022;DE0001030583;#N/A N/A
19/04/2022;DE0001030583;-1.815
20/04/2022;DE0001030583;-1.867
21/04/2022;DE0001030583;-1.784
22/04/2022;DE0001030583;-1.75
25/04/2022;DE0001030583;-1.795
26/04/2022;DE0001030583;-1.786
27/04/2022;DE0001030583;-1.816
28/04/2022;DE0001030583;-1.824
29/04/2022;DE0001030583;-1.847
02/05/2022;DE0001030583;-1.795
03/05/2022;DE0001030583;-1.751
04/05/2022;DE0001030583;-1.724
05/05/2022;DE0001030583;-1.617
06/05/2022;DE0001030583;-1.422
09/05/2022;DE0001030583;-1.387
10/05/2022;DE0001030583;-1.367
11/05/2022;DE0001030583;-1.403
12/05/2022;DE0001030583;-1.452
13/05/2022;DE0001030583;-1.402
16/05/2022;DE0001030583;-1.464
17/05/2022;DE0001030583;-1.406
18/05/2022;DE0001030583;-1.402
19/05/2022;DE0001030583;-1.447
20/05/2022;DE0001030583;-1.417
23/05/2022;DE0001030583;-1.316
24/05/2022;DE0001030583;-1.304
25/05/2022;DE0001030583;-1.277
26/05/2022;DE0001030583;-1.202
27/05/2022;DE0001030583;-1.213
30/05/2022;DE0001030583;-1.185
31/05/2022;DE0001030583;-1.146
01/06/2022;DE0001030583;-1.136
02/06/2022;DE0001030583;-1.13
03/06/2022;DE0001030583;-1.134
06/06/2022;DE0001030583;-1.109
07/06/2022;DE0001030583;-1.137
08/06/2022;DE0001030583;-1.104
09/06/2022;DE0001030583;-1.023
10/06/2022;DE0001030583;-0.902
13/06/2022;DE0001030583;-0.708
14/06/2022;DE0001030583;-0.533
15/06/2022;DE0001030583;-0.589
16/06/2022;DE0001030583;-0.492
17/06/2022;DE0001030583;-0.461
20/06/2022;DE0001030583;-0.377
21/06/2022;DE0001030583;-0.413
22/06/2022;DE0001030583;-0.538
23/06/2022;DE0001030583;-0.698
24/06/2022;DE0001030583;-0.729
27/06/2022;DE0001030583;-0.67
28/06/2022;DE0001030583;-0.58
29/06/2022;DE0001030583;-0.633
30/06/2022;DE0001030583;-0.693
01/07/2022;DE0001030583;-0.801
04/07/2022;DE0001030583;-0.762
05/07/2022;DE0001030583;-0.916
06/07/2022;DE0001030583;-0.842
07/07/2022;DE0001030583;-0.762
08/07/2022;DE0001030583;-0.729
11/07/2022;DE0001030583;-0.831
12/07/2022;DE0001030583;-0.921
13/07/2022;DE0001030583;-0.936
14/07/2022;DE0001030583;-0.923
15/07/2022;DE0001030583;-0.965
18/07/2022;DE0001030583;-0.903
19/07/2022;DE0001030583;-0.844
20/07/2022;DE0001030583;-0.859
21/07/2022;DE0001030583;-0.856
22/07/2022;DE0001030583;-1.018
25/07/2022;DE0001030583;-1.057
26/07/2022;DE0001030583;-1.181
27/07/2022;DE0001030583;-1.192
28/07/2022;DE0001030583;-1.289
29/07/2022;DE0001030583;-1.333
01/08/2022;DE0001030583;-1.386
02/08/2022;DE0001030583;-1.355
03/08/2022;DE0001030583;-1.36
04/08/2022;DE0001030583;-1.418
05/08/2022;DE0001030583;-1.313
08/08/2022;DE0001030583;-1.392
09/08/2022;DE0001030583;-1.38
10/08/2022;DE0001030583;-1.385
11/08/2022;DE0001030583;-1.36
12/08/2022;DE0001030583;-1.335
15/08/2022;DE0001030583;-1.384
16/08/2022;DE0001030583;-1.368
17/08/2022;DE0001030583;-1.315
18/08/2022;DE0001030583;-1.343
19/08/2022;DE0001030583;-1.25
22/08/2022;DE0001030583;-1.232
23/08/2022;DE0001030583;-1.168
24/08/2022;DE0001030583;-1.084
25/08/2022;DE0001030583;-1.134
26/08/2022;DE0001030583;-1.072
29/08/2022;DE0001030583;-0.923
30/08/2022;DE0001030583;-0.883
31/08/2022;DE0001030583;-0.778
01/09/2022;DE0001030583;-0.74
02/09/2022;DE0001030583;-0.745
05/09/2022;DE0001030583;-0.73
06/09/2022;DE0001030583;-0.647
07/09/2022;DE0001030583;-0.675
08/09/2022;DE0001030583;-0.583
09/09/2022;DE0001030583;-0.581
12/09/2022;DE0001030583;-0.598
13/09/2022;DE0001030583;-0.544
14/09/2022;DE0001030583;-0.573
15/09/2022;DE0001030583;-0.571
16/09/2022;DE0001030583;-0.592
19/09/2022;DE0001030583;-0.534
20/09/2022;DE0001030583;-0.494
21/09/2022;DE0001030583;-0.514
22/09/2022;DE0001030583;-0.477
23/09/2022;DE0001030583;-0.387
26/09/2022;DE0001030583;-0.263
27/09/2022;DE0001030583;-0.076
28/09/2022;DE0001030583;-0.11
29/09/2022;DE0001030583;0.041
30/09/2022;DE0001030583;0.019
03/10/2022;DE0001030583;-0.071
04/10/2022;DE0001030583;-0.203
05/10/2022;DE0001030583;-0.122
06/10/2022;DE0001030583;-0.07
07/10/2022;DE0001030583;0.024
10/10/2022;DE0001030583;0.136
11/10/2022;DE0001030583;0.055
12/10/2022;DE0001030583;0.007
13/10/2022;DE0001030583;-0.001
14/10/2022;DE0001030583;0.11
17/10/2022;DE0001030583;0.011
18/10/2022;DE0001030583;0.049
19/10/2022;DE0001030583;0.15
20/10/2022;DE0001030583;0.125
21/10/2022;DE0001030583;0.099
24/10/2022;DE0001030583;-0.007
25/10/2022;DE0001030583;-0.166
26/10/2022;DE0001030583;-0.183
27/10/2022;DE0001030583;-0.369
28/10/2022;DE0001030583;-0.253
31/10/2022;DE0001030583;-0.221
01/11/2022;DE0001030583;-0.21
02/11/2022;DE0001030583;-0.22
03/11/2022;DE0001030583;-0.125
04/11/2022;DE0001030583;-0.105
07/11/2022;DE0001030583;-0.068
08/11/2022;DE0001030583;-0.133
09/11/2022;DE0001030583;-0.218
10/11/2022;DE0001030583;-0.361
11/11/2022;DE0001030583;-0.21
14/11/2022;DE0001030583;-0.18
15/11/2022;DE0001030583;-0.175
16/11/2022;DE0001030583;-0.278
17/11/2022;DE0001030583;-0.227
18/11/2022;DE0001030583;-0.231
21/11/2022;DE0001030583;-0.232
22/11/2022;DE0001030583;-0.257
23/11/2022;DE0001030583;-0.288
24/11/2022;DE0001030583;-0.357
25/11/2022;DE0001030583;-0.264
28/11/2022;DE0001030583;-0.264
29/11/2022;DE0001030583;-0.306
30/11/2022;DE0001030583;-0.369
01/12/2022;DE0001030583;-0.523
02/12/2022;DE0001030583;-0.484
05/12/2022;DE0001030583;-0.45
06/12/2022;DE0001030583;-0.451
07/12/2022;DE0001030583;-0.485
08/12/2022;DE0001030583;-0.453
09/12/2022;DE0001030583;-0.346
12/12/2022;DE0001030583;-0.341
13/12/2022;DE0001030583;-0.307
14/12/2022;DE0001030583;-0.282
15/12/2022;DE0001030583;-0.111
16/12/2022;DE0001030583;0.032
19/12/2022;DE0001030583;0.062
20/12/2022;DE0001030583;0.131
21/12/2022;DE0001030583;0.132
22/12/2022;DE0001030583;0.138
23/12/2022;DE0001030583;0.174
26/12/2022;DE0001030583;#N/A N/A
27/12/2022;DE0001030583;0.285
28/12/2022;DE0001030583;0.236
29/12/2022;DE0001030583;0.138
30/12/2022;DE0001030583;0.292
02/01/2023;DE0001030583;0.141
03/01/2023;DE0001030583;0.129
04/01/2023;DE0001030583;0.062
05/01/2023;DE0001030583;0.166
06/01/2023;DE0001030583;0.072
09/01/2023;DE0001030583;0.128
10/01/2023;DE0001030583;0.197
11/01/2023;DE0001030583;0.086
12/01/2023;DE0001030583;0.028
13/01/2023;DE0001030583;0.054
16/01/2023;DE0001030583;0.087
17/01/2023;DE0001030583;0.001
18/01/2023;DE0001030583;-0.052
19/01/2023;DE0001030583;0.039
20/01/2023;DE0001030583;0.113
23/01/2023;DE0001030583;0.072
24/01/2023;DE0001030583;0.015
25/01/2023;DE0001030583;0.03
26/01/2023;DE0001030583;0.057
27/01/2023;DE0001030583;0.067
30/01/2023;DE0001030583;0.121
31/01/2023;DE0001030583;0.105
01/02/2023;DE0001030583;0.103
02/02/2023;DE0001030583;-0.106
03/02/2023;DE0001030583;-0.027
06/02/2023;DE0001030583;0.069
07/02/2023;DE0001030583;0.098
08/02/2023;DE0001030583;0.087
09/02/2023;DE0001030583;0.031
10/02/2023;DE0001030583;0.076
13/02/2023;DE0001030583;0.082
14/02/2023;DE0001030583;0.117
15/02/2023;DE0001030583;0.128
16/02/2023;DE0001030583;0.09
17/02/2023;DE0001030583;0.078
20/02/2023;DE0001030583;0.095
21/02/2023;DE0001030583;0.13
22/02/2023;DE0001030583;0.116
23/02/2023;DE0001030583;0.032
24/02/2023;DE0001030583;0.046
27/02/2023;DE0001030583;0.072
28/02/2023;DE0001030583;0.106
01/03/2023;DE0001030583;0.125
02/03/2023;DE0001030583;0.084
03/03/2023;DE0001030583;0.015
06/03/2023;DE0001030583;0.107
07/03/2023;DE0001030583;0.153
08/03/2023;DE0001030583;0.207
09/03/2023;DE0001030583;0.164
10/03/2023;DE0001030583;0.086
13/03/2023;DE0001030583;-0.104
14/03/2023;DE0001030583;0.004
15/03/2023;DE0001030583;-0.175
16/03/2023;DE0001030583;-0.017
17/03/2023;DE0001030583;-0.122
20/03/2023;DE0001030583;-0.084
21/03/2023;DE0001030583;-0.003
22/03/2023;DE0001030583;-0.027
23/03/2023;DE0001030583;-0.164
24/03/2023;DE0001030583;-0.181
27/03/2023;DE0001030583;-0.089
28/03/2023;DE0001030583;-0.071
29/03/2023;DE0001030583;-0.047
30/03/2023;DE0001030583;-0.045
31/03/2023;DE0001030583;-0.111
03/04/2023;DE0001030583;-0.158
04/04/2023;DE0001030583;-0.177
05/04/2023;DE0001030583;-0.188
06/04/2023;DE0001030583;-0.17
07/04/2023;DE0001030583;#N/A N/A
10/04/2023;DE0001030583;#N/A N/A
11/04/2023;DE0001030583;-0.07
12/04/2023;DE0001030583;-0.046
13/04/2023;DE0001030583;-0.046
14/04/2023;DE0001030583;0.006
17/04/2023;DE0001030583;0.006
18/04/2023;DE0001030583;0.037
19/04/2023;DE0001030583;0.069
20/04/2023;DE0001030583;-0.006
21/04/2023;DE0001030583;0.039
24/04/2023;DE0001030583;0.053
25/04/2023;DE0001030583;-0.033
26/04/2023;DE0001030583;-0.01
27/04/2023;DE0001030583;0.063
28/04/2023;DE0001030583;-0.07
01/05/2023;DE0001030583;#N/A N/A
02/05/2023;DE0001030583;-0.099
03/05/2023;DE0001030583;-0.055
04/05/2023;DE0001030583;-0.076
05/05/2023;DE0001030583;-0.016
08/05/2023;DE0001030583;-0.014
09/05/2023;DE0001030583;-0.007
10/05/2023;DE0001030583;-0.067
11/05/2023;DE0001030583;-0.087
12/05/2023;DE0001030583;-0.023
15/05/2023;DE0001030583;0.003
16/05/2023;DE0001030583;0.042
17/05/2023;DE0001030583;0.036
18/05/2023;DE0001030583;0.101
19/05/2023;DE0001030583;0.08
22/05/2023;DE0001030583;0.104
23/05/2023;DE0001030583;0.081
24/05/2023;DE0001030583;0.038
25/05/2023;DE0001030583;0.09
26/05/2023;DE0001030583;0.091
29/05/2023;DE0001030583;-0.004
30/05/2023;DE0001030583;-0.026
31/05/2023;DE0001030583;-0.074
01/06/2023;DE0001030583;-0.053
02/06/2023;DE0001030583;-0.011
05/06/2023;DE0001030583;0.022
06/06/2023;DE0001030583;0.044
07/06/2023;DE0001030583;0.107
08/06/2023;DE0001030583;0.081
09/06/2023;DE0001030583;0.078
12/06/2023;DE0001030583;0.129
13/06/2023;DE0001030583;0.151
14/06/2023;DE0001030583;0.148
15/06/2023;DE0001030583;0.165
16/06/2023;DE0001030583;0.127
19/06/2023;DE0001030583;0.147
20/06/2023;DE0001030583;0.041
21/06/2023;DE0001030583;0.075
22/06/2023;DE0001030583;0.133
23/06/2023;DE0001030583;0.003
26/06/2023;DE0001030583;-0.046
27/06/2023;DE0001030583;-0.01
28/06/2023;DE0001030583;-0.016
29/06/2023;DE0001030583;0.068
30/06/2023;DE0001030583;0.07
03/07/2023;DE0001030583;0.076
04/07/2023;DE0001030583;0.093
05/07/2023;DE0001030583;0.117
06/07/2023;DE0001030583;0.248
07/07/2023;DE0001030583;0.257
10/07/2023;DE0001030583;0.251
11/07/2023;DE0001030583;0.283
12/07/2023;DE0001030583;0.198
13/07/2023;DE0001030583;0.139
14/07/2023;DE0001030583;0.207
17/07/2023;DE0001030583;0.175
18/07/2023;DE0001030583;0.09
19/07/2023;DE0001030583;0.145
20/07/2023;DE0001030583;0.169
21/07/2023;DE0001030583;0.121
24/07/2023;DE0001030583;0.088
25/07/2023;DE0001030583;0.064
26/07/2023;DE0001030583;0.115
27/07/2023;DE0001030583;0.085
28/07/2023;DE0001030583;0.079
31/07/2023;DE0001030583;0.04
01/08/2023;DE0001030583;0.097
02/08/2023;DE0001030583;0.081
03/08/2023;DE0001030583;0.146
04/08/2023;DE0001030583;0.069
07/08/2023;DE0001030583;0.082
08/08/2023;DE0001030583;0.01
09/08/2023;DE0001030583;0.065
10/08/2023;DE0001030583;0.099
11/08/2023;DE0001030583;0.18
14/08/2023;DE0001030583;0.173
15/08/2023;DE0001030583;0.207
16/08/2023;DE0001030583;0.198
17/08/2023;DE0001030583;0.266
18/08/2023;DE0001030583;0.194
21/08/2023;DE0001030583;0.251
22/08/2023;DE0001030583;0.181
23/08/2023;DE0001030583;0.108
24/08/2023;DE0001030583;0.136
25/08/2023;DE0001030583;0.184
28/08/2023;DE0001030583;0.174
29/08/2023;DE0001030583;0.129
30/08/2023;DE0001030583;0.157
31/08/2023;DE0001030583;0.113
01/09/2023;DE0001030583;0.184
04/09/2023;DE0001030583;0.188
05/09/2023;DE0001030583;0.191
06/09/2023;DE0001030583;0.202
07/09/2023;DE0001030583;0.165
08/09/2023;DE0001030583;0.145
11/09/2023;DE0001030583;0.169
12/09/2023;DE0001030583;0.161
13/09/2023;DE0001030583;0.156
14/09/2023;DE0001030583;0.123
15/09/2023;DE0001030583;0.189
18/09/2023;DE0001030583;0.195
19/09/2023;DE0001030583;0.234
20/09/2023;DE0001030583;0.232
21/09/2023;DE0001030583;0.248
22/09/2023;DE0001030583;0.271
25/09/2023;DE0001030583;0.341
26/09/2023;DE0001030583;0.388
27/09/2023;DE0001030583;0.409
28/09/2023;DE0001030583;0.499
29/09/2023;DE0001030583;0.451
02/10/2023;DE0001030583;0.572
03/10/2023;DE0001030583;0.621
04/10/2023;DE0001030583;0.592
05/10/2023;DE0001030583;0.582
06/10/2023;DE0001030583;0.583
09/10/2023;DE0001030583;0.413
10/10/2023;DE0001030583;0.44
11/10/2023;DE0001030583;0.431
12/10/2023;DE0001030583;0.492
13/10/2023;DE0001030583;0.405
16/10/2023;DE0001030583;0.445
17/10/2023;DE0001030583;0.496
18/10/2023;DE0001030583;0.506
19/10/2023;DE0001030583;0.526
20/10/2023;DE0001030583;0.48
23/10/2023;DE0001030583;0.499
24/10/2023;DE0001030583;0.485
25/10/2023;DE0001030583;0.543
26/10/2023;DE0001030583;0.501
27/10/2023;DE0001030583;0.497
30/10/2023;DE0001030583;0.502
31/10/2023;DE0001030583;0.486
01/11/2023;DE0001030583;0.471
02/11/2023;DE0001030583;0.448
03/11/2023;DE0001030583;0.396
06/11/2023;DE0001030583;0.485
07/11/2023;DE0001030583;0.443
08/11/2023;DE0001030583;0.43
09/11/2023;DE0001030583;0.43
10/11/2023;DE0001030583;0.479
13/11/2023;DE0001030583;0.465
14/11/2023;DE0001030583;0.385
15/11/2023;DE0001030583;0.449
16/11/2023;DE0001030583;0.438
17/11/2023;DE0001030583;0.411
20/11/2023;DE0001030583;0.405
21/11/2023;DE0001030583;0.37
22/11/2023;DE0001030583;0.384
23/11/2023;DE0001030583;0.309
24/11/2023;DE0001030583;0.374
27/11/2023;DE0001030583;0.303
28/11/2023;DE0001030583;0.281
29/11/2023;DE0001030583;0.275
30/11/2023;DE0001030583;0.244
01/12/2023;DE0001030583;0.195
04/12/2023;DE0001030583;0.241
05/12/2023;DE0001030583;0.136
06/12/2023;DE0001030583;0.117
07/12/2023;DE0001030583;0.111
08/12/2023;DE0001030583;0.201
11/12/2023;DE0001030583;0.208
12/12/2023;DE0001030583;0.187
13/12/2023;DE0001030583;0.169
14/12/2023;DE0001030583;0.08
15/12/2023;DE0001030583;0.02
18/12/2023;DE0001030583;0.087
19/12/2023;DE0001030583;0.054
20/12/2023;DE0001030583;-0.011
21/12/2023;DE0001030583;-0.037
22/12/2023;DE0001030583;-0.026
25/12/2023;DE0001030583;#N/A N/A
26/12/2023;DE0001030583;#N/A N/A
27/12/2023;DE0001030583;-0.09
28/12/2023;DE0001030583;-0.034
29/12/2023;DE0001030583;0.035
01/01/2024;DE0001030583;#N/A N/A
02/01/2024;DE0001030583;0.078
03/01/2024;DE0001030583;0.033
04/01/2024;DE0001030583;0.124
05/01/2024;DE0001030583;0.121
08/01/2024;DE0001030583;0.098
09/01/2024;DE0001030583;0.141
10/01/2024;DE0001030583;0.191
11/01/2024;DE0001030583;0.177
12/01/2024;DE0001030583;0.119
15/01/2024;DE0001030583;0.17
16/01/2024;DE0001030583;0.184
17/01/2024;DE0001030583;0.253
18/01/2024;DE0001030583;0.283
19/01/2024;DE0001030583;0.281
22/01/2024;DE0001030583;0.242
23/01/2024;DE0001030583;0.309
24/01/2024;DE0001030583;0.294
25/01/2024;DE0001030583;0.264
26/01/2024;DE0001030583;0.271
29/01/2024;DE0001030583;0.205
30/01/2024;DE0001030583;0.244
31/01/2024;DE0001030583;0.166
01/02/2024;DE0001030583;0.141
02/02/2024;DE0001030583;0.223
05/02/2024;DE0001030583;0.286
06/02/2024;DE0001030583;0.241
07/02/2024;DE0001030583;0.259
08/02/2024;DE0001030583;0.285
09/02/2024;DE0001030583;0.316
12/02/2024;DE0001030583;0.303
13/02/2024;DE0001030583;0.33
14/02/2024;DE0001030583;0.288
15/02/2024;DE0001030583;0.325
16/02/2024;DE0001030583;0.368
19/02/2024;DE0001030583;0.376
20/02/2024;DE0001030583;0.348
21/02/2024;DE0001030583;0.434
22/02/2024;DE0001030583;0.436
23/02/2024;DE0001030583;0.37
26/02/2024;DE0001030583;0.415
27/02/2024;DE0001030583;0.433
28/02/2024;DE0001030583;0.386
29/02/2024;DE0001030583;0.336
01/03/2024;DE0001030583;0.355
04/03/2024;DE0001030583;0.34
05/03/2024;DE0001030583;0.289
06/03/2024;DE0001030583;0.28
07/03/2024;DE0001030583;0.286
08/03/2024;DE0001030583;0.248
11/03/2024;DE0001030583;0.283
12/03/2024;DE0001030583;0.306
13/03/2024;DE0001030583;0.319
14/03/2024;DE0001030583;0.335
15/03/2024;DE0001030583;0.357
18/03/2024;DE0001030583;0.365
19/03/2024;DE0001030583;0.348
20/03/2024;DE0001030583;0.353
21/03/2024;DE0001030583;0.317
22/03/2024;DE0001030583;0.243
25/03/2024;DE0001030583;0.273
26/03/2024;DE0001030583;0.249
27/03/2024;DE0001030583;0.197
28/03/2024;DE0001030583;0.194
29/03/2024;DE0001030583;#N/A N/A
01/04/2024;DE0001030583;#N/A N/A
02/04/2024;DE0001030583;0.273
03/04/2024;DE0001030583;0.24
04/04/2024;DE0001030583;0.233
05/04/2024;DE0001030583;0.248
08/04/2024;DE0001030583;0.278
09/04/2024;DE0001030583;0.239
10/04/2024;DE0001030583;0.286
11/04/2024;DE0001030583;0.297
12/04/2024;DE0001030583;0.174
15/04/2024;DE0001030583;0.234
16/04/2024;DE0001030583;0.236
17/04/2024;DE0001030583;0.243
18/04/2024;DE0001030583;0.295
19/04/2024;DE0001030583;0.301
22/04/2024;DE0001030583;0.301
23/04/2024;DE0001030583;0.312
24/04/2024;DE0001030583;0.381
25/04/2024;DE0001030583;0.418
26/04/2024;DE0001030583;0.385
29/04/2024;DE0001030583;0.363
30/04/2024;DE0001030583;0.388
01/05/2024;DE0001030583;#N/A N/A
02/05/2024;DE0001030583;0.378
03/05/2024;DE0001030583;0.344
06/05/2024;DE0001030583;0.332
07/05/2024;DE0001030583;0.303
08/05/2024;DE0001030583;0.336
09/05/2024;DE0001030583;0.347
10/05/2024;DE0001030583;0.373
13/05/2024;DE0001030583;0.365
14/05/2024;DE0001030583;0.397
15/05/2024;DE0001030583;0.298
16/05/2024;DE0001030583;0.332
17/05/2024;DE0001030583;0.377
20/05/2024;DE0001030583;0.398
21/05/2024;DE0001030583;0.378
22/05/2024;DE0001030583;0.404
23/05/2024;DE0001030583;0.46
24/05/2024;DE0001030583;0.463
27/05/2024;DE0001030583;0.437
28/05/2024;DE0001030583;0.477
29/05/2024;DE0001030583;0.539
30/05/2024;DE0001030583;0.503
31/05/2024;DE0001030583;0.519
03/06/2024;DE0001030583;0.483
04/06/2024;DE0001030583;0.459
05/06/2024;DE0001030583;0.437
06/06/2024;DE0001030583;0.469
07/06/2024;DE0001030583;0.52
10/06/2024;DE0001030583;0.545
11/06/2024;DE0001030583;0.519
12/06/2024;DE0001030583;0.441
13/06/2024;DE0001030583;0.391
14/06/2024;DE0001030583;0.302
17/06/2024;DE0001030583;0.34
18/06/2024;DE0001030583;0.302
19/06/2024;DE0001030583;0.332
20/06/2024;DE0001030583;0.361
21/06/2024;DE0001030583;0.347
24/06/2024;DE0001030583;0.361
25/06/2024;DE0001030583;0.364
26/06/2024;DE0001030583;0.407
27/06/2024;DE0001030583;0.395
28/06/2024;DE0001030583;0.444
01/07/2024;DE0001030583;0.549
02/07/2024;DE0001030583;0.534
03/07/2024;DE0001030583;0.509
04/07/2024;DE0001030583;0.518
05/07/2024;DE0001030583;0.471
08/07/2024;DE0001030583;0.462
09/07/2024;DE0001030583;0.515
10/07/2024;DE0001030583;0.474
11/07/2024;DE0001030583;0.412
12/07/2024;DE0001030583;0.446
15/07/2024;DE0001030583;0.423
16/07/2024;DE0001030583;0.383
17/07/2024;DE0001030583;0.369
18/07/2024;DE0001030583;0.376
19/07/2024;DE0001030583;0.401
22/07/2024;DE0001030583;0.45
23/07/2024;DE0001030583;0.415
24/07/2024;DE0001030583;0.405
25/07/2024;DE0001030583;0.402
26/07/2024;DE0001030583;0.419
29/07/2024;DE0001030583;0.385
30/07/2024;DE0001030583;0.361
31/07/2024;DE0001030583;0.316
01/08/2024;DE0001030583;0.248
02/08/2024;DE0001030583;0.246
05/08/2024;DE0001030583;0.299
06/08/2024;DE0001030583;0.295
07/08/2024;DE0001030583;0.34
08/08/2024;DE0001030583;0.344
09/08/2024;DE0001030583;0.341
12/08/2024;DE0001030583;0.317
13/08/2024;DE0001030583;0.297
14/08/2024;DE0001030583;0.313
15/08/2024;DE0001030583;0.372
16/08/2024;DE0001030583;0.377
19/08/2024;DE0001030583;0.382
20/08/2024;DE0001030583;0.369
21/08/2024;DE0001030583;0.354
22/08/2024;DE0001030583;0.391
23/08/2024;DE0001030583;0.352
26/08/2024;DE0001030583;0.332
27/08/2024;DE0001030583;0.386
28/08/2024;DE0001030583;0.377
29/08/2024;DE0001030583;0.405
30/08/2024;DE0001030583;0.439
02/09/2024;DE0001030583;0.455
03/09/2024;DE0001030583;0.409
04/09/2024;DE0001030583;0.391
05/09/2024;DE0001030583;0.377
06/09/2024;DE0001030583;0.358
09/09/2024;DE0001030583;0.356
10/09/2024;DE0001030583;0.346
11/09/2024;DE0001030583;0.356
12/09/2024;DE0001030583;0.383
13/09/2024;DE0001030583;0.345
16/09/2024;DE0001030583;0.312
17/09/2024;DE0001030583;0.308
18/09/2024;DE0001030583;0.347
19/09/2024;DE0001030583;0.37
20/09/2024;DE0001030583;0.373
23/09/2024;DE0001030583;0.323
24/09/2024;DE0001030583;0.289
25/09/2024;DE0001030583;0.308
26/09/2024;DE0001030583;0.322
27/09/2024;DE0001030583;0.306
30/09/2024;DE0001030583;0.277
01/10/2024;DE0001030583;0.207
02/10/2024;DE0001030583;0.211
03/10/2024;DE0001030583;0.222
04/10/2024;DE0001030583;0.264
07/10/2024;DE0001030583;0.273
08/10/2024;DE0001030583;0.282
09/10/2024;DE0001030583;0.302
10/10/2024;DE0001030583;0.245
11/10/2024;DE0001030583;0.241
14/10/2024;DE0001030583;0.271
15/10/2024;DE0001030583;0.277
16/10/2024;DE0001030583;0.259
17/10/2024;DE0001030583;0.271
18/10/2024;DE0001030583;0.262
21/10/2024;DE0001030583;0.334
22/10/2024;DE0001030583;0.326
23/10/2024;DE0001030583;0.333
24/10/2024;DE0001030583;0.336
25/10/2024;DE0001030583;0.374
28/10/2024;DE0001030583;0.402
29/10/2024;DE0001030583;0.467
30/10/2024;DE0001030583;0.496
31/10/2024;DE0001030583;0.479
01/11/2024;DE0001030583;0.469
04/11/2024;DE0001030583;0.458
05/11/2024;DE0001030583;0.45
06/11/2024;DE0001030583;0.383
07/11/2024;DE0001030583;0.441
08/11/2024;DE0001030583;0.396
11/11/2024;DE0001030583;0.384
12/11/2024;DE0001030583;0.41
13/11/2024;DE0001030583;0.447
14/11/2024;DE0001030583;0.398
15/11/2024;DE0001030583;0.419
18/11/2024;DE0001030583;0.42
19/11/2024;DE0001030583;0.395
20/11/2024;DE0001030583;0.416
21/11/2024;DE0001030583;0.384
22/11/2024;DE0001030583;0.323
25/11/2024;DE0001030583;0.316
26/11/2024;DE0001030583;0.301
27/11/2024;DE0001030583;0.298
28/11/2024;DE0001030583;0.267
29/11/2024;DE0001030583;0.213
02/12/2024;DE0001030583;0.196
03/12/2024;DE0001030583;0.229
04/12/2024;DE0001030583;0.218
05/12/2024;DE0001030583;0.275
06/12/2024;DE0001030583;0.281
09/12/2024;DE0001030583;0.3
10/12/2024;DE0001030583;0.281
11/12/2024;DE0001030583;0.277
12/12/2024;DE0001030583;0.333
13/12/2024;DE0001030583;0.363
16/12/2024;DE0001030583;0.369
17/12/2024;DE0001030583;0.389
18/12/2024;DE0001030583;0.384
19/12/2024;DE0001030583;0.43
20/12/2024;DE0001030583;0.423
23/12/2024;DE0001030583;0.46
24/12/2024;DE0001030583;#N/A N/A
25/12/2024;DE0001030583;#N/A N/A
26/12/2024;DE0001030583;#N/A N/A
27/12/2024;DE0001030583;0.512
30/12/2024;DE0001030583;0.492
31/12/2024;DE0001030583;#N/A N/A
01/01/2025;DE0001030583;#N/A N/A
02/01/2025;DE0001030583;0.463
03/01/2025;DE0001030583;0.488
06/01/2025;DE0001030583;0.468
07/01/2025;DE0001030583;0.477
08/01/2025;DE0001030583;0.497
09/01/2025;DE0001030583;0.52
10/01/2025;DE0001030583;0.549
13/01/2025;DE0001030583;0.546
14/01/2025;DE0001030583;0.578
15/01/2025;DE0001030583;0.501
16/01/2025;DE0001030583;0.496
17/01/2025;DE0001030583;0.479
20/01/2025;DE0001030583;0.486
21/01/2025;DE0001030583;0.501
22/01/2025;DE0001030583;0.534
23/01/2025;DE0001030583;0.519
24/01/2025;DE0001030583;0.54
27/01/2025;DE0001030583;0.539
28/01/2025;DE0001030583;0.544
29/01/2025;DE0001030583;0.553
30/01/2025;DE0001030583;0.495
31/01/2025;DE0001030583;0.453
03/02/2025;DE0001030583;0.368
04/02/2025;DE0001030583;0.411
05/02/2025;DE0001030583;0.423
06/02/2025;DE0001030583;0.426
07/02/2025;DE0001030583;0.415
10/02/2025;DE0001030583;0.397
11/02/2025;DE0001030583;0.444
12/02/2025;DE0001030583;0.498
13/02/2025;DE0001030583;0.482
14/02/2025;DE0001030583;0.502
17/02/2025;DE0001030583;0.553
18/02/2025;DE0001030583;0.543
19/02/2025;DE0001030583;0.584
20/02/2025;DE0001030583;0.565
21/02/2025;DE0001030583;0.542
24/02/2025;DE0001030583;0.554
25/02/2025;DE0001030583;0.555
26/02/2025;DE0001030583;0.528
27/02/2025;DE0001030583;0.488
28/02/2025;DE0001030583;0.495
03/03/2025;DE0001030583;0.533
04/03/2025;DE0001030583;0.543
05/03/2025;DE0001030583;0.698
06/03/2025;DE0001030583;0.728
07/03/2025;DE0001030583;0.773
10/03/2025;DE0001030583;0.769
11/03/2025;DE0001030583;0.757
12/03/2025;DE0001030583;0.756
13/03/2025;DE0001030583;0.762
14/03/2025;DE0001030583;0.762
17/03/2025;DE0001030583;0.719
18/03/2025;DE0001030583;0.712
19/03/2025;DE0001030583;0.699
20/03/2025;DE0001030583;0.687
21/03/2025;DE0001030583;0.668
24/03/2025;DE0001030583;0.663
25/03/2025;DE0001030583;0.698
26/03/2025;DE0001030583;0.694
27/03/2025;DE0001030583;0.681
28/03/2025;DE0001030583;0.646
31/03/2025;DE0001030583;0.63
01/04/2025;DE0001030583;0.614
02/04/2025;DE0001030583;0.648
03/04/2025;DE0001030583;0.619
04/04/2025;DE0001030583;0.595
07/04/2025;DE0001030583;0.623
08/04/2025;DE0001030583;0.643
09/04/2025;DE0001030583;0.652
10/04/2025;DE0001030583;0.63
11/04/2025;DE0001030583;0.662
14/04/2025;DE0001030583;0.593
15/04/2025;DE0001030583;0.644
16/04/2025;DE0001030583;0.6
17/04/2025;DE0001030583;0.561
18/04/2025;DE0001030583;#N/A N/A
21/04/2025;DE0001030583;#N/A N/A
22/04/2025;DE0001030583;0.523
23/04/2025;DE0001030583;0.553
24/04/2025;DE0001030583;0.495
25/04/2025;DE0001030583;0.514
28/04/2025;DE0001030583;0.564
29/04/2025;DE0001030583;0.572
30/04/2025;DE0001030583;0.506
01/05/2025;DE0001030583;#N/A N/A
02/05/2025;DE0001030583;0.569
05/05/2025;DE0001030583;0.566
06/05/2025;DE0001030583;0.563
07/05/2025;DE0001030583;0.528
08/05/2025;DE0001030583;0.583
09/05/2025;DE0001030583;0.6
12/05/2025;DE0001030583;0.656
13/05/2025;DE0001030583;0.68
14/05/2025;DE0001030583;0.702
15/05/2025;DE0001030583;0.648
16/05/2025;DE0001030583;0.625
19/05/2025;DE0001030583;0.623
20/05/2025;DE0001030583;0.634
21/05/2025;DE0001030583;0.659
22/05/2025;DE0001030583;0.67
23/05/2025;DE0001030583;0.63
26/05/2025;DE0001030583;0.635
27/05/2025;DE0001030583;0.644
28/05/2025;DE0001030583;0.655
29/05/2025;DE0001030583;0.627
30/05/2025;DE0001030583;0.628
02/06/2025;DE0001030583;0.647
03/06/2025;DE0001030583;0.655
04/06/2025;DE0001030583;0.664
05/06/2025;DE0001030583;0.712
06/06/2025;DE0001030583;0.695
09/06/2025;DE0001030583;0.679
10/06/2025;DE0001030583;0.652
11/06/2025;DE0001030583;0.654
12/06/2025;DE0001030583;0.604
13/06/2025;DE0001030583;0.624
16/06/2025;DE0001030583;0.624
17/06/2025;DE0001030583;0.611
18/06/2025;DE0001030583;0.571
19/06/2025;DE0001030583;0.566
20/06/2025;DE0001030583;0.587
23/06/2025;DE0001030583;0.562
24/06/2025;DE0001030583;0.635
25/06/2025;DE0001030583;0.655
26/06/2025;DE0001030583;0.65
27/06/2025;DE0001030583;0.663
30/06/2025;DE0001030583;0.688
01/07/2025;DE0001030583;0.654
02/07/2025;DE0001030583;0.678
03/07/2025;DE0001030583;0.646
04/07/2025;DE0001030583;0.654
07/07/2025;DE0001030583;0.682
08/07/2025;DE0001030583;0.714
09/07/2025;DE0001030583;0.708
10/07/2025;DE0001030583;0.744
11/07/2025;DE0001030583;0.751
14/07/2025;DE0001030583;0.744
15/07/2025;DE0001030583;0.73
16/07/2025;DE0001030583;0.713
17/07/2025;DE0001030583;0.701
18/07/2025;DE0001030583;0.707
21/07/2025;DE0001030583;0.643
22/07/2025;DE0001030583;0.623
23/07/2025;DE0001030583;0.651
24/07/2025;DE0001030583;0.699
25/07/2025;DE0001030583;0.714
28/07/2025;DE0001030583;0.688
29/07/2025;DE0001030583;0.71
30/07/2025;DE0001030583;0.7
31/07/2025;DE0001030583;0.687
01/08/2025;DE0001030583;0.702
04/08/2025;DE0001030583;0.669
05/08/2025;DE0001030583;0.664
06/08/2025;DE0001030583;0.676
07/08/2025;DE0001030583;0.669
08/08/2025;DE0001030583;0.724
11/08/2025;DE0001030583;0.726
12/08/2025;DE0001030583;0.764
13/08/2025;DE0001030583;0.717
14/08/2025;DE0001030583;0.746
15/08/2025;DE0001030583;0.808
18/08/2025;DE0001030583;0.791
19/08/2025;DE0001030583;0.787
20/08/2025;DE0001030583;0.762
21/08/2025;DE0001030583;0.806
22/08/2025;DE0001030583;0.766
25/08/2025;DE0001030583;0.784
26/08/2025;DE0001030583;0.748
27/08/2025;DE0001030583;0.712
28/08/2025;DE0001030583;0.72
29/08/2025;DE0001030583;0.753
01/09/2025;DE0001030583;0.775
02/09/2025;DE0001030583;0.808
03/09/2025;DE0001030583;0.774
04/09/2025;DE0001030583;0.76
05/09/2025;DE0001030583;0.733
08/09/2025;DE0001030583;0.722
09/09/2025;DE0001030583;0.714
10/09/2025;DE0001030583;0.705
11/09/2025;DE0001030583;0.73
12/09/2025;DE0001030583;0.768
15/09/2025;DE0001030583;0.745
16/09/2025;DE0001030583;0.739
17/09/2025;DE0001030583;0.729
18/09/2025;DE0001030583;0.76
19/09/2025;DE0001030583;0.789
22/09/2025;DE0001030583;0.786
23/09/2025;DE0001030583;0.783
24/09/2025;DE0001030583;0.775
25/09/2025;DE0001030583;0.794
26/09/2025;DE0001030583;0.748
29/09/2025;DE0001030583;0.732
30/09/2025;DE0001030583;0.76
01/10/2025;DE0001030583;0.749
02/10/2025;DE0001030583;0.74
03/10/2025;DE0001030583;0.735
06/10/2025;DE0001030583;0.741
07/10/2025;DE0001030583;0.727
08/10/2025;DE0001030583;0.697
09/10/2025;DE0001030583;0.708
10/10/2025;DE0001030583;0.668
13/10/2025;DE0001030583;0.655
14/10/2025;DE0001030583;0.646
15/10/2025;DE0001030583;0.618
16/10/2025;DE0001030583;0.623
17/10/2025;DE0001030583;0.643
20/10/2025;DE0001030583;0.641
21/10/2025;DE0001030583;0.617
22/10/2025;DE0001030583;0.617
23/10/2025;DE0001030583;0.619
24/10/2025;DE0001030583;0.67
27/10/2025;DE0001030583;0.66
28/10/2025;DE0001030583;0.671
29/10/2025;DE0001030583;0.674
30/10/2025;DE0001030583;0.683
31/10/2025;DE0001030583;0.665
03/11/2025;DE0001030583;0.685
04/11/2025;DE0001030583;0.679
05/11/2025;DE0001030583;0.692
06/11/2025;DE0001030583;0.677
07/11/2025;DE0001030583;0.684
10/11/2025;DE0001030583;0.689
11/11/2025;DE0001030583;0.676
12/11/2025;DE0001030583;0.668
13/11/2025;DE0001030583;0.708
14/11/2025;DE0001030583;0.729
17/11/2025;DE0001030583;0.72
18/11/2025;DE0001030583;0.712
19/11/2025;DE0001030583;0.721
20/11/2025;DE0001030583;0.723
21/11/2025;DE0001030583;0.729
24/11/2025;DE0001030583;0.723
25/11/2025;DE0001030583;0.712
26/11/2025;DE0001030583;0.707
27/11/2025;DE0001030583;0.709
28/11/2025;DE0001030583;0.716
01/12/2025;DE0001030583;0.776
02/12/2025;DE0001030583;0.776
03/12/2025;DE0001030583;0.779
04/12/2025;DE0001030583;0.799
05/12/2025;DE0001030583;0.817
08/12/2025;DE0001030583;0.865
09/12/2025;DE0001030583;0.862
10/12/2025;DE0001030583;0.864
11/12/2025;DE0001030583;0.859
12/12/2025;DE0001030583;0.868
15/12/2025;DE0001030583;0.871
16/12/2025;DE0001030583;0.887
17/12/2025;DE0001030583;0.911
18/12/2025;DE0001030583;0.908
19/12/2025;DE0001030583;0.944
22/12/2025;DE0001030583;0.943
23/12/2025;DE0001030583;0.921
24/12/2025;DE0001030583;#N/A N/A
25/12/2025;DE0001030583;#N/A N/A
26/12/2025;DE0001030583;#N/A N/A
29/12/2025;DE0001030583;0.889
30/12/2025;DE0001030583;0.899
31/12/2025;DE0001030583;#N/A N/A
01/01/2026;DE0001030583;#N/A N/A
02/01/2026;DE0001030583;0.944
05/01/2026;DE0001030583;0.908
06/01/2026;DE0001030583;0.885
07/01/2026;DE0001030583;0.865
08/01/2026;DE0001030583;0.862
09/01/2026;DE0001030583;0.842
12/01/2026;DE0001030583;0.827
13/01/2026;DE0001030583;0.815
14/01/2026;DE0001030583;0.772
15/01/2026;DE0001030583;0.765
16/01/2026;DE0001030583;0.762
19/01/2026;DE0001030583;0.758
20/01/2026;DE0001030583;0.75
21/01/2026;DE0001030583;0.768
22/01/2026;DE0001030583;0.803
23/01/2026;DE0001030583;0.816
26/01/2026;DE0001030583;0.777
27/01/2026;DE0001030583;0.761
28/01/2026;DE0001030583;0.735
29/01/2026;DE0001030583;0.707
30/01/2026;DE0001030583;0.698
02/02/2026;DE0001030583;0.748
03/02/2026;DE0001030583;0.77
04/02/2026;DE0001030583;0.745
05/02/2026;DE0001030583;0.741
06/02/2026;DE0001030583;0.738
09/02/2026;DE0001030583;0.74
10/02/2026;DE0001030583;0.718
11/02/2026;DE0001030583;0.702
12/02/2026;DE0001030583;0.701
13/02/2026;DE0001030583;0.684
16/02/2026;DE0001030583;0.69
17/02/2026;DE0001030583;0.687
18/02/2026;DE0001030583;0.675
19/02/2026;DE0001030583;0.67
20/02/2026;DE0001030583;0.679
23/02/2026;DE0001030583;0.656
24/02/2026;DE0001030583;0.661
25/02/2026;DE0001030583;0.658
26/02/2026;DE0001030583;0.644
27/02/2026;DE0001030583;0.581
02/03/2026;DE0001030583;0.618
03/03/2026;DE0001030583;0.596
04/03/2026;DE0001030583;0.623
05/03/2026;DE0001030583;0.697
06/03/2026;DE0001030583;0.591
09/03/2026;DE0001030583;0.526
10/03/2026;DE0001030583;0.566
11/03/2026;DE0001030583;0.617
12/03/2026;DE0001030583;0.54
13/03/2026;DE0001030583;0.558
16/03/2026;DE0001030583;0.524
17/03/2026;DE0001030583;0.512
18/03/2026;DE0001030583;0.516
19/03/2026;DE0001030583;0.516
20/03/2026;DE0001030583;0.594
23/03/2026;DE0001030583;0.598
24/03/2026;DE0001030583;0.655
25/03/2026;DE0001030583;0.632
26/03/2026;DE0001030583;0.677
27/03/2026;DE0001030583;0.669
30/03/2026;DE0001030583;0.589
31/03/2026;DE0001030583;0.569
01/04/2026;DE0001030583;0.593
02/04/2026;DE0001030583;0.574
03/04/2026;DE0001030583;#N/A N/A
06/04/2026;DE0001030583;#N/A N/A
07/04/2026;DE0001030583;0.638
08/04/2026;DE0001030583;0.58
09/04/2026;DE0001030583;0.602
10/04/2026;DE0001030583;0.681
13/04/2026;DE0001030583;0.704
14/04/2026;DE0001030583;0.666
15/04/2026;DE0001030583;0.66
16/04/2026;DE0001030583;0.65
17/04/2026;DE0001030583;0.592
20/04/2026;DE0001030583;0.63
21/04/2026;DE0001030583;0.659
22/04/2026;DE0001030583;0.634
23/04/2026;DE0001030583;0.614
24/04/2026;DE0001030583;0.574
27/04/2026;DE0001030583;0.574
28/04/2026;DE0001030583;0.584
29/04/2026;DE0001030583;0.605
30/04/2026;DE0001030583;0.504
01/05/2026;DE0001030583;#N/A N/A
04/05/2026;DE0001030583;0.583
05/05/2026;DE0001030583;0.539
06/05/2026;DE0001030583;0.58
07/05/2026;DE0001030583;0.622
08/05/2026;DE0001030583;0.608
11/05/2026;DE0001030583;0.611
12/05/2026;DE0001030583;0.632
13/05/2026;DE0001030583;0.613
14/05/2026;DE0001030583;0.599
15/05/2026;DE0001030583;0.69
18/05/2026;DE0001030583;0.644
19/05/2026;DE0001030583;0.714
20/05/2026;DE0001030583;0.67
21/05/2026;DE0001030583;0.697
22/05/2026;DE0001030583;0.679
25/05/2026;DE0001030583;0.663
26/05/2026;DE0001030583;0.686
27/05/2026;DE0001030583;0.698
28/05/2026;DE0001030583;0.699
29/05/2026;DE0001030583;0.712
01/06/2026;DE0001030583;0.74
02/06/2026;DE0001030583;0.707
03/06/2026;DE0001030583;0.738
04/06/2026;DE0001030583;0.755
05/06/2026;DE0001030583;0.807
08/06/2026;DE0001030583;0.818
09/06/2026;DE0001030583;0.808
10/06/2026;DE0001030583;0.83
11/06/2026;DE0001030583;0.802
12/06/2026;DE0001030583;0.808
15/06/2026;DE0001030583;0.787
16/06/2026;DE0001030583;0.81
17/06/2026;DE0001030583;0.822
18/06/2026;DE0001030583;0.855
19/06/2026;DE0001030583;0.888
22/06/2026;DE0001030583;0.814
23/06/2026;DE0001030583;0.863
24/06/2026;DE0001030583;0.855
25/06/2026;DE0001030583;0.846
26/06/2026;DE0001030583;0.851
29/06/2026;DE0001030583;0.851
30/06/2026;DE0001030583;0.846
01/07/2026;DE0001030583;0.784
02/07/2026;DE0001030583;0.837
03/07/2026;DE0001030583;0.853
06/07/2026;DE0001030583;0.842
07/07/2026;DE0001030583;0.844
08/07/2026;DE0001030583;0.906
09/07/2026;DE0001030583;0.876
10/07/2026;DE0001030583;0.881
13/07/2026;DE0001030583;0.899
14/07/2026;DE0001030583;0.89
15/07/2026;DE0001030583;0.879
16/07/2026;DE0001030583;0.885
17/07/2026;DE0001030583;0.875
20/07/2026;DE0001030583;0.886
21/07/2026;DE0001030583;0.89
22/07/2026;DE0001030583;0.901
23/07/2026;DE0001030583;0.91
24/07/2026;DE0001030583;0.908
27/07/2026;DE0001030583;0.945
