"","date","SVIXsq30","SVIXsq60","SVIXsq91","SVIXsq182","SVIXsq365"
"1",1996-01-04,0.0155443399718793,0.0148394703641469,0.0145714539671904,0.014878344977433,0.0168098883671134
"2",1996-01-05,0.014990777570531,0.0144864299685019,0.0142744243441027,0.0150288896236292,0.0170714071592917
"3",1996-01-08,0.0139844517044264,0.0140614702028315,0.0139934799216216,0.0146458051567621,0.016577181137794
"4",1996-01-09,0.0204020018961437,0.016561196694941,0.0159577870724752,0.015812546769609,0.0173586856609966
"5",1996-01-10,0.0208811223382979,0.0185862842128103,0.018062481090498,0.0167240483506136,0.0182466954841645
"6",1996-01-11,0.0173941758776754,0.0163506972807739,0.01607027277922,0.0155639063110378,0.0169409049012589
"7",1996-01-12,0.0167735249833376,0.016375947242548,0.0160838995948836,0.0153701468756938,0.017497826929269
"8",1996-01-15,0.0189458058204084,0.0173939124119217,0.0169681066624745,0.01614915977908,0.0177080376730075
"9",1996-01-16,0.0167958492026807,0.0159132438466322,0.0156402855268723,0.0154032442553341,0.0170675632078285
"10",1996-01-17,0.0171824945310044,0.0160223253915243,0.015840774062594,0.0157191241301201,0.0175359111806095
"11",1996-01-18,0.0164616030945753,0.0158610280598518,0.0155285128859446,0.0153810962378984,0.0169818629204916
"12",1996-01-19,0.0140815185522249,0.0144362051203607,0.0144054892982608,0.0146344458248237,0.0165961275961347
"13",1996-01-22,0.0161070539744871,0.0148951947027328,0.0142732453040497,0.0148403965658136,0.0165063416859718
"14",1996-01-23,0.0157284839970269,0.0151249764346675,0.0144603031215354,0.0149396176456794,0.0166188043261876
"15",1996-01-24,0.0138644694352644,0.01355981152333,0.0136885700206091,0.0143844619473799,0.016074015193068
"16",1996-01-25,0.0147720972182605,0.0139831216615427,0.0133838009796237,0.0139296257770818,0.0157914156241993
"17",1996-01-26,0.012636652759101,0.0126803383463291,0.012789850014836,0.0135170024734718,0.0155184730924795
"18",1996-01-29,0.0131377044061853,0.0127466415239642,0.0126121793249536,0.0133844432096451,0.0153781073897445
"19",1996-01-30,0.01315937379469,0.0124735663314548,0.0120980766510129,0.0127038761847236,0.0148289184841639
"20",1996-01-31,0.0130979867472868,0.0121965328727727,0.011668227485745,0.0120739437234699,0.0145176698051272
"21",1996-02-01,0.0133041223540308,0.0124605870925669,0.0117874806646643,0.0120262447564041,0.0142681199374817
"22",1996-02-02,0.0149188417816871,0.0141706360431875,0.0132339203708847,0.012772983665315,0.0146419900711952
"23",1996-02-05,0.0158269435616788,0.0142425115191157,0.0133883327570567,0.0130224925029618,0.0145508472582353
"24",1996-02-06,0.0187365097609995,0.0170159029473965,0.015820497174111,0.0145900537839805,0.0154623700681153
"25",1996-02-07,0.0179869978193884,0.0166484072177773,0.0156932085573699,0.0149285668548022,0.0157877614616855
"26",1996-02-08,0.0186173814836449,0.0174332056274322,0.0164267666446917,0.015579638617828,0.016460582126486
"27",1996-02-09,0.0196331279834422,0.0180324628384759,0.0174542954731749,0.0168651561805467,0.0178140139445174
"28",1996-02-12,0.0210981089082046,0.0183425131997794,0.0175098685656177,0.0168340876752954,0.0178133793978526
"29",1996-02-13,0.0209790269203152,0.0190257778196019,0.0180800269483383,0.0169858260952172,0.0178080771833753
"30",1996-02-14,0.023125285535564,0.0187604180998934,0.0181649593477591,0.0176624128552114,0.0180479830372676
"31",1996-02-15,0.0241923435082254,0.0208151670875962,0.0197718402713982,0.0187709130811694,0.0191771031420751
"32",1996-02-16,0.0212638362835238,0.0203674280904769,0.019720261262978,0.0189036142174795,0.0194542511238119
"33",1996-02-20,0.0237033495743792,0.0219681062678421,0.0210466634488789,0.020407926387481,0.0205999096255348
"34",1996-02-21,0.0187366475316405,0.0181246458883081,0.0175091958664361,0.0178013888629612,0.0193566425239328
"35",1996-02-22,0.0192722121664625,0.0178952965009171,0.0170202319109476,0.0172176832046664,0.0187668012880268
"36",1996-02-23,0.0198280652394831,0.0183432238443242,0.0178273398321915,0.0179134171217271,0.0194995144553479
"37",1996-02-26,0.0248857795602974,0.0213310165000418,0.0201009319710424,0.0195880391048633,0.0202132277763779
"38",1996-02-27,0.0236803847364155,0.0219926347249688,0.0209498307612414,0.0196641667285926,0.0201592642226647
"39",1996-02-28,0.0237491024041912,0.0220807616242579,0.0211644811625296,0.020099515394569,0.0196975393370432
"40",1996-02-29,0.0251143267294202,0.0237428242264875,0.0224720853375896,0.0209365138039543,0.0206503539400791
"41",1996-03-01,0.0239447208867046,0.0231949430492712,0.0222931679004525,0.0212253497622142,0.0204157359889146
"42",1996-03-04,0.0229656895136489,0.022094277121,0.0214462455873071,0.0205169086631662,0.0202574704226084
"43",1996-03-05,0.0219617528860613,0.0212114986041053,0.0208822528101769,0.0202287551820297,0.0203668453547132
"44",1996-03-06,0.0224388186862222,0.0216745499036501,0.0213445908201253,0.0205695161467344,0.0202040354394173
"45",1996-03-07,0.0228208813171127,0.021621286750334,0.0211352861372294,0.0204679095820355,0.0203947080764073
"46",1996-03-08,0.0329446326161485,0.029273291319305,0.0265812804579838,0.02341927048338,0.0224818801649039
"47",1996-03-11,0.0299937232173738,0.0272660518641956,0.0260936736238952,0.0236329070789564,0.0220014667243279
"48",1996-03-12,0.0296703796440113,0.027079601217462,0.0261620725765636,0.023647515029797,0.022190733202622
"49",1996-03-13,0.0285307440680789,0.0266512893981025,0.0261535476952052,0.0234834899407365,0.0222845703097666
"50",1996-03-14,0.0249039910657078,0.0241884558533061,0.0238684423981333,0.0224281475562608,0.0219267009958727
"51",1996-03-15,0.0237944404518191,0.0227177932407508,0.0228519105960611,0.0221162836425416,0.0217382048122926
"52",1996-03-18,0.0253916186687131,0.0234795039983623,0.0225224423092043,0.0212231207972487,0.0210082825938205
"53",1996-03-19,0.0294988333008217,0.0261270083582918,0.0251612217618725,0.0224268421445863,0.021594367981701
"54",1996-03-20,0.0295171885189876,0.0269114651128157,0.0264763998594292,0.0233505038685791,0.0225458133593236
"55",1996-03-21,0.0274674575227198,0.0264635105710321,0.0254457021734802,0.0231099011388527,0.0224795573398059
"56",1996-03-22,0.0252810760981257,0.024473633676404,0.0243223191575131,0.0226209599369486,0.022082763237467
"57",1996-03-25,0.0280201574455911,0.0258951736052512,0.0249034282240168,0.0227702813073178,0.0220782856111763
"58",1996-03-26,0.0277814425600839,0.0259133575823933,0.0252933990181435,0.0229890661695417,0.022174170512429
"59",1996-03-27,0.0297665463586952,0.0266380236700593,0.0259324125670254,0.0241070849611167,0.0230058296492461
"60",1996-03-28,0.0289063093349009,0.0266342146009699,0.0259456997317397,0.024033109254479,0.0229539054229746
"61",1996-03-29,0.030596287048063,0.0279128933003623,0.0270104018006109,0.0249026328579246,0.0231728080156581
"62",1996-04-01,0.0279731568156387,0.0266306068226877,0.0259058624069492,0.0236543917822023,0.0225403343280487
"63",1996-04-02,0.0237444797910439,0.0239084725077261,0.02402006062456,0.0230306390882071,0.0221729490259417
"64",1996-04-03,0.023222091868165,0.0229907379401258,0.0228464768185632,0.0220486307388871,0.0220237793326877
"65",1996-04-04,0.0230476325108721,0.0227163410510771,0.0225637153155704,0.0221684777826853,0.0218774455969414
"66",1996-04-08,0.0278399818703568,0.0268206150812231,0.0264269208072222,0.0245961189451514,0.0229069151117241
"67",1996-04-09,0.0255737322744537,0.0248830097696873,0.0245880960073192,0.0232477097127134,0.0230978776548541
"68",1996-04-10,0.0342054507778846,0.03075726239895,0.0300702725634083,0.025611680009111,0.0233973548856495
"69",1996-04-11,0.0316792216709711,0.0298298020033013,0.0292926779631928,0.0261643429463123,0.0237861354404693
"70",1996-04-12,0.0261705795280887,0.0260969398171636,0.0257880135200335,0.0247078415714851,0.0226237864381838
"71",1996-04-15,0.0241199602150227,0.024714573513475,0.0244582209138019,0.0239111978106624,0.0226145007824125
"72",1996-04-16,0.0237273178980162,0.0234122020463063,0.0231447527174008,0.022833352351776,0.0219246071983499
"73",1996-04-17,0.0246051268703196,0.0243538947097474,0.0239804162829713,0.0229183017034146,0.0220981022742597
"74",1996-04-18,0.0233958403921026,0.0237881065441101,0.0234541665969951,0.0227066207714967,0.0218928711337216
"75",1996-04-19,0.0197984115576658,0.0216644192646832,0.0214799551508891,0.0215691630893076,0.0215451733386601
"76",1996-04-22,0.0197014983532525,0.0208441487951609,0.0205224133117936,0.0209509065272068,0.0210971710117667
"77",1996-04-23,0.018801565568248,0.0201486043409367,0.0201197013238765,0.0207035088866013,0.0209899657612249
"78",1996-04-24,0.0195099110599434,0.0204734778692714,0.0199034946639309,0.0207399029900472,0.0208971473529888
"79",1996-04-25,0.0190411569338851,0.0198225960971608,0.0194012606221471,0.0204396025345149,0.0207608439066598
"80",1996-04-26,0.0190058438511276,0.0196972038352616,0.0195828027534282,0.020420717660023,0.0210038251385319
"81",1996-04-29,0.0212037477373867,0.0203494722023508,0.0196681434680704,0.0205184465279717,0.021013364154842
"82",1996-04-30,0.0221794376913556,0.0210613532572464,0.0202792823050825,0.0205087492310175,0.0209802306396289
"83",1996-05-01,0.0223801906494288,0.0212830944824848,0.02051717549033,0.0207904324058005,0.0209741959617269
"84",1996-05-02,0.0267957313087698,0.0254072919180031,0.0235998521889512,0.0227359756892013,0.0224771571190411
"85",1996-05-03,0.0238753229975623,0.0229510460789241,0.0218979392673914,0.021822899812664,0.0224892269299023
"86",1996-05-06,0.0245087518688328,0.0234439641505709,0.0226347924590189,0.0224923606410322,0.0226860599649137
"87",1996-05-07,0.0253883156407503,0.0241661258563489,0.0231847694344026,0.0227691300753085,0.0223774568389074
"88",1996-05-08,0.0226071022113614,0.021907218651983,0.0215863378785835,0.0219858355340285,0.0216546020603768
"89",1996-05-09,0.0241155019375376,0.0231716955118202,0.022582304993434,0.0224855619156083,0.0219142413462521
"90",1996-05-10,0.0208534866542084,0.0206445123326486,0.0207531595516353,0.021203762061369,0.0213578582534712
"91",1996-05-13,0.0201893422171408,0.0203701559528967,0.0202002855526482,0.0201331847383078,0.0207661743519187
"92",1996-05-14,0.0199291626495886,0.0195353171971366,0.0194861474907586,0.0197109673209854,0.0205421585217595
"93",1996-05-15,0.0209542275020345,0.0206113827683468,0.0203762772954003,0.0202452847965204,0.0206347119954985
"94",1996-05-16,0.0215138829842906,0.0207087729505006,0.0204449151653481,0.0203747680371088,0.0206759186526329
"95",1996-05-17,0.0198506328425955,0.0199445742498102,0.0198776400262897,0.0199694044520375,0.0204238251596906
"96",1996-05-20,0.022193608235291,0.0206309117656079,0.0201318898427679,0.0199580314813624,0.0203728131123655
"97",1996-05-21,0.0226653002877888,0.0219203847892429,0.0214413686960406,0.0204709156425956,0.0206515431005244
"98",1996-05-22,0.0216162047246611,0.0206874893508071,0.0202183021541244,0.019578865167605,0.0203154132027239
"99",1996-05-23,0.0228876421088965,0.0220998389975547,0.0215884329276695,0.020538280414598,0.0209436358315015
"100",1996-05-24,0.0214150376282713,0.0213110681828238,0.0211658840415497,0.0206234057407648,0.0209758731209135
"101",1996-05-28,0.0259854019050656,0.0237639621840881,0.0230328023537935,0.0221418850266184,0.0213762187020245
"102",1996-05-29,0.0261095688121684,0.0252660292756215,0.0241140205597732,0.0230268642350846,0.0227869069778567
"103",1996-05-30,0.0220696998459984,0.0231372495999182,0.0228677490415102,0.0222543789592865,0.0223991928459671
"104",1996-05-31,0.0236877791858512,0.0234128836359335,0.0229819794030629,0.0224845769508786,0.0223188752667066
"105",1996-06-03,0.0252091832062771,0.0237113511385548,0.0233861316507193,0.0226306454774094,0.0224943027918565
"106",1996-06-04,0.0238554669211111,0.0230213390955195,0.0229434759685304,0.0226482044084532,0.0221839540303584
"107",1996-06-05,0.0230587245203958,0.0227737102802201,0.0227700163549547,0.0221281334286878,0.0219028110290924
"108",1996-06-06,0.0250180268828549,0.0242367317940175,0.0239295596141165,0.0228638260280026,0.0231717347449835
"109",1996-06-07,0.0234328657561523,0.0230960579163065,0.0229666209768223,0.0225387554262791,0.0222276005381346
"110",1996-06-10,0.0250608138189202,0.0239884519851652,0.0239435407592144,0.0232468795820972,0.0224776920828535
"111",1996-06-11,0.024770440243157,0.0239223508139773,0.0239225857761855,0.0229453887232,0.0222290967440012
"112",1996-06-12,0.0253213546340276,0.0244796504534923,0.0245768531011576,0.023272553695361,0.0230514484564919
"113",1996-06-13,0.026333060160996,0.024992479892088,0.0248340933648321,0.0238341964508209,0.0231612330754967
"114",1996-06-14,0.0265057269618635,0.0254681378673015,0.025226229185203,0.0240950466740757,0.0230904654898476
"115",1996-06-17,0.0267644065048302,0.0253977441061219,0.025333093976471,0.0242619306925716,0.0235091051711235
"116",1996-06-18,0.026900586147953,0.0260347475074121,0.0258416713162899,0.0247550074369102,0.0239450786268984
"117",1996-06-19,0.0267664614206862,0.0259900720260078,0.0260456464099051,0.0249077483416985,0.0237764731471623
"118",1996-06-20,0.025368220084836,0.0251197853582791,0.0250869476111489,0.0241674871686244,0.0233719665891442
"119",1996-06-21,0.0222450518273616,0.0229217935644676,0.0232424684800776,0.0232173435294027,0.0232018495942624
"120",1996-06-24,0.0223881412055363,0.0231093916212586,0.0230440395186704,0.0232827489460249,0.0232542503963663
"121",1996-06-25,0.0209665216582361,0.0221555342314283,0.0224540120749361,0.0223129489104557,0.0222756638962917
"122",1996-06-26,0.0211004460231256,0.0213338782675617,0.0213762733589613,0.021686334887091,0.0221313986330241
"123",1996-06-27,0.018472219076596,0.0189096395664229,0.0188144673904508,0.019131718771064,0.0200261280129429
"124",1996-06-28,0.0169780345504558,0.0176851661447608,0.0176597877798843,0.0185037107485609,0.0197105117547607
"125",1996-07-01,0.0172621796366364,0.0173583173696462,0.0171616201733222,0.0181193091097283,0.0192398175884249
"126",1996-07-02,0.0181827095525703,0.0182124240191233,0.018114209660187,0.0183850996278274,0.0192733552198535
"127",1996-07-03,0.018545252927849,0.0188067034304176,0.0188004855741995,0.0191572959733742,0.0198257972236917
"128",1996-07-05,0.0227497120921345,0.0229108834855932,0.0227531725353871,0.021063497456085,0.0205230123911748
"129",1996-07-08,0.0241294216343696,0.0231325949728077,0.022844584525209,0.0220950719641026,0.0216671228975683
"130",1996-07-09,0.0223345189506223,0.0226134678749173,0.0224471313452597,0.0220026729325605,0.0216366513015879
"131",1996-07-10,0.0208439253735224,0.021190219941697,0.0211266339383661,0.0210702878625574,0.0212809675116336
"132",1996-07-11,0.025437165009924,0.023887722472374,0.023568321137426,0.0228301531252852,0.0222084373771824
"133",1996-07-12,0.023222277331992,0.0236545479302696,0.0234103752890443,0.0227356261536545,0.022417714480515
"134",1996-07-15,0.0352520686140337,0.0297081378195505,0.0291456256610274,0.0259283737238638,0.0240597434123833
"135",1996-07-16,0.0350834528645697,0.0310174701461461,0.0305275809144235,0.0271430265508697,0.0248310679530258
"136",1996-07-17,0.0321633183211333,0.0293219367195722,0.0288910905110191,0.0265252756794303,0.024417048946146
"137",1996-07-18,0.0243353503631637,0.0248431088456949,0.02457658565288,0.0238160825520749,0.0230224426690343
"138",1996-07-19,0.026022778942332,0.0253134317189841,0.0250210547142753,0.0239938170687615,0.0228084388563415
"139",1996-07-22,0.0352575376314772,0.031684376866636,0.0305021785788203,0.0270838238135217,0.0239530586086817
"140",1996-07-23,0.0410486132920427,0.0343123731968959,0.0318485673156511,0.0282339359795509,0.0250815482912367
"141",1996-07-24,0.0374187441765399,0.0348539012179373,0.0328318881950211,0.0294476704206382,0.025626459773667
"142",1996-07-25,0.0310862261339343,0.03137336860312,0.0300064303082465,0.0283529888909272,0.0252915118810394
"143",1996-07-26,0.0255472417792583,0.0280101263892945,0.0272006745527003,0.0263150201381804,0.0246716579272243
"144",1996-07-29,0.0362751607964655,0.0331922294178861,0.0301336074484053,0.0282378214927713,0.0251915638129198
"145",1996-07-30,0.0342633624718384,0.0324948705651774,0.031264118067235,0.0282150544604017,0.0257523359119996
"146",1996-07-31,0.0313118509574396,0.0299389897567481,0.0287027840848127,0.0270346764564949,0.0248944062514837
"147",1996-08-01,0.0290219119886781,0.0279678571772762,0.026960277297397,0.0252511104452889,0.0240751653317345
"148",1996-08-02,0.0238245541423296,0.0235596135363447,0.0234061545172213,0.0228831939542236,0.0223389926731396
"149",1996-08-05,0.0255205800451464,0.0250576957016111,0.0244855044763333,0.02339805965321,0.0224668368516453
"150",1996-08-06,0.025061368024664,0.0247818037776933,0.0242537398774968,0.0230868369489888,0.022379076497557
"151",1996-08-07,0.0233899885198554,0.0234844439389018,0.0233806256968144,0.0226761466358689,0.0219755792839428
"152",1996-08-08,0.0225813929126513,0.0230149796538208,0.0231861498316707,0.0228171636132168,0.0220797411294081
"153",1996-08-09,0.0226451689246742,0.023372429181638,0.0233883839549024,0.0225450452140204,0.0219228825128459
"154",1996-08-12,0.0216250910841719,0.0221314099273189,0.0218674954959991,0.0217325961887078,0.0214813724782326
"155",1996-08-13,0.0235358428969065,0.0237889152407791,0.023380881092418,0.0227757629750302,0.0221215782274026
"156",1996-08-14,0.0225181387871104,0.0231069888129516,0.0228651884678197,0.0225168283955414,0.0219095194192979
"157",1996-08-15,0.0216714595907855,0.0229930481013535,0.0227195405925688,0.022506343698401,0.0219341899811335
"158",1996-08-16,0.0197618361864417,0.0210934226438738,0.0212732105024429,0.0216083846727584,0.0214991622894672
"159",1996-08-19,0.0204665674617063,0.0218322960225589,0.0217114106033756,0.0214679632037798,0.0213548189477873
"160",1996-08-20,0.0193928489229252,0.0209903710040079,0.0214872906240419,0.0216217084885611,0.0212468014192294
"161",1996-08-21,0.018118265887502,0.0208260283292026,0.0207663337829297,0.0214486584787414,0.0213277582480705
"162",1996-08-22,0.0168369569728894,0.0185434579946164,0.0191669971911142,0.0202341779623394,0.0206289671867814
"163",1996-08-23,0.0177227046879951,0.0198531004559635,0.0204903047128366,0.0208827181579823,0.020941484883517
"164",1996-08-26,0.0211194476973486,0.0221168615092732,0.0217421094860659,0.0220696371146684,0.0212846142599104
"165",1996-08-27,0.0199300226651615,0.0220140111173375,0.0218435153897196,0.0218346897166103,0.0216758871372779
"166",1996-08-28,0.0200012553413631,0.0224230725125023,0.0224561496131439,0.0221682436033136,0.0216406852556714
"167",1996-08-29,0.0226626754639413,0.0239298034073229,0.0238760552643554,0.0232406933213475,0.0230212706479919
"168",1996-08-30,0.0255530723328793,0.0260096352741769,0.0253592195288562,0.024271069574375,0.022942597744277
"169",1996-09-03,0.028587261959531,0.0273450128528486,0.0265108961987312,0.0242856174082032,0.0233954467277973
"170",1996-09-04,0.0289179156908813,0.0278280653106422,0.0266089149676171,0.0251471326129309,0.0236777379055514
"171",1996-09-05,0.0333632104085445,0.0314311062944532,0.0293937740622295,0.0262210025021945,0.0243201245682201
"172",1996-09-06,0.0261112131255844,0.0257188212533366,0.0255488579651598,0.0242332932338207,0.0229008870135757
"173",1996-09-09,0.0236727967498053,0.0238860886613823,0.0239367027878243,0.0236655065500793,0.022748893293652
"174",1996-09-10,0.0233285545797162,0.0235808653565543,0.0235519356704959,0.02319655123746,0.0226159606769164
"175",1996-09-11,0.0230203247055832,0.023439501729073,0.023212298920414,0.0229480238477767,0.0225280653889081
"176",1996-09-12,0.023156227746342,0.0234953630742113,0.0232823015158863,0.0230520212576208,0.022558438289352
"177",1996-09-13,0.0206618149746283,0.0224461086015142,0.0219912814569727,0.0224443929076594,0.0223774891189834
"178",1996-09-16,0.0215809566813491,0.0222746473228384,0.0221042573018489,0.0223422227924528,0.0215869424652236
"179",1996-09-17,0.0220249901684981,0.0230020683601033,0.0227579116598906,0.0230073737763689,0.0226740112779792
"180",1996-09-18,0.0228286394117212,0.0237740602981721,0.0236611043029455,0.0232928836427057,0.0227806122192882
"181",1996-09-19,0.0217603668837076,0.0229319736745698,0.0230928290820938,0.0229615372396261,0.0228173471478382
"182",1996-09-20,0.0207077786418822,0.0221348437941768,0.0223610873546521,0.0226439891985465,0.0224676600289219
"183",1996-09-23,0.0239118992232797,0.023429860618926,0.0233455322447301,0.0232026083770192,0.0227691299726673
"184",1996-09-24,0.0228636348140185,0.0237775838342754,0.0236610045850939,0.0238402043459793,0.0225740241845935
"185",1996-09-25,0.0228173154916402,0.0233962660820342,0.023402271641427,0.0235812692880792,0.0229240022477263
"186",1996-09-26,0.0231255140565871,0.0234008916364799,0.0236162458361421,0.0243723013849769,0.0226317601572577
"187",1996-09-27,0.0219296541940853,0.0231768710831922,0.0234421207903395,0.0238200304766061,0.0230418860069564
"188",1996-09-30,0.0250855159420484,0.0245516983163667,0.0242864762223484,0.0246409184831166,0.0237493190934362
"189",1996-10-01,0.0243953675924686,0.024142510994675,0.0241355161903129,0.0244639465962565,0.023642605819669
"190",1996-10-02,0.0238302619350003,0.0237110468093415,0.0236025557301965,0.023905668627405,0.023624942136078
"191",1996-10-03,0.0242641750880873,0.0240980143804068,0.0239387762317197,0.0242024247471429,0.0238290969533609
"192",1996-10-04,0.0206801118579896,0.0209508782293267,0.0210219675017513,0.0226777114286937,0.0231088696007606
"193",1996-10-07,0.021017902521993,0.0212709734274137,0.0211917496016683,0.0228859255857977,0.0230435882978216
"194",1996-10-08,0.0224359516851527,0.0223780309143995,0.0222400204030507,0.023392175780835,0.0232368268266942
"195",1996-10-09,0.0228224706520438,0.0230179537369498,0.0228703920444732,0.023493209517644,0.0233257647079594
"196",1996-10-10,0.023643851864729,0.0232786987282638,0.0230794363585852,0.0237804848616735,0.023558037072431
"197",1996-10-11,0.0200946111738532,0.0215564369856512,0.0215004491649971,0.0230609011988908,0.0230780984903017
"198",1996-10-14,0.0206616289484326,0.0216500852220838,0.0215218634254018,0.0228452857933989,0.0235265878463651
"199",1996-10-15,0.0220878410841375,0.0223880239637327,0.0222267302260416,0.0233761013191147,0.023330911123326
"200",1996-10-16,0.0213871795307282,0.0221016963711405,0.0219829989658424,0.0234452948117421,0.0233210336774113
"201",1996-10-17,0.0209742076826289,0.0222743629702253,0.0221878976930078,0.0235144033811209,0.0232820206881678
"202",1996-10-18,0.0198081686134351,0.0214537770594515,0.0214427514731091,0.0229627328386166,0.0231041640835724
"203",1996-10-21,0.0222185282155715,0.0231037669950499,0.0225419634299725,0.024059347525512,0.0236883763304195
"204",1996-10-22,0.023692817223899,0.024226160396999,0.0240406519496653,0.024825012760389,0.0242705251497836
"205",1996-10-23,0.0228714518954202,0.0240093840471502,0.0236734399790701,0.0247028638926265,0.0242091291893715
"206",1996-10-24,0.0262199010520532,0.0255946965478465,0.0247946542542449,0.0249335949716426,0.024737153303896
"207",1996-10-25,0.0252352965229451,0.0256337129265818,0.0251574615829097,0.0253537622960802,0.0249447469306173
"208",1996-10-28,0.0300174645472994,0.0286267417896222,0.0276089615010389,0.0264365860101263,0.0255453194119599
"209",1996-10-29,0.0286296369929268,0.0280750681899142,0.027272934505082,0.0266792136181615,0.0260177448675957
"210",1996-10-30,0.0294480549527431,0.0286705068597029,0.0275202348437768,0.0268477100499524,0.0259251752965006
"211",1996-10-31,0.0285311333500078,0.0279382325361871,0.0273487586231949,0.0267503405417761,0.0254536242870229
"212",1996-11-01,0.0281165848578369,0.0275867839100746,0.0269698786070958,0.0265487079130644,0.0257905391668016
"213",1996-11-04,0.0262900463871304,0.026339325269392,0.0264914090117489,0.0259689848075001,0.0252314142467861
"214",1996-11-05,0.0262299955984604,0.0254517317761458,0.0252852494336093,0.025018730148069,0.0245662950082299
"215",1996-11-06,0.0231073562518656,0.0228825967217933,0.0232652466507734,0.0238782539907395,0.0234031850120692
"216",1996-11-07,0.02497004245516,0.0245806012354761,0.0247473566646461,0.0245455372270176,0.0236161798682288
"217",1996-11-08,0.0221855683993631,0.0220390091697677,0.0222705861939149,0.0233447288778583,0.0239735103806271
"218",1996-11-11,0.0217139810921367,0.0224325186385303,0.0229687864502467,0.02386237255121,0.0237197764444379
"219",1996-11-12,0.0212318027888694,0.0224151957732933,0.0230839259604423,0.0237774335460754,0.0239787686272304
"220",1996-11-13,0.0197245541330287,0.0210636824917375,0.0223549444386815,0.0232059583364621,0.0238295314857934
"221",1996-11-14,0.0173708067914649,0.0185894033439262,0.0204399302023938,0.0218324568159826,0.0225620918939762
"222",1996-11-15,0.0190017858381147,0.0204184642640664,0.0215081750579095,0.0221950162014304,0.0229515701540786
"223",1996-11-18,0.0208061963434268,0.0215538263778883,0.0221950966424985,0.0231438335614206,0.0228348146024035
"224",1996-11-19,0.0204530380211172,0.0212986952174376,0.0219922695252257,0.0228495815832861,0.0236973964792743
"225",1996-11-20,0.0227624716875896,0.0233567474546275,0.0243435810925558,0.0245004156145317,0.0233681985890015
"226",1996-11-21,0.0212751527614355,0.0235008365748386,0.0242894952869461,0.0249624041350216,0.024170195390834
"227",1996-11-22,0.0197411189126617,0.0223516667892396,0.0234927909329346,0.0241708000309942,0.0237739644073893
"228",1996-11-25,0.0244834852747435,0.0249903622027905,0.0251573152774819,0.0248337991846576,0.0239996850216779
"229",1996-11-26,0.0264006437154933,0.0280948954220406,0.0281476291983315,0.0281510676025508,0.0264874293971352
"230",1996-11-27,0.0258705767028931,0.0280910529974876,0.028475677228617,0.0282827777378913,0.0271251949097895
"231",1996-11-29,0.0262470667700171,0.0284873838020306,0.0289537632559186,0.0281550916481218,0.0275554108842323
"232",1996-12-02,0.0290856464260154,0.0300656908078774,0.0305756857935488,0.0291987471474818,0.028558193364857
"233",1996-12-03,0.0323884850790576,0.0321830841210256,0.0319291166391026,0.0309025822036707,0.0307225693718644
"234",1996-12-04,0.0296684095785644,0.0297152012019553,0.0301868618147411,0.0305301787200005,0.0295542396863919
"235",1996-12-05,0.030637480889961,0.0307425025061491,0.0315302678339784,0.0306429096385269,0.0294021443330448
"236",1996-12-06,0.0318346100434214,0.0317393292220579,0.0325001730606551,0.0313987823517782,0.0297119639682933
"237",1996-12-09,0.0287356904486521,0.0292479422168775,0.0300693357964558,0.0303464212687197,0.0289085586978493
"238",1996-12-10,0.0289997410332399,0.0294066541669741,0.0297999784093923,0.0296382899157179,0.0292405007750018
"239",1996-12-11,0.0337434373412591,0.0339078115600415,0.033117760538091,0.0304783205635406,0.0295792834150946
"240",1996-12-12,0.0367832896568778,0.0351463583156445,0.0347433871181846,0.0322707592766517,0.0305829166009242
"241",1996-12-13,0.0382234869303289,0.0358022423109839,0.0355646062252278,0.0337701861622204,0.0308311443081392
"242",1996-12-16,0.0410332244322416,0.0391529013375288,0.0387890967107988,0.0355363031593598,0.0327267591528046
"243",1996-12-17,0.0366924369152247,0.0365344655994063,0.0369688510419496,0.0345813344982097,0.0322518202429827
"244",1996-12-18,0.0316095157771966,0.0328087076628767,0.0333073146318926,0.0321848707225362,0.0303473386426034
"245",1996-12-19,0.0299712154121055,0.0313979382976639,0.0319837933228732,0.0300061565029836,0.028502178703261
"246",1996-12-20,0.0298638421322793,0.030528927885342,0.0309520384166049,0.0307139584236624,0.0300140862465757
"247",1996-12-23,0.0315563022215987,0.0310328540847926,0.031717889835068,0.0310065472789019,0.0298871895989561
"248",1996-12-24,0.0288140070569247,0.0301224493601838,0.0307700722397844,0.0303882901266923,0.0299005948808594
"249",1996-12-26,0.0293608123075789,0.0292011460058861,0.0295719817245089,0.0300918809430084,0.0296516295130196
"250",1996-12-27,0.0317188531697869,0.030954271632637,0.0309820614555667,0.0302279200601904,0.0294740033059043
"251",1996-12-30,0.0332781592274907,0.0313101908450278,0.0313895698182024,0.0306794467578029,0.0297387505843834
"252",1996-12-31,0.037777292299953,0.0351087194131679,0.0348130529697074,0.0325872223071338,0.0307771954705201
"253",1997-01-02,0.0353261229098642,0.0354043716505172,0.0355275366451671,0.0327566609979772,0.0305707716466135
"254",1997-01-03,0.0315891766408749,0.031710668511584,0.0315481287253097,0.0308716199322634,0.0295785689937395
"255",1997-01-06,0.0330518403658495,0.0329248085975793,0.032699513093187,0.0309683535448501,0.0295845054749128
"256",1997-01-07,0.0311054662416496,0.0310863740814659,0.0308035820459386,0.0299053842356064,0.0286170635541099
"257",1997-01-08,0.0322040137361424,0.032063754938507,0.0317533053457815,0.0304370035137453,0.0292578564926697
"258",1997-01-09,0.0345805495705842,0.0339849742827013,0.0335051351135664,0.030807518761502,0.0291662764443213
"259",1997-01-10,0.0330942576496456,0.032655936748555,0.0322041529308131,0.0307220870675498,0.0288492210878963
"260",1997-01-13,0.0343710410054692,0.0340335156765839,0.0336019586606647,0.0308101705351397,0.0299570911137806
"261",1997-01-14,0.0331627325464426,0.0329838024664019,0.0326188970737161,0.0302329337885645,0.0293776469379373
"262",1997-01-15,0.0339033720455906,0.0332532543649302,0.0328524255007556,0.0307447933131211,0.0285934775531852
"263",1997-01-16,0.0338874120165472,0.0337364137013404,0.0333006081636547,0.030895103683942,0.029304174563681
"264",1997-01-17,0.0307438366161331,0.032072203444227,0.0316923668107701,0.0296486338234228,0.0283901128330656
"265",1997-01-20,0.0303933206912721,0.0307118906571124,0.0300629060958901,0.0292084609729073,0.0283576230733526
"266",1997-01-21,0.0282659771161833,0.0295165641439851,0.0289381919943007,0.0284337524346022,0.0277130424950379
"267",1997-01-22,0.0261868137210935,0.0280664936014914,0.0279796747862197,0.0277001830666808,0.0272815542509668
"268",1997-01-23,0.030309127367225,0.0301454269990355,0.0290354477056504,0.0281422626162934,0.0267948866370941
"269",1997-01-24,0.0320629191614811,0.0325876293824528,0.0317311850053145,0.0301379457584281,0.0280201893257516
"270",1997-01-27,0.0366584047481472,0.0345233215312611,0.0323867310712621,0.0302275814988825,0.0281745469302027
"271",1997-01-28,0.0366244223932781,0.0351078411741457,0.0338877678077276,0.03111595356717,0.028327458511184
"272",1997-01-29,0.0360430378065764,0.0350747865293648,0.0329990969188829,0.0306108654017533,0.0280325966204031
"273",1997-01-30,0.0336841268727734,0.033041641021935,0.0314505614406362,0.0297073305065006,0.027813948952184
"274",1997-01-31,0.0317770950120758,0.0326978204697433,0.0315017310391791,0.0295204189306365,0.0280379585023816
"275",1997-02-03,0.0340032314089403,0.0336898184550117,0.0326779363611353,0.029918420819583,0.0282251635036734
"276",1997-02-04,0.0334233700029503,0.0328720844626062,0.0319606434429272,0.0296179986257448,0.0280973403953405
"277",1997-02-05,0.037989832986535,0.036306521970654,0.0344961070694277,0.0314583143292244,0.029345183550623
"278",1997-02-06,0.0362880081002243,0.0357618223291779,0.0346307312173567,0.0315610173972573,0.0294555086590241
"279",1997-02-07,0.0335268325716507,0.0335021616691695,0.0329213462634628,0.0304946803490239,0.0284798221430423
"280",1997-02-10,0.0368471328365083,0.0353646793489055,0.0343189078437408,0.0314138384519789,0.0293609212536328
"281",1997-02-11,0.03556478568369,0.0348647359082975,0.0336281181080026,0.0309033634554525,0.029142505633392
"282",1997-02-12,0.0332251110957649,0.0330865896370915,0.0320875262533914,0.0301916985433572,0.0287975485361241
"283",1997-02-13,0.0320960614626444,0.0325178065215216,0.0313572537599821,0.0297213362269262,0.0284985487635628
"284",1997-02-14,0.0325845967845235,0.0323814294597752,0.0315075011700025,0.0301404021068383,0.0289064621825872
"285",1997-02-18,0.0337892648893417,0.0334547580252129,0.0321392483447123,0.0302437086774718,0.0287973343591633
"286",1997-02-19,0.0378441473055254,0.0360263783291307,0.0343438412830982,0.0320294643332946,0.0303063782940084
"287",1997-02-20,0.0410562126251694,0.039847559866887,0.0374213352746699,0.0334364062042795,0.0312616808208527
"288",1997-02-21,0.0371717688098886,0.0371119549717514,0.0358742576950278,0.033346300227011,0.0307810102825535
"289",1997-02-24,0.035183497088988,0.0354825084536125,0.0345732980642399,0.032067085822559,0.0302005588563714
"290",1997-02-25,0.0340259964929666,0.0336831661423117,0.0338646580895754,0.031769469853966,0.0303844270578463
"291",1997-02-26,0.0393033410985658,0.0383293065829991,0.0371170218427904,0.0338723743364512,0.0312804596275623
"292",1997-02-27,0.0424578059223102,0.0410227671869597,0.0396518557346692,0.0347440598454419,0.0324708415042965
"293",1997-02-28,0.0414640633314725,0.0397549622833579,0.0384360666350772,0.0345845513621301,0.0322916358310536
"294",1997-03-03,0.0402548554779516,0.0394941476788984,0.0383209351597402,0.0345101844566713,0.0319721357890052
"295",1997-03-04,0.0398483171321352,0.0391274868721495,0.0376560269810336,0.0342440512599399,0.0316959824873201
"296",1997-03-05,0.0357069129860711,0.0363882144055904,0.0361523834403951,0.0330631808585603,0.0310139294141007
"297",1997-03-06,0.0387573430646215,0.0381404292435844,0.0372362075250744,0.0334818496488409,0.0316591685535579
"298",1997-03-07,0.0362359332338207,0.0365936587970643,0.035678955638304,0.0329798905366298,0.0313610516223067
"299",1997-03-10,0.0358222724759387,0.0361236188843312,0.0354713583215718,0.0326083233839401,0.0313060357700162
"300",1997-03-11,0.0362770646650835,0.0364880263145814,0.0356906224233332,0.0329615195945949,0.0317131503114155
"301",1997-03-12,0.0373204692143751,0.0372557318933573,0.0364471596702103,0.0337679567117697,0.0325019324879517
"302",1997-03-13,0.0399045593782038,0.0395263934725481,0.0384476466147916,0.0357631998473659,0.033614103141178
"303",1997-03-14,0.0372731443413044,0.0386318599750829,0.037614879471611,0.034675087836832,0.0330359229580416
"304",1997-03-17,0.0397824443634559,0.0390235576374861,0.0383254098679586,0.0348133166300406,0.0333488505172052
"305",1997-03-18,0.041759744382361,0.0396656708106995,0.0389143690761328,0.0353857490448254,0.0335186855902859
"306",1997-03-19,0.042872436842372,0.0414692518177059,0.0404068577447101,0.0363073339348991,0.0341578090580872
"307",1997-03-20,0.0412253546267053,0.0408961918602866,0.0396245924067832,0.0366107340079186,0.0342085785355722
"308",1997-03-21,0.0352603846435824,0.0352523371635485,0.0339911964253126,0.0334439265055194,0.0331277845291478
"309",1997-03-24,0.0358428680844729,0.0346560857573476,0.0342358242852224,0.0328072388451037,0.0318429636821387
"310",1997-03-25,0.0336259905967691,0.0338567822757385,0.0338492516424333,0.0329865793342325,0.0321774517075716
"311",1997-03-26,0.0297985536971465,0.0311421742261951,0.0308556839865336,0.0312439296159781,0.0312452423378575
"312",1997-03-27,0.0379600487042486,0.0350856002249543,0.0347508285231175,0.0329864340641298,0.0320308524597948
"313",1997-03-31,0.044155317597713,0.0383202780054139,0.037601207404907,0.0351128728028729,0.0327078394768038
"314",1997-04-01,0.0383288711620834,0.036449612707668,0.0357884234996508,0.033602778068686,0.0327481762754711
"315",1997-04-02,0.0393177152499961,0.0362983450688885,0.0357427009176975,0.0341698556091412,0.0332490020509668
"316",1997-04-03,0.0383389766943995,0.0357184249083625,0.0349808104185897,0.0333552112353115,0.032439324042998
"317",1997-04-04,0.0323767798118572,0.0316204464845167,0.0313463027080799,0.0311129533053264,0.0308405708544304
"318",1997-04-07,0.0303079627153367,0.0302400307642443,0.030131701047261,0.0301496543786551,0.0299772787681871
"319",1997-04-08,0.0300136963849483,0.0303152687385186,0.0302297442754654,0.0301084315747939,0.0299581509051937
"320",1997-04-09,0.0312250197407137,0.0310244419945589,0.0308611219042166,0.0308108922720498,0.0305864239903637
"321",1997-04-10,0.0322449801878854,0.0315270261414096,0.0313238769088565,0.0310623042738447,0.0305709291205546
"322",1997-04-11,0.0359073668549665,0.0336221905256487,0.0333884790118764,0.032747770469015,0.0319440700936606
"323",1997-04-14,0.0328531119725719,0.0323974361756932,0.0322011770320122,0.03168822308672,0.0311754464057411
"324",1997-04-15,0.0295433062546887,0.0299271364420934,0.0298975342213371,0.0299815336232853,0.0301483039190101
"325",1997-04-16,0.0275254707321528,0.0285919365800319,0.0286071161645578,0.029478595362623,0.0296439545764782
"326",1997-04-17,0.0304382443353444,0.0305443039488683,0.0303846399397936,0.0301910394635242,0.0300488931283366
"327",1997-04-18,0.0307191440591418,0.0301888565068374,0.0299258791322759,0.0296885421303853,0.0297162644948463
"328",1997-04-21,0.0346021184083132,0.0322889825893937,0.0310744097391465,0.0307400746998921,0.0299892478158276
"329",1997-04-22,0.0339010356996761,0.0320199620043566,0.0309395148508908,0.0299357834050995,0.0295549677660841
"330",1997-04-23,0.0363864766613186,0.0337748147590314,0.0326171366714706,0.0319208118682983,0.0307324093542147
"331",1997-04-24,0.036962878058151,0.0348435790483429,0.0332131464295968,0.0323838398604095,0.0322622233546123
"332",1997-04-25,0.03888612271588,0.0360398530877103,0.0349466417276292,0.0334032604546064,0.0325933013788458
"333",1997-04-28,0.0397492248960616,0.0358654767740128,0.0341685372418911,0.0326459056015468,0.0319527969051033
"334",1997-04-29,0.0339156492487593,0.0326214709992125,0.0321840650332536,0.0315043494152864,0.0314898267631062
"335",1997-04-30,0.0340039314590856,0.0329983331841536,0.0323538864914822,0.0314165141332531,0.0310838269977099
"336",1997-05-01,0.0329342351277012,0.0323945541626539,0.0320216736383616,0.031421248540034,0.0312264462481861
"337",1997-05-02,0.0278980194650905,0.0280186445401948,0.0289674169433466,0.0294437044678928,0.0302275091791947
"338",1997-05-05,0.0334845526766399,0.0329225920645796,0.0319183548142659,0.031322465303969,0.0304761591907864
"339",1997-05-06,0.0362696528874943,0.035616009407485,0.0342105545907748,0.0324058223971424,0.0320450689157122
"340",1997-05-07,0.0370771605594268,0.0362099758935311,0.0351007892318879,0.0334542317973651,0.0325048136418734
"341",1997-05-08,0.0376483570076292,0.0369553708525006,0.0356778829329428,0.0332979926043767,0.0321732794802081
"342",1997-05-09,0.0358721165821094,0.0358968488359375,0.0349442542800256,0.0330621695579977,0.0325293863086129
"343",1997-05-12,0.0369718889105113,0.0360138173434164,0.0346463591991363,0.0329673164772155,0.0319674719272082
"344",1997-05-13,0.0391799632220749,0.0374677263472617,0.0356651349832308,0.0339523726086139,0.0325611189040064
"345",1997-05-14,0.039992672100275,0.0386173464758671,0.0368487827578347,0.035034451059953,0.0331748924797028
"346",1997-05-15,0.0362230472280888,0.0356888826979704,0.0336929420256574,0.0322287734381653,0.0320172196839963
"347",1997-05-16,0.0421072916517344,0.0383829161123599,0.0367157701596555,0.0349621400951524,0.0325621843938201
"348",1997-05-19,0.0417154844489969,0.0390221099769397,0.0364738900851331,0.0347281306657686,0.0332092683450172
"349",1997-05-20,0.034170336446153,0.0350486994468059,0.0332660298793835,0.0327411547882067,0.03167921305691
"350",1997-05-21,0.0337700677256444,0.0345911021366476,0.033368113142538,0.0332216133025854,0.0317930226901548
"351",1997-05-22,0.0327341713882072,0.0339090582952175,0.0334947605765739,0.0329620826935663,0.0316791728168412
"352",1997-05-23,0.0304878002061344,0.0322143786165365,0.0318248198284805,0.0315847740620897,0.0308317328765191
"353",1997-05-27,0.0348078487316391,0.0339733173837424,0.0325117928551835,0.0329092781168385,0.0311169788327588
"354",1997-05-28,0.0353185172523089,0.0340625326593078,0.0330593027879128,0.032684772118235,0.0320303077299544
"355",1997-05-29,0.0340524179224978,0.0345400015451137,0.0334914637721776,0.0331959653854442,0.0322160018997943
"356",1997-05-30,0.0350699846612017,0.0339346555328536,0.0330973758241865,0.0327876090901071,0.0320292296140026
"357",1997-06-02,0.0373328677295321,0.0358757456575078,0.0344278184649234,0.033454039570546,0.0324991195051488
"358",1997-06-03,0.037123009216017,0.0359414301649833,0.0344332744234213,0.0334339443935757,0.0328182625030578
"359",1997-06-04,0.0375079491704061,0.0368267930881908,0.0353439097912513,0.0338681790733663,0.0327166316141438
"360",1997-06-05,0.0383220154919324,0.0369692457012327,0.0352034977812047,0.0335899021642862,0.0326411546688941
"361",1997-06-06,0.0348283749979788,0.034477469648333,0.0337855036067616,0.0329473618961839,0.0317536152505204
"362",1997-06-09,0.0361907184355466,0.035074045264076,0.0341502103445587,0.0334984447859124,0.0323362659002008
"363",1997-06-10,0.0361179424475152,0.0350486195442181,0.0343732912780394,0.0334602691079149,0.032115238687103
"364",1997-06-11,0.0362503497849552,0.0349104294904826,0.0344619189432449,0.033515637775978,0.0319916481225314
"365",1997-06-12,0.0371896147845699,0.0351180873770756,0.0345272711286026,0.0336979752068539,0.0318284815349315
"366",1997-06-13,0.0381720262516942,0.0377101951744392,0.0370409609283234,0.0353691444413216,0.0335399427674507
"367",1997-06-16,0.0396600958236598,0.0378246328993998,0.0368771897916862,0.0360935329762284,0.0342993170627607
"368",1997-06-17,0.0388273680110959,0.0384221257382042,0.0369533758972681,0.0354796219373012,0.0346833392774443
"369",1997-06-18,0.039465577944924,0.0376936543030125,0.0365946063377678,0.0354435739734319,0.0335878505012529
"370",1997-06-19,0.0388341378879433,0.0366222200741815,0.0362259593466098,0.0349026255239086,0.0330475795658433
"371",1997-06-20,0.0374830900191281,0.0365185205322632,0.0362723201249588,0.035836835922695,0.0344957075059857
"372",1997-06-23,0.0439700886441189,0.0391676130295783,0.038622913049474,0.0370803921361241,0.0367828566129455
"373",1997-06-24,0.0395778970530315,0.0372649841935729,0.0371252962872412,0.035538481799301,0.0349367779819302
"374",1997-06-25,0.0418926312763053,0.0386597923013038,0.0378938997972715,0.03650447629605,0.0355472259264289
"375",1997-06-26,0.0430429657072001,0.0402407556935932,0.0399233477928206,0.037465707177126,0.0362875118992223
"376",1997-06-27,0.0404208069169079,0.0397089175639721,0.0393085528870317,0.0374839864997092,0.0362560353696353
"377",1997-06-30,0.043262652451415,0.0405824182602698,0.0391793313216151,0.0382413205755562,0.0363875473380009
"378",1997-07-01,0.0406338265211784,0.0391379957807711,0.038612583297306,0.0379209071234662,0.0358199427792269
"379",1997-07-02,0.0377269315009466,0.0377291214482422,0.0374411481346674,0.0365033405505251,0.0351181806694929
"380",1997-07-03,0.0337322800118151,0.0337202050062214,0.0335732728555821,0.0347831071462118,0.0342392402750403
"381",1997-07-07,0.0360958115855256,0.0359604677415842,0.0358871979652217,0.0358552281174083,0.0347594621205206
"382",1997-07-08,0.0354242400014681,0.0350765269134393,0.0350190313212509,0.0353031258099568,0.0347334902851241
"383",1997-07-09,0.039266881054496,0.037042085875362,0.0368051661209706,0.0365105613358842,0.0354036128819506
"384",1997-07-10,0.0394555499841697,0.0378200709903413,0.0376394060485913,0.0372626350794765,0.0359686509832773
"385",1997-07-11,0.0376039387840422,0.0375573081231259,0.037488902336572,0.0371635284163395,0.0363156299150218
"386",1997-07-14,0.0400043138729355,0.0383508728928306,0.038309040235808,0.03779183300695,0.0366848007395325
"387",1997-07-15,0.0386945285764264,0.0384127709144582,0.0383606175989509,0.0376963900302976,0.0367339311028117
"388",1997-07-16,0.0389895558124356,0.0378112054045312,0.0377706992519626,0.0375787596478413,0.0366050346495782
"389",1997-07-17,0.0421550358203336,0.0414067584641039,0.041045579658714,0.0388731938791329,0.0372675189910643
"390",1997-07-18,0.0477707402824776,0.0466667490701783,0.0462867402951616,0.0445334655014896,0.0403423602848349
"391",1997-07-21,0.0525941685700169,0.0494070160946913,0.0474235500584994,0.0447830559154623,0.0406750465340449
"392",1997-07-22,0.0460855027805779,0.0455805233610891,0.0447913796353866,0.0433447870523833,0.0401367533231041
"393",1997-07-23,0.043026280740541,0.0439274156323466,0.0435660595627648,0.0425489083459731,0.0396808865137281
"394",1997-07-24,0.0397988097900129,0.0427814214068412,0.0430314741440364,0.0425124260425369,0.0397738555047254
"395",1997-07-25,0.0382642397600848,0.0426682037522464,0.042959481243845,0.0425886575241802,0.0400967176949824
"396",1997-07-28,0.0446163888074742,0.0444300998360178,0.0444567946551819,0.0431630745195025,0.0407290063705052
"397",1997-07-29,0.0440000736220392,0.0446971775502564,0.0442356522556693,0.0432109121429675,0.0411042814755025
"398",1997-07-30,0.0435344174174531,0.0446572071854118,0.0444298909116401,0.0435268271066818,0.0410161314410994
"399",1997-07-31,0.0446827316595362,0.0451900264253587,0.0455091514518308,0.0441974941650579,0.0416984929530203
"400",1997-08-01,0.0457852555721762,0.04585453771241,0.0455549496602836,0.044581729694775,0.0419727840933981
"401",1997-08-04,0.0459698569192089,0.0458952990806858,0.0455312018169833,0.0441014363059066,0.0415795001475707
"402",1997-08-05,0.0425661363373047,0.0429265150664195,0.0440023132481838,0.0431437917238871,0.0408743168654856
"403",1997-08-06,0.0403788014895199,0.0409054591994851,0.0422551630595356,0.0421524365532342,0.0401819606933941
"404",1997-08-07,0.0391574095226363,0.0397220948904572,0.0403440912383126,0.0397546754620468,0.0387412841048691
"405",1997-08-08,0.0456950163373552,0.0447953166447343,0.044588062861028,0.0436419928953697,0.0412643838189366
"406",1997-08-11,0.0464504863604134,0.0466191413809995,0.0465726455461824,0.0445683971144134,0.0415840341845415
"407",1997-08-12,0.0508314593699418,0.0483526709489315,0.0474029086025692,0.0450635582075679,0.0416869326682047
"408",1997-08-13,0.0531403949421438,0.051900433490621,0.0505256180913997,0.0469544314841051,0.0431597314350913
"409",1997-08-14,0.0482082019885479,0.049666927939671,0.0489427775364617,0.0467720118076992,0.0437771756436949
"410",1997-08-15,0.0593357405740042,0.0551728387652181,0.053183700914093,0.0496903607014869,0.0458775609437907
"411",1997-08-18,0.0523884971919995,0.0547219784719761,0.0532250082913612,0.0501718386917689,0.0461356666096511
"412",1997-08-19,0.045154237103083,0.0495617882565582,0.0498078251987661,0.0476492709662173,0.0446064894630767
"413",1997-08-20,0.0394284981852199,0.0447838047859973,0.0466578229806955,0.0455668961578638,0.0424777054706017
"414",1997-08-21,0.0508216434577258,0.0500507463946095,0.0490274589662208,0.0468591953474115,0.0430095971323034
"415",1997-08-22,0.0526955812597209,0.0544633896371558,0.0526188535482421,0.0497293034973957,0.0447094969904901
"416",1997-08-25,0.0519210328207475,0.0535790032133707,0.0529795064172492,0.0493883038245658,0.0451194415097339
"417",1997-08-26,0.0578585649512895,0.0551880921629586,0.0543483754348799,0.0499224493664308,0.045547640482304
"418",1997-08-27,0.0522193215807842,0.0555294399304338,0.0544711764469868,0.0502731949407315,0.04580463235104
"419",1997-08-28,0.0547038020220145,0.0570212584858105,0.0560036890130012,0.0512334153016162,0.0463397928295962
"420",1997-08-29,0.0541121772047959,0.0582689882854098,0.0573487655740996,0.0522342871993311,0.0469098166860577
"421",1997-09-02,0.0556302471878566,0.0557127542725855,0.0547141253855003,0.0503458994716998,0.0454002825869259
"422",1997-09-03,0.0569935101124352,0.056133169781133,0.0548482038377073,0.0498989365182009,0.0455437916184378
"423",1997-09-04,0.057674550058264,0.0563398534970319,0.0555112748099225,0.050436373219068,0.0461481077788534
"424",1997-09-05,0.0556341057686704,0.0554816931126603,0.0549159131658942,0.0508003696233178,0.0464675418254188
"425",1997-09-08,0.0558008054019543,0.0558863146367669,0.0551958766095898,0.0504701021713175,0.046416002491588
"426",1997-09-09,0.0531024062083741,0.0539116902178442,0.0555074713879659,0.0504897077670443,0.0470293156565419
"427",1997-09-10,0.0541910970007006,0.0554906451206353,0.0553129058703953,0.0515231237423286,0.0472720445924918
"428",1997-09-11,0.0587225112659693,0.0584676978069497,0.0578876058195948,0.0525451199529986,0.0473450089610288
"429",1997-09-12,0.0545630365951848,0.0560312759975602,0.05596932709549,0.0510284659316284,0.0463471491100769
"430",1997-09-15,0.0568621831194451,0.0575014377006335,0.0571386302660673,0.0520779386548375,0.0469125503607687
"431",1997-09-16,0.0492203793572441,0.0543587828125167,0.054971188582092,0.0516507319122267,0.0460778104425844
"432",1997-09-17,0.0516361039562651,0.0545222505982456,0.0543575784783384,0.0514241658656499,0.0470031245945439
"433",1997-09-18,0.0482989324655949,0.053667853103909,0.0542253266406667,0.0514359868639609,0.0476009379980149
"434",1997-09-19,0.0438568940750235,0.0524293912088448,0.0527209311341249,0.0508461814535943,0.0468406949098624
"435",1997-09-22,0.0424204777204772,0.0512356355062052,0.051711731475315,0.0500282627927391,0.0474519495893441
"436",1997-09-23,0.0415675412414405,0.0502692696616675,0.0504222945221641,0.0501902876209582,0.0474088394358457
"437",1997-09-24,0.0421881577247312,0.0493865107947852,0.05002947888073,0.0495636388402169,0.0466442098656943
"438",1997-09-25,0.0443608572589892,0.0494311164851377,0.0508785185425207,0.0492792128453214,0.0463132239041859
"439",1997-09-26,0.0407697256976212,0.0476922887528425,0.0485113315593909,0.0483558967375771,0.0455501421085426
"440",1997-09-29,0.0419264029600579,0.0473732354826841,0.0485753741098508,0.0470951602930117,0.0452272166432681
"441",1997-09-30,0.0457028706668652,0.0482198123501709,0.0491175715406542,0.0477070343452598,0.0451583358280118
"442",1997-10-01,0.0437794560179699,0.0462975599023967,0.0474423229134083,0.0467519182103788,0.0449110213550384
"443",1997-10-02,0.04340817129048,0.0452290894321222,0.046163689462011,0.046208716630032,0.0446762258039173
"444",1997-10-03,0.0421732738819009,0.0442813340229378,0.045298942956171,0.0461646002296736,0.0448797522348955
"445",1997-10-06,0.041412783816202,0.0434907372889425,0.0442187654408488,0.0458923778926764,0.0445993708071356
"446",1997-10-07,0.0384504658191088,0.0417223921917672,0.0428762336369035,0.044915081180181,0.0443453857748846
"447",1997-10-08,0.0391618668320968,0.0413126446430985,0.042010139649309,0.0444455151724687,0.0440751455983627
"448",1997-10-09,0.0387442165727116,0.0419129075294686,0.0427244572541106,0.0441084168814468,0.0431856998052863
"449",1997-10-10,0.0379885096553243,0.0412576477348028,0.0418310216469512,0.0436848409826346,0.0429189672730561
"450",1997-10-13,0.0373835310562713,0.0409761115640396,0.0410462945547959,0.0440258705183669,0.0432286354289946
"451",1997-10-14,0.0372206207063489,0.0409716487986637,0.0413835517530031,0.0432500520635898,0.0428175196380785
"452",1997-10-15,0.0373263819495707,0.0408365231071479,0.041196523325254,0.0435188500166593,0.042980720483213
"453",1997-10-16,0.0386726626834401,0.0422211468696709,0.0424998087157044,0.0438135388861665,0.043277305097019
"454",1997-10-17,0.042015953039489,0.0440022180224923,0.0441305850624257,0.044654711216296,0.0443945831620921
"455",1997-10-20,0.0385204191017412,0.042897001086372,0.0430269329713249,0.0437799299750091,0.0435865814693458
"456",1997-10-21,0.0341509874001602,0.0393939451972803,0.0401328444187858,0.042198191900882,0.0425108723201487
"457",1997-10-22,0.0353065221098638,0.0396073302419648,0.0404494938799604,0.0421556993599712,0.0425961732903204
"458",1997-10-23,0.0455683240491262,0.0473774600225453,0.0447783360325897,0.044988946231764,0.0442154143116461
"459",1997-10-24,0.0495534266709453,0.0488566929406445,0.0474202823194046,0.0456609338799505,0.0446171532143741
"460",1997-10-27,0.108034517864982,0.0697803633407854,0.0645014323567638,0.056038836010563,0.0518322194559289
"461",1997-10-28,0.0790560211359485,0.0738734009264646,0.069127095118686,0.0570747161620156,0.0510051951972487
"462",1997-10-29,0.0886986289374903,0.0744877099083831,0.0630330410550823,0.0562065495709874,0.0505667925690988
"463",1997-10-30,0.118172556611017,0.0967546526027353,0.0791845783654066,0.067460910147898,0.0573656566246185
"464",1997-10-31,0.0974718031765417,0.0893471559258058,0.07767592968348,0.0645314826204471,0.0546876622153232
"465",1997-11-03,0.07940992616372,0.0769430781085821,0.0708438961415276,0.0619615015058573,0.0536426210120394
"466",1997-11-04,0.0810264172719541,0.0765310457331338,0.0704242799148919,0.0639072798203271,0.05624659534972
"467",1997-11-05,0.0824279439375782,0.0793885893509499,0.073947125594361,0.064497530849877,0.0564173125790708
"468",1997-11-06,0.0855413901074025,0.0810058591240812,0.0755148533734632,0.0661743893963501,0.0574869608229197
"469",1997-11-07,0.101798614966526,0.0932661841602555,0.0843943175566694,0.0721365707543194,0.0596916742873164
"470",1997-11-10,0.107700032447928,0.0944580035424628,0.0864239982187439,0.0744409889386004,0.0644526827101116
"471",1997-11-11,0.10586983112971,0.0951629890600061,0.0874332605553189,0.0747083159938987,0.0655598913643717
"472",1997-11-12,0.115598803537628,0.103689622686246,0.0950325277348475,0.0793115767108119,0.0669174449189324
"473",1997-11-13,0.11050247673256,0.102286561691309,0.0943172419085327,0.0790247117618924,0.0677669895067324
"474",1997-11-14,0.0930041772173207,0.0936002936691522,0.0898780604170214,0.0778126914254291,0.0666563258170934
"475",1997-11-17,0.0803435246789142,0.0805300350203323,0.0802361213094766,0.0733827007712793,0.0652058895905188
"476",1997-11-18,0.0817926720829675,0.0819044781891109,0.0800869556028002,0.0724229642229705,0.0653854644609894
"477",1997-11-19,0.0742700729928975,0.0781022537844412,0.076839604018434,0.0702617742658175,0.0642258297285271
"478",1997-11-20,0.0620367476648104,0.0682435396191404,0.0711840027289621,0.0668003502248718,0.0619963578985416
"479",1997-11-21,0.0569093199398115,0.0652968584471615,0.0686181912545855,0.0648285027999015,0.0604535564467703
"480",1997-11-24,0.0736851941965588,0.0724549610783827,0.0706918649714258,0.0657975789825499,0.0617628792569428
"481",1997-11-25,0.0684842490955732,0.0710834415625665,0.0700426387197182,0.0658840270004487,0.0611627294358158
"482",1997-11-26,0.0665591136076058,0.0684882541265971,0.0696063046052713,0.0657455489508836,0.061022669380527
"483",1997-11-28,0.0618756214000473,0.0654254038145835,0.0676863247810112,0.0645541118426258,0.0601331421786499
"484",1997-12-01,0.0562462773222167,0.0591505686810787,0.0625661134797627,0.0621465873687716,0.0590064143713113
"485",1997-12-02,0.0575481127915712,0.0596634437397244,0.0619213704056215,0.0620892871970534,0.0588346417555688
"486",1997-12-03,0.0525001661758711,0.0544487017584042,0.0571633986625069,0.058004049596101,0.0560152939777064
"487",1997-12-04,0.050409232455646,0.0513461055996932,0.0544754394035694,0.0552031362155365,0.0536664200632483
"488",1997-12-05,0.0471695278056069,0.0480940794777044,0.0514580032340646,0.0534975638375674,0.0527263129088748
"489",1997-12-08,0.0479392041395589,0.0477401680785481,0.0499340222759415,0.0516580197426859,0.0519591870317232
"490",1997-12-09,0.0486935200303758,0.0473042240551192,0.0484891873851706,0.0494452933720881,0.0486249224948984
"491",1997-12-10,0.0505024877100672,0.0496191286536928,0.0502939191553035,0.0499087338579779,0.0478080928654202
"492",1997-12-11,0.0622469613089041,0.0595367473088168,0.058625761512369,0.0525792540546532,0.0504431711834133
"493",1997-12-12,0.06324301235489,0.0597841350431306,0.0591869903633423,0.0530194200529195,0.0517530952385768
"494",1997-12-15,0.0625736025273625,0.058683107852919,0.0575480104319534,0.0526157092362364,0.0493135305338287
"495",1997-12-16,0.0553720788818799,0.0534689241030733,0.0528173894827368,0.0500261838720593,0.0470260557450377
"496",1997-12-17,0.057049683884234,0.0530733068728295,0.0521762965313579,0.0489876573267017,0.0456644793244527
"497",1997-12-18,0.0611775968476912,0.0554187917968947,0.0542955933770343,0.0492179331435821,0.0449484251848999
"498",1997-12-19,0.0701684506973882,0.0635337400571259,0.061683994969384,0.0541137869796784,0.04664508377026
"499",1997-12-22,0.0682305123496439,0.0616020804104343,0.0594184875146705,0.0525008973108846,0.0460709551064494
"500",1997-12-23,0.0764643579903765,0.065756657984449,0.0632339259897097,0.0541595456947792,0.0470135528105474
"501",1997-12-24,0.0776045875929464,0.0677377028467237,0.0653398731458719,0.055220598865102,0.0481193927234688
"502",1997-12-26,0.0728279979523306,0.0648556539297941,0.0630297801957064,0.0546973813495908,0.0477487110449275
"503",1997-12-29,0.0595634265779083,0.0587256310043485,0.0583538558397064,0.0510517987318801,0.0457883078104791
"504",1997-12-30,0.0489978949931819,0.0509210858738926,0.0509620896750712,0.0474824758580044,0.0426259917803973
"505",1997-12-31,0.0481030809068407,0.0478848799697141,0.047582120430181,0.0450491091083135,0.0418642703649974
"506",1998-01-02,0.0461771226558736,0.046951918144461,0.0470934175401205,0.04471291105772,0.0412895174743885
"507",1998-01-05,0.0464534421272172,0.0468568080018212,0.0467330590981957,0.0446461584769793,0.041335416903148
"508",1998-01-06,0.0522136014228824,0.0510822777098015,0.0503283056639779,0.0470567951331241,0.0430455756454643
"509",1998-01-07,0.0524485192033694,0.0526853504971799,0.0522150976356589,0.0480694509035031,0.0444177062771067
"510",1998-01-08,0.0540635085748375,0.0546893404351643,0.0544484833705646,0.049330561176937,0.04528917845073
"511",1998-01-09,0.07212045610024,0.0697263361282392,0.0673064351481329,0.0552694674728512,0.0484079048818571
"512",1998-01-12,0.0654038282032543,0.0660385112574235,0.0648890772552371,0.0566308405976983,0.0485205695077861
"513",1998-01-13,0.0528278376654779,0.0552522788078638,0.0549601735158483,0.0525012754906418,0.0470581669482906
"514",1998-01-14,0.0476733600207618,0.0539223206655852,0.0538068156160257,0.0509529853115975,0.0462650524457469
"515",1998-01-15,0.0478249592792181,0.0546839441148003,0.0544740430815405,0.0517746466295168,0.0477903381972491
"516",1998-01-16,0.0400079755171442,0.0468536106171599,0.0469624799595097,0.0473049498654078,0.045772770423971
"517",1998-01-20,0.0390571401871972,0.0436383202515522,0.0431317748151913,0.045148106503217,0.0439157543585588
"518",1998-01-21,0.0414880714975179,0.0458563994886855,0.0441613390445447,0.0456389957731992,0.0438565856229172
"519",1998-01-22,0.044259133948862,0.04852819281861,0.0465189749809459,0.0468728464101091,0.0449569023907677
"520",1998-01-23,0.0436711688328918,0.0495390352930957,0.0484174696017362,0.0474784937101308,0.0451785641990588
"521",1998-01-26,0.04597014997129,0.0503962530858512,0.0490915814382633,0.0483944396892993,0.0456047091755249
"522",1998-01-27,0.0402854287076723,0.044714818866795,0.0454826983586569,0.0461136037871704,0.0443616709667369
"523",1998-01-28,0.038941449756075,0.0431468543793753,0.0437571675611764,0.044632608826026,0.0434311984603808
"524",1998-01-29,0.03877289436511,0.0427132818556492,0.0437896571911777,0.0437796799073074,0.042816125784211
"525",1998-01-30,0.0379828702256845,0.0433515030280284,0.044164208318929,0.0446418440443905,0.0435130798183874
"526",1998-02-02,0.0401802738335652,0.0420920873140024,0.0430566359128571,0.0438452168384095,0.0424310266481658
"527",1998-02-03,0.0385575939152577,0.0406817971015718,0.0421189036574807,0.0434604776785729,0.042526478566158
"528",1998-02-04,0.0389362088277598,0.0404396331046515,0.0417481729196216,0.043268689308222,0.0424448916691546
"529",1998-02-05,0.0408715895465916,0.0422494456908667,0.0429950673705875,0.0433558824344268,0.0426683417461859
"530",1998-02-06,0.0379974634322025,0.0396425961191944,0.0410494381303446,0.0425179237096847,0.042087969674206
"531",1998-02-09,0.0401763782463204,0.0410378918896423,0.0421055244025179,0.0428542240901178,0.0418553441380263
"532",1998-02-10,0.037574724363271,0.0394437464082567,0.0407970768982181,0.0413619436459461,0.0408935384112525
"533",1998-02-11,0.0364963297474753,0.0394337599894289,0.0405289959090063,0.0410597266502215,0.0407262807223852
"534",1998-02-12,0.0350400902229379,0.0390091621200719,0.040190345800411,0.0403210974388407,0.0405194282889878
"535",1998-02-13,0.0336075434609114,0.0368666005835992,0.0391371321885386,0.0404849310637349,0.0401240713131666
"536",1998-02-17,0.036481329084892,0.0386265430952613,0.0401069287878823,0.0404260489451548,0.0401476405076387
"537",1998-02-18,0.0332561617008039,0.0369185624070956,0.0388483768236587,0.0393554096471226,0.039466231180062
"538",1998-02-19,0.0332263720581144,0.0370935735487873,0.0390984515659707,0.0397426127069994,0.0399240460658506
"539",1998-02-20,0.0306546459685837,0.0358868154688038,0.0383859999719756,0.0391671614204883,0.0392797865802129
"540",1998-02-23,0.0299626925535662,0.0359048288748547,0.0375396809464796,0.0387990123469812,0.0391626892562011
"541",1998-02-24,0.0313883955618681,0.0360954708941288,0.0381242343523639,0.0392020298873163,0.039611755652362
"542",1998-02-25,0.0289789606910075,0.0344584823406302,0.0365586561359274,0.0379706659019582,0.0388570673057417
"543",1998-02-26,0.0295429529039989,0.0337188150637291,0.0361055523816866,0.0375521144813242,0.0384298660783559
"544",1998-02-27,0.0297569195477953,0.0342656037295032,0.0365031821953723,0.0376565288206717,0.038589367715542
"545",1998-03-02,0.0330612390969067,0.0345830084153297,0.0368239089216946,0.0375772895417302,0.0385883456342314
"546",1998-03-03,0.0323246394187224,0.0336739148328474,0.0364607036692803,0.0372543317049777,0.0383028843652734
"547",1998-03-04,0.034259591932865,0.0354134820375781,0.0371852703980558,0.0377282080614229,0.0385801929676886
"548",1998-03-05,0.0380655917950134,0.0385416248840642,0.0391594124304215,0.038967173605681,0.0393372541240349
"549",1998-03-06,0.0346151312839258,0.0356002109390454,0.0376956891870769,0.0372642454161925,0.0380418118097658
"550",1998-03-09,0.0363351876885275,0.0375515245186182,0.0387350401687502,0.0378125180010363,0.03837953535983
"551",1998-03-10,0.0340353391350789,0.0359041360883501,0.0373746336411012,0.0368738923060282,0.0376204214602118
"552",1998-03-11,0.032663261300797,0.0364394783111141,0.0374102519658444,0.0363587741170844,0.0373586695697087
"553",1998-03-12,0.0292265575897488,0.0328901458364753,0.0343348188296255,0.0351684565397458,0.0366865977509621
"554",1998-03-13,0.0300376041665106,0.0333431500752626,0.034905145389546,0.0350055339058938,0.0366287970237576
"555",1998-03-16,0.0291196267231549,0.032484980387573,0.0338588004179948,0.0343529392542085,0.0361585570718357
"556",1998-03-17,0.0296347202123432,0.0322651747205285,0.0336900476260224,0.0346816287993322,0.0361671017237244
"557",1998-03-18,0.0278571921915738,0.0310255663181276,0.0328427758089096,0.034110679082396,0.0352219544090937
"558",1998-03-19,0.0261694017194492,0.0310207889843078,0.0325928496781849,0.0337854570670327,0.0350066983248953
"559",1998-03-20,0.0298645545463002,0.0325179522492951,0.0337967347431661,0.0348430384774044,0.0350472203526487
"560",1998-03-23,0.0337923538805286,0.0354292540634347,0.0355351767934525,0.035567959371355,0.0367246403722348
"561",1998-03-24,0.0361417216857784,0.0377148330024924,0.0373005306012646,0.0367407672909219,0.0371825661098262
"562",1998-03-25,0.0442250306849453,0.0441593383861001,0.0436232926759857,0.0407465719546911,0.0392189424250044
"563",1998-03-26,0.0433598128155633,0.0462296795493693,0.0452692217963463,0.0419648803943591,0.0397980061839829
"564",1998-03-27,0.0453304341298198,0.0469319882880602,0.0461145384825769,0.0434160347977459,0.0414293385505824
"565",1998-03-30,0.0503731707264548,0.0498677549860632,0.0490328799756985,0.0445966290434761,0.0418839428167993
"566",1998-03-31,0.0499169201730906,0.0504843725626,0.0491203633808315,0.0454725306112683,0.0433618243006894
"567",1998-04-01,0.0474415856557631,0.0483685781034613,0.0490323948839066,0.0455693436005236,0.0431087832742063
"568",1998-04-02,0.0439644153920273,0.0453388305523336,0.045683408504208,0.0441278662049039,0.0423458167445446
"569",1998-04-03,0.0429865067689679,0.0445680533547649,0.0453166279703465,0.0434295618700484,0.0418767450668396
"570",1998-04-06,0.0466269835006918,0.0463496108272943,0.0462040743953344,0.0441520313951492,0.0420253303730323
"571",1998-04-07,0.0486773997662899,0.0490057425521986,0.0486955013031785,0.0456828125034848,0.0430188139969746
"572",1998-04-08,0.0462442464984385,0.0482511187396086,0.0485991092704937,0.0460738537600916,0.0436117163731082
"573",1998-04-09,0.041297829586901,0.0443068355383225,0.0449015539717089,0.0442079655833513,0.0431233481957361
"574",1998-04-13,0.0444562102755849,0.0461583219747396,0.0457983520108582,0.044309965963537,0.0431123077640391
"575",1998-04-14,0.039415736161855,0.044485221565932,0.0443977996912565,0.0437652364464837,0.0424797164915821
"576",1998-04-15,0.0359460265072319,0.0424348108504366,0.0426417823084185,0.0431958238359414,0.0420867514226404
"577",1998-04-16,0.0413125379359589,0.0453638241390194,0.0452464299153333,0.0446564731330128,0.0433968015330122
"578",1998-04-17,0.0352999233842173,0.0423571073567465,0.0426480272350647,0.0433048344882093,0.0421184281456809
"579",1998-04-20,0.0348148990971506,0.0420288782737117,0.0417267374540408,0.0432904193227006,0.0424764447909024
"580",1998-04-21,0.0314516670626919,0.0396303592056638,0.0403745116104368,0.0422245275469397,0.0422559268588276
"581",1998-04-22,0.0296147808863938,0.0376391045744108,0.0391429856329522,0.0413453964763802,0.0418592745550863
"582",1998-04-23,0.0346392603901756,0.0396802655682594,0.0410438129919372,0.0431305748083835,0.0428948800308576
"583",1998-04-24,0.0392447315150127,0.0431181001971493,0.0434453289756089,0.0448217463390683,0.0441990697611395
"584",1998-04-27,0.0559942722498344,0.0539094414109477,0.0519650375613505,0.0506016778543295,0.0482234270234122
"585",1998-04-28,0.0484078036718987,0.0506362733826324,0.051564899189001,0.050566827919057,0.0487790953859748
"586",1998-04-29,0.0445450915717918,0.046609089897175,0.0477694838932073,0.0495604014456136,0.0482510907917832
"587",1998-04-30,0.0405578374473211,0.0431019195391974,0.0451380465929308,0.0479387073518101,0.0481316402156533
"588",1998-05-01,0.0355413929453081,0.0388336868409104,0.0425168403204056,0.0465278546312609,0.0472402985556505
"589",1998-05-04,0.0372300622165803,0.0398555374200098,0.0428020707061891,0.0466549723583107,0.0472101367772107
"590",1998-05-05,0.0404338043477715,0.0418131683644618,0.0440477249941154,0.0475887672051943,0.0477157717030979
"591",1998-05-06,0.0436630755369211,0.0449173303473415,0.0466864210715294,0.0489825728898804,0.0487237716658197
"592",1998-05-07,0.0453681378527625,0.0469693021880163,0.0487237566070198,0.0506343311851021,0.0496044843089556
"593",1998-05-08,0.0383106272447448,0.0409573959834909,0.0439675776045778,0.0477823647605999,0.0473678600055887
"594",1998-05-11,0.0397002049988885,0.0416958561065081,0.044684490061889,0.047934841904576,0.0474269105830659
"595",1998-05-12,0.0378583393965522,0.0410365619672345,0.0433366429585691,0.0465427043562186,0.0470290179519543
"596",1998-05-13,0.0368431730139308,0.0403237176991889,0.042872433119322,0.0461539026673769,0.0468370854575372
"597",1998-05-14,0.0347737147646272,0.040659229466382,0.0433166603228372,0.0462998246411356,0.0469522821987028
"598",1998-05-15,0.0360324590709799,0.0396051987476273,0.0428234814629216,0.0466980946323108,0.0472822637888139
"599",1998-05-18,0.0386162408741118,0.0416970437410085,0.0438565701453347,0.0466792345892204,0.0473316402147088
"600",1998-05-19,0.0338169902234307,0.0391094922148871,0.042710423200786,0.0462023912960611,0.0471780636706102
"601",1998-05-20,0.0335622540237257,0.0368731662775978,0.039739194906082,0.04485703005442,0.0461669771770936
"602",1998-05-21,0.0313826232243227,0.0383978505649339,0.0407415089864922,0.0456344772923724,0.0468434570921719
"603",1998-05-22,0.029763372967226,0.0366405282496185,0.0402741644203882,0.0451838223566682,0.0462947841274172
"604",1998-05-26,0.042685490147857,0.0425545439132506,0.0443680653603314,0.0475576270294294,0.0486217098309219
"605",1998-05-27,0.0413630873168951,0.0453771134318111,0.0461492237813208,0.049518181706402,0.0493263425567361
"606",1998-05-28,0.0352330694777547,0.0400937313540467,0.0421262374027736,0.0466713459348803,0.0478368996585886
"607",1998-05-29,0.0395006214306804,0.0423832348056164,0.0438651503872457,0.0478652116765222,0.0478032747260365
"608",1998-06-01,0.0434785670937901,0.0443122155781074,0.0455512855474254,0.04822602612316,0.0480321574789313
"609",1998-06-02,0.0422170508158875,0.0439518965304967,0.0452054840225037,0.0483842731224504,0.0481899149398553
"610",1998-06-03,0.0464670536747045,0.0464274911139063,0.0475425484337453,0.0498931702698911,0.0483732190675473
"611",1998-06-04,0.0416117656067565,0.0429325754450216,0.0447097978495567,0.0480311807066818,0.0480331698392432
"612",1998-06-05,0.0362413043877982,0.0388407080816095,0.0413545212159112,0.0458090230035818,0.046687654097932
"613",1998-06-08,0.0386702055886232,0.0397817383831199,0.0413440224388699,0.0453753595337831,0.0468467533598799
"614",1998-06-09,0.037246215361195,0.0395068661468941,0.0410479958618852,0.0452051877995766,0.0465116432716957
"615",1998-06-10,0.0395486165497208,0.0406649594300187,0.0421136400789994,0.0454606469086265,0.0470329330786279
"616",1998-06-11,0.0463243113662019,0.0446947383682819,0.0454604340833037,0.0476008653452087,0.0498574411965242
"617",1998-06-12,0.043054971308857,0.0451847225646506,0.0461438327063438,0.047579635939141,0.0480344718553299
"618",1998-06-15,0.0559823760145569,0.0506781146680639,0.0508446774450645,0.0508128038252698,0.0501645058306681
"619",1998-06-16,0.050247865042646,0.0481954457239884,0.0488152965182914,0.0500744153993969,0.0502460792685549
"620",1998-06-17,0.0425706242480893,0.0453072739433914,0.0460323135426273,0.0484036305149927,0.0482144932883238
"621",1998-06-18,0.0411365471133744,0.0434067076246809,0.0453518750181069,0.0482130244354038,0.0482274312016269
"622",1998-06-19,0.0400765041005914,0.0441441499829012,0.0458669968391512,0.0488015232378367,0.0487984588055051
"623",1998-06-22,0.0394821290078895,0.04343167234109,0.0445033391772413,0.0482873691686992,0.0485634055979879
"624",1998-06-23,0.0319947242519279,0.0386650410030139,0.0405881032611966,0.0453142853817837,0.0465844406198311
"625",1998-06-24,0.0325998753934481,0.0360487061249201,0.0381963095295531,0.043722267946645,0.0455232946435743
"626",1998-06-25,0.0326855109454981,0.0373068420571136,0.0390748597857036,0.044453774629169,0.0461535051850532
"627",1998-06-26,0.0298255142016386,0.0347864767050177,0.0368805905696713,0.0429479092889917,0.0450269192058273
"628",1998-06-29,0.0311321274865011,0.0346189293233657,0.0365776058322968,0.0423263520376622,0.0446413474222423
"629",1998-06-30,0.0322984194319474,0.0346894677442845,0.0361228309896519,0.0425251400334437,0.0448620974254053
"630",1998-07-01,0.0285701060484383,0.0318701722713156,0.0339980449022957,0.0406477722089371,0.0433785346051686
"631",1998-07-02,0.027767320550879,0.0304864436463886,0.0325593012054608,0.0398464523220776,0.0425780225493466
"632",1998-07-06,0.028875246243058,0.0309998794915582,0.0324100833158694,0.0393211596963763,0.0428428089461782
"633",1998-07-07,0.0298899226595779,0.0320129267588944,0.0332604135485274,0.0395278242102151,0.0428626693523288
"634",1998-07-08,0.0272519862322439,0.0302838704512858,0.0318371932085502,0.0384758765076079,0.0418695579927881
"635",1998-07-09,0.0285866084397433,0.031617505072322,0.033054159280619,0.0394534101939146,0.042450026241985
"636",1998-07-10,0.028714419862926,0.0314033462238465,0.0325796094449012,0.0391029423138969,0.0419898362785984
"637",1998-07-13,0.0299099344957185,0.032230521861134,0.0332637242142645,0.0397479136383589,0.0426060280310602
"638",1998-07-14,0.0282159449138262,0.0313544125994111,0.0324784450404386,0.0388125994336097,0.0421177656836829
"639",1998-07-15,0.0280677038482504,0.0318661567462402,0.0329235964597558,0.0391520151912773,0.0423868499139042
"640",1998-07-16,0.0250903667112823,0.0292180178675037,0.0308442340173965,0.0379476226094023,0.0413973752634383
"641",1998-07-17,0.0239760616748962,0.0286420214837806,0.0303403115221702,0.037209410229596,0.0410880413097488
"642",1998-07-20,0.0252086648166563,0.0303128524336606,0.031957758874145,0.0378537549914896,0.0416210504815942
"643",1998-07-21,0.0337973585691156,0.0376301031617817,0.0377447135722395,0.0407639709188067,0.0434163986158206
"644",1998-07-22,0.0334590012765086,0.0375184107698639,0.0384659965283057,0.0421229968991556,0.0440697526986959
"645",1998-07-23,0.0446678560181171,0.0446405689525163,0.0446389511730375,0.0459975305143903,0.0466867887578264
"646",1998-07-24,0.0432629798636646,0.0457537416895048,0.0455051398799992,0.0468768148907047,0.0470013240374315
"647",1998-07-27,0.0440333988544635,0.0464838492712726,0.0457359599517278,0.0468600320341149,0.0476211488687825
"648",1998-07-28,0.0505818101063662,0.0519870635994786,0.0510212374101201,0.0500766397234822,0.0502982112414991
"649",1998-07-29,0.0515122527497377,0.0505570688781859,0.0501551797796638,0.0502410987601402,0.0507077607938956
"650",1998-07-30,0.0412410152599336,0.0459780157236454,0.0472923683451568,0.0481463152416041,0.0489324408140416
"651",1998-07-31,0.0518782143728853,0.0513227144399427,0.0511577584541127,0.0503227119798572,0.0504525060529345
"652",1998-08-03,0.0563839379397415,0.0549181025716194,0.053458175384417,0.0523673959780524,0.0520844366162475
"653",1998-08-04,0.0762791280400089,0.0722694361697607,0.0666387924916248,0.0613231342020849,0.0561969155159171
"654",1998-08-05,0.0708061388343545,0.0695162568518165,0.0664605989997432,0.0605587085906341,0.0562414209933006
"655",1998-08-06,0.0651771823062815,0.0645564108047322,0.0635609947341326,0.0594117109957445,0.0557392190277579
"656",1998-08-07,0.0633911637401232,0.0613739781065404,0.0596952813710105,0.0581933796187179,0.0546121935459572
"657",1998-08-10,0.0674424864871003,0.0643501044957978,0.0630050232644369,0.0591428141933603,0.0556829512892062
"658",1998-08-11,0.0793653902937812,0.0755600407547295,0.0712785131527189,0.0641906406080005,0.0590610766740993
"659",1998-08-12,0.0673023153304261,0.0660912215519438,0.065873539079915,0.0614708763611573,0.0575646023415214
"660",1998-08-13,0.0756489197959729,0.070996057452095,0.068726472716336,0.0633320721870544,0.059574192350553
"661",1998-08-14,0.0907549528313038,0.0822037417908597,0.0784314059915459,0.0705536565430568,0.0633339875234378
"662",1998-08-17,0.0813656713970651,0.0753597140201903,0.0743667239293194,0.067788849044144,0.062267059123179
"663",1998-08-18,0.0633068789138636,0.0634767230984308,0.0655529689207822,0.0622267870349148,0.0586695046503975
"664",1998-08-19,0.0649465179586564,0.0631380041840288,0.0646725235506681,0.0611386769525437,0.0573854662126141
"665",1998-08-20,0.0707758771212814,0.0681919855686143,0.068224656951666,0.0625455954527628,0.058227846849889
"666",1998-08-21,0.0841995198802369,0.0813860806478372,0.0767931969128781,0.0690195887882502,0.0624722034515648
"667",1998-08-24,0.0787266845217454,0.0745621925767769,0.0732880473850966,0.0676880943082777,0.0620670025885282
"668",1998-08-25,0.0715006745319206,0.0718523564703986,0.0705131701015466,0.0652728036806554,0.0615006532043636
"669",1998-08-26,0.0760358298424065,0.0767230557328839,0.0738962361977247,0.0679385829671256,0.0623219440603122
"670",1998-08-27,0.130104689205158,0.10901122177159,0.0960796318587583,0.0843459447328599,0.0712588055264719
"671",1998-08-28,0.124684297444229,0.120836944236709,0.11039449401434,0.0936181406331702,0.0803289972325375
"672",1998-08-31,0.173857700597421,0.149084273192514,0.134016537560003,0.107397678468212,0.0882490204968955
"673",1998-09-01,0.114943860785627,0.114303722774739,0.114754046230596,0.0948131900662795,0.0829266711307922
"674",1998-09-02,0.122435874988296,0.1117615765542,0.107271871598091,0.0922926684729709,0.081913381878807
"675",1998-09-03,0.143105211660066,0.129080036334891,0.121030391755183,0.102858639406699,0.0871723539451666
"676",1998-09-04,0.154542032091145,0.138202114969881,0.128748034228773,0.107782176185038,0.0898505777844304
"677",1998-09-08,0.114440692497669,0.106444581471228,0.104184623240818,0.0911884493828985,0.0804420408062612
"678",1998-09-09,0.130764647276623,0.115916950250061,0.113217253515948,0.0956853224002581,0.0823116108945827
"679",1998-09-10,0.175841636110544,0.141846308387029,0.136917217140979,0.111028280306244,0.0923270772922939
"680",1998-09-11,0.149057528896495,0.128499822949099,0.124851294124902,0.10570212761586,0.0890444128799237
"681",1998-09-14,0.119416749579045,0.109886674341772,0.108305688469518,0.0954907319782272,0.0828966431850653
"682",1998-09-15,0.109014837228236,0.103679094889077,0.101524181855161,0.0924918148085742,0.0792261832874856
"683",1998-09-16,0.104707696019141,0.0980461387651663,0.0960402509959688,0.0887075740266758,0.0782390617769254
"684",1998-09-17,0.131637396555881,0.114493128061474,0.113447211896746,0.0965255427384153,0.0846896071812388
"685",1998-09-18,0.12531652038714,0.116578165122984,0.114688038958029,0.0993139338029157,0.0866992087352425
"686",1998-09-21,0.126201078455331,0.121532917948041,0.117315476452793,0.102524154361085,0.0886960459457496
"687",1998-09-22,0.11030099163739,0.114071010567611,0.11261626352421,0.103981846325803,0.0924175698129281
"688",1998-09-23,0.0826552054680127,0.0971528236499221,0.0986288917759077,0.0984260737997118,0.0939660727083344
"689",1998-09-24,0.0974875039637157,0.102578497664091,0.102903013065616,0.097953954322772,0.0867899277597593
"690",1998-09-25,0.0968890161134461,0.103084957465937,0.1036343659457,0.0975241248171125,0.0866400917021144
"691",1998-09-28,0.101446419909409,0.102243883716544,0.101464786604543,0.0962233387468841,0.085541445424384
"692",1998-09-29,0.102005284885006,0.104466079263107,0.102241573706625,0.0982686575454594,0.0880110351265356
"693",1998-09-30,0.131418499833177,0.125960574374884,0.123455041056278,0.110345646357627,0.0988723588726602
"694",1998-10-01,0.151897218337911,0.14345855287798,0.139568792631522,0.122785937725141,0.106497868992743
"695",1998-10-02,0.135631570742675,0.132961318800761,0.130867040047961,0.118760862475152,0.104056087286354
"696",1998-10-05,0.148780878375419,0.145622087327632,0.143306740039962,0.126603943798377,0.112146966911794
"697",1998-10-06,0.142757941971067,0.141002980368128,0.139279084296621,0.125865307710312,0.110979833057975
"698",1998-10-07,0.164845361744648,0.159403592132632,0.156231640318743,0.135497220515429,0.118723292026561
"699",1998-10-08,0.181114954171304,0.173381346929236,0.169815580433624,0.152675022634404,0.130066758696966
"700",1998-10-09,0.155298104171792,0.152343673932264,0.150082361822895,0.135150407643474,0.117850664623756
"701",1998-10-12,0.140333486888431,0.138379836202108,0.13621842550835,0.126264311697666,0.111702945897538
"702",1998-10-13,0.143782456624447,0.139689522047258,0.137301825698619,0.126803706427705,0.113819300758331
"703",1998-10-14,0.13298356565736,0.134972774354308,0.133562964545163,0.12571910434411,0.113537590919838
"704",1998-10-15,0.100228659433042,0.109712353583263,0.110302384499,0.110793040304216,0.104402704767026
"705",1998-10-16,0.10060215205488,0.108066897637839,0.107857791785207,0.105786670962607,0.0997648532644302
"706",1998-10-19,0.0882826865795387,0.0968757802139821,0.09896768522499,0.096626092930877,0.0928458997465225
"707",1998-10-20,0.0882455901659402,0.0904613731114923,0.0880630337263553,0.090299512137448,0.0845059390022709
"708",1998-10-21,0.0882324479872856,0.0929291294184987,0.0887646184461512,0.0888662721997488,0.0820482469339942
"709",1998-10-22,0.0772413463471269,0.0874893059353402,0.0869048725336712,0.0839669893939494,0.0767040688780883
"710",1998-10-23,0.0800562849248181,0.0893443802414181,0.0872670933943272,0.0852513801165861,0.0775778549121278
"711",1998-10-26,0.0794002334019484,0.0878637868219186,0.0857895949493421,0.0827215954619725,0.0769510689850969
"712",1998-10-27,0.0828091949108451,0.0902873283946572,0.0876328841165618,0.0831233571225483,0.0777163748755268
"713",1998-10-28,0.0783894949539065,0.0886560294504311,0.0880993978177136,0.0844992115243842,0.0796409423478051
"714",1998-10-29,0.0609172872838365,0.0759856266288587,0.0801201308985744,0.0799433870239828,0.0760079396599424
"715",1998-10-30,0.0572452599764274,0.0689276181035295,0.07071469333522,0.0721499777839376,0.069566755818166
"716",1998-11-02,0.0582664413653205,0.064189010408717,0.0663806316463462,0.0675936132065223,0.0653989582678228
"717",1998-11-03,0.0643147959157115,0.067274918634966,0.0687159814521433,0.0692151992050799,0.0670827564544835
"718",1998-11-04,0.0622857907563496,0.0645452552075752,0.0663695899273025,0.0661242624465491,0.0620577948445213
"719",1998-11-05,0.0582853915342312,0.0598461480714296,0.0608582136352623,0.0598747248834405,0.0553597355580876
"720",1998-11-06,0.0558589754271234,0.0572301815793764,0.057798763769576,0.0557367105355813,0.0518494903808507
"721",1998-11-09,0.0638094559490783,0.064099941545578,0.0643408703865649,0.0614199501138844,0.0566645748697516
"722",1998-11-10,0.0646546170398166,0.0656590414541624,0.0655819048024768,0.0619350314699169,0.0568526059517013
"723",1998-11-11,0.0672716913210108,0.0680443806703167,0.0673263715213206,0.0629550706056078,0.0588407377960402
"724",1998-11-12,0.0712796638831736,0.0707285696103748,0.0706413718461952,0.0653107277630647,0.05882737152157
"725",1998-11-13,0.067937555692599,0.0702401589217228,0.0707944981800506,0.0652582233623511,0.0597670100269984
"726",1998-11-16,0.0683970944722603,0.0702926618448202,0.0711181192338211,0.065896945522585,0.060578361505055
"727",1998-11-17,0.0632765105742505,0.0667371779817296,0.0681563740595965,0.0648296563799919,0.0590995307229062
"728",1998-11-18,0.0582801281712477,0.0641453778609372,0.0650330376910874,0.0619055998604791,0.0571986309256649
"729",1998-11-19,0.0511089513029853,0.0561664448782104,0.059575383492437,0.0585703745907243,0.0542685917792021
"730",1998-11-20,0.0384587630742107,0.0495692806454559,0.0550232633665506,0.0551815770024115,0.0522977172034115
"731",1998-11-23,0.0381202138965993,0.0456708999149693,0.0511980870916966,0.0526449352931366,0.0523223930720397
"732",1998-11-24,0.0422568356322391,0.0523589311571805,0.0561689018810561,0.0577468110223781,0.0543050808952368
"733",1998-11-25,0.0372237453385484,0.0513621516794405,0.0577538654447254,0.0580174578710673,0.0557103778630587
"734",1998-11-27,0.0372172055916258,0.0511699574527714,0.0559051526070586,0.056859274863453,0.0549976171985612
"735",1998-11-30,0.057331706620774,0.0628684517823492,0.0656999761932116,0.0640378332434665,0.0588162501818759
"736",1998-12-01,0.0534252693535245,0.0603483528103942,0.0645843197214677,0.0639394817498883,0.0605771435903744
"737",1998-12-02,0.0565551874016762,0.0617716252040289,0.0661135660701036,0.0651636213651126,0.0606127158244385
"738",1998-12-03,0.06777047077719,0.0709871323446845,0.0736115389739276,0.069211682277248,0.0641335881827295
"739",1998-12-04,0.0572532239608788,0.0634893727369807,0.0680788818804307,0.0654549868299932,0.0620401627344506
"740",1998-12-07,0.0549577095067035,0.0617258462051403,0.0644453074055723,0.0625240256455925,0.0603737710002296
"741",1998-12-08,0.0570534645579318,0.0640361283863074,0.0660837201497794,0.0636695738587057,0.0613984038782377
"742",1998-12-09,0.0568181269706709,0.0637422360857448,0.065808457264778,0.0647958124574339,0.0623306439481847
"743",1998-12-10,0.0621084638893101,0.0689740043197078,0.0704399000594861,0.0669251960802538,0.0643149803579697
"744",1998-12-11,0.0660261220015992,0.0698651734556342,0.0706771461252421,0.0667918326631764,0.0637990344261603
"745",1998-12-14,0.0826753650526881,0.0800252541910192,0.0798266486791274,0.0712802703844864,0.0666085691609057
"746",1998-12-15,0.0717121071645963,0.0757508020956301,0.0756145485500779,0.0688565432186222,0.0645184905808241
"747",1998-12-16,0.074628106969397,0.0768503559516212,0.0758591095007808,0.07033691905113,0.0657027995281236
"748",1998-12-17,0.063754991035212,0.0721930372374604,0.0717111894842116,0.0675249523039063,0.0636970757621458
"749",1998-12-18,0.0504803457516635,0.064226864608864,0.0651406292527386,0.0643452240207419,0.0615211568334266
"750",1998-12-21,0.0447091541209957,0.057342301629453,0.0598375790294497,0.0614191584129912,0.0591826049174815
"751",1998-12-22,0.0390593270581408,0.0555753831215481,0.0586688565592554,0.0595530639790486,0.0579129411287355
"752",1998-12-23,0.0290839357344711,0.0467514454787583,0.0511968259324797,0.0545573124144585,0.0550764252564306
"753",1998-12-24,0.0338444539422915,0.0528883952350498,0.0576753296982696,0.0596213087601002,0.0571393459531514
"754",1998-12-28,0.0443065578806386,0.0579142461197753,0.0626214965266207,0.061141117231194,0.0587904963487769
"755",1998-12-29,0.0418689121446897,0.0530407923206165,0.0561261723530906,0.0584585526267115,0.0576296485119278
"756",1998-12-30,0.0502310810097567,0.0595916321936814,0.0641275156588845,0.0639214027695186,0.060980682714426
"757",1998-12-31,0.0552808646763678,0.0619488159837248,0.0660808352726155,0.0649837667299073,0.0619622915017175
"758",1999-01-04,0.0626662233717309,0.0661377650205956,0.0682762407322134,0.0660030707002633,0.063472734454452
"759",1999-01-05,0.0566254533609525,0.0617573789020678,0.0646588303290332,0.0640237624425368,0.0619363889923712
"760",1999-01-06,0.050806069717714,0.0574715028477978,0.0603007651650768,0.0611840911670988,0.0590068906169593
"761",1999-01-07,0.0546499393233871,0.0633575322925206,0.0668996768082594,0.0663847602633418,0.0644476251629555
"762",1999-01-08,0.0489687242349592,0.057388956627493,0.0603223984413892,0.062125142403687,0.058993029643906
"763",1999-01-11,0.0581131503473982,0.0658415946842031,0.0671158814486895,0.0672017219886251,0.0623205879039096
"764",1999-01-12,0.0685771403934964,0.0778527357818588,0.078370735040257,0.074142490894606,0.0677372857846287
"765",1999-01-13,0.0784783952450276,0.0867622301808212,0.0862690099273426,0.0789700843071474,0.0724237500951555
"766",1999-01-14,0.0945896551839242,0.102580204258724,0.100073876921788,0.0864107089650494,0.0785096513580024
"767",1999-01-15,0.0718619732623006,0.083181616465004,0.0830545812076902,0.0789177845188076,0.0730833904349311
"768",1999-01-19,0.0726851461833673,0.0824764800349418,0.0827250183212968,0.079410231316443,0.0728897283520057
"769",1999-01-20,0.0678504838846913,0.0793055997177295,0.0782945602282815,0.076051498649811,0.0704300823459499
"770",1999-01-21,0.081441022297625,0.0893536008969869,0.0865546636054916,0.081047374990239,0.075760479097379
"771",1999-01-22,0.0836170166258637,0.0937979418531512,0.0926000661591641,0.0852196339746149,0.0777078387017886
"772",1999-01-25,0.078666356949299,0.0913390965810456,0.0907827996461666,0.0835618092396162,0.0767661380877249
"773",1999-01-26,0.0674022237271993,0.0825922710280458,0.083522294154273,0.0780897877989432,0.0732857811512559
"774",1999-01-27,0.0720711460438072,0.0834280220421364,0.0837953169802972,0.0792414373350924,0.0745964948240383
"775",1999-01-28,0.0622991749955778,0.0760888580632117,0.0776733430505253,0.0754348063691373,0.0721830799396218
"776",1999-01-29,0.054730558142976,0.0702013329268212,0.0726872574648634,0.0724582258830943,0.0700895250614517
"777",1999-02-01,0.0662807271772541,0.0735728455809578,0.0751660808532816,0.0718633909272592,0.071518655132556
"778",1999-02-02,0.0718878772318844,0.0768510258994718,0.0777790227146972,0.0740800383463737,0.0721530284128083
"779",1999-02-03,0.0701771045684917,0.0736437866799117,0.0752179079772523,0.0727807020808211,0.0710106431948718
"780",1999-02-04,0.0766625529564447,0.0782664843870585,0.0790034929692712,0.0758038951146192,0.0736370106099795
"781",1999-02-05,0.0783754020736374,0.0815449053442206,0.081272514168099,0.0770564199910005,0.0740884993827314
"782",1999-02-08,0.0793379436717536,0.0810772899597391,0.0804293628029287,0.076265129584368,0.0741033204060282
"783",1999-02-09,0.0885428329555481,0.0875221303448471,0.0857273369867637,0.0807649493208551,0.0775052827773507
"784",1999-02-10,0.0837405854077789,0.0850878103673959,0.0839827271076405,0.0796934116895084,0.0773533250637039
"785",1999-02-11,0.0681213136688152,0.073604155062909,0.075282599439722,0.0734743555362438,0.0731287545800642
"786",1999-02-12,0.078168881012381,0.0821407681079484,0.0827078836657838,0.0783063954032168,0.0763641815633368
"787",1999-02-16,0.0771637555290605,0.0811456822072949,0.0802713798237698,0.0764419254951906,0.0746365530901899
"788",1999-02-17,0.0833323940774431,0.084896339647233,0.0828803232188245,0.0781500919299354,0.0764138354426167
"789",1999-02-18,0.0794466692542934,0.0821662341098931,0.0804505066520741,0.0765395249997131,0.0739540432391083
"790",1999-02-19,0.0700402902247972,0.0755804325323212,0.0768567709686737,0.0729536783709752,0.0710644496819211
"791",1999-02-22,0.0556020062229532,0.0640034984020268,0.0646526659870208,0.0656649631626335,0.0656693065377778
"792",1999-02-23,0.0581918892893202,0.0633666929215182,0.0641699973702556,0.0643130982866005,0.0642367471908503
"793",1999-02-24,0.0630393362103984,0.0663853796763449,0.0660698352373811,0.0656738170127414,0.0640676650268671
"794",1999-02-25,0.0666070299469152,0.0681703928784091,0.067241733978928,0.0654232169215223,0.0643626990923182
"795",1999-02-26,0.0660971119892379,0.0693750971475341,0.0681053325381825,0.0658297524777265,0.0649379340377467
"796",1999-03-01,0.0688770501786961,0.070414590651208,0.0694538194134554,0.0665954362313389,0.0651427992739828
"797",1999-03-02,0.0737014655313148,0.0720567296077266,0.0702566890456287,0.0664648765233177,0.0654523281734159
"798",1999-03-03,0.0734088134949341,0.0713438082414049,0.0702601382127258,0.0661901618433415,0.0652562166173808
"799",1999-03-04,0.0627645008874373,0.0637123279217192,0.0640158596341593,0.062353144103943,0.0628770243866528
"800",1999-03-05,0.0532338590697165,0.0552414959167421,0.0570165305588731,0.0589933358109584,0.0600671862526584
"801",1999-03-08,0.0542374664339186,0.0556495815748811,0.0565478256876184,0.0577691371437868,0.0593327547697017
"802",1999-03-09,0.0557059649311921,0.0575137890694115,0.0587324516403784,0.058763880343125,0.0600234218299884
"803",1999-03-10,0.0543094990612782,0.0576824536459699,0.0585098908936399,0.058968261544231,0.0589702469711405
"804",1999-03-11,0.0531130149904958,0.0572632586978514,0.0579406313579834,0.058515648561582,0.0591152194069636
"805",1999-03-12,0.055208146715483,0.0594128709212873,0.0602379890795835,0.0604699476302906,0.0613397480586053
"806",1999-03-15,0.0551407762420594,0.0596212647369327,0.0604560041577637,0.0615861451118594,0.0612142837693927
"807",1999-03-16,0.0550136010932746,0.0594505936886447,0.0609163152841963,0.0614076370389374,0.0623769059658679
"808",1999-03-17,0.0576158916731395,0.0615916318952518,0.0624608872101123,0.0630011775765681,0.063413753491612
"809",1999-03-18,0.0517914130101864,0.0583664652903792,0.0592226919733076,0.0606412789741031,0.0627321881718862
"810",1999-03-19,0.0517947074841583,0.0586642482210567,0.0600910081993275,0.0610302990319777,0.061911089323399
"811",1999-03-22,0.0539370972344081,0.0603429613612327,0.0615400366187327,0.0626085054774729,0.0637016906837249
"812",1999-03-23,0.0657191243374208,0.0700068948149686,0.0714088183575588,0.0697540846780224,0.067627325155892
"813",1999-03-24,0.0604538813810787,0.0665464070903678,0.0675936905280729,0.06669453427037,0.0665879194348195
"814",1999-03-25,0.0497064434531969,0.0579154929159644,0.060122845649301,0.0621316083622928,0.0623316096498936
"815",1999-03-26,0.0487033527208128,0.0592982390119633,0.0608513547066489,0.0627480181429887,0.0632734603623125
"816",1999-03-29,0.0477213721591504,0.0552971374236436,0.056611177764508,0.060210592617678,0.0615716925126817
"817",1999-03-30,0.0439550384793754,0.0534724466670436,0.0555002009784165,0.059076732736575,0.060467646145052
"818",1999-03-31,0.0484848101074082,0.0555487825570404,0.0578083031931704,0.0611196120822855,0.0615305634528813
"819",1999-04-01,0.0466688142019605,0.0518145162919616,0.0542119883862526,0.0598488463180918,0.060413170037666
"820",1999-04-05,0.0470812459100049,0.0497392132549105,0.0510031542566272,0.0575659833038137,0.0581902683968957
"821",1999-04-06,0.0473454863193554,0.0512529365844471,0.0526655487322209,0.0581609774153277,0.0592405043820779
"822",1999-04-07,0.0474735582882381,0.0509647865715835,0.0521209334531651,0.0574588820088808,0.0595978652984784
"823",1999-04-08,0.0469697654013168,0.051085664045304,0.0524098623605039,0.0563717950189842,0.0584302203128003
"824",1999-04-09,0.0449377315551862,0.0488882729498714,0.0501449174038249,0.0549358642405489,0.055667882088099
"825",1999-04-12,0.0458116838046195,0.0503282537737669,0.051158482912836,0.0548328429773978,0.0555535344329417
"826",1999-04-13,0.0480361664579177,0.0529583294974189,0.0535808603464803,0.0562692793877704,0.0567062043198633
"827",1999-04-14,0.0555903752384998,0.0578686235463465,0.0581733661937924,0.0599848761276073,0.058744265242103
"828",1999-04-15,0.0513103084922298,0.0561004440270018,0.0565825593421031,0.0589182261051196,0.0592077111783998
"829",1999-04-16,0.0515119000549095,0.05641344142665,0.0569739657121415,0.0594649632012235,0.0595778523266435
"830",1999-04-19,0.060884523868186,0.0645017748991328,0.0629286053673377,0.0632663082042114,0.0629483624695851
"831",1999-04-20,0.0550660301036081,0.0598838958548729,0.0604949896194562,0.0630533010610504,0.0618358519984602
"832",1999-04-21,0.0463279734119612,0.0525218916881537,0.0545405775952079,0.0586808502280854,0.0593701668772107
"833",1999-04-22,0.0441039104626929,0.0488998504987298,0.051954916521432,0.0567241966007547,0.0577792757535359
"834",1999-04-23,0.0435613676445162,0.0496985257337094,0.0521784280057242,0.0575746731022416,0.0593341547461036
"835",1999-04-26,0.0461524920830005,0.0516401677082298,0.0543936625161267,0.0580490400375694,0.0600117756294236
"836",1999-04-27,0.0446122799489092,0.0517151965460807,0.0545200907965852,0.0590154663060783,0.0607309383473401
"837",1999-04-28,0.0495029770592462,0.0559939069320682,0.0577220186923062,0.0606542798634511,0.063043432625939
"838",1999-04-29,0.0532760058829587,0.0573066193343776,0.0594856310395279,0.0619412757482693,0.0634983324028488
"839",1999-04-30,0.0522165827828266,0.0579335150440248,0.060409169725045,0.0637083198979465,0.0646013451340366
"840",1999-05-03,0.0501144771183497,0.0542647813591466,0.0582616587114805,0.0609365902842433,0.0619948764525349
"841",1999-05-04,0.0569825905623511,0.0587083944553555,0.061829839279524,0.0640689412104763,0.0639041846640729
"842",1999-05-05,0.0557956640264528,0.0581780912328596,0.0612175169602374,0.0632674259779573,0.0630223176527416
"843",1999-05-06,0.0634470256885837,0.064726361089067,0.0667058065207141,0.0665385082014663,0.0659783838336722
"844",1999-05-07,0.0567401271001243,0.0598648874258264,0.0632202832313757,0.0639849383448018,0.0644012213835251
"845",1999-05-10,0.0609981822008713,0.0613939894905519,0.0634675709505364,0.0642505084024907,0.0647534190427804
"846",1999-05-11,0.0564748467385005,0.0588206189673122,0.0620940828611884,0.0629983055760124,0.0645405169098656
"847",1999-05-12,0.056897967835993,0.0600726042297046,0.0622000460558545,0.0635314979469919,0.0643650840910864
"848",1999-05-13,0.0538227801254406,0.059738423369778,0.0626100081373813,0.0629351006072754,0.0641356878910416
"849",1999-05-14,0.0634476620902553,0.0652716498749919,0.068104277978631,0.0675420123501887,0.0670692745223969
"850",1999-05-17,0.0644470274075668,0.0672628537042996,0.0689282957107632,0.0677114213335438,0.0670356771339568
"851",1999-05-18,0.063193197783886,0.0655314619653047,0.0694637511997597,0.0688870094367255,0.0692129837960751
"852",1999-05-19,0.0537425307065928,0.0603364315422214,0.0649677641208605,0.066607815685112,0.0678108824994655
"853",1999-05-20,0.0510742134707666,0.0566804132534653,0.0630142781885675,0.064865300608201,0.0658337814202038
"854",1999-05-21,0.0497888330621018,0.0568818480658356,0.0629507736510115,0.0647688383166441,0.0667078074074616
"855",1999-05-24,0.0640748925131441,0.0664600572780862,0.0689066615598366,0.0696604810540898,0.0705733404689477
"856",1999-05-25,0.0699443917603727,0.0720330055644319,0.0724823860187392,0.0728091220460935,0.0723000243154056
"857",1999-05-26,0.0607879745709793,0.0663924358257269,0.0688821576079007,0.0709354432720121,0.07102645131318
"858",1999-05-27,0.0632549535331447,0.0703169854132005,0.0725261783332943,0.0731414600665749,0.0734612035417145
"859",1999-05-28,0.0525497658329858,0.0630338523035911,0.0662986818325181,0.0694927250439711,0.071801299473815
"860",1999-06-01,0.0612817071347116,0.0663952407659674,0.0693102604234849,0.0715477791755443,0.0730427307414743
"861",1999-06-02,0.0604073665275275,0.0650408592651857,0.0685029327274021,0.0710367172119185,0.072479916340504
"862",1999-06-03,0.0611488823128182,0.0641247572114584,0.0672589964704945,0.0702414423019715,0.0719684987692547
"863",1999-06-04,0.0504771319146146,0.0571226453172343,0.0616750703717626,0.0662989208502309,0.0684223080407308
"864",1999-06-07,0.0503991112708159,0.0560196944218802,0.0595496716429003,0.0652125391158152,0.0684497847825281
"865",1999-06-08,0.0525419679259058,0.0582978091164231,0.0610266608525755,0.0662207445446875,0.0694904585673105
"866",1999-06-09,0.0509990888329339,0.0571238572038245,0.0597450382744541,0.0661937889081665,0.0694211827349525
"867",1999-06-10,0.0560974048399971,0.0620926486157235,0.0647244230702697,0.0708093972670349,0.0724269966104391
"868",1999-06-11,0.0583428929403083,0.0638541966168991,0.0659829589740132,0.0713103533089255,0.0737318094860741
"869",1999-06-14,0.060843585512808,0.0648741741906575,0.067411123591818,0.0724751106209197,0.0742635095036378
"870",1999-06-15,0.0576037564362191,0.0626778576882148,0.065382654849079,0.0704933017956463,0.0738064592675032
"871",1999-06-16,0.0425709241912239,0.0510476839156443,0.0547446440448989,0.0642498300023499,0.0699484625281905
"872",1999-06-17,0.0394913686903011,0.0481163220156422,0.0508774858859819,0.060914375787211,0.0664446373952435
"873",1999-06-18,0.038594227896604,0.0479942992152021,0.051652630624007,0.0614630395119887,0.0668996323964805
"874",1999-06-21,0.0375618405833698,0.0470767559881763,0.050775061525581,0.0604332586835066,0.0657254909899672
"875",1999-06-22,0.038127257201259,0.0466744151019885,0.0493672432001488,0.0590049052375212,0.065289292872641
"876",1999-06-23,0.0358121455717717,0.0460493256297209,0.0491602007462082,0.0594477334181958,0.0660528619783647
"877",1999-06-24,0.0422973540071918,0.050036494647598,0.0525782389623558,0.0618611887649388,0.0694590458016576
"878",1999-06-25,0.0371868592551575,0.0476951951975078,0.0500847938588968,0.0604147996077811,0.0672077019518931
"879",1999-06-28,0.0419026085544068,0.0481771786551211,0.0504259585956193,0.0600941678989022,0.0671552714147209
"880",1999-06-29,0.0421867311651235,0.0466384715563093,0.0488520297443734,0.058421335342377,0.0652670255387331
"881",1999-06-30,0.0328159485411318,0.0446746423901383,0.0443812983319213,0.0546658749242441,0.0624892945816256
"882",1999-07-01,0.0341274784915668,0.0393684431687195,0.0415351923120525,0.0528955929427942,0.0601002721139091
"883",1999-07-02,0.0315627557134797,0.0355519086925791,0.0371588659237068,0.0500413466691836,0.0577600347965733
"884",1999-07-06,0.0361009495565339,0.0382544743919079,0.0389962793392116,0.0492252857652251,0.0571688190029477
"885",1999-07-07,0.0351569584819318,0.0380071776513289,0.038841713014922,0.0484153308726056,0.0552840502605247
"886",1999-07-08,0.0344183935569182,0.0384875613491728,0.0395394999037808,0.0485060966605017,0.054835895433042
"887",1999-07-09,0.0317612433642562,0.0365868492631046,0.0377208678102769,0.0475345457541125,0.0541345424639322
"888",1999-07-12,0.0342565056870635,0.0383939056390658,0.0393026084139376,0.0479964941916363,0.0544827280389112
"889",1999-07-13,0.0360314380672742,0.0401820400693688,0.0410502858699446,0.0491777724941226,0.055586054848965
"890",1999-07-14,0.0346212240571553,0.0399962891963431,0.0410452532649007,0.0492026714878454,0.05531500349742
"891",1999-07-15,0.0316403479697601,0.0386391469161801,0.0398727652193321,0.0483452485399498,0.0551076145213126
"892",1999-07-16,0.0267152107893833,0.0347457539399597,0.0367597376513501,0.0474811577466183,0.0539496618481066
"893",1999-07-19,0.030973814998746,0.0392813176428976,0.0417899814080843,0.0489512117966336,0.0549588041402101
"894",1999-07-20,0.0402855353686898,0.0484423950016436,0.0486356858378431,0.0547628884962989,0.0594187876741191
"895",1999-07-21,0.0389720455907,0.0482944847728479,0.0498566088142554,0.0558705565898784,0.0608876137997242
"896",1999-07-22,0.0439480599760612,0.052895897649608,0.0537296804587401,0.0597763708281158,0.0643885899853589
"897",1999-07-23,0.0452335894474762,0.0543485783602549,0.0558300892717202,0.0620942622591598,0.0667919689287617
"898",1999-07-26,0.0517123991027307,0.0591810629059014,0.0613222672546878,0.0654837052332803,0.0698487016700292
"899",1999-07-27,0.0450746634357472,0.0547783094874554,0.0569424913513597,0.0634782061627572,0.0678418982628903
"900",1999-07-28,0.0431682551767937,0.052367053607692,0.0563623008156929,0.0639118042606236,0.0678271255103339
"901",1999-07-29,0.0499361803915238,0.0583634785943791,0.0613011069710335,0.0680647794349507,0.0706379645883126
"902",1999-07-30,0.0511275391785243,0.0592844754416704,0.0632067547431224,0.0700450107638878,0.0724068455155951
"903",1999-08-02,0.0572813239223696,0.0606163460272691,0.0644871815798161,0.0702829379309494,0.072691384485998
"904",1999-08-03,0.0600974891108514,0.0621095008354375,0.0658315043187094,0.071356411766849,0.0733574910700402
"905",1999-08-04,0.0662617083314783,0.0665172432483416,0.069376495946762,0.0737111823549913,0.0750616848431305
"906",1999-08-05,0.0622298452265891,0.0634195405717304,0.0671939517461419,0.0728982691609717,0.0750584277375168
"907",1999-08-06,0.0615243274920333,0.0641586588350917,0.0680891849144733,0.0729751558755408,0.0751421652603252
"908",1999-08-09,0.0648753776313497,0.0651887856504317,0.0687339581052589,0.073401078223312,0.0758671858322502
"909",1999-08-10,0.0687544806704331,0.0705319255359511,0.0721937709107243,0.075362737619683,0.0759967474350188
"910",1999-08-11,0.0559454835459156,0.0587009188079525,0.0620809867819974,0.0684860464881424,0.0708919247674726
"911",1999-08-12,0.0542167280958199,0.0583386730256813,0.062534884812841,0.0688049766329197,0.0713513451440361
"912",1999-08-13,0.040930384473311,0.0480921815162895,0.054466326920502,0.0621312247742731,0.0663224402759098
"913",1999-08-16,0.0433485198664802,0.0491284571224043,0.055314729957622,0.0622870794010026,0.0667232530963756
"914",1999-08-17,0.0393982280230666,0.047103964198518,0.0539994481862592,0.0606621102980238,0.0652229004918825
"915",1999-08-18,0.0458697709978343,0.0515727557706174,0.0568976122292621,0.0624540840030497,0.0664043627967318
"916",1999-08-19,0.0501633703462584,0.0546966527780993,0.0594735659108418,0.0642294505879184,0.0674029762413976
"917",1999-08-20,0.0429405945389974,0.0502309880905946,0.05669320287529,0.0617211983440172,0.0654601145749416
"918",1999-08-23,0.041261169420125,0.0475410217988638,0.0506295042153779,0.0595464998952001,0.0629810456630508
"919",1999-08-24,0.0396089240590409,0.0463946685170687,0.0497185679123227,0.0566564070327259,0.0605181067736238
"920",1999-08-25,0.033887612395028,0.0415503449256314,0.0452981829328999,0.0527090448090967,0.0573364178508667
"921",1999-08-26,0.0368613666305323,0.0437556816269771,0.0473787588763913,0.05462404592041,0.0583605137257123
"922",1999-08-27,0.0396922344357117,0.0462197471158171,0.0495949627427958,0.0568432573685181,0.060554685365912
"923",1999-08-30,0.0518887411216919,0.0535978356465962,0.0554207002736007,0.0616808382162541,0.0640039281296947
"924",1999-08-31,0.0523062153701281,0.0545085732866867,0.0564854991815879,0.0626733694852736,0.0645835819699873
"925",1999-09-01,0.0469650541949711,0.0504215169231935,0.0538061595787049,0.0615086859849653,0.0638693429640181
"926",1999-09-02,0.0520768969345455,0.0545426923876878,0.0572230155841874,0.0632228732196301,0.0666622262989689
"927",1999-09-03,0.0412544880659424,0.0444793131786786,0.0484218090633694,0.0572358098065948,0.0606477053902888
"928",1999-09-07,0.0464058865491038,0.0491138791116552,0.0514397600973502,0.0584824296554932,0.061708531957378
"929",1999-09-08,0.0475220436369607,0.0503289282897289,0.0530614489172573,0.0598895346604327,0.0628916050164029
"930",1999-09-09,0.0450009309759355,0.0487849350258342,0.0518609989263747,0.0594761195514163,0.0626337500071548
"931",1999-09-10,0.041402660400758,0.0463323261297465,0.0494441330828103,0.0577096384688847,0.0612853384985614
"932",1999-09-13,0.0452610609513324,0.0491758178976062,0.0523275708839345,0.0592496983189357,0.0619349902357385
"933",1999-09-14,0.0485822646991744,0.0510654699741247,0.0540342532222767,0.0606340203009453,0.0627954020358791
"934",1999-09-15,0.0523699404678845,0.0537757781536681,0.0566656161874944,0.0620921355806213,0.0631575447736035
"935",1999-09-16,0.053929163048896,0.0559765745739534,0.0584230695950715,0.0633093306313764,0.064444578351284
"936",1999-09-17,0.0452969664869909,0.0503758150706179,0.0534941486901045,0.0609760728030638,0.0631529730890784
"937",1999-09-20,0.0473245106378597,0.0514377118814043,0.0542850020931738,0.0607451606817613,0.0627306553203147
"938",1999-09-21,0.0559473530231963,0.0563858789999351,0.0589578856902093,0.0640931405939742,0.0647819340674745
"939",1999-09-22,0.0538112181363054,0.0554069272037361,0.0585453821466461,0.0640158746775789,0.0653089714234775
"940",1999-09-23,0.0655294040131422,0.0634205471375435,0.0652800330623569,0.0691998627540146,0.068303485807376
"941",1999-09-24,0.0649773598690046,0.0635178990413733,0.0669081608318078,0.070453143543222,0.0688864969558131
"942",1999-09-27,0.0586439166499987,0.0607931537545458,0.0633663228675811,0.0682579012985521,0.0679557821987385
"943",1999-09-28,0.0565614067332437,0.0614467868078108,0.063915143766102,0.0682879147334797,0.0679006406252214
"944",1999-09-29,0.0605592808048564,0.0622748250936746,0.0646320010233836,0.06890215516241,0.068198680983038
"945",1999-09-30,0.0557377240083419,0.0580881312623342,0.0615234323899584,0.0677448012914368,0.0673187941556007
"946",1999-10-01,0.0557827450849254,0.0584944124718418,0.0622653057145087,0.0679289850791472,0.0674636979333514
"947",1999-10-04,0.0509460467661712,0.0543636342965147,0.0580831369562315,0.065003928803412,0.0655310766830098
"948",1999-10-05,0.0516839672598384,0.055085464025967,0.0588040981351702,0.0652332423900776,0.0658719088721429
"949",1999-10-06,0.0427815456040419,0.0475162084744276,0.0520890874399039,0.0596471414536237,0.0615640752554744
"950",1999-10-07,0.0458502175649996,0.0501204264318969,0.0537371894977759,0.0610170504345511,0.0622265046624782
"951",1999-10-08,0.0367644656968686,0.0421404210947183,0.0466494515774395,0.0563428568335527,0.0588464321647684
"952",1999-10-11,0.0375971085222957,0.0423388103404564,0.0474250687423049,0.0562117816495074,0.0583912396221453
"953",1999-10-12,0.0458533138410887,0.0496822120258841,0.0528936858629898,0.0597529064065263,0.0604721782345254
"954",1999-10-13,0.0585259523991422,0.0612737804540762,0.0626156306305082,0.0661314840006081,0.0661220616214669
"955",1999-10-14,0.0584740854039535,0.0612628469984838,0.0637076792399624,0.0681931620643946,0.0675968953866186
"956",1999-10-15,0.0690078962148872,0.0717887252420599,0.073167414482164,0.0752247440539269,0.0714067234800937
"957",1999-10-18,0.0672597774844582,0.0702231138521178,0.0706181012653498,0.073151235492902,0.0719475831312043
"958",1999-10-19,0.0600932262712784,0.063687855848624,0.0649026604280311,0.0702445347521602,0.0696649738593562
"959",1999-10-20,0.0486273942184996,0.055059162529995,0.0592725225946137,0.066307475429159,0.0663187214058595
"960",1999-10-21,0.0468268555545548,0.0572115482447251,0.0610989545433645,0.0670065664536963,0.0675828729320823
"961",1999-10-22,0.0393271256731099,0.048816406693979,0.0552759482241091,0.0635372017501017,0.0653784057607386
"962",1999-10-25,0.0465033051880388,0.0525655458455166,0.0583395879062551,0.0666756522331609,0.0672599890038254
"963",1999-10-26,0.0502346766540238,0.0559644840302477,0.0614530980159621,0.0682368556297722,0.0687560562702506
"964",1999-10-27,0.048756112472149,0.0548626317828726,0.0600379604722201,0.0678564326424833,0.0684485699426245
"965",1999-10-28,0.0372818773443501,0.0444310778282768,0.0517755695053642,0.0613432453342528,0.0638793536622228
"966",1999-10-29,0.0397129021734209,0.0441904916427875,0.0502552643825403,0.0579368759090669,0.0615437519475334
"967",1999-11-01,0.0411580823733472,0.0444346852877802,0.0513921054923926,0.059695438123001,0.0617430672099934
"968",1999-11-02,0.045079812729705,0.0470268864846791,0.0519998828890945,0.0597102767213902,0.0619822289626385
"969",1999-11-03,0.0439678125544165,0.0464946818801163,0.0519326091326325,0.0591159579838985,0.0607402210815394
"970",1999-11-04,0.0432707050307586,0.0456747735762411,0.0506266407745416,0.0577056231565495,0.0590318205869542
"971",1999-11-05,0.0389683768003526,0.0411747812062249,0.0462620469075803,0.0543766478986836,0.0563641729313259
"972",1999-11-08,0.0395444123833307,0.0426933821253526,0.0464233682823604,0.052686652312411,0.0539945209099502
"973",1999-11-09,0.042363365481462,0.0458729084292488,0.0490010165857566,0.0537057901641937,0.0548193583430047
"974",1999-11-10,0.0408149764728752,0.045172737802584,0.0484009275415188,0.0532584809797324,0.0548023450390852
"975",1999-11-11,0.0406713104873803,0.0453824879241465,0.0483434596090995,0.0531099087702059,0.0551691334558983
"976",1999-11-12,0.0378918162697405,0.043611215901353,0.0465230899626601,0.0512197236535506,0.0532103848121281
"977",1999-11-15,0.0416465590360291,0.0464400971585835,0.0481811560522125,0.0522481915478455,0.0532855937504593
"978",1999-11-16,0.0364024306449693,0.0413228537864171,0.0443841739012884,0.0490499817615772,0.0509477467981109
"979",1999-11-17,0.036726921174276,0.0416679494518234,0.0448313468968161,0.0495153461289421,0.0515660134154056
"980",1999-11-18,0.0326178069174775,0.0374518047044325,0.0413775341127167,0.0465358830263952,0.0497740618556328
"981",1999-11-19,0.0300304232806123,0.0365632055986947,0.0406601750142277,0.045304748773426,0.0472104873850833
"982",1999-11-22,0.0336848861667573,0.0383131617929543,0.0410463738266439,0.0464943633995724,0.0478519009970868
"983",1999-11-23,0.0363717806877782,0.041795229953587,0.0439449662736963,0.0493475773622931,0.0493643137135478
"984",1999-11-24,0.0329275619936119,0.040781840048622,0.0433989855792761,0.0485572914972411,0.0481934497745197
"985",1999-11-26,0.0409810165504642,0.0463739698645856,0.0460240952043456,0.0489031615234351,0.0506384620981952
"986",1999-11-29,0.0463748420476428,0.0486970086126616,0.0480758164954444,0.0497523640372243,0.0492188395823343
"987",1999-11-30,0.0469468059782521,0.0490461652688026,0.04809348651563,0.0475333790616979,0.0481411992544305
"988",1999-12-01,0.0427888697627064,0.0445993203940243,0.0448865296797974,0.0455863839309744,0.0458694705839064
"989",1999-12-02,0.0424991982709583,0.0431310848001296,0.0432891184501554,0.044387976271231,0.0447010191611851
"990",1999-12-03,0.0370436021008941,0.0381632928077778,0.0395130680892222,0.0417207144801935,0.040779688049071
"991",1999-12-06,0.0395869298357052,0.0392452304973058,0.0397168588481864,0.0399453439672725,0.0402810997031777
"992",1999-12-07,0.0422716178166706,0.0425062481965714,0.0431094209307744,0.0428135956603752,0.0418667477715017
"993",1999-12-08,0.0419687230916864,0.0417595778861036,0.0427514668027278,0.0436023444948878,0.0422589262737911
"994",1999-12-09,0.0423341709586215,0.0427470853896539,0.0440567424760336,0.0438041439997545,0.0431759888164989
"995",1999-12-10,0.0407793293468328,0.0423206423931469,0.0434661988334173,0.043967749212672,0.0442682834164204
"996",1999-12-13,0.0428587915498066,0.0455296397467726,0.0463227766290825,0.0464710835972603,0.0456982666581479
"997",1999-12-14,0.0471052792504006,0.0494471151859574,0.0498983746748988,0.0494740932625904,0.0483988960776164
"998",1999-12-15,0.0430857057489712,0.045698661813773,0.0466160404209946,0.0476484627556103,0.0482304239404438
"999",1999-12-16,0.0431376967002081,0.0447211099751161,0.044973141273384,0.0461803972674929,0.0467226008236358
"1000",1999-12-17,0.0406682961320367,0.0435233909002996,0.0440541907511512,0.0455493582863623,0.0459457136741955
"1001",1999-12-20,0.0495203357421346,0.0493544624136238,0.0497600755262789,0.0489003231884261,0.0484682878852971
"1002",1999-12-21,0.0428933084975095,0.0457282529845001,0.0464511786040306,0.046654742535277,0.0462598875253304
"1003",1999-12-22,0.0428113107797333,0.0457742517874357,0.0458616189965299,0.0458351225662648,0.046645405269107
"1004",1999-12-23,0.0374924625866502,0.0431187921511015,0.0441010620924458,0.0444537291753163,0.0441390422107349
"1005",1999-12-27,0.0457715096437494,0.0464153323564848,0.0461631978499794,0.0465852136953142,0.0449408109628613
"1006",1999-12-28,0.0454828131150178,0.047174935809485,0.0470748353931944,0.0467712002613096,0.0452290793839572
"1007",1999-12-29,0.044557686888772,0.0468901362671865,0.0468599029219482,0.0460529159212644,0.044779961545819
"1008",1999-12-30,0.0522688677316125,0.0518301577216803,0.0516154138195484,0.048464909131627,0.0465922372596839
"1009",1999-12-31,0.0502231670171457,0.0508189425366517,0.0508433704890725,0.0480876893580949,0.0459640359539744
"1010",2000-01-03,0.0498150176924487,0.0519126208299353,0.0520496371707141,0.0489965225157295,0.0467733112670374
"1011",2000-01-04,0.0628438815157257,0.0597399769036652,0.0589643421070645,0.0544452597487859,0.051608194946989
"1012",2000-01-05,0.0590035946354479,0.059043083188124,0.0588958975392185,0.0553364671098174,0.0526452431492033
"1013",2000-01-06,0.0566531647924813,0.0595323928766955,0.0600762902045591,0.0564143471520751,0.0521594805938601
"1014",2000-01-07,0.0411208331744319,0.044458908529778,0.0451027671626649,0.0462906957884827,0.0479021597786181
"1015",2000-01-10,0.0404167039306316,0.0424939738923363,0.0428303238140118,0.0446306872343069,0.0454912872302119
"1016",2000-01-11,0.0442346051183904,0.0460260231078464,0.0462262505536476,0.0470507455740574,0.0473984102398517
"1017",2000-01-12,0.046326295616035,0.0474560791109723,0.0475851914035008,0.0481981625690878,0.0485853467916973
"1018",2000-01-13,0.0418538110837363,0.0440963142924518,0.0446914935666352,0.0472411566049629,0.0475424470263925
"1019",2000-01-14,0.0345943737357202,0.0391933419524353,0.0400683087716735,0.0429992341987268,0.0455995464068637
"1020",2000-01-18,0.0412218071007848,0.04321929538848,0.0442121730331536,0.0456255988918034,0.0471683583574392
"1021",2000-01-19,0.0409572080637385,0.0427198005250727,0.0443408597560172,0.045985486360916,0.0471901502286454
"1022",2000-01-20,0.0411762642273238,0.0440414500850791,0.0455283366151005,0.0466678604062286,0.0479077799177425
"1023",2000-01-21,0.0378145861924473,0.0409058002377314,0.0432485724940799,0.0450083030992337,0.0475496632681295
"1024",2000-01-24,0.0505761051051034,0.0487629929787387,0.0476664512447599,0.0495645941594816,0.0501387832630792
"1025",2000-01-25,0.0457879218625606,0.0463319004252993,0.046220028622445,0.0480933417650177,0.0493509182238241
"1026",2000-01-26,0.045807261020663,0.0468128409267747,0.0464094155877193,0.0488634257183927,0.0497876213940165
"1027",2000-01-27,0.0471062706827927,0.0478909174389062,0.0475997799786681,0.0499248273300472,0.0510216646410346
"1028",2000-01-28,0.0615382125524645,0.0560514070676019,0.0532896711524637,0.0537612603766741,0.0547581524115601
"1029",2000-01-31,0.0525633824621399,0.0507814056789163,0.0501229093841331,0.051538191883819,0.0517031935419149
"1030",2000-02-01,0.0463953432408415,0.0459545683763504,0.0470326692243117,0.0489092003054386,0.0494835471866245
"1031",2000-02-02,0.0459378563647523,0.0449983231633349,0.0457832663051762,0.0482545137204575,0.0489756678608728
"1032",2000-02-03,0.0419724819927955,0.0418335866388436,0.0426540867218206,0.0452965270454619,0.0478272434664996
"1033",2000-02-04,0.0410273097031821,0.0405851558194323,0.0418209455556124,0.0445056220417136,0.0470191483731228
"1034",2000-02-07,0.0445096580078417,0.0432654655432571,0.044056635809542,0.0454115953210292,0.0477715946479741
"1035",2000-02-08,0.0390499682362053,0.0397244136643377,0.0416766928129262,0.0441991765876187,0.0464954943944752
"1036",2000-02-09,0.0450367463750077,0.0450837547416137,0.0460600585216883,0.0469122041571536,0.0484325168778801
"1037",2000-02-10,0.0456931144838744,0.045162243671798,0.046410446824123,0.0474312751813148,0.0484995433882252
"1038",2000-02-11,0.0518318753976287,0.0494399661524672,0.0502639208278242,0.0502137564272946,0.051331582608275
"1039",2000-02-14,0.0519500678860594,0.0492120928185497,0.0507712282366806,0.0506267086236744,0.051415555958832
"1040",2000-02-15,0.0467365723230863,0.0474220037338029,0.0494445220279287,0.0498738171902384,0.0506355167231858
"1041",2000-02-16,0.0487702043142778,0.0481646817702798,0.0500722600264082,0.0508610859950352,0.0516967280621099
"1042",2000-02-17,0.0477940874183758,0.0469718882364254,0.0495066028230766,0.0500422025145823,0.0507211689473316
"1043",2000-02-18,0.0603115991973098,0.0530543923436346,0.0543237081302119,0.0540399332204302,0.053719563740289
"1044",2000-02-22,0.0597421841785722,0.0530851832128216,0.0539085578847628,0.0524059804684211,0.0536170368402163
"1045",2000-02-23,0.0518442819098186,0.0485564137121624,0.0504693151616434,0.0505939761596714,0.0511750381992259
"1046",2000-02-24,0.0519571998746666,0.0491410705887886,0.0514657113595055,0.0514761353284979,0.0524284611116618
"1047",2000-02-25,0.0581387766236911,0.0524764955624081,0.0541425761157844,0.0536698283453639,0.054035280401154
"1048",2000-02-28,0.0550773375009601,0.0509295533784916,0.0523795652866313,0.0525436345477455,0.0541441140050945
"1049",2000-02-29,0.04895808590194,0.0475242399322601,0.0496507858917833,0.0504770463463968,0.0523987964676807
"1050",2000-03-01,0.0417894113258747,0.0428330488727571,0.0462276662071733,0.0480790362855994,0.05112951555539
"1051",2000-03-02,0.0404366820879528,0.0419673131053392,0.0449802150673382,0.0474398254349796,0.0504243031534376
"1052",2000-03-03,0.0342097441341594,0.0368657003057554,0.0407698220884024,0.0449321460172854,0.0487415700880349
"1053",2000-03-06,0.0394636626291656,0.0419835509862628,0.044897430514299,0.0478885082873665,0.0507934211682608
"1054",2000-03-07,0.0489422993022209,0.050423114087363,0.0518048260462738,0.0519662103179581,0.0541696010308263
"1055",2000-03-08,0.0478101922065035,0.0494401735660087,0.0505941543797425,0.0527742434543512,0.0540518624388226
"1056",2000-03-09,0.0399555068626888,0.0432158303873674,0.0452069828922618,0.0484687700978967,0.0517796532481061
"1057",2000-03-10,0.0393102041389723,0.0426494198086602,0.0453264108846851,0.0475932242123789,0.0509995915276441
"1058",2000-03-13,0.0458545214540314,0.047264327470433,0.0484351967795352,0.048962654327165,0.0527474330307131
"1059",2000-03-14,0.0512713887111675,0.0518541995127779,0.0525292761835548,0.0530942136693575,0.0551223635093688
"1060",2000-03-15,0.0449723040894179,0.0458125001204118,0.0471254348971205,0.0500461137695839,0.0536485832148559
"1061",2000-03-16,0.0370608909715741,0.0375340540739599,0.0378739672443804,0.0433965698841214,0.0471457626966362
"1062",2000-03-17,0.0423248774094673,0.0430595108219178,0.0431104500595878,0.0454092108318216,0.0493856765871645
"1063",2000-03-20,0.0447713257572231,0.0445484878319642,0.0451089984310066,0.0464989846907146,0.0495777865503132
"1064",2000-03-21,0.0408866148451975,0.0405010626281619,0.0404342675278336,0.0440341879689098,0.0473513704742364
"1065",2000-03-22,0.0400430534266589,0.0423576189396918,0.0424040666499622,0.0462017343208407,0.0498926983361756
"1066",2000-03-23,0.0417053165131779,0.0472281141996167,0.0468352118091497,0.049088181254566,0.0529787866438845
"1067",2000-03-24,0.0461913796194393,0.051994434555482,0.0522666331447027,0.0533673291092888,0.0563555150669316
"1068",2000-03-27,0.0510468210875319,0.0545383436898487,0.0543128387244635,0.0546417730166416,0.0558316837757604
"1069",2000-03-28,0.0533881281836879,0.0557208535194694,0.0550218518307477,0.0536328718252198,0.0552647251020827
"1070",2000-03-29,0.0497731521601232,0.0521686081815319,0.0517498549419856,0.0518090925166278,0.0542007038116829
"1071",2000-03-30,0.0543897656348547,0.0529621008829301,0.0518339727912438,0.0519594893467071,0.0540005372121468
"1072",2000-03-31,0.050859419904963,0.051995595094476,0.0512537976939984,0.0513822106807038,0.0530118063427253
"1073",2000-04-03,0.0500918816406514,0.0507320789500742,0.0503815064829031,0.0507853049887668,0.0533032469267073
"1074",2000-04-04,0.0612547195806891,0.0579974313707012,0.057133804799134,0.0565293417810593,0.0570790284533121
"1075",2000-04-05,0.0646812322153466,0.0598897627635073,0.0587737582794183,0.0548253808872069,0.0573757611051679
"1076",2000-04-06,0.0589517235893522,0.0551936689180404,0.0540174681725409,0.0516166991317387,0.0546181194253761
"1077",2000-04-07,0.0509641265511848,0.0493050667642822,0.048743671304299,0.0483634174814368,0.0516158088685843
"1078",2000-04-10,0.0566375739969372,0.0532468184310736,0.0524613979023188,0.0504376212195055,0.0526245386985353
"1079",2000-04-11,0.0613699950903604,0.0564312590892069,0.0553896157511983,0.0520421359173398,0.0532324137612597
"1080",2000-04-12,0.0686550339524063,0.0617688882050189,0.0604366801023159,0.0562086493742201,0.0560466179752703
"1081",2000-04-13,0.075941671320006,0.0667778312792977,0.0650660557341732,0.0589250797175831,0.0584247000345668
"1082",2000-04-14,0.099850309061336,0.084549462400039,0.0811188708028484,0.0673971886491017,0.0653402130655215
"1083",2000-04-17,0.0735759834505778,0.0681439219440982,0.0656778946695673,0.0599546906086374,0.0604834459310878
"1084",2000-04-18,0.0605983043965173,0.0558210234162238,0.0543753580933721,0.05237659248473,0.0529741696504378
"1085",2000-04-19,0.064718501361982,0.0583874784326616,0.0560142991547395,0.0526465658260059,0.0528370213187893
"1086",2000-04-20,0.0584840406390535,0.0550834569352245,0.0535434395332012,0.0519350876437925,0.0518703762640691
"1087",2000-04-24,0.0657206383804097,0.0581315265791198,0.0547632408654744,0.0530351627702108,0.053304150855482
"1088",2000-04-25,0.0553999441799531,0.0508930760950579,0.0491568462285366,0.0492340592370444,0.0506024104977269
"1089",2000-04-26,0.0640035403006785,0.0566765655754568,0.0526492163902092,0.0520696230301863,0.0520312512763548
"1090",2000-04-27,0.0586507961750231,0.0531844867228977,0.0505811894170814,0.0502242759638061,0.0503100838501053
"1091",2000-04-28,0.0583431731907897,0.0535629327763882,0.0507270953620716,0.0501675456217606,0.0502733347041571
"1092",2000-05-01,0.0545240232463274,0.0509934767363067,0.0487929534977984,0.0489214109291847,0.0493104117035125
"1093",2000-05-02,0.0655191235065649,0.0602391975988001,0.0551846262118753,0.0538165904063574,0.0524940443849431
"1094",2000-05-03,0.0761339708933282,0.0695281777005065,0.0626960664626016,0.0587993311356211,0.0568655533606899
"1095",2000-05-04,0.071725468255305,0.0660889810336916,0.0605349154532835,0.0584514650439578,0.0558850168113857
"1096",2000-05-05,0.0605714159381748,0.0572398219255326,0.0546430604680873,0.0539138784504062,0.053709923141824
"1097",2000-05-08,0.0642649614936239,0.0585553389807174,0.0553100483028064,0.0538557606872945,0.0541251131660404
"1098",2000-05-09,0.0692148471165503,0.0607014340247148,0.0572368412656992,0.0553204783073921,0.0548850387706697
"1099",2000-05-10,0.0716410053180983,0.0625876003903706,0.0598902194108166,0.0591886571530171,0.0581737709801164
"1100",2000-05-11,0.0640239990290697,0.0593095327833288,0.0568946418582809,0.0551253040952139,0.0556778589442823
"1101",2000-05-12,0.0585046818032421,0.0545517403098065,0.0532280526105991,0.0535918095673722,0.0546083249666323
"1102",2000-05-15,0.0542394539933223,0.0522220453718127,0.0514189191331503,0.0517873585455898,0.0526579236624128
"1103",2000-05-16,0.0511491453346369,0.0502373025051421,0.0497814508079442,0.0504386247590282,0.0510460916016155
"1104",2000-05-17,0.050970986754643,0.0500893537154069,0.0497462534265424,0.0506940917474786,0.0507136468148357
"1105",2000-05-18,0.0512748999334903,0.0498040519637157,0.0502389944553465,0.0507175711116274,0.0502678845741109
"1106",2000-05-19,0.0573770096255073,0.0548274819481995,0.0532556134106902,0.0531505790944755,0.0534195635181372
"1107",2000-05-22,0.0602679364694077,0.0562644109394881,0.0544546262551773,0.0538895201585473,0.053291365569126
"1108",2000-05-23,0.0599033813154269,0.0570328703882204,0.055574226259312,0.055220735719815,0.0552422390026486
"1109",2000-05-24,0.0532400787135774,0.0529357508460931,0.0540373300144709,0.0538204071788335,0.0539911677320159
"1110",2000-05-25,0.0545106352769994,0.0551071656184615,0.0542597449741783,0.0551348411295181,0.0551939746292846
"1111",2000-05-26,0.0531979586738408,0.0554489041647324,0.0546964043154379,0.0551946581342983,0.0549875839858909
"1112",2000-05-30,0.0501988306850509,0.0507255212361938,0.050856955801871,0.0524904307290008,0.0525535848571687
"1113",2000-05-31,0.0500267835756441,0.0503844128926047,0.050925940124111,0.0530311403278586,0.0533711636622376
"1114",2000-06-01,0.0452536232192906,0.0470509226394885,0.0479508696963845,0.0500367123008865,0.0509102519779827
"1115",2000-06-02,0.0428424438580536,0.0435228074447178,0.0448184983939516,0.0480437286585397,0.0489618163735025
"1116",2000-06-05,0.0457199378757775,0.0461412160130592,0.0465467742919436,0.0492383922688571,0.0505149713263088
"1117",2000-06-06,0.0475659160224796,0.0480195211528419,0.0482652233173594,0.0498338066521609,0.050192779397165
"1118",2000-06-07,0.0461404618993519,0.046680777006158,0.0470067662712968,0.0486723884771646,0.0492369785874802
"1119",2000-06-08,0.0451918048279893,0.0458955332953056,0.0458782298472855,0.0469423902082773,0.0470629956842402
"1120",2000-06-09,0.0445558530581978,0.0442711284558912,0.0438035096473043,0.0454218686326516,0.0465025047643012
"1121",2000-06-12,0.0457870956435516,0.044712069491808,0.0441738593275961,0.0453222831460829,0.0456199060653659
"1122",2000-06-13,0.0421910333025778,0.0420172058063236,0.0425978670566753,0.0446216202439124,0.0459391536035362
"1123",2000-06-14,0.0410432222187391,0.0413967725620307,0.0422568544362976,0.0442612639557135,0.0454919128949335
"1124",2000-06-15,0.038481811657928,0.0395502331966591,0.039954688578441,0.0428293034989255,0.0441935062650353
"1125",2000-06-16,0.0380408551973537,0.0393654629710906,0.0409309342130413,0.043193738491943,0.0447723172511424
"1126",2000-06-19,0.0384288049613482,0.0391244290908079,0.0401120445249569,0.0424770470808566,0.0434717689472778
"1127",2000-06-20,0.0390447943431697,0.0398202716917621,0.0409280626540897,0.0435978888645613,0.0454509409325192
"1128",2000-06-21,0.0379230574984531,0.0396310319798997,0.0401629801745832,0.0432464109559744,0.0453545822234869
"1129",2000-06-22,0.0433341113499123,0.0429308650404703,0.0435010865841315,0.0457941676717909,0.0474467487001583
"1130",2000-06-23,0.0443166679531673,0.0446729673516633,0.0454235153431624,0.047228358273583,0.0489441635613759
"1131",2000-06-26,0.0435808480112999,0.0439366667625242,0.0450009362105099,0.0466558622100021,0.0481372180505478
"1132",2000-06-27,0.0429660367246191,0.0433471912831284,0.0440686948610957,0.0474460726272019,0.0484676899503501
"1133",2000-06-28,0.0359529815296496,0.0394448023076959,0.0398842900949566,0.0439398948623683,0.0462854393632493
"1134",2000-06-29,0.0339802060120435,0.0392374922980657,0.0405591900550281,0.0443176169773078,0.0466223777267469
"1135",2000-06-30,0.0330402460028764,0.0378470465489078,0.0384555100203868,0.0434622619819742,0.0457369360641677
"1136",2000-07-03,0.0368275031378637,0.0383142514212557,0.0387754672993066,0.0430220285628021,0.0451980168811319
"1137",2000-07-05,0.0402411408620014,0.0410480777923738,0.0413647884390905,0.0441973238726475,0.0466315527635155
"1138",2000-07-06,0.0392915635875197,0.0401033931674858,0.0404331370615782,0.0443840238293579,0.046244202100598
"1139",2000-07-07,0.034381671761718,0.0362844431703638,0.0368513846268358,0.0422466322962986,0.0450423992509709
"1140",2000-07-10,0.0367877768412253,0.0382439872759322,0.0385483480537024,0.042634848497782,0.0449546269875206
"1141",2000-07-11,0.0359350670185619,0.0373067505792625,0.0376705661714285,0.0418892718511357,0.0447145739470705
"1142",2000-07-12,0.0358053692400911,0.03664651799461,0.036954183152563,0.041113057565561,0.0441196273634495
"1143",2000-07-13,0.035773544402897,0.0368874634117804,0.037132613062761,0.0411102241908536,0.0440399004265523
"1144",2000-07-14,0.0347419672945162,0.0358902517005893,0.0362689006570588,0.0404969511828456,0.0434490457050421
"1145",2000-07-17,0.0348577615133772,0.0364961433896293,0.037282018052198,0.0412091107688649,0.0428077726719457
"1146",2000-07-18,0.0351193666791406,0.036491829886099,0.0367379131764337,0.0400953445029848,0.0425270513992528
"1147",2000-07-19,0.034823323542579,0.0367248086445655,0.0372130152929997,0.0409439013417331,0.043226067514034
"1148",2000-07-20,0.0325194855220089,0.0348862609612276,0.0354535573417502,0.0398729557468806,0.0422971235234808
"1149",2000-07-21,0.0316646133465886,0.034639542967117,0.0363541010734975,0.0404095912086193,0.0426174353659384
"1150",2000-07-24,0.0346412938397568,0.0368371501542495,0.0378444433615854,0.0412069183692027,0.0435471590509544
"1151",2000-07-25,0.0330348734932084,0.0355579998391559,0.03610853333808,0.0405327080116637,0.0431908478884172
"1152",2000-07-26,0.0351115831774045,0.0377854320070963,0.0379787333430676,0.0416944724778747,0.04412356275103
"1153",2000-07-27,0.0339937986862588,0.0367069477480216,0.0374668572601106,0.041159500214374,0.0442945528557925
"1154",2000-07-28,0.0388106170913146,0.0394467965833094,0.0397413635955667,0.0432145182998294,0.0457950835353627
"1155",2000-07-31,0.0393653581126235,0.0391833837430525,0.0394635974921841,0.0425466739678019,0.0450845962559174
"1156",2000-08-01,0.0374406779823761,0.0379125624696135,0.0387797900805868,0.0422919768325079,0.0449844681772146
"1157",2000-08-02,0.0367629874224592,0.0372744529891181,0.0379023589975589,0.0413547251863526,0.0441164800232659
"1158",2000-08-03,0.0349322015777144,0.0353579861919654,0.0362009538055743,0.0400862898072233,0.0428955545256015
"1159",2000-08-04,0.0333434954082563,0.0342106234429639,0.0353254288779128,0.0397060735868276,0.0427484290108673
"1160",2000-08-07,0.0332486329448825,0.0341062109615199,0.0349289527773521,0.0392656468942077,0.0422773531008014
"1161",2000-08-08,0.0324927190441718,0.0333751651625904,0.034246258697825,0.0386164998885262,0.0418370105395775
"1162",2000-08-09,0.0341406440690314,0.0349378908224481,0.0355258631852104,0.0392134472088524,0.0422549985190073
"1163",2000-08-10,0.0342184623724494,0.034604915087164,0.0348833601511897,0.0395479376600216,0.0421118185635995
"1164",2000-08-11,0.0311959685400617,0.0330458524824847,0.0340357625839914,0.0387361994549952,0.0415489786486195
"1165",2000-08-14,0.0296688648800594,0.0314797233540354,0.0323866334949666,0.0367660469107264,0.0403541140910072
"1166",2000-08-15,0.0302967089109808,0.0320615367531105,0.0327501036839778,0.0368453797990149,0.0400823315387216
"1167",2000-08-16,0.0300641329037206,0.03231866435335,0.0330188649681454,0.0368991433404137,0.040047266643739
"1168",2000-08-17,0.0279599974342707,0.0310945493806628,0.0321737898073805,0.0361684832444964,0.0394516065682878
"1169",2000-08-18,0.0266337419523502,0.0299327412418197,0.0313403809293184,0.036040132860853,0.0393788376176642
"1170",2000-08-21,0.0272747791513142,0.030452357368634,0.0311160257431136,0.0355708292818251,0.0387917746788745
"1171",2000-08-22,0.0272078290207251,0.029734271738823,0.0304031393195526,0.0347053089356517,0.0377139556599492
"1172",2000-08-23,0.027478758695193,0.0297109777175626,0.030509458802836,0.0341753755015021,0.0369917466047219
"1173",2000-08-24,0.0260614651013245,0.0283495175170199,0.0292092075519475,0.0333890867894637,0.0364223854646034
"1174",2000-08-25,0.0246720595773498,0.0266946561932295,0.0276660603584185,0.0318590447920536,0.0352291393361385
"1175",2000-08-28,0.0252653021262187,0.0270981647719204,0.0279650311930696,0.0310472328598593,0.034499026563816
"1176",2000-08-29,0.0259802976481759,0.0272449170755755,0.0279253153368271,0.0310252346090161,0.0345031672495241
"1177",2000-08-30,0.02858991520607,0.0288155005437771,0.0293251612094134,0.031898584753337,0.0350065652349358
"1178",2000-08-31,0.0266562918517128,0.0274187965023004,0.0282175152714862,0.0314655217326608,0.0346116123544958
"1179",2000-09-01,0.028359338075975,0.0288337793603589,0.0296452986948095,0.0327680510401469,0.0349473288058657
"1180",2000-09-05,0.0329028289764511,0.0325982724808482,0.0327816791093679,0.0345623533785654,0.0366904928783425
"1181",2000-09-06,0.0352696832792156,0.0347798225484781,0.0349603756959738,0.0350883582941633,0.0368431861194574
"1182",2000-09-07,0.0326132927915533,0.0327993771521856,0.0332963812734273,0.0345524844666525,0.0365217966269874
"1183",2000-09-08,0.0315041286809485,0.0322409218817699,0.0328241033055353,0.0346222722402719,0.0368876330004252
"1184",2000-09-11,0.031349486220656,0.0331633772516242,0.0340893347779741,0.0348984297989106,0.0372888935251947
"1185",2000-09-12,0.0318129237061828,0.0336581476832646,0.0348346093663421,0.0354487051069884,0.037541967180912
"1186",2000-09-13,0.0312402901671469,0.0327774665946844,0.034129197818859,0.0352978544629283,0.0377409539249863
"1187",2000-09-14,0.0304539109171141,0.0324583442299891,0.0337970876994053,0.0353234603088287,0.0372258950959418
"1188",2000-09-15,0.0314476936049989,0.0335757536153002,0.0351079726631521,0.0357974181704564,0.0380301485764139
"1189",2000-09-18,0.0372725794845044,0.036991977650787,0.0379388014420752,0.0376486257147403,0.0399328735634963
"1190",2000-09-19,0.0341096697607678,0.0356368806225596,0.0370694288743557,0.0371670342518108,0.0395831134362929
"1191",2000-09-20,0.0354464928933354,0.0367862736244756,0.0382746502546086,0.0379717962236231,0.0396103923239887
"1192",2000-09-21,0.0370155957447083,0.0377312908367784,0.0390724080555716,0.0385321826311604,0.0402641523799974
"1193",2000-09-22,0.0384291008579278,0.0396960011818345,0.0409969592834515,0.040238409505024,0.0416551371132327
"1194",2000-09-25,0.0417253080586284,0.0403137489942488,0.0417683410201906,0.039568907411501,0.0411621440490486
"1195",2000-09-26,0.0438110887120117,0.0420354608111934,0.0430982079885782,0.0408719894523139,0.0422934108037652
"1196",2000-09-27,0.0421449498744723,0.0411147713165117,0.0427781931762854,0.0408705962086677,0.0426826105773004
"1197",2000-09-28,0.0332340654377476,0.036079646462507,0.0385756777282958,0.0378443499552072,0.039876625709952
"1198",2000-09-29,0.0362368167360208,0.0375920337918613,0.0409462884573995,0.0405044712159361,0.0411552810959205
"1199",2000-10-02,0.0399461553001106,0.0397715389280154,0.0414067930696798,0.0393329930050597,0.0414452506273393
"1200",2000-10-03,0.0416472087686998,0.0417934688830818,0.0428210159909462,0.040182644534028,0.0421270825118302
"1201",2000-10-04,0.0410417257013299,0.0416589179802162,0.0425828952326196,0.0403409815727198,0.042413812071934
"1202",2000-10-05,0.0394237912140847,0.040351957685904,0.0421171588102898,0.0402094790339528,0.0421453058764122
"1203",2000-10-06,0.0449907539887245,0.0457525649108664,0.0458890326573568,0.0434543894553497,0.0444007567673905
"1204",2000-10-09,0.0494753123238242,0.0495216345966638,0.0472140855223055,0.0443033691428831,0.0453612162061548
"1205",2000-10-10,0.0532265668417941,0.0513710504352434,0.0484319360755307,0.045669079690111,0.0465961495380856
"1206",2000-10-11,0.0593840730699459,0.0577640319656556,0.0527840917201309,0.0481669818425186,0.0484804844950045
"1207",2000-10-12,0.0767594593367318,0.0686082170555736,0.0621416305538222,0.0521082116606852,0.0505520677406
"1208",2000-10-13,0.0676974374484508,0.0630028790407603,0.0574680839351028,0.0497181495240608,0.0482181806337437
"1209",2000-10-16,0.0637584471235657,0.0598037228922112,0.0532172140387082,0.0477477951562801,0.047013774577459
"1210",2000-10-17,0.0710953637789607,0.0659472976027699,0.0571052198235767,0.0506610602754958,0.0496745964280483
"1211",2000-10-18,0.0742847627732385,0.0666825906569679,0.0599773442239287,0.0530162236389108,0.0520236789972452
"1212",2000-10-19,0.0555517700483933,0.0533996251160871,0.0496169595466113,0.0465720966587451,0.0465358200023091
"1213",2000-10-20,0.0518338511634813,0.0493153071748202,0.0466316809837609,0.0445968845044574,0.0450663383022855
"1214",2000-10-23,0.0537794749527324,0.0496718499469017,0.0469289473504472,0.0445511294236621,0.0451356035927966
"1215",2000-10-24,0.0534006508100271,0.0484095138623124,0.0453621873956496,0.0443523713831885,0.0447163950968725
"1216",2000-10-25,0.063449616328975,0.0552201891443041,0.0506074941226597,0.0471137333036793,0.046872899395611
"1217",2000-10-26,0.0725645366166573,0.0599275011181215,0.0546012947837716,0.0490876583478335,0.0478986384634632
"1218",2000-10-27,0.0604820218990958,0.0540018449973191,0.0494299920277509,0.0464600170548392,0.0463844510856792
"1219",2000-10-30,0.0558126475385482,0.0507777523045701,0.0473094068552296,0.0446983023742795,0.0447696799811737
"1220",2000-10-31,0.0468853352012369,0.0447808518440921,0.0429013748637696,0.0414381720815998,0.041591103478284
"1221",2000-11-01,0.0491681665257109,0.0466598635263227,0.0441418272134295,0.042197976009799,0.0423767661900483
"1222",2000-11-02,0.0474821296433412,0.0456462896461229,0.0434673117326551,0.0415451908095432,0.0420630893114878
"1223",2000-11-03,0.0466432128728571,0.0445426984394169,0.0424078072521881,0.0408303460116195,0.0413845778334188
"1224",2000-11-06,0.0485886543791693,0.0459850309060381,0.0436970083694649,0.0416850869347925,0.0412723897227332
"1225",2000-11-07,0.0505114388051367,0.046802766183082,0.0445693532113782,0.0423612516758888,0.0409876861306167
"1226",2000-11-08,0.0540047919314891,0.0492375823503319,0.0465567739631688,0.0436673104908775,0.042657897517446
"1227",2000-11-09,0.0599676459496151,0.0523295068211109,0.0493924796890353,0.0454624759739844,0.0439867678242452
"1228",2000-11-10,0.0702484861156474,0.0589020671627783,0.0547184751406129,0.0497716699329144,0.0470069339920895
"1229",2000-11-13,0.0756486427577147,0.0615831692102529,0.0568032170896482,0.0503833065248548,0.0481027772421023
"1230",2000-11-14,0.0630606207921814,0.0547329677600394,0.0505084181893933,0.047015194230625,0.0456061007923458
"1231",2000-11-15,0.0585988511199027,0.0530699210406775,0.0497016554245109,0.0461948447607963,0.0448268338536182
"1232",2000-11-16,0.0567072474188518,0.0513919566263265,0.0482883690170305,0.0452288551660641,0.0442158337735834
"1233",2000-11-17,0.0557502142630985,0.0510182983604814,0.0479306415125616,0.0449125350051073,0.0438361913422665
"1234",2000-11-20,0.0681655158991292,0.0574186739641303,0.052932014803291,0.0483526582336965,0.0465069486390637
"1235",2000-11-21,0.0607547203942327,0.0564812543895192,0.0526633230095268,0.0484601185198147,0.0472078904484962
"1236",2000-11-22,0.0680833318766722,0.0606247892200332,0.0561924584573934,0.0510614221232534,0.0494605308993905
"1237",2000-11-24,0.0589088670537661,0.0561528163736774,0.0533752890104745,0.0495754292818539,0.0482026447917997
"1238",2000-11-27,0.0648858764061667,0.0566912731359767,0.0534336718053507,0.0496337077477276,0.0486965559791417
"1239",2000-11-28,0.0673382689291945,0.0601969977084921,0.0562426512476086,0.0523115969882435,0.0500296182487572
"1240",2000-11-29,0.0661959099488575,0.0607438206015647,0.0571183348229733,0.0523362543016953,0.0503688226037783
"1241",2000-11-30,0.0729605904817208,0.0669478428486483,0.0627070525809136,0.0562688704673034,0.0537415832375573
"1242",2000-12-01,0.0649449919665946,0.0620009847887224,0.0589027856024906,0.0545716016423956,0.0530449751573679
"1243",2000-12-04,0.0651379625807479,0.062357563770558,0.0588987570605872,0.0542274974516739,0.0524413816817404
"1244",2000-12-05,0.0532818770635483,0.0519169272998881,0.0504776095933578,0.0497325370731702,0.0488537243835042
"1245",2000-12-06,0.0526986247868981,0.0524305255563842,0.0507312617041792,0.0482832352791365,0.0479217013331876
"1246",2000-12-07,0.0540331769144647,0.0534530636745379,0.0518856599340149,0.0491923883132233,0.0480898453866212
"1247",2000-12-08,0.0525335282970177,0.0492831410118322,0.0474595854452992,0.0467123236705956,0.0461988471329088
"1248",2000-12-11,0.0493704178985577,0.0477919119015828,0.046755727753824,0.0455786396513604,0.0452539773715696
"1249",2000-12-12,0.053596384987679,0.0512243048520606,0.0490578645385897,0.0462839390926996,0.0448016957879923
"1250",2000-12-13,0.0490191514192239,0.0464614482010566,0.045537530153171,0.0447697751126625,0.0447475971818871
"1251",2000-12-14,0.0547785167827716,0.0518820554603124,0.0501016845389626,0.0467166590870218,0.0455309039444826
"1252",2000-12-15,0.0620039677060505,0.0573760724725388,0.0544522796679669,0.0500005347560738,0.0483069755557894
"1253",2000-12-18,0.0671435988593629,0.0593400569888265,0.0565539213508616,0.0512751590458188,0.0482654062435404
"1254",2000-12-19,0.0660593621314181,0.0586078159552753,0.0553884422478692,0.0502793949685388,0.0490148914156133
"1255",2000-12-20,0.0892097778039114,0.0746679580682166,0.0700465786582635,0.0587695742243383,0.0552641883152076
"1256",2000-12-21,0.0797275952954443,0.0697865112822869,0.0660647416778412,0.0566111720792053,0.0528337343502991
"1257",2000-12-22,0.0687180553086331,0.0631291134351383,0.0596232718728056,0.0537683193475248,0.0510361140155172
"1258",2000-12-26,0.0760920529596088,0.0646379405551068,0.0608412006847445,0.0539939866290218,0.0512055064604752
"1259",2000-12-27,0.0723459321923607,0.062571713158653,0.059419136851202,0.0535220005299773,0.0506983094361742
"1260",2000-12-28,0.0632056768350989,0.0591619816684454,0.0569028924318118,0.0523655219823053,0.0503072759941736
"1261",2000-12-29,0.0612547841732993,0.0601381038342619,0.057870503989036,0.052542780648523,0.0504785711209456
"1262",2001-01-02,0.0782625023365519,0.0712685066688019,0.0688688389837546,0.0583566788074364,0.0540782588290355
"1263",2001-01-03,0.0606458969441602,0.0562537689109586,0.0549281855434466,0.0506680958853619,0.0488342982276968
"1264",2001-01-04,0.0627617306604858,0.0582028675205082,0.0567667398555535,0.0519638498154537,0.0494624897018362
"1265",2001-01-05,0.0711157406415837,0.066511820778636,0.0644695894927589,0.0553357421872455,0.0522133853908443
"1266",2001-01-08,0.0756035354728357,0.0687116870967297,0.0666736918590074,0.057933266421696,0.0541253205170735
"1267",2001-01-09,0.068688471045748,0.063751425104412,0.0620073435622274,0.0545640693534597,0.0520588394352626
"1268",2001-01-10,0.0637033424626907,0.0605741915408693,0.0591574800966511,0.0530032672090847,0.0509993082442131
"1269",2001-01-11,0.0588571949499604,0.0567139745740088,0.0555289122599636,0.0508093955684872,0.049335872888572
"1270",2001-01-12,0.0543575816816644,0.0547678940498862,0.0538611899093046,0.0501523639735318,0.048731558143217
"1271",2001-01-16,0.0572059170474261,0.0550260383008492,0.0532624433588699,0.0496349657951659,0.0479890522678792
"1272",2001-01-17,0.055032163215233,0.054981141654316,0.052601173147483,0.0488961448883777,0.0473605560211319
"1273",2001-01-18,0.0490778825589648,0.0492994584972174,0.0481607286726629,0.0464125263867585,0.0453133078701227
"1274",2001-01-19,0.0480443155408467,0.0482571242704809,0.0463729982120014,0.0440427924917495,0.0431501630415392
"1275",2001-01-22,0.048013215299179,0.0475524839513924,0.045754181542597,0.043960097429802,0.0435067315875706
"1276",2001-01-23,0.0414747387538538,0.0423862461006568,0.0411631440494855,0.0408427261176942,0.0406726519968108
"1277",2001-01-24,0.0429962187976463,0.0434419314406138,0.0421204893512407,0.041154570754817,0.04100248093668
"1278",2001-01-25,0.0448089415373533,0.0452350728893679,0.0438001998974404,0.0423506645683749,0.0421678258054204
"1279",2001-01-26,0.0434652305312195,0.0452251162026441,0.0439553663380335,0.0426685622408262,0.0428233827027351
"1280",2001-01-29,0.0459828072877563,0.0451684709070124,0.0435609557329922,0.0420999065699308,0.042138112807788
"1281",2001-01-30,0.0459626835411701,0.0449126499462095,0.0435082025831282,0.041660354103959,0.041693308329631
"1282",2001-01-31,0.0441638481104922,0.0430986071964127,0.0419024065178059,0.0404424554094127,0.0406196927348984
"1283",2001-02-01,0.0430810249939145,0.0420291875994369,0.0409692184825655,0.0394248623828177,0.0395165759183358
"1284",2001-02-02,0.0451068029398684,0.0435388680940805,0.0423843596392181,0.0407771145096564,0.0408230392117267
"1285",2001-02-05,0.0442186330139462,0.0427680683360407,0.0419477752700905,0.0404438749933368,0.0408293043012899
"1286",2001-02-06,0.0435482681050781,0.0417835629084465,0.0411586749029837,0.0401068602439318,0.040756308881433
"1287",2001-02-07,0.0427749876346744,0.0423198157034558,0.0419200299228227,0.0407870505518087,0.04138489880907
"1288",2001-02-08,0.0423282986886018,0.0420326823858249,0.0418867358281177,0.0410653423072315,0.0417036269114504
"1289",2001-02-09,0.0440130635578708,0.0444392498009862,0.0440814304984976,0.0429971352877773,0.0434505154517426
"1290",2001-02-12,0.0429648943328647,0.0437090234770438,0.0432033690901002,0.0423053268588149,0.0427645925555429
"1291",2001-02-13,0.0414188054586469,0.0424792721373425,0.0420973747418109,0.0414267813751184,0.0421333145960828
"1292",2001-02-14,0.0418917673435225,0.0429427362434413,0.0428802719112569,0.0423358909178751,0.0428434167301788
"1293",2001-02-15,0.0367820995760784,0.0392505359763219,0.0403955510935704,0.0408977032002477,0.0415347306831074
"1294",2001-02-16,0.043326295455099,0.0445900997363528,0.0443704586988877,0.0435550076735996,0.0435652601899284
"1295",2001-02-20,0.0541822488386311,0.050331849952463,0.048598519567931,0.0463719841262662,0.0456920853741667
"1296",2001-02-21,0.0589578240760065,0.053810466905636,0.0515419634567401,0.0485482612392744,0.0486864194707923
"1297",2001-02-22,0.0616548806437089,0.0559480492619507,0.053648915622107,0.0505906179167308,0.0495651354540765
"1298",2001-02-23,0.0652131766621732,0.0576763811522541,0.0549449270202692,0.0506402567819471,0.0505460212136053
"1299",2001-02-26,0.056957293399104,0.051832960585215,0.0498558329603182,0.0476291754085141,0.0473136805254359
"1300",2001-02-27,0.0618496328689771,0.053581571022709,0.0510187582104773,0.047594422948715,0.0469100359418239
"1301",2001-02-28,0.0683069746812704,0.059937087772886,0.055247695946859,0.0497903573803755,0.0486555432829728
"1302",2001-03-01,0.064759268141829,0.0600059328955015,0.0558572122138128,0.050462637526931,0.0494057774383857
"1303",2001-03-02,0.0629627732624909,0.0593858721947175,0.0555140029744759,0.0496442842933785,0.0483087180017533
"1304",2001-03-05,0.0611119340869386,0.0573333684627422,0.0541714150043557,0.0482574321809575,0.0474455527086175
"1305",2001-03-06,0.055732640789498,0.053230227667731,0.0509634538731279,0.0464525746044279,0.0456535993704961
"1306",2001-03-07,0.0504807801723599,0.0486045354044777,0.0470739908480301,0.0439937869052728,0.0440833404401424
"1307",2001-03-08,0.0503224713755191,0.0485624341997321,0.0471659215208295,0.0439488121049972,0.0431122603005927
"1308",2001-03-09,0.0574132652571495,0.0535051924413295,0.0514534401865564,0.046980628400802,0.0458268470300902
"1309",2001-03-12,0.080440388641773,0.0694932560979698,0.0659806396536072,0.0539383590971665,0.0508031637937174
"1310",2001-03-13,0.0643909583642543,0.0593117567817524,0.0572418256607483,0.0492147449847164,0.0474186772652115
"1311",2001-03-14,0.0782090893208541,0.0673686502752124,0.0647936601246826,0.0533424447757299,0.0504001178381782
"1312",2001-03-15,0.0724249095604001,0.0639177896604164,0.0611518234060321,0.0509540967031529,0.0483003332618275
"1313",2001-03-16,0.0793025963309773,0.0661867393049599,0.0625720421102664,0.0524522783662264,0.0484578573751424
"1314",2001-03-19,0.0770664432007649,0.0642119171636193,0.0615117450892331,0.0506236823519665,0.0467447801983696
"1315",2001-03-20,0.084038293251672,0.0688527278916642,0.0657039886842819,0.052758153002311,0.0474399400129291
"1316",2001-03-21,0.0904881072691172,0.0730785640889391,0.0695116032438204,0.0548375585056333,0.0491002115958027
"1317",2001-03-22,0.0986228599532199,0.0797746263061738,0.0740343216276214,0.0574442508158954,0.0505578250463093
"1318",2001-03-23,0.0845054801862665,0.0705700969072842,0.0657092328924364,0.0530956687693802,0.0481498344080555
"1319",2001-03-26,0.07736633335303,0.0680508978142192,0.0637911615617483,0.0522659070118135,0.0474180694239802
"1320",2001-03-27,0.0660066889021459,0.0625966607334241,0.0592709490941877,0.0499640234481156,0.0462433013174427
"1321",2001-03-28,0.0759892871210288,0.0668222555024839,0.063278502788992,0.0526656846946511,0.0483759317389299
"1322",2001-03-29,0.0784438388481792,0.0690020793944263,0.0657567881681003,0.0545364465584863,0.0497178100480492
"1323",2001-03-30,0.0732037285532503,0.0664534907497231,0.0630625000665895,0.0536469709161704,0.0496486491192555
"1324",2001-04-02,0.0846252223302384,0.0727199239145703,0.0695178448184787,0.0564056446300354,0.0511410669677844
"1325",2001-04-03,0.100330981542786,0.0864949939631906,0.0819216852942452,0.0626154654005814,0.0544151965554103
"1326",2001-04-04,0.0968774324218425,0.084688768856079,0.080415830569586,0.0615099018222629,0.0547523838720872
"1327",2001-04-05,0.0775509124079573,0.0701054995274148,0.0675695432609789,0.054167570643477,0.0496206193961802
"1328",2001-04-06,0.0866452428820132,0.0769342048967932,0.0739874525583905,0.0579363718484399,0.0522889075316588
"1329",2001-04-09,0.0871899602727105,0.0763665686318432,0.0737845408265167,0.0581664271428723,0.0522924218195206
"1330",2001-04-10,0.0758370595386781,0.0673114431088135,0.0652278823503071,0.0532997406716361,0.0492724167652584
"1331",2001-04-11,0.0722090403684349,0.0649487134660328,0.063070530363492,0.0522903130475302,0.0484809113992315
"1332",2001-04-12,0.0624262495880992,0.0583036988596571,0.0569546966034862,0.0499509290206026,0.0467263018886356
"1333",2001-04-16,0.0632362387206995,0.0596228152664157,0.0570531826514081,0.0495218276289175,0.0461390977657075
"1334",2001-04-17,0.0598833620804624,0.0566859246172256,0.0541643518370789,0.0480933088478319,0.0456377229681695
"1335",2001-04-18,0.0523543540808946,0.0497522954406958,0.0478897038004767,0.0441269697782441,0.0422487795681817
"1336",2001-04-19,0.0522504694239977,0.0499243692313757,0.0478786518017758,0.0448803803324632,0.0425495658643756
"1337",2001-04-20,0.0578856006052343,0.0555591680685735,0.0518813590435947,0.0468229449807322,0.0438286789879586
"1338",2001-04-23,0.0704293750994022,0.0618643860380616,0.0569807717392793,0.0507735946972927,0.0467939395385853
"1339",2001-04-24,0.072601739493518,0.063046917073485,0.0583897267790042,0.051666599006714,0.0478187953651481
"1340",2001-04-25,0.0660169232722567,0.0600723533470801,0.0559946397464773,0.0504228128671598,0.0468542637832968
"1341",2001-04-26,0.0594367845985982,0.0555101958193625,0.0524005985161117,0.0480388350515937,0.0456982453983746
"1342",2001-04-27,0.0501662294068644,0.0502340157027128,0.0485464557118702,0.0454988995755473,0.043727053931696
"1343",2001-04-30,0.0536663964068836,0.0518207381629883,0.0501013332279673,0.0463966565202575,0.0436624825580283
"1344",2001-05-01,0.051652290041091,0.0501317787923826,0.0478749196057893,0.0452870759165106,0.0428763255616157
"1345",2001-05-02,0.0515449570886708,0.0503786181472711,0.0483092166376181,0.0451281407146923,0.0428307173603475
"1346",2001-05-03,0.0570866391484885,0.0541920402000303,0.0510801711594347,0.0468635177205245,0.0441983990980037
"1347",2001-05-04,0.0513765055574988,0.0506137648208855,0.0490446996077445,0.0454785779383921,0.0431391080853261
"1348",2001-05-07,0.0532724705264346,0.0508293799797071,0.0489017656579632,0.0457370633507725,0.0435891413259192
"1349",2001-05-08,0.0524404868729495,0.0507935386278976,0.0489214036151605,0.0456097920069604,0.0439144156683497
"1350",2001-05-09,0.0517363510616822,0.0498625734403764,0.0485305901970411,0.0454244476069243,0.0438430030178116
"1351",2001-05-10,0.0504202459102001,0.0485762887312057,0.0475052405197137,0.0450057047560742,0.0438375046304328
"1352",2001-05-11,0.0503296905264986,0.0492026374820915,0.047789348819906,0.0449954927918151,0.0436775324002356
"1353",2001-05-14,0.0529186150881354,0.048923191162161,0.047522460867682,0.0450436406085939,0.0431679980834565
"1354",2001-05-15,0.0507659669106132,0.0463622781126194,0.0452631576690217,0.0429995727564874,0.0422590123572591
"1355",2001-05-16,0.0442265847213854,0.0423750116520572,0.0413320476622392,0.0399324666307987,0.0384630916258983
"1356",2001-05-17,0.0421412342519216,0.0415492209704947,0.0414389998716722,0.0405282097831597,0.0388254501765673
"1357",2001-05-18,0.0409812377338537,0.0397980414333506,0.0392413941387014,0.0386620191361292,0.0376265627156689
"1358",2001-05-21,0.040558417215576,0.0382893144567764,0.03779733754495,0.0373255216373129,0.0367267079342844
"1359",2001-05-22,0.0422404901404784,0.0392513687154059,0.0385621061904772,0.0380032971365441,0.0375789619622356
"1360",2001-05-23,0.0449066599212542,0.0415508518654629,0.040596789176484,0.0396577090449111,0.0390193268441036
"1361",2001-05-24,0.0379286343139925,0.0396699150029157,0.0398173906737785,0.0397986882129518,0.039156365668761
"1362",2001-05-25,0.0375394438576355,0.0401238964968545,0.0405816832759243,0.0405496854450216,0.039770350716109
"1363",2001-05-29,0.0443920637169739,0.0435475429981885,0.0426998465695957,0.0417727349787912,0.0407061435175936
"1364",2001-05-30,0.0471893270976501,0.0458371445432756,0.0448889398197919,0.0433225219552876,0.0420005593050069
"1365",2001-05-31,0.0461018283317883,0.0460195983611875,0.045484551651774,0.044254885334232,0.0430902116317603
"1366",2001-06-01,0.0425351655344423,0.0425225038862576,0.0426358575741722,0.0424162694086061,0.0417871073767401
"1367",2001-06-04,0.0414439772393939,0.0415690976933725,0.0421842121264003,0.0419931723069325,0.041342097232055
"1368",2001-06-05,0.0363129973195695,0.0373585923156236,0.0388132099781082,0.0398523743703316,0.0398506600034914
"1369",2001-06-06,0.0377148427059093,0.0385702923617939,0.0396217234202119,0.0403450845859835,0.0399832410141312
"1370",2001-06-07,0.0358134941970329,0.0373047464444757,0.0387876657388555,0.0399083398601383,0.0396220683789821
"1371",2001-06-08,0.0360207893555211,0.0375032584298308,0.0394902399210948,0.0406552983141411,0.0402592296218494
"1372",2001-06-11,0.0381698473702416,0.0398850674412757,0.0410533275693495,0.0414055999459985,0.0412416576653338
"1373",2001-06-12,0.038859136602903,0.0403969344805049,0.0416680783577721,0.0418627371253412,0.0412222426904176
"1374",2001-06-13,0.0411211342310215,0.0423262447755652,0.0431656021416225,0.0427589364626364,0.0418915285340083
"1375",2001-06-14,0.0474789653710662,0.0463906003358264,0.0465291046391811,0.0451073860796422,0.0437121403240742
"1376",2001-06-15,0.0465041410477077,0.0456395465243254,0.0457205795702923,0.045116076790156,0.0449455717133331
"1377",2001-06-18,0.0477181031394558,0.0469501913925892,0.0466912536154098,0.0455874907541724,0.044317468766401
"1378",2001-06-19,0.0440338394403125,0.0443476426292683,0.0447523685505962,0.0448599751640764,0.0433948672563659
"1379",2001-06-20,0.041160008768283,0.0424742684412148,0.0429997423818011,0.043251765920814,0.0427533072757388
"1380",2001-06-21,0.0335361991910768,0.0365593914637288,0.0381689389720633,0.0389829479438182,0.038752498699353
"1381",2001-06-22,0.035533728547152,0.0363141096906295,0.0379477449237249,0.0388749619440893,0.0385113081656622
"1382",2001-06-25,0.03867109750326,0.0379781319306269,0.0385860357603772,0.0387037325788364,0.0387221901076009
"1383",2001-06-26,0.0404933998008813,0.0391756750797994,0.0390074862689865,0.0389650012678231,0.037958017019772
"1384",2001-06-27,0.0380858013388221,0.038601165740528,0.0382955248549475,0.0383633724182004,0.0379486090110667
"1385",2001-06-28,0.034982113372986,0.0358669188256383,0.0363613259178171,0.036378248929562,0.0362100743080677
"1386",2001-06-29,0.0320361618164484,0.0336015129743405,0.0340986395730546,0.0349259232578804,0.0348688843599522
"1387",2001-07-02,0.0312644130779033,0.0330907617547763,0.0335316336893448,0.0343862667579492,0.0345094425334074
"1388",2001-07-03,0.0322310848720959,0.0333421568377208,0.0338252732489314,0.0344125612192228,0.0344307303038154
"1389",2001-07-05,0.0353680061903828,0.0361840509469198,0.0363593513110951,0.0361243795967387,0.0353285198460744
"1390",2001-07-06,0.0414415999747052,0.0413714976261915,0.0413251323413142,0.0393325998522612,0.0380632130346893
"1391",2001-07-09,0.0428000983126536,0.0419456146053924,0.0416836785911706,0.0394071260711149,0.0384705806323246
"1392",2001-07-10,0.0470737946144028,0.0442822275227603,0.0437516295263376,0.0409041087059789,0.0398673748512392
"1393",2001-07-11,0.0481096784728558,0.0459011005600104,0.0454772292664392,0.0421740582307782,0.0409268620940389
"1394",2001-07-12,0.0418644855374746,0.0415005143954371,0.0412995779781159,0.0399153707413378,0.0391310582242684
"1395",2001-07-13,0.0395584672117103,0.0399824064111548,0.0398945817720149,0.0396110254331862,0.0385042726550128
"1396",2001-07-16,0.0455047824335515,0.0427307722537965,0.0423949412322262,0.0407062400828923,0.0393238817425572
"1397",2001-07-17,0.0448874706963331,0.0430893972488022,0.0426795021708789,0.0405926712260238,0.0391939301582954
"1398",2001-07-18,0.0487188567582671,0.0448241323891631,0.044228196261587,0.0414123101858136,0.0405798435373181
"1399",2001-07-19,0.045414095788242,0.0430581966115707,0.0425772068594801,0.0406704269518846,0.0395918010738845
"1400",2001-07-20,0.0447759701883516,0.0433460909820781,0.0426482533803309,0.0402419184462253,0.0396164500549984
"1401",2001-07-23,0.0494842313733735,0.0459591281325026,0.0442616537987176,0.0416332779353464,0.0403945275803895
"1402",2001-07-24,0.0549929646084601,0.0510118691769695,0.0477700708565389,0.0445089925169611,0.0419958608666133
"1403",2001-07-25,0.0495402172710944,0.0480730171069191,0.0462972496948673,0.0436283659146704,0.0421175675049438
"1404",2001-07-26,0.0461352227769968,0.0450703812059061,0.044117432374704,0.042097142818292,0.0411948406502566
"1405",2001-07-27,0.0416549232143274,0.042942789684064,0.0421836866586089,0.0405400251350399,0.0401174109388055
"1406",2001-07-30,0.0448261935826933,0.0437208728905719,0.0426502032629516,0.04093458028392,0.0402231198144251
"1407",2001-07-31,0.0411616237859894,0.0405295112652842,0.0399943445832995,0.0389720405001168,0.0386032232326712
"1408",2001-08-01,0.0378582143476048,0.0379979556584019,0.0384586561868342,0.0381639065446976,0.0379514483540188
"1409",2001-08-02,0.0365226066688465,0.03629290476147,0.036635901635687,0.036727799818213,0.0368142927142936
"1410",2001-08-03,0.0362823635866527,0.0361789840401419,0.0363649355800766,0.0362318294882135,0.0361868119487489
"1411",2001-08-06,0.0373427694893104,0.0375734586661118,0.0377863627536637,0.0372430383777777,0.0369786370461639
"1412",2001-08-07,0.0363214718356719,0.0363851231963154,0.036751925917198,0.0367290867994908,0.0367088989772887
"1413",2001-08-08,0.0391764029303741,0.0395243920247526,0.0394348808384196,0.0381008785485189,0.0378823739801042
"1414",2001-08-09,0.0384876029486529,0.0389894323150501,0.0392345895068922,0.0382604202558319,0.0378689379642723
"1415",2001-08-10,0.0375195137392961,0.0383857099251635,0.0385522380578918,0.0377319415207731,0.0374126884524951
"1416",2001-08-13,0.0373255332016274,0.0383355649448056,0.0383746270548044,0.0376084100890919,0.0374378435668942
"1417",2001-08-14,0.0369245642041223,0.0378469777665792,0.038294812687552,0.0374857367499958,0.0374614774258867
"1418",2001-08-15,0.0387088741410689,0.0389495476964356,0.0389804682783189,0.0378087728311656,0.0375130470177924
"1419",2001-08-16,0.0404366410783885,0.0404750528486633,0.0400539704351818,0.0386004844530994,0.0382413307854648
"1420",2001-08-17,0.0500934305906632,0.0481264177823568,0.04606808192624,0.0423166719922236,0.0405173482724463
"1421",2001-08-20,0.0449751423116314,0.0448869363723758,0.0432400940860941,0.0407263183308753,0.0403792642254991
"1422",2001-08-21,0.0482867485810621,0.0457003675040879,0.0441349369213152,0.0412782467144482,0.0410683397236729
"1423",2001-08-22,0.0449561310403166,0.0451215667657046,0.0438420916084643,0.0408112847411161,0.040454476706859
"1424",2001-08-23,0.0430876792113147,0.0449061315947624,0.0439826391760173,0.0412652386919779,0.0405899202547372
"1425",2001-08-24,0.0341818747114542,0.0391404234355772,0.0393298892475928,0.0385143929142154,0.0387365766294153
"1426",2001-08-27,0.0369565314121721,0.0405816619281485,0.0401597380685517,0.0389154844118971,0.0386361330322556
"1427",2001-08-28,0.0432095429261332,0.0440283365911509,0.0426937323888111,0.0403775003960574,0.0395468331141576
"1428",2001-08-29,0.0474483088725818,0.0472246436549551,0.0453890008051773,0.0422897396175596,0.040960184551484
"1429",2001-08-30,0.0570274890207672,0.0545554318337298,0.050760644668552,0.0455906786211505,0.0435193896329173
"1430",2001-08-31,0.0534530005616657,0.0528124435745919,0.050199755342105,0.0454881937339288,0.0428161562220154
"1431",2001-09-04,0.0581435758057016,0.0541236525110243,0.0510078349748199,0.0455384275519102,0.0433784393762026
"1432",2001-09-05,0.0596399935086472,0.0565068140165231,0.0535719703439149,0.0471081374795062,0.0445330752527542
"1433",2001-09-06,0.0707771910735626,0.0658670022992913,0.0603542128635137,0.0506889910223947,0.0475381578738843
"1434",2001-09-07,0.0805473646563063,0.0729698604304046,0.0659937311858123,0.0551378649757966,0.0500089547234254
"1435",2001-09-10,0.0813513776356209,0.0737354492734773,0.0672274349069009,0.0562725149332046,0.0505669532597058
"1436",2001-09-17,0.145246160400734,0.107726598322142,0.0972555822995425,0.074001814432188,0.0649833750798012
"1437",2001-09-18,0.122787082784949,0.0986888754309612,0.0901658242421999,0.0700058730158017,0.0617744468903893
"1438",2001-09-19,0.132416423307561,0.109995987600325,0.100212011622808,0.0771971175474238,0.0654174104615702
"1439",2001-09-20,0.163682425567108,0.129199479093175,0.11457726820502,0.0865068952548704,0.0726965286277697
"1440",2001-09-21,0.158992350255789,0.126523006284679,0.111733598255754,0.0847644841361209,0.0694592198000586
"1441",2001-09-24,0.123410130128118,0.100789046522129,0.0915015591055617,0.0719223732062904,0.0611492695608417
"1442",2001-09-25,0.11096966857308,0.0937670396903021,0.0848694093171865,0.0683530760413517,0.059562388376884
"1443",2001-09-26,0.109337355470303,0.0901921365869253,0.0820347129756255,0.0656655806820283,0.0565916433879677
"1444",2001-09-27,0.101353646280888,0.0849936105696358,0.0780647328407885,0.0633594745146946,0.0551853008560157
"1445",2001-09-28,0.089517756891083,0.0773939604094618,0.0715417553182058,0.0594298440287803,0.0529729856734408
"1446",2001-10-01,0.087518251622203,0.0779895106475382,0.073360177787588,0.0602616905081049,0.0532637579869068
"1447",2001-10-02,0.0793502277046544,0.0729558944866832,0.0698126054120449,0.0581389958846728,0.0517313141419886
"1448",2001-10-03,0.0799432193273555,0.0739860178367808,0.0705125235274166,0.0583852221205446,0.0518141221273501
"1449",2001-10-04,0.0833850379003194,0.0759129917780293,0.0720992877851664,0.0588920416217524,0.0518025093890139
"1450",2001-10-05,0.0865467284184485,0.0785639049989522,0.0748306321357537,0.0601187079119922,0.0524453374740318
"1451",2001-10-08,0.0929829931215915,0.0825222482063164,0.079003382841662,0.0622959300090251,0.0531134908383711
"1452",2001-10-09,0.0927701863236563,0.0820227675111895,0.0786820966751909,0.0622924184670061,0.0534877782574486
"1453",2001-10-10,0.0806221297312037,0.0722371625494005,0.0697731517937397,0.0572481736847733,0.0504454825597558
"1454",2001-10-11,0.081112308416562,0.074101807066214,0.0715222196419249,0.0572676796171598,0.0503839178292464
"1455",2001-10-12,0.102894158981942,0.0881388285911946,0.084330584870311,0.0647830448248201,0.0558311063333315
"1456",2001-10-15,0.103437298906706,0.0886979911658784,0.0842637448448077,0.0650504030692516,0.0553394960110764
"1457",2001-10-16,0.0889752704501327,0.0808493802676299,0.0768879637511969,0.0617050234467117,0.0535428536411796
"1458",2001-10-17,0.102353493257618,0.0904155780435494,0.0854543928710247,0.0663393454093891,0.0558340960482718
"1459",2001-10-18,0.101092794002957,0.088161501682537,0.0830196119831658,0.0653175755342577,0.0552100982677853
"1460",2001-10-19,0.0960675830623526,0.0862779570628624,0.0805881172648534,0.0642630979977453,0.0557819073067754
"1461",2001-10-22,0.0879821575211076,0.07916571674581,0.0717293479423715,0.0606910233327881,0.053111762512194
"1462",2001-10-23,0.0849099518877465,0.0785305951735557,0.0709994889403877,0.060347102428677,0.0528398955631541
"1463",2001-10-24,0.0824258441784888,0.0740869142015979,0.0672916547321973,0.0580528976731866,0.0514409671716091
"1464",2001-10-25,0.0755159237642686,0.0708408598322199,0.0645287051347467,0.0560176320143961,0.0501931306231604
"1465",2001-10-26,0.0691814719732941,0.0675761337118447,0.0616771126397414,0.0541882776754377,0.0490049002527292
"1466",2001-10-29,0.0843297730520521,0.0766783461353614,0.0694943209851319,0.0581698927660278,0.0513882284878695
"1467",2001-10-30,0.0918752108261891,0.0838282197966614,0.0752150378607008,0.0621593319606618,0.0539898207087816
"1468",2001-10-31,0.0916344432443399,0.0852710559067745,0.0763649984042211,0.0631365666971553,0.0549619050157118
"1469",2001-11-01,0.0854848904525096,0.0815967502621308,0.073433055945347,0.0612226117462996,0.0534842016917774
"1470",2001-11-02,0.08030384044042,0.0769868952344292,0.0701450338173666,0.0598959269559398,0.0533372925532828
"1471",2001-11-05,0.0768770566003396,0.0727308203343321,0.0665341105122404,0.057961799946546,0.051868351934207
"1472",2001-11-06,0.0725159973263747,0.0681055778429677,0.0625933310745087,0.0555847237727258,0.0507550651411216
"1473",2001-11-07,0.0715975221548052,0.0677788473662131,0.0631469627496268,0.0561250953049457,0.0510338801804329
"1474",2001-11-08,0.0711148460084637,0.0671149809609123,0.0627266888295399,0.0557280588222803,0.0511377606973544
"1475",2001-11-09,0.0659028182579911,0.0632765063016595,0.0601912908028993,0.0544100202502376,0.0505832287928951
"1476",2001-11-12,0.0757005312266682,0.0695196452701747,0.0635815347714322,0.0561486253325168,0.0515884985554748
"1477",2001-11-13,0.0614086382084928,0.0597404121961718,0.0571221076502285,0.0521268164477538,0.049094959721121
"1478",2001-11-14,0.0621477045546656,0.0588122359723322,0.0560364985942852,0.0511570682558221,0.0482964817748113
"1479",2001-11-15,0.0568808545566579,0.0541899581543881,0.0525737496990352,0.0487771748871343,0.0458501456899077
"1480",2001-11-16,0.0562379347615926,0.0539611755281216,0.0516425313093961,0.0477880604555515,0.0454262203000551
"1481",2001-11-19,0.0517162030288261,0.0510597513809797,0.0494006097692401,0.0467186546224558,0.0444149291901965
"1482",2001-11-20,0.0506254823885958,0.0510697508481803,0.0496593288160312,0.0469870551380967,0.0447873377164546
"1483",2001-11-21,0.0509445992167092,0.0516749544345131,0.0504409040957148,0.0471937513416711,0.0448214037098886
"1484",2001-11-23,0.0474648577526599,0.0493611524410056,0.0484570445371271,0.0457961881999229,0.0438175237095522
"1485",2001-11-26,0.0495123696797977,0.0501605545644921,0.0488470226869841,0.0461646795675691,0.0439916121364834
"1486",2001-11-27,0.0504255947410358,0.05061880802458,0.0500496176847471,0.0463312609611291,0.0441599660621572
"1487",2001-11-28,0.0597826664157764,0.0569188253222975,0.0549476617819013,0.0496926688742447,0.0464526173000546
"1488",2001-11-29,0.0532653640763644,0.0532303364272064,0.0521409502168918,0.0478345372110112,0.0452989205398613
"1489",2001-11-30,0.0472708566925193,0.050754312595711,0.0501906756212394,0.0463050600013047,0.044230199637212
"1490",2001-12-03,0.057083851291039,0.0546097626567537,0.0532122718134084,0.0478574771120076,0.0457271887344222
"1491",2001-12-04,0.0495952384614249,0.0498651638386956,0.0500229061196861,0.0466651861775741,0.0450013157808804
"1492",2001-12-05,0.0469332193461162,0.0463334524867957,0.0466792337950591,0.0444239813402537,0.0429508138076959
"1493",2001-12-06,0.0465666607303585,0.0469017336623613,0.0474442704499134,0.0454748030646174,0.0441434180087328
"1494",2001-12-07,0.0470432103599159,0.0471519510765969,0.0473303578165119,0.0455747985351579,0.044317423963625
"1495",2001-12-10,0.053517581283569,0.0517016285601106,0.0508227628192052,0.0473249811766233,0.0458982245567485
"1496",2001-12-11,0.0518604960069326,0.0503183821259803,0.050199580477282,0.0470432667328491,0.0450916792046426
"1497",2001-12-12,0.0493416038756537,0.0496891228886307,0.0496286046375867,0.0473192508678918,0.0453468696656276
"1498",2001-12-13,0.0546842532389829,0.0533975137036642,0.0532657129257405,0.0484510873331927,0.0463596187776554
"1499",2001-12-14,0.0512895585239368,0.0521224863558576,0.0516661523864181,0.0479948838241364,0.0457528061859574
"1500",2001-12-17,0.0493831457329398,0.0510612660016682,0.0503416149766691,0.0472045784857125,0.0457329576553141
"1501",2001-12-18,0.0449698517069992,0.0477469648436362,0.0473545766008072,0.0452111640066058,0.0447468365501503
"1502",2001-12-19,0.0425058748615807,0.0454646087055722,0.0459554101622448,0.0444546726956456,0.0437112002225185
"1503",2001-12-20,0.0457872995975815,0.0480056217406771,0.0481571535927994,0.0454210286711848,0.0443754318907942
"1504",2001-12-21,0.0415165925459754,0.0464072195691482,0.0469239401167715,0.0451335678410602,0.0439822911966196
"1505",2001-12-24,0.0418928945330071,0.0464306166676791,0.0466525464464049,0.0456767911520892,0.0445692722243414
"1506",2001-12-26,0.0402452300851539,0.0455145678389793,0.0459722275234683,0.0453960043941419,0.043917668099882
"1507",2001-12-27,0.0379133076670862,0.0442978705561525,0.0454564182766401,0.0444019039653066,0.0432141351482436
"1508",2001-12-28,0.0374718430345804,0.0440272781572567,0.045218594734483,0.0440714593179892,0.042984104778729
"1509",2001-12-31,0.0458140372382497,0.0484012302722664,0.0487172011201685,0.0467103062254368,0.0448509894304805
"1510",2002-01-02,0.0455440887885536,0.0481755846507558,0.0488212352213831,0.0460502108814212,0.0446046566672298
"1511",2002-01-03,0.0430581780417794,0.047034959601515,0.0479651921619486,0.0459763159789912,0.0443188900032279
"1512",2002-01-04,0.0402793277369288,0.0445877755922139,0.0454007359116344,0.0444497010941436,0.0433463502887595
"1513",2002-01-07,0.0425061233724333,0.0465687307551795,0.0467981491680659,0.045579038538393,0.0440629371784822
"1514",2002-01-08,0.0427898490610349,0.0467603074055695,0.046722858691987,0.0446964360159617,0.0434284222614354
"1515",2002-01-09,0.0433459817452848,0.0469402621259528,0.0467458644204121,0.0445781731595505,0.0434310496191878
"1516",2002-01-10,0.0436996080973454,0.047324927835043,0.0469905532186009,0.044875535867138,0.0436143760317136
"1517",2002-01-11,0.0454687635728383,0.0488503379243042,0.0484523873230923,0.0463651470772023,0.0443674675456019
"1518",2002-01-14,0.0492926211561287,0.0519668946548025,0.050415328484177,0.04632673655416,0.0446403849975194
"1519",2002-01-15,0.0446351435131318,0.0474052866186813,0.0467135990699649,0.045033233811403,0.0444007071827235
"1520",2002-01-16,0.0482168640369356,0.0508542586356877,0.0492983731879043,0.0462349982981966,0.044732601338716
"1521",2002-01-17,0.0435337782851205,0.0464669239085619,0.0455369535675954,0.044299387505706,0.0433264292840703
"1522",2002-01-18,0.0441157020140556,0.0478227379710719,0.0466247154620466,0.0449179578151608,0.0438771807530393
"1523",2002-01-22,0.047938561828307,0.0497880006057355,0.0479591011588401,0.0460029707690136,0.0446620793787157
"1524",2002-01-23,0.041438952657942,0.0447380574152858,0.0442818832724829,0.0436332739640744,0.043044134585822
"1525",2002-01-24,0.0386768311357898,0.0424744313334662,0.042050384007004,0.0418439601100063,0.0417232688033353
"1526",2002-01-25,0.038875653694052,0.0416186463621024,0.0412951143221038,0.0410967983335299,0.0411641019527446
"1527",2002-01-28,0.0399540311232654,0.0408572534352763,0.0411077950255517,0.0402719635088569,0.0401825259598801
"1528",2002-01-29,0.0511698848069951,0.0488274512256002,0.0469085126896964,0.0432737864350604,0.0417841467503205
"1529",2002-01-30,0.0460817313664913,0.0438504346626699,0.0421856047392737,0.0406709463248027,0.0399110472511882
"1530",2002-01-31,0.0394800324278922,0.0384046767005519,0.0376129581444058,0.0369523499987914,0.0365358455803854
"1531",2002-02-01,0.0398799378309895,0.0394632057141702,0.0389870783954243,0.0375485539629878,0.0372529204952483
"1532",2002-02-04,0.0513954095293558,0.0474215553356107,0.0457572205042645,0.0418610644561007,0.0403204408650432
"1533",2002-02-05,0.0535353462162945,0.0499837620875053,0.0483182577192721,0.0435020039904787,0.0418004786394413
"1534",2002-02-06,0.057806943873414,0.0526253989991474,0.0506029364536504,0.0454241893291711,0.0431303109752855
"1535",2002-02-07,0.0538386467254559,0.0508926086363569,0.0493972229414193,0.0449200303466606,0.0432959949470611
"1536",2002-02-08,0.0478602966104436,0.0453135501151587,0.0443221409574306,0.041807205663706,0.0411646164145311
"1537",2002-02-11,0.0416064416812143,0.0411915417812434,0.0405880402410083,0.0396044786060842,0.0394821575152795
"1538",2002-02-12,0.0409219939176171,0.0406573798620416,0.0400468109344819,0.0389541721797478,0.0390029459098565
"1539",2002-02-13,0.0370719964549989,0.0375025524252285,0.0373894334470289,0.0368966058470929,0.0373271657728709
"1540",2002-02-14,0.0402093457443897,0.0393858402111759,0.0387755178675365,0.0375641061937718,0.0378479679278907
"1541",2002-02-15,0.0432576444728658,0.041581885806798,0.0406344512599607,0.0389352270959974,0.0389581298484209
"1542",2002-02-19,0.0526958613719747,0.0462725559799564,0.0447987583856448,0.0413564195209374,0.0403567639107457
"1543",2002-02-20,0.0447864105706254,0.0430810427192189,0.0420171677320895,0.0399204254400907,0.0395766524387254
"1544",2002-02-21,0.0530866734657873,0.0459894227617903,0.0445014641517589,0.0411607255786206,0.0403909026780198
"1545",2002-02-22,0.0464401575412506,0.0456952831657203,0.0438325967499452,0.0405753512691494,0.0400535557804361
"1546",2002-02-25,0.042178293010437,0.0429032420050354,0.0411234003613848,0.0394991471841326,0.0392110420120216
"1547",2002-02-26,0.0419258538819273,0.0421245591101521,0.0412733185706389,0.0394572099412346,0.0394153915798331
"1548",2002-02-27,0.0412483332952147,0.0415583200616664,0.040813870321906,0.0391207153712633,0.0391872803272476
"1549",2002-02-28,0.0423132738101937,0.0417762721795332,0.0410912221291538,0.0394106261910598,0.0394887043626658
"1550",2002-03-01,0.0372187039532596,0.0370586166103311,0.0373491276947444,0.0372776307163878,0.0379004311320029
"1551",2002-03-04,0.0367803674920319,0.0369054331575771,0.0366114601419992,0.0360766943944007,0.036809692545002
"1552",2002-03-05,0.0367475232428987,0.0366167474106645,0.036636415378066,0.0363943687713533,0.0364981261145545
"1553",2002-03-06,0.0354978585942159,0.0349927428531885,0.0349106326175826,0.0348865377215645,0.0355457984757775
"1554",2002-03-07,0.0370419080649315,0.0364625902066364,0.0359888009680117,0.0358373557774949,0.0360725329765896
"1555",2002-03-08,0.0355286387299198,0.0355591982741943,0.0351303710014816,0.0347958012664273,0.0353952298442676
"1556",2002-03-11,0.0353513639660518,0.0356122860759984,0.0351648574698014,0.0344696116202162,0.0354407338077227
"1557",2002-03-12,0.0342719273143703,0.0345116567369504,0.0345568346165862,0.0342120618849234,0.0350255795054266
"1558",2002-03-13,0.034900122316151,0.0354238177967403,0.0354602142390692,0.0348062936084902,0.0356961893121702
"1559",2002-03-14,0.0342408363440136,0.035035163442813,0.0350875340449294,0.0347053038167238,0.0356003965942936
"1560",2002-03-15,0.0311442165673289,0.0327100828027015,0.0332464303757052,0.033106867827668,0.0344920698964173
"1561",2002-03-18,0.0329832867342305,0.0334311573241789,0.0334540860863482,0.0333644787837052,0.0341550397096717
"1562",2002-03-19,0.0304917076569906,0.0324252874869349,0.032791515702851,0.0325904102387115,0.0335830680568173
"1563",2002-03-20,0.0313890518524208,0.0327242558015207,0.0332453411604445,0.0332499283491852,0.0338525329645858
"1564",2002-03-21,0.0302039963797272,0.0319301761677965,0.0327644158666952,0.032893029590902,0.0335245872011134
"1565",2002-03-22,0.0291265752457657,0.0312041578399549,0.0320323719768709,0.0322275220151343,0.0330163198600193
"1566",2002-03-25,0.0312014042442602,0.0330575351425599,0.033516203419743,0.0329141954403121,0.0333452545676096
"1567",2002-03-26,0.0300661894924977,0.0319429407355268,0.0323070273892627,0.0317313578104642,0.0325985160038566
"1568",2002-03-27,0.0285537921880891,0.0306872697909576,0.031160476221447,0.0308605478015513,0.0317761855760898
"1569",2002-03-28,0.0268549560471695,0.0296148866243656,0.0297925120557779,0.030124642462776,0.0311275137057325
"1570",2002-04-01,0.0324199102097252,0.032541465531238,0.0327510764927858,0.0313710609080205,0.0317025644949182
"1571",2002-04-02,0.0337343415902639,0.033803593257081,0.0339353901615432,0.032187935183319,0.0328500045880706
"1572",2002-04-03,0.037397881922691,0.0363054057113845,0.0357040383486652,0.0337477628045938,0.033883503308332
"1573",2002-04-04,0.0366470003649421,0.0365508681961287,0.0364249122513633,0.0344700355060615,0.0343672474280453
"1574",2002-04-05,0.0349256474705225,0.035639885900395,0.0357836613627216,0.0338226303199728,0.0337384222144085
"1575",2002-04-08,0.0361387179544341,0.0361840567043732,0.0360048244554714,0.0342536189078354,0.0338790503089548
"1576",2002-04-09,0.0355067046652969,0.0360911810704512,0.0359318352109523,0.0341281155394168,0.0342136827721058
"1577",2002-04-10,0.030730519628175,0.0328094679974163,0.0328787092684933,0.0326419158264187,0.033343441911436
"1578",2002-04-11,0.0375610498080873,0.0395063844648397,0.039215652524929,0.0358443792663616,0.0354685582283087
"1579",2002-04-12,0.0346255254264869,0.035793340649997,0.0356871983936591,0.035091612757558,0.0354145075048872
"1580",2002-04-15,0.0357363474754284,0.0365849828418617,0.0363003171618792,0.0351152959280501,0.0353757202609282
"1581",2002-04-16,0.0299431626833163,0.0320653702714334,0.0318694249359761,0.0315073824362076,0.0323848738171777
"1582",2002-04-17,0.0309232869008988,0.0322294096636071,0.0319543620933628,0.0313069293242864,0.0319124853749097
"1583",2002-04-18,0.0336215564595895,0.0331234937234786,0.0329095666225443,0.0324956204523643,0.0325984511058058
"1584",2002-04-19,0.0300509054983394,0.0317153764231336,0.0314255944299099,0.0308537983633795,0.0313712728026241
"1585",2002-04-22,0.0362518888902696,0.0349709125639602,0.0340343893626726,0.032957551292382,0.0326847288842021
"1586",2002-04-23,0.0380148444098711,0.0360551568133591,0.0349740086531461,0.0338800133782043,0.0331273599778863
"1587",2002-04-24,0.0400407108869489,0.03755986322298,0.0360317042461634,0.0349334965987537,0.0337827277878475
"1588",2002-04-25,0.0405835453295266,0.0377374455425186,0.0365280210375838,0.035364151060686,0.0342054323480967
"1589",2002-04-26,0.0467392638924784,0.0413902687560838,0.0390119022800735,0.0373833721884302,0.0358503215376284
"1590",2002-04-29,0.0520342449393269,0.0451782911068557,0.0424443897415,0.0393548725565416,0.037242373698164
"1591",2002-04-30,0.041207396051084,0.0395495136667575,0.0387460439479576,0.0373473484400581,0.0359696912407036
"1592",2002-05-01,0.0368269442574294,0.0361813109098662,0.0356658643797678,0.0353698597419523,0.0349836634432995
"1593",2002-05-02,0.0365573884834675,0.0359850120819647,0.0354348154507733,0.0354125695494143,0.0350954823276092
"1594",2002-05-03,0.0367442053848596,0.0365684584762411,0.036173655098768,0.0364937284981979,0.0358770092866199
"1595",2002-05-06,0.0435928585844101,0.042634076857791,0.0409149934753469,0.039549582028481,0.0378016196307888
"1596",2002-05-07,0.0430715908408283,0.041929732584712,0.0402121360423947,0.0393904157356009,0.0378477377456473
"1597",2002-05-08,0.0371934939064584,0.0370408500885596,0.03634629952282,0.0358034650425645,0.0354057886105395
"1598",2002-05-09,0.0411345702843353,0.0404169349310538,0.0392149182558878,0.0377607677369408,0.0364349307529077
"1599",2002-05-10,0.0447995112838833,0.0437150809732437,0.0422558525411931,0.0401959433655717,0.0385111939345823
"1600",2002-05-13,0.0398192904521551,0.0388629607801912,0.0380563460555391,0.037736990059967,0.0372323581125899
"1601",2002-05-14,0.0346760019791241,0.0337028848778873,0.0339558303468572,0.034486632974796,0.0340854490553491
"1602",2002-05-15,0.0346262076902187,0.0335764383422491,0.0339878672572302,0.0344281467878876,0.0342317732458233
"1603",2002-05-16,0.0323816169812305,0.032123194428109,0.032946972786074,0.0339088490051785,0.0338058945175055
"1604",2002-05-17,0.0299482543187614,0.0300856301620767,0.0310869277462763,0.032374403802885,0.0325824168972793
"1605",2002-05-20,0.0347870073337456,0.0340739486213765,0.0340494701655565,0.0346725421615616,0.0344021948802887
"1606",2002-05-21,0.037763178147257,0.036876348429739,0.0367283488499649,0.0368304075311579,0.0361141184161187
"1607",2002-05-22,0.0358703600848569,0.0356356127628246,0.0357289169696776,0.0361687760241095,0.0356145582469135
"1608",2002-05-23,0.0316062312700601,0.0330786704764536,0.0337520703717326,0.0348885584634419,0.0347584009383637
"1609",2002-05-24,0.0340331663363555,0.0353713118801288,0.0356911732403,0.0363445082722009,0.0359855073839326
"1610",2002-05-28,0.0388550393301946,0.038117017692166,0.0378296251209815,0.0376591459349132,0.0368523153474264
"1611",2002-05-29,0.0386942943171978,0.038905911826765,0.0387376892572957,0.0384161301613725,0.0375180621245272
"1612",2002-05-30,0.0396150599423187,0.0399069039433375,0.0396089523978802,0.0391493330937901,0.0381846628296614
"1613",2002-05-31,0.0380509937762624,0.0386967948208528,0.0389764630975801,0.0391087920763511,0.0383657074626096
"1614",2002-06-03,0.0492426540847298,0.0459999501514423,0.04524305038322,0.0434375148036145,0.041503533241237
"1615",2002-06-04,0.0505801375424599,0.0470151926670673,0.0456469949565632,0.0435383236923471,0.0414230737655117
"1616",2002-06-05,0.0452717975875369,0.043387822826146,0.0423916349941504,0.0412648032134607,0.0397177508569364
"1617",2002-06-06,0.0498613605049157,0.0475391528643203,0.0458066873832562,0.043854608299404,0.0417160399602236
"1618",2002-06-07,0.0480764317052273,0.0464877567009494,0.045116356329334,0.0434443579242652,0.0415314376024859
"1619",2002-06-10,0.048254473820103,0.045968237646898,0.0445953141141284,0.0431704302857013,0.0413192942072187
"1620",2002-06-11,0.0520266832494581,0.0496191926161908,0.0478513720720483,0.0455709370654678,0.04334810125372
"1621",2002-06-12,0.0522389618621937,0.0496334148586444,0.0479741963144263,0.0459355354061003,0.0437961572976628
"1622",2002-06-13,0.056626712568247,0.0530953945034457,0.0510713950537535,0.0483625465543401,0.0457342275239837
"1623",2002-06-14,0.0607371404585531,0.0552853415316884,0.0526000562226465,0.049355120495618,0.046472742524497
"1624",2002-06-17,0.0561120552522196,0.050227094800305,0.0484921629750035,0.0459346914280155,0.0438319919687825
"1625",2002-06-18,0.0536541616144481,0.0485820684617728,0.0467396382049869,0.045107468843227,0.0431033734754624
"1626",2002-06-19,0.0623772027623284,0.0560802362360506,0.0532329560034777,0.0495754077262171,0.0463476134861916
"1627",2002-06-20,0.0694587976007804,0.0606563267394879,0.057114702156132,0.0523095323951571,0.0483629938889555
"1628",2002-06-21,0.0689372624892618,0.0591338755557243,0.055848224638456,0.0512094398343732,0.048155758756277
"1629",2002-06-24,0.067336284545127,0.0569823133511936,0.0544143729542476,0.0509193893736257,0.0479021816950977
"1630",2002-06-25,0.0733028484598932,0.0599552673501018,0.0566339731371858,0.0519020701834777,0.0483269060364164
"1631",2002-06-26,0.0774857462867906,0.0616508488120186,0.0576867781374938,0.051550096699234,0.0473806348910542
"1632",2002-06-27,0.064506273464555,0.0546888288549149,0.0519671509850841,0.0480093442154198,0.0449919389069144
"1633",2002-06-28,0.0586815768927401,0.0520935684367986,0.0495882127740648,0.0462538666757287,0.0439004346711567
"1634",2002-07-01,0.0669268187746105,0.0564199318262992,0.0539413675430645,0.0490867083156155,0.0449171973426273
"1635",2002-07-02,0.0769517011978121,0.0645581909600511,0.0609076320108398,0.0533208346884591,0.0484080675394044
"1636",2002-07-03,0.0757505258833513,0.0657191529082236,0.062637396964394,0.054111344240774,0.0485578703712147
"1637",2002-07-05,0.0623445833890971,0.0564865727847871,0.0547501088199686,0.0486226360046376,0.0449291358900262
"1638",2002-07-08,0.0672243552088497,0.059889854434985,0.0584612529150256,0.0507408126621737,0.0459905459028555
"1639",2002-07-09,0.0782666721763611,0.0679579312480569,0.0661155109244554,0.0552488288189431,0.0487958647568631
"1640",2002-07-10,0.0979603503687227,0.080043457135783,0.0772456393502872,0.0603862022246143,0.0515121151132345
"1641",2002-07-11,0.0973195016544213,0.0813450814817439,0.0790110220470164,0.0606661195178433,0.0509801773685829
"1642",2002-07-12,0.0952339621671368,0.0805753493243345,0.0783602059060475,0.0599815313497251,0.0506984323656976
"1643",2002-07-15,0.109628891233358,0.0861519418975625,0.0832341968932924,0.0636025037294142,0.0526188725016949
"1644",2002-07-16,0.120030673537935,0.0928089934639973,0.0892258155111021,0.0660534504967563,0.0543954893069647
"1645",2002-07-17,0.112986802454754,0.089604988576671,0.0860267259112905,0.0648866219234283,0.0544266597672363
"1646",2002-07-18,0.113331888349061,0.0887897538506041,0.0846171181965827,0.0646833869805399,0.0532612717722901
"1647",2002-07-19,0.134218310130064,0.0998265082755338,0.0949637213981738,0.0694325613459184,0.0555113331701266
"1648",2002-07-22,0.170936221861518,0.118600114288314,0.103076662340762,0.0755536824719337,0.0603788959484471
"1649",2002-07-23,0.19405327418803,0.133739104598165,0.113730686576288,0.0827803765154995,0.0649966959008477
"1650",2002-07-24,0.153216971565686,0.107891191915231,0.0930348212719178,0.0665977742245915,0.0539138690507916
"1651",2002-07-25,0.147364471976855,0.111372469212322,0.0974150935650899,0.0693581049651745,0.0540632458513564
"1652",2002-07-26,0.119324049341421,0.0988685925089704,0.0884518095932468,0.0640774215918677,0.0510083318211835
"1653",2002-07-29,0.0911706499366747,0.082056801090772,0.0731533834014013,0.0558167383195059,0.0465564391576386
"1654",2002-07-30,0.0892069502280868,0.0835400065598159,0.0744729999856838,0.0584641275614236,0.0483101008019003
"1655",2002-07-31,0.0872658381183418,0.0832543206840451,0.0756429866019826,0.0595939922434291,0.0499142066723948
"1656",2002-08-01,0.107992636527293,0.102375741327874,0.0922045167019214,0.070197767964978,0.0568814107634895
"1657",2002-08-02,0.133659178884528,0.127603397887916,0.113874007252147,0.0851068710212912,0.0665898644868625
"1658",2002-08-05,0.159182260147094,0.149170197038031,0.129414519489902,0.092471169572333,0.0697999004055301
"1659",2002-08-06,0.140504197292686,0.132432162039363,0.116250429457264,0.0839625798903803,0.0665687725752431
"1660",2002-08-07,0.122793150274235,0.117992775443509,0.10613009646174,0.0781193637669993,0.0624622604411876
"1661",2002-08-08,0.108177011140289,0.104221288866444,0.0938229331409863,0.0703627622609162,0.0570890191024354
"1662",2002-08-09,0.105618600388513,0.102104403573508,0.0924112845983085,0.0704457850310434,0.0569710776146439
"1663",2002-08-12,0.116728740842691,0.110446598842661,0.0972729286816605,0.074097701272189,0.0599311245183401
"1664",2002-08-13,0.112552688161406,0.10702735369453,0.0954266772188861,0.0735316628787109,0.0611539737392224
"1665",2002-08-14,0.0914891280846273,0.0903388091466129,0.0818791002391735,0.0642775445465406,0.0548108512329517
"1666",2002-08-15,0.0762546950243665,0.0771246060152077,0.0718389002478366,0.0587932764849597,0.0513352494968726
"1667",2002-08-16,0.0747214759388984,0.0750537538449306,0.0701907516444758,0.0593998869241859,0.0521812356868192
"1668",2002-08-19,0.0724144866563905,0.0729866070447123,0.0681651535534947,0.0566880232734203,0.0496435917707173
"1669",2002-08-20,0.0777003428057876,0.0764795633687942,0.0717171627712346,0.059102209670115,0.0515655396953984
"1670",2002-08-21,0.0696008885580921,0.0734538358735934,0.0689098118233891,0.0573116968380003,0.0502563879192618
"1671",2002-08-22,0.0680051473073668,0.0712086934620239,0.0680105131496829,0.05673951846581,0.0495968351580124
"1672",2002-08-23,0.0776629831629518,0.0777833332435319,0.0720133165969001,0.059878638453359,0.0520044231075104
"1673",2002-08-26,0.0777479054076824,0.079247007876465,0.0737463880504654,0.060771663827493,0.0528829136251242
"1674",2002-08-27,0.0785346055564534,0.0834091632661817,0.0774905457814793,0.0628350104144884,0.0544408461871142
"1675",2002-08-28,0.0977832771867933,0.0959891484463421,0.0876921522695828,0.0698919522020615,0.0602887649887037
"1676",2002-08-29,0.0992083140589807,0.0985684930159571,0.0906189505219235,0.0700567809676987,0.0605748866246803
"1677",2002-08-30,0.091488639466599,0.0950645622827346,0.0883794224062458,0.07124906941552,0.0603210033509568
"1678",2002-09-03,0.138177976396263,0.12165922633231,0.109566463152995,0.082243292809612,0.0681556360618375
"1679",2002-09-04,0.119277050670515,0.110771627520072,0.101144336097727,0.0786776705614996,0.0656869402125299
"1680",2002-09-05,0.130391933981522,0.118672991481696,0.107847914719945,0.0817126486206243,0.0679855669016563
"1681",2002-09-06,0.118140401755979,0.109684483053919,0.100920192972254,0.077553540604431,0.065329321150734
"1682",2002-09-09,0.115195990830164,0.106583603905332,0.0985266119203305,0.0757421545164013,0.0638953008559051
"1683",2002-09-10,0.108155843767415,0.101472157948396,0.0949998751947622,0.0749306442946509,0.0637521516523638
"1684",2002-09-11,0.105897552754342,0.101013431790695,0.0940617343366967,0.0732535058552544,0.062541145962966
"1685",2002-09-12,0.122489587343462,0.110987249781084,0.102548932094968,0.078162354621056,0.0661413551393514
"1686",2002-09-13,0.11542479655535,0.107513419022744,0.100441489972359,0.0781674183347708,0.066118803056444
"1687",2002-09-16,0.116489231069652,0.108716709855741,0.100378901992567,0.0777098654125339,0.065755511600021
"1688",2002-09-17,0.126244806727308,0.115342400212695,0.106343791841527,0.0812606477576646,0.0675812635866154
"1689",2002-09-18,0.127722820846926,0.116516675189086,0.107687387307899,0.0829012197712008,0.0688720258925763
"1690",2002-09-19,0.146346459614848,0.132427568563162,0.120472715488273,0.0914585491970821,0.0742040264242312
"1691",2002-09-20,0.135852926526925,0.124496192740444,0.115061052871431,0.0886569385242393,0.0733781050022909
"1692",2002-09-23,0.143948532526981,0.128160518224049,0.11921737276227,0.0908487309222069,0.07481078753951
"1693",2002-09-24,0.149731801220638,0.135979547402276,0.126854184288975,0.0962241356567284,0.0789020803595143
"1694",2002-09-25,0.126427179883174,0.123086890690077,0.117578445987071,0.0914234576997055,0.0758677609065396
"1695",2002-09-26,0.108576778440108,0.112358594930879,0.109400804807036,0.0876723850897519,0.0745668312813461
"1696",2002-09-27,0.126466756234647,0.123551108483107,0.119465352530615,0.0937489952380874,0.0784815013385194
"1697",2002-09-30,0.141994045250289,0.13194211171833,0.12661774286515,0.0973393267057988,0.0801704709276711
"1698",2002-10-01,0.1128401508981,0.110239021416551,0.108611381798574,0.086292020491552,0.0732038197302269
"1699",2002-10-02,0.130315832841749,0.124312717651025,0.121186653066401,0.0937058334298917,0.0778334877200126
"1700",2002-10-03,0.13421147468004,0.128948698759835,0.125758518105801,0.0968510167470421,0.080500215082648
"1701",2002-10-04,0.141573461631235,0.134717268302764,0.131147847923207,0.0993308442182282,0.0817581908473361
"1702",2002-10-07,0.162034494172163,0.148936181393078,0.144408702484467,0.10614706628708,0.0859871309131592
"1703",2002-10-08,0.151450163598937,0.140925315102243,0.137098197310698,0.102313813753549,0.083700407891016
"1704",2002-10-09,0.162854967444632,0.1498159430114,0.14570921876744,0.106982623534717,0.0865080583946385
"1705",2002-10-10,0.144480735186919,0.1355139777245,0.132207142790098,0.100151363419854,0.0822001163228794
"1706",2002-10-11,0.123732252367826,0.118184555279818,0.115655480133293,0.0910213024401181,0.0762385821284308
"1707",2002-10-14,0.127026612998121,0.118651708100773,0.115073015711724,0.0897292944416098,0.0746889510082818
"1708",2002-10-15,0.111339452076849,0.105719667721514,0.10243415007681,0.0819743656694784,0.0700995381724601
"1709",2002-10-16,0.124230503614483,0.113782356181681,0.109547163496068,0.0862051860643399,0.0729085507838263
"1710",2002-10-17,0.110928283834882,0.10273372561009,0.0987669468048853,0.0799072125091361,0.0686857804989822
"1711",2002-10-18,0.107155046875416,0.100448707466191,0.0961728023105853,0.0789288109723225,0.0687256825418443
"1712",2002-10-21,0.106423908920066,0.0968744177169148,0.0913014810964367,0.0769461268757622,0.0666991198226484
"1713",2002-10-22,0.113527121677915,0.0994581088369288,0.0934408370895533,0.0777968700210703,0.0670711962072942
"1714",2002-10-23,0.107217704568849,0.0975230480726569,0.0911395334445481,0.0760691349256634,0.0661216641883249
"1715",2002-10-24,0.112312502265373,0.0989620556803545,0.0920488872095174,0.0757329142424992,0.0662297048541043
"1716",2002-10-25,0.0889981026761264,0.0849422854915399,0.079396246631386,0.0682188428304608,0.0608106624494823
"1717",2002-10-28,0.0944834528940338,0.0860006028539473,0.080166733681382,0.068155146080188,0.0608988777623162
"1718",2002-10-29,0.0973617995658273,0.0888837405916333,0.0821859901856233,0.0690008109117183,0.0610438176067181
"1719",2002-10-30,0.0903820647281263,0.0848061857991949,0.0787418418698654,0.0671353327187733,0.0607870278493116
"1720",2002-10-31,0.0847839307129681,0.0811325242447136,0.0761753466278845,0.0652614437690031,0.0593622004196407
"1721",2002-11-01,0.0781316905150213,0.0751623602225934,0.0704797413478403,0.0619888079409265,0.0574131729544274
"1722",2002-11-04,0.0801874291174099,0.0757736145640257,0.0705055507297166,0.0622290441020612,0.0575462377909573
"1723",2002-11-05,0.081860018220734,0.076817498247392,0.071395273364011,0.0630251971228234,0.0576686607982876
"1724",2002-11-06,0.0806892906738958,0.076455833867996,0.071869697844291,0.0626405797668957,0.057093413539513
"1725",2002-11-07,0.0842513796320929,0.0792711746690922,0.0740706829101453,0.0641511392843816,0.0586482354990871
"1726",2002-11-08,0.0819842372256926,0.0783495800234566,0.0744508577965857,0.0651639392044138,0.059077543948087
"1727",2002-11-11,0.091505135223071,0.0854538845653872,0.0792787878422562,0.0679877148593439,0.0607356116529937
"1728",2002-11-12,0.0876918081046889,0.082336484663141,0.0775435865743554,0.0678281017403181,0.0611476517558551
"1729",2002-11-13,0.0920218208735556,0.0862247653151516,0.0812703527282795,0.0706954555918693,0.0637675232590099
"1730",2002-11-14,0.0781742624648097,0.0748039147662666,0.0722320942280062,0.0652486217453419,0.059787246123357
"1731",2002-11-15,0.0684230512702427,0.0672491464217044,0.067003982969446,0.0622835478186395,0.05789629146707
"1732",2002-11-18,0.0739225428464616,0.0697104887438783,0.0682647392257262,0.0637685655574622,0.0588320036608209
"1733",2002-11-19,0.0721232488625556,0.0687050121349439,0.0676985026988239,0.06387869806983,0.0590414117560838
"1734",2002-11-20,0.0621141976955913,0.0593626403351824,0.0603347139494096,0.0591916313754419,0.0560238583485602
"1735",2002-11-21,0.0576406929509344,0.0548598208428379,0.0554097906951778,0.0548059668644265,0.0527440334914661
"1736",2002-11-22,0.0550794739332997,0.0539703449854351,0.0551884005226538,0.0549390010698239,0.052758440975739
"1737",2002-11-25,0.0593994939362272,0.0561208388189285,0.0561448841710205,0.0549070463487603,0.052531959438701
"1738",2002-11-26,0.0676632923490678,0.0627364660182961,0.0620158883671621,0.0593270103307875,0.055606726377352
"1739",2002-11-27,0.0748870296005118,0.0641542615111225,0.0609337265308703,0.0584074964877491,0.054424634830224
"1740",2002-11-29,0.0731521345092416,0.0654551328313215,0.0627199617494472,0.0593306573935763,0.0554046685045386
"1741",2002-12-02,0.069804494412609,0.064643878506195,0.0635885094484368,0.059849083762635,0.055715904922314
"1742",2002-12-03,0.0746246839784773,0.0697125718502429,0.0674487414601751,0.0621307637964545,0.0573009622935377
"1743",2002-12-04,0.0759463487667956,0.0717194362566233,0.0695592705969862,0.0635263173646985,0.0587837822390582
"1744",2002-12-05,0.0811582871771504,0.0770438446053059,0.0744853020458275,0.066702778271878,0.0609822782877139
"1745",2002-12-06,0.0752478270644389,0.0734012388046884,0.0718622278083927,0.0652195304897971,0.060009011107423
"1746",2002-12-09,0.0839503872364659,0.0811338529938967,0.0797045423323227,0.0703977061124325,0.0636855866007365
"1747",2002-12-10,0.0767700500985099,0.0749437640032529,0.0739782870962237,0.066863398735932,0.0613817855285253
"1748",2002-12-11,0.0727355789420482,0.0726274536634568,0.0722753248340706,0.0661715816011369,0.0610000183489054
"1749",2002-12-12,0.0700218205311882,0.0708300045005492,0.0704733561712126,0.0648691591906738,0.0606544503880101
"1750",2002-12-13,0.0743648110605658,0.0739701092659122,0.0735454032637059,0.0665702281811894,0.0615078484178156
"1751",2002-12-16,0.0648948475962039,0.0663698666957222,0.0665806311324297,0.0619160407606225,0.0585089812243908
"1752",2002-12-17,0.0665816347081277,0.0669122448282228,0.066976951542969,0.0622150459615138,0.0585648918030238
"1753",2002-12-18,0.0738563409696956,0.0733010815071616,0.0732758513767659,0.0668396280546078,0.061777161247477
"1754",2002-12-19,0.0840712813874173,0.0807016344633064,0.0803829695000795,0.0718988685638834,0.0652766782786331
"1755",2002-12-20,0.0660108368879926,0.0726828125650577,0.0738735086128172,0.066798137596907,0.0627265152562055
"1756",2002-12-23,0.0654591441329614,0.0711410388797512,0.0719535501146109,0.0655717534334294,0.0610716728890681
"1757",2002-12-24,0.0663396224026355,0.0712584686115748,0.071918586951154,0.0671013385990065,0.0622422769010649
"1758",2002-12-26,0.0702985773266216,0.0732337973473362,0.0734592373000678,0.0669184506894418,0.0623544714056448
"1759",2002-12-27,0.0829954648202572,0.0812346430625444,0.0815875054387827,0.0724135879945726,0.0669436778027591
"1760",2002-12-30,0.0818005879099996,0.081324908659159,0.0815074060623464,0.0718814595406122,0.066146021987187
"1761",2002-12-31,0.0750445204326973,0.079968804710677,0.080725935498964,0.0720999077318803,0.0657356355690289
"1762",2003-01-02,0.0617414138619216,0.0677386986143292,0.0700720283159107,0.0657226883627363,0.0615378993872889
"1763",2003-01-03,0.0597398204787348,0.0648284692134019,0.0672907766337141,0.0633929336609823,0.0603258155622553
"1764",2003-01-06,0.0592006868480802,0.0633168346479484,0.0646219077611925,0.0614547098581426,0.0589842520978068
"1765",2003-01-07,0.0602441445426865,0.0648443598113784,0.0660814989345246,0.062703464698855,0.059347452831078
"1766",2003-01-08,0.0616179270309358,0.0663041992682236,0.0672697830591267,0.0636758674545999,0.0604761949995473
"1767",2003-01-09,0.0560670361699576,0.0618729704384007,0.0628602753870785,0.0608210126796992,0.0586334128929854
"1768",2003-01-10,0.0566035774565604,0.0620079591980181,0.0627672895130255,0.060910010494727,0.0587095502678297
"1769",2003-01-13,0.0580437367063506,0.063196783962068,0.063319698695284,0.06179572601292,0.0594104181074323
"1770",2003-01-14,0.0563338343779068,0.0628946231404819,0.062922354490603,0.060705065401005,0.0579693012971291
"1771",2003-01-15,0.0587669915608046,0.0649712851219281,0.0647640179682432,0.0624620085828317,0.059558989706411
"1772",2003-01-16,0.0579548886380529,0.0645242374723665,0.0643686199946471,0.0623108477392564,0.0595348678919929
"1773",2003-01-17,0.0611907492090684,0.0681707217702306,0.0673085091123607,0.063316727656057,0.0601526460690056
"1774",2003-01-21,0.0699138297820487,0.0747667951804483,0.0716912088647167,0.0665366038824783,0.0622260935890831
"1775",2003-01-22,0.0763210954135716,0.0801703896228801,0.0765180077078673,0.0698954888314008,0.0645470816760656
"1776",2003-01-23,0.0704220878098035,0.0753229118076153,0.0722639541695175,0.0672705332445955,0.0630366698831839
"1777",2003-01-24,0.0891804300996077,0.0876065693434232,0.0821174594766257,0.0732895183440332,0.0672275037719842
"1778",2003-01-27,0.115874492157126,0.103788891763784,0.0944272081691847,0.0800174369769925,0.0716168648747168
"1779",2003-01-28,0.0932805257789531,0.0919781604515035,0.0851131294952727,0.0743339481280418,0.0680846302354126
"1780",2003-01-29,0.0892897246734352,0.0923539342403712,0.0860276803623176,0.075243578873525,0.0684726436994038
"1781",2003-01-30,0.0915476659105446,0.0983930378075702,0.0921433652325997,0.0789844110891067,0.0709002034493742
"1782",2003-01-31,0.0882754931344043,0.0962611473796282,0.0905878427123168,0.0780077642048444,0.0701195752868969
"1783",2003-02-03,0.0903962775456943,0.0912855643911573,0.0863573871839554,0.0752833387207752,0.0681747285445241
"1784",2003-02-04,0.103241194049286,0.100794552254472,0.0936717901943713,0.0797794000615107,0.0711840866944033
"1785",2003-02-05,0.106015663201748,0.102035038218283,0.0942751130463123,0.0798543932090903,0.0713784719782694
"1786",2003-02-06,0.110289261789615,0.105203707262762,0.096404787181842,0.0805613103035644,0.0718949081782154
"1787",2003-02-07,0.116005364273451,0.109828462812389,0.10026987607085,0.0828685665470832,0.0734701864655191
"1788",2003-02-10,0.11303593410632,0.105510994709422,0.0955454752414963,0.0799993137597503,0.0717349198394868
"1789",2003-02-11,0.110577798866887,0.104013052766031,0.0944338572709458,0.0797070730579347,0.0716727048559345
"1790",2003-02-12,0.116198697778795,0.108238563896093,0.0971126562534629,0.081308787923149,0.0726648479779108
"1791",2003-02-13,0.110457021742756,0.101984622216015,0.0914127859768647,0.077474315171149,0.069901951210094
"1792",2003-02-14,0.0989578855729113,0.092133122594931,0.0829796341227029,0.0715478241246151,0.0651637422659521
"1793",2003-02-18,0.0900362495552653,0.083374404535985,0.0749779411228135,0.0664768338961486,0.061615648873666
"1794",2003-02-19,0.0913959812811326,0.0846337976985856,0.0760483749160719,0.0673788631644479,0.0623569649929958
"1795",2003-02-20,0.0925454096447781,0.0849039538637575,0.0764603263667805,0.0677326774066952,0.062570310618736
"1796",2003-02-21,0.0860613164917712,0.0797483320539948,0.0721966354994034,0.0649259497574065,0.0606923788460191
"1797",2003-02-24,0.0987379995184098,0.0852218696606852,0.0789132203699843,0.0680546062987014,0.0626606601951073
"1798",2003-02-25,0.0964287995356202,0.0855649919542004,0.0792130641256065,0.0681060399637962,0.062431295093561
"1799",2003-02-26,0.0996181332477963,0.0890720946195829,0.0825852032822647,0.0704851600347149,0.0641506057766398
"1800",2003-02-27,0.088183221464855,0.0829557986924101,0.0788291739344814,0.0682758485751537,0.0630445122733302
"1801",2003-02-28,0.0833227238501024,0.0787977954940163,0.0751281923489691,0.065775252892921,0.0617324987544657
"1802",2003-03-03,0.0860083357122255,0.0803176525750133,0.0761579726806025,0.065563582494404,0.0613412300667519
"1803",2003-03-04,0.0944661474675274,0.0877144875491764,0.0819726508655396,0.0696159338130965,0.0640544055905427
"1804",2003-03-05,0.0862664671527731,0.0825000926882535,0.0778069218149566,0.0670663408802523,0.0623310982102933
"1805",2003-03-06,0.0918286969167978,0.0866343428332294,0.0800538624412195,0.0678445101876414,0.0627109227418187
"1806",2003-03-07,0.0897295749211296,0.0851634672107496,0.0794465356114874,0.0676614035928763,0.0628440529958445
"1807",2003-03-10,0.103722325260384,0.0946627656893405,0.0874814563718593,0.0721608515145041,0.065558337525404
"1808",2003-03-11,0.107449621323809,0.0982678721903927,0.0904159635156507,0.0732129269794387,0.0666090770492854
"1809",2003-03-12,0.107510038164171,0.0977094292240951,0.0908009614549558,0.0744342059112073,0.0675777617159194
"1810",2003-03-13,0.0949333134989065,0.0875070580986077,0.0811610093042275,0.0687506209558513,0.0631467070554892
"1811",2003-03-14,0.0910648498587039,0.08633663494815,0.0805408306789004,0.0678744944693862,0.0627063816236049
"1812",2003-03-17,0.0970000969037447,0.0858114840747954,0.0789586503359218,0.0653706225057469,0.0598703691430062
"1813",2003-03-18,0.0876765372604599,0.0793437473728798,0.0740617272900899,0.0627577087030851,0.0586100773002406
"1814",2003-03-19,0.0943115095566032,0.0832340223615091,0.075388955835767,0.0643455814602673,0.05842087204369
"1815",2003-03-20,0.0882429634589543,0.0775609996908661,0.0717657291592472,0.060831674477885,0.0572134300080617
"1816",2003-03-21,0.0791285406005672,0.0710358546338015,0.0660991604222061,0.0575488683560558,0.0534417241314524
"1817",2003-03-24,0.0897273077818537,0.077719635645386,0.072400003004405,0.0605686489508477,0.0553822387642698
"1818",2003-03-25,0.0791122475137984,0.0708864717773389,0.0665077248447923,0.0569784150862167,0.0527161531025623
"1819",2003-03-26,0.0758626962701435,0.0695781561044435,0.0658534533175842,0.0566965141920986,0.0526596507317712
"1820",2003-03-27,0.0747536262617088,0.0700910839125558,0.0663561576927365,0.0569604740847786,0.0529695264936477
"1821",2003-03-28,0.073380425714085,0.0696699337017923,0.0663933221787231,0.0567921128350855,0.0529555604875971
"1822",2003-03-31,0.0809537504213552,0.0747110046539478,0.0710368203157652,0.0595445089530477,0.0545830857149084
"1823",2003-04-01,0.074409885425455,0.0702395908891832,0.0674760560071178,0.0573625615087959,0.0531075918442942
"1824",2003-04-02,0.0705402971989313,0.0667074908364797,0.064596730155964,0.0556483488281118,0.0522027282781348
"1825",2003-04-03,0.071067819192657,0.0674574859960377,0.0657233983655365,0.0561849331408312,0.0524181246989939
"1826",2003-04-04,0.0741718148438148,0.0693833574593885,0.0673632974440398,0.0569436253778942,0.0527240624414974
"1827",2003-04-07,0.071437904748383,0.0668041913943593,0.0652796766440031,0.0556388807748453,0.0520421799347545
"1828",2003-04-08,0.0670248385042542,0.0637968811008329,0.0626653348295178,0.0543148834983275,0.0512911106532965
"1829",2003-04-09,0.0684436982672648,0.065005365972945,0.0638643252761214,0.0556801211354264,0.0525626665896017
"1830",2003-04-10,0.0611989577960583,0.0593488511703386,0.0585607938188305,0.0524754060010483,0.0498235928160729
"1831",2003-04-11,0.0573557395486138,0.0564064252080623,0.0557982073966652,0.0514726688605742,0.0491063528961651
"1832",2003-04-14,0.0522566419405945,0.0516099723428479,0.0510111707465737,0.0481209692077967,0.0466568802897232
"1833",2003-04-15,0.0487393704604452,0.0495066930197081,0.0489890065219775,0.0465918805357653,0.0454196873559367
"1834",2003-04-16,0.0485256551069308,0.050636802970779,0.0500382628393088,0.0474793229596832,0.0458835042088559
"1835",2003-04-17,0.0441419021547336,0.0473466257135805,0.0469285989838768,0.0456904839749617,0.0450266199903045
"1836",2003-04-21,0.045491936941499,0.0477646202002498,0.046778663693581,0.0448678521833854,0.0444411736157202
"1837",2003-04-22,0.0413180802413422,0.0417447813922688,0.0412877485434186,0.0416135503360608,0.0418492305745837
"1838",2003-04-23,0.0415216365372834,0.0417322988208985,0.0408421809620396,0.0406958009278638,0.0410161370028419
"1839",2003-04-24,0.0402838812841944,0.0411314755828714,0.040905601705771,0.0411933189827293,0.0412654352394286
"1840",2003-04-25,0.0410186181309135,0.043356216442327,0.0425680079134683,0.0426904316446822,0.042727642528418
"1841",2003-04-28,0.0416423234148439,0.0414183402622451,0.041622529744363,0.041770980367739,0.0413669421945788
"1842",2003-04-29,0.0417376681429066,0.0415119262462448,0.0414669833503669,0.0419116969130446,0.0416485987546156
"1843",2003-04-30,0.0422339170570507,0.0421266571579503,0.0421338491741962,0.0424190037427166,0.0419082620612551
"1844",2003-05-01,0.0441889895960389,0.0437414877795807,0.0435844718973466,0.0433460853062903,0.0420376989886627
"1845",2003-05-02,0.0400588926272548,0.0404196846864583,0.0414897717038734,0.0416503970373318,0.0413623512385669
"1846",2003-05-05,0.0412636039016441,0.040915972131396,0.0410251428026974,0.0409241988727431,0.0414253353147055
"1847",2003-05-06,0.0406940651024948,0.0403420081026291,0.0405591644728313,0.0407171276482896,0.0404779910785164
"1848",2003-05-07,0.0419825231184763,0.0413926494988143,0.04141653397316,0.0412742594188003,0.0407147617781514
"1849",2003-05-08,0.0427135415375161,0.042206295940265,0.0420978682079655,0.0420934981276368,0.0417683139636943
"1850",2003-05-09,0.0383544975171248,0.0388266237808537,0.039741950977496,0.0406692236736273,0.040871254862167
"1851",2003-05-12,0.0367022165194678,0.0368558646122434,0.0375486525240455,0.0382118742929608,0.0388836772537873
"1852",2003-05-13,0.0378334757216453,0.0377538052441815,0.0382178886802937,0.038635826017703,0.039447400949052
"1853",2003-05-14,0.0380444004659577,0.0384875822989077,0.0392112750285867,0.0396611972222234,0.039580587260909
"1854",2003-05-15,0.0362203604925683,0.0369627908649983,0.037666751994376,0.0386069780061488,0.0390997179830388
"1855",2003-05-16,0.0329459374969952,0.0342862619539395,0.0358547293429465,0.0374995339321946,0.0383148348547003
"1856",2003-05-19,0.0405045019538566,0.0414815941009054,0.0415680244135511,0.0415016582098337,0.0412402643888379
"1857",2003-05-20,0.0430869591983881,0.044149540961135,0.0440041078714977,0.0431613678755891,0.0424983501719171
"1858",2003-05-21,0.042475314726182,0.0443140918334964,0.0443342642324752,0.0436043950167587,0.0428128496331825
"1859",2003-05-22,0.0369034364686018,0.0408617733106926,0.0418949732351032,0.0421529092327451,0.041837844031913
"1860",2003-05-23,0.0346724745419127,0.0388353198883295,0.0402646861245551,0.0409510144981647,0.0408512794927033
"1861",2003-05-27,0.038875518736572,0.0396912198699302,0.0404098179264234,0.0403654740197705,0.0400808963017343
"1862",2003-05-28,0.0390448538904549,0.0392492164076959,0.0399576573513424,0.0398719951366551,0.03948342419146
"1863",2003-05-29,0.0396349559600795,0.0398928574852921,0.0404110087275642,0.0400495750387485,0.0396148638428116
"1864",2003-05-30,0.0361786972673512,0.0370340317037864,0.0380577066467793,0.0383155253835747,0.0382914682717386
"1865",2003-06-02,0.0407311279798532,0.0394300906288551,0.0394132718269584,0.0387295631199193,0.0381392777643522
"1866",2003-06-03,0.040303742415298,0.0395688495951116,0.0394848206955655,0.0385530977380821,0.0378736247910134
"1867",2003-06-04,0.0389897828721475,0.0382120490714508,0.0382681484425413,0.0376689214013608,0.0372339706912146
"1868",2003-06-05,0.0392869898291187,0.0390301479593968,0.0390355418460465,0.0381115826460303,0.0374539231258636
"1869",2003-06-06,0.0412798308173206,0.040838468566387,0.0404803423921749,0.038959901902204,0.0379497848448226
"1870",2003-06-09,0.0447408846092683,0.0438584146855371,0.0427742188023571,0.0405003262551055,0.039009417407225
"1871",2003-06-10,0.0399019718838787,0.0400743157547077,0.0397566926435453,0.0383384236692098,0.0372686180609881
"1872",2003-06-11,0.0375452390506949,0.0379451683484618,0.0377006038735794,0.0367630917557029,0.03599122753793
"1873",2003-06-12,0.038020257834022,0.0384139682780782,0.0380559285849148,0.0370790733939073,0.0362472292662694
"1874",2003-06-13,0.0394042748405104,0.0397915260430201,0.0394333452605876,0.0381284415657223,0.0369799948272618
"1875",2003-06-16,0.0369557962646287,0.0365505804867671,0.0364117443437583,0.0357047895447852,0.0350747221272
"1876",2003-06-17,0.0367255075072994,0.0368899573345406,0.0366254584425693,0.0359870216783209,0.0353797904741179
"1877",2003-06-18,0.0359386113491292,0.0363973836245835,0.0361006580075676,0.0356373337525849,0.0350972981209637
"1878",2003-06-19,0.0353937620741011,0.0364829643857273,0.0362647859858792,0.0359089959170463,0.0352639847457967
"1879",2003-06-20,0.0334826284016711,0.0346002373008891,0.0350813643164374,0.0348619683563896,0.0343544415838188
"1880",2003-06-23,0.0387084912047848,0.0385466549896102,0.0376855860821843,0.0370129003129261,0.0357798985688518
"1881",2003-06-24,0.0400899163296205,0.0392374366121636,0.0389129013584801,0.0375410885948554,0.0360625938033448
"1882",2003-06-25,0.0394220424867067,0.0395104399185685,0.0392506113735108,0.0379296413012203,0.0366729389299148
"1883",2003-06-26,0.0350917026731335,0.0367466802103488,0.0367768813996863,0.0362352386117676,0.0357325966782374
"1884",2003-06-27,0.0332628808306364,0.0371605524245217,0.0377474231517965,0.0372174627319984,0.0364169461362725
"1885",2003-06-30,0.0364150470235518,0.0376407623377277,0.0379912950674492,0.0376034733005459,0.0367620356470463
"1886",2003-07-01,0.0352703912548725,0.0372957584696574,0.0377549536289798,0.0373480247681842,0.0364916543882608
"1887",2003-07-02,0.0342160194837179,0.036043367055242,0.0366212133569104,0.0369359721108361,0.0357602063670619
"1888",2003-07-03,0.0355324779987835,0.0369522588231702,0.0373553641493082,0.0377006951285736,0.0366854393061719
"1889",2003-07-07,0.036797379690961,0.0368432459176466,0.0367521143435773,0.0366171427772546,0.0356355422433297
"1890",2003-07-08,0.0348687027984538,0.0359199192614757,0.0359859948306413,0.0364474222306956,0.0354659396576472
"1891",2003-07-09,0.0332254993933852,0.0354072862570316,0.0355396988779401,0.0363995145238011,0.035598191029025
"1892",2003-07-10,0.0343954591793782,0.0370393221562379,0.0370933457539684,0.037207160271453,0.0364026993128621
"1893",2003-07-11,0.03222906084708,0.0347277048667659,0.034865608227005,0.0360450826322716,0.0357266845770756
"1894",2003-07-14,0.0352711590246809,0.0358469869758338,0.0358112039348321,0.0360887709179357,0.0354249499103017
"1895",2003-07-15,0.0350313759531162,0.0360788713282965,0.0360964311748729,0.0364801186272053,0.0357490981042225
"1896",2003-07-16,0.03621597812036,0.0372520408518903,0.0372086085628827,0.0372554717353832,0.0361941360318994
"1897",2003-07-17,0.0371297328296188,0.0382972630396936,0.0383047506396716,0.0382875859130262,0.0369146667759682
"1898",2003-07-18,0.0334227289564768,0.0348915116463092,0.0353149756054589,0.0363479544563308,0.0356229457147086
"1899",2003-07-21,0.0365984980348689,0.0374908078217492,0.0374753280848522,0.0378260153999519,0.0368349602476163
"1900",2003-07-22,0.0336205992497542,0.0355100850804426,0.0363215170282293,0.0366179961564478,0.0360239419098162
"1901",2003-07-23,0.0320404049214854,0.0342861166891229,0.0350780129323585,0.0360886577854105,0.0356282129333424
"1902",2003-07-24,0.0322216366627422,0.0344166027197722,0.0349179597320687,0.0363948126046569,0.0360053971692229
"1903",2003-07-25,0.0290450476446325,0.0320408924484638,0.0329025033242946,0.0346667222680042,0.0348892413023043
"1904",2003-07-28,0.0315283480341929,0.032351455825927,0.0335284814346702,0.034886743968205,0.034863685454625
"1905",2003-07-29,0.0327841555778317,0.0333120759194171,0.034411675882575,0.0354917127133237,0.0355822597359626
"1906",2003-07-30,0.0337068633547505,0.0340305125220286,0.0349880728308574,0.0358508240888691,0.0357478192065704
"1907",2003-07-31,0.0353634231270405,0.0355970363323395,0.0363534313154638,0.0368031552314253,0.0364895084175738
"1908",2003-08-01,0.0400605008284427,0.0402849386731161,0.040535711290194,0.0398367729960976,0.038765197020953
"1909",2003-08-04,0.0411211129144255,0.0417307410111358,0.0420423207711042,0.0411713748714721,0.039780442313468
"1910",2003-08-05,0.0471934246960439,0.0482619250257687,0.0480101492183179,0.0454047104225499,0.0427359402282619
"1911",2003-08-06,0.0436284313656999,0.0451885021084606,0.0457140315162081,0.0442596133471784,0.0423820963142729
"1912",2003-08-07,0.0393731376606929,0.0407755849538144,0.0418180314246534,0.0417234982069165,0.0402798173297099
"1913",2003-08-08,0.0374547842280494,0.0392714259747411,0.0404697920113758,0.0404538086722092,0.0393522399537023
"1914",2003-08-11,0.0375031637525357,0.0399572663011227,0.0408434191531955,0.0403895794611554,0.0392244167164233
"1915",2003-08-12,0.032057594975104,0.0359178815550863,0.0374219159904142,0.0380415597804903,0.0374503167009396
"1916",2003-08-13,0.0333518969496757,0.0371631895410866,0.0386218848428713,0.0388634634722358,0.0379019980874822
"1917",2003-08-14,0.0327130047361924,0.0365840362149249,0.0383235334462503,0.0388783401409392,0.037945053603405
"1918",2003-08-15,0.0313927937994004,0.0366191475799442,0.0386245104003129,0.0390647839704342,0.0385448159925675
"1919",2003-08-18,0.0301044993149792,0.0357578328761451,0.0376731801706733,0.0380675930758031,0.0377890105758445
"1920",2003-08-19,0.0292116606226468,0.0357212245117685,0.0374740131933273,0.0381348175567681,0.0373068142529447
"1921",2003-08-20,0.0291377550794737,0.0350781968404062,0.0373954589895474,0.0380218567710484,0.0379772988643901
"1922",2003-08-21,0.0287708939391764,0.034735324188429,0.036895571003182,0.0376688243318931,0.0374943584003015
"1923",2003-08-22,0.0305696343890057,0.0366554449821766,0.038406224201241,0.0385537440750156,0.0379250141498985
"1924",2003-08-25,0.0341296423528651,0.0378191491775469,0.0388856311450446,0.0390473562769407,0.0381787685293696
"1925",2003-08-26,0.0335723421584568,0.0388512380759363,0.0400020223834278,0.0397561858122195,0.0388314705836099
"1926",2003-08-27,0.0321849139178158,0.0375751192873407,0.0395270342142139,0.0396776409918408,0.0389516941551385
"1927",2003-08-28,0.0298936562368324,0.0360378004111093,0.0380578924274588,0.0385929507466258,0.0383205875113324
"1928",2003-08-29,0.0296397960688914,0.0347679936887746,0.0373881552230504,0.0381578307284855,0.0374616421647789
"1929",2003-09-02,0.0332324544536737,0.0346674062799642,0.0368746939398221,0.0373560501560021,0.0369084497999525
"1930",2003-09-03,0.0350894412877228,0.0362582669614169,0.0376352073343725,0.0374483670968872,0.037179843011656
"1931",2003-09-04,0.0329709326054596,0.0343705260052038,0.0364662986171462,0.0371378785331381,0.0372084393352096
"1932",2003-09-05,0.0316593614117904,0.0337143395773905,0.0360688649415189,0.036367544829818,0.0371408790700983
"1933",2003-09-08,0.0316971617272162,0.033232548453937,0.0350638741264144,0.0364794442001928,0.0366374576324239
"1934",2003-09-09,0.0332171829525513,0.035867000309182,0.0371834797044859,0.0373016546361936,0.0371543860720034
"1935",2003-09-10,0.0368693810086307,0.0400021295977683,0.0404789564831498,0.0396538904688227,0.0386437266304919
"1936",2003-09-11,0.0344641295407528,0.0381651998105386,0.0391018206313639,0.0390640274252227,0.0388100538716065
"1937",2003-09-12,0.0332722641065135,0.0372916189210357,0.0387749594225433,0.0389762700280604,0.0383876701141271
"1938",2003-09-15,0.0351968535284836,0.038924068076932,0.0398107458835104,0.0390611302576799,0.0387334237929538
"1939",2003-09-16,0.0309281980265628,0.0355954073202951,0.036613806186365,0.0374020138522334,0.0376857795822573
"1940",2003-09-17,0.0309567222058501,0.0359786502622782,0.0366498912439964,0.0375261116827132,0.0373830679228957
"1941",2003-09-18,0.0294166965782816,0.0334102323075037,0.034622602304465,0.035642178963902,0.0363198128561381
"1942",2003-09-19,0.0287453608091527,0.0331132309569617,0.0341511554342324,0.0357795190680196,0.0364186145952082
"1943",2003-09-22,0.0345004542316309,0.0377451798256642,0.0383589368024325,0.038508567120574,0.0381282893835027
"1944",2003-09-23,0.0332563613715947,0.0370622691009364,0.0378080026285341,0.0384577243950884,0.038233745798239
"1945",2003-09-24,0.0399513681273116,0.0426930893426892,0.0430096924131782,0.041853773913352,0.0405464251978436
"1946",2003-09-25,0.0436552566444946,0.0459685710544011,0.0462481136751524,0.0442174460324216,0.0423057747565861
"1947",2003-09-26,0.0427339535744543,0.0469747461619047,0.0475010729991118,0.0453337803844216,0.0432591101233349
"1948",2003-09-29,0.0414841660340935,0.0439755893026834,0.0448294309807424,0.0435179303558276,0.0420810234381434
"1949",2003-09-30,0.0461052809534518,0.0473873680176952,0.0477600874805554,0.0457437556064518,0.0436133285548997
"1950",2003-10-01,0.0402696987569896,0.0413289936869073,0.0423423797335198,0.0417349117708686,0.0408677917972853
"1951",2003-10-02,0.0394709904572115,0.0402808153961701,0.041195519060616,0.0410506343562361,0.0404428498846977
"1952",2003-10-03,0.0359387119434767,0.0370340805217087,0.0382256338727756,0.0390616990377044,0.0388456573424002
"1953",2003-10-06,0.0351199715327289,0.036200883340244,0.0370640839985837,0.0380717994738848,0.038052977188537
"1954",2003-10-07,0.0337399911568179,0.0351683760782579,0.036067602419497,0.0371607280966467,0.0372623250819639
"1955",2003-10-08,0.0339421793219666,0.0355344358313378,0.0362877167146107,0.0372316070321119,0.0374420397950225
"1956",2003-10-09,0.0327685635851195,0.0344870669751453,0.0352980022922049,0.0364059389424869,0.0366717807190589
"1957",2003-10-10,0.0310922312883814,0.0331784666566798,0.0340794706125633,0.0360571938357608,0.0364024806641524
"1958",2003-10-13,0.0301145295043455,0.0326211350270398,0.0332245328241623,0.0353467462743743,0.035579838249427
"1959",2003-10-14,0.0296573833431505,0.0322928052399008,0.0327947219810432,0.0349703841920593,0.0355696640175637
"1960",2003-10-15,0.0294777415784296,0.0322392074441481,0.0327117756451884,0.0348750873174986,0.0354109647864849
"1961",2003-10-16,0.0281234833919376,0.031178108477561,0.0317180541683745,0.0341337463554301,0.034896318426204
"1962",2003-10-17,0.0292103186883213,0.0321919293924626,0.0326379998384929,0.0346176283665989,0.0353557958694993
"1963",2003-10-20,0.0266762428828389,0.0304248186575433,0.0314590660658741,0.0334412916200773,0.0344531343985853
"1964",2003-10-21,0.0247824444256221,0.0281068705132356,0.0291346279328252,0.0321099011849008,0.0336833268959568
"1965",2003-10-22,0.0284697625976002,0.0315927002687559,0.0324081498737627,0.0343617245720952,0.0351050051310091
"1966",2003-10-23,0.0276022699468881,0.0308355245137344,0.0314543536884171,0.0334405664442106,0.0345048042970242
"1967",2003-10-24,0.0275933474564362,0.0316554072035021,0.032477173474713,0.0343565851067782,0.0351312081106003
"1968",2003-10-27,0.0282887335770602,0.0312414796366132,0.0318317671669955,0.0339900816354611,0.034795951900514
"1969",2003-10-28,0.024461155692379,0.0273415048514449,0.0284536082180059,0.0316396763142289,0.0330867337950572
"1970",2003-10-29,0.0237157904696325,0.0262259221391277,0.0274223513079712,0.0305996526055562,0.0323493208995375
"1971",2003-10-30,0.0238584315516392,0.0258865279803827,0.0271578796961268,0.030559304538536,0.0321557910909057
"1972",2003-10-31,0.0221339705441608,0.023936070474136,0.0251855865903851,0.0292491373206279,0.0308426124581823
"1973",2003-11-03,0.0243155636634021,0.0246556797993683,0.0256351022851076,0.0291641898632649,0.0308488734911527
"1974",2003-11-04,0.0249300829712225,0.0252484850412634,0.0262684517320495,0.0293332872776692,0.0309755463194487
"1975",2003-11-05,0.0261377589938033,0.026057305126177,0.0267106122052145,0.0295481178771523,0.0311670403068199
"1976",2003-11-06,0.0256087506012208,0.0253123424515331,0.0262468423593498,0.029530211801154,0.0310502247630616
"1977",2003-11-07,0.0260834195385307,0.0258054600197712,0.0267794158173561,0.0294020317524759,0.0307681150358949
"1978",2003-11-10,0.0281589208152981,0.0275959661086321,0.0283459129590478,0.0303357504246918,0.0313070257490424
"1979",2003-11-11,0.0277437090143129,0.0275218555707273,0.0285127334010876,0.030354880031271,0.0310157254435551
"1980",2003-11-12,0.0255907220262326,0.0254035871668982,0.0267211337899234,0.0290317871945495,0.0303403795709317
"1981",2003-11-13,0.0245960690680755,0.0246530023754188,0.0262154536136203,0.0285625734822665,0.0299505078407272
"1982",2003-11-14,0.0256453866582413,0.0256809272183568,0.0270686901433956,0.0290675112888421,0.0304921227102667
"1983",2003-11-17,0.0304615577154366,0.0292440566214332,0.0301832733651209,0.0312647236325312,0.0320841510117022
"1984",2003-11-18,0.0324737037550804,0.0308686706534035,0.0315835148523938,0.0322791061962743,0.0326808604484751
"1985",2003-11-19,0.0308118638266187,0.0307346323124436,0.0313199492544614,0.0319840350880282,0.0318362465681416
"1986",2003-11-20,0.0332128063310375,0.0320492480564939,0.0324869516579313,0.0330299493759685,0.0330016618883876
"1987",2003-11-21,0.0315924423023009,0.032023089840447,0.032817881280005,0.0331142548790496,0.0328266817497692
"1988",2003-11-24,0.0256547268369475,0.0275020049118398,0.0287759904846216,0.0305771019463201,0.0309975574321531
"1989",2003-11-25,0.023654974578895,0.0258594066525837,0.027341575305589,0.0293615599270689,0.0297350611772496
"1990",2003-11-26,0.021761408756086,0.0247287580414102,0.0265116318379492,0.0290481422785288,0.0294463011476025
"1991",2003-11-28,0.0228331042839033,0.0249502585790326,0.0269433746461133,0.0293420329030961,0.029736782431164
"1992",2003-12-01,0.0245100912967525,0.0251196163357626,0.0268413000351378,0.0288555316762521,0.029405495576829
"1993",2003-12-02,0.0240877044231718,0.0251228061839678,0.0269426274969345,0.0290476234126228,0.0296275766108948
"1994",2003-12-03,0.0252273626109183,0.0260808122186405,0.027537767529714,0.0295203210996503,0.0298363535200334
"1995",2003-12-04,0.0245047988633422,0.025483184969869,0.0269474944003744,0.0290490397544676,0.0292682013177648
"1996",2003-12-05,0.0264527843678327,0.0272562641789064,0.028407994207377,0.0298423656466274,0.0298483176567641
"1997",2003-12-08,0.0249454883710633,0.0260357210389669,0.0271072433188822,0.0288849301285707,0.0291580198481136
"1998",2003-12-09,0.0275606030839664,0.0284642503731009,0.0292684640179122,0.0303876948070019,0.0302573313081631
"1999",2003-12-10,0.0280397939237196,0.0293493784563901,0.0300320896018275,0.031040454063677,0.0304093147614399
"2000",2003-12-11,0.024288315095762,0.0267642159777867,0.0278958926450988,0.0294656239546977,0.0294261913865854
"2001",2003-12-12,0.0232628661161338,0.0259357884590618,0.026835343643862,0.0280000426640081,0.0282434138043403
"2002",2003-12-15,0.0260520086141234,0.0279547151375264,0.0282600352750991,0.0287187322314853,0.0283482696901359
"2003",2003-12-16,0.021690993940911,0.0245459652532212,0.0255133671624087,0.0265345781429911,0.0267448538747855
"2004",2003-12-17,0.0204656657014088,0.0233619576983586,0.0244398490337079,0.0262657969939716,0.0263654110608065
"2005",2003-12-18,0.0223551794167259,0.0248243992551189,0.0254000369520544,0.0264797762507154,0.0262473466474029
"2006",2003-12-19,0.0226771858955225,0.0247258439617293,0.0254774472380086,0.0264053472473157,0.0261500772769725
"2007",2003-12-22,0.0241401952729288,0.0247879423920749,0.0252121976256358,0.025939697241425,0.0256903422530354
"2008",2003-12-23,0.0223136270595623,0.0238451299291884,0.0245852174905013,0.0251990199058193,0.0250560408459561
"2009",2003-12-24,0.0230675565474221,0.0246959695147547,0.0255455354061311,0.0253644089317044,0.0248445144505687
"2010",2003-12-26,0.0251261351538544,0.0263329918020776,0.0268556198808762,0.0267660585191964,0.0256863731559884
"2011",2003-12-29,0.024695946905367,0.0257942746958149,0.026373122660142,0.0259755390141006,0.0252804402698205
"2012",2003-12-30,0.0269828037175106,0.0271259358241406,0.0271072820878741,0.0264818689955337,0.0256136179621126
"2013",2003-12-31,0.0287109651934313,0.0284082847778198,0.0283565233169237,0.0272932491046418,0.0262436541838316
"2014",2004-01-02,0.0288829773860639,0.028750180121843,0.0287521655365308,0.0276376548277191,0.0265930109294459
"2015",2004-01-05,0.0266989248403521,0.0271769038259004,0.0274329466372463,0.0267227853096886,0.026049610752091
"2016",2004-01-06,0.0245033119409254,0.024194818213179,0.0240606268872581,0.0237107480117698,0.0241582753432928
"2017",2004-01-07,0.0223699053983116,0.0225960531140781,0.0228385475461424,0.0225562900864754,0.0220252015727832
"2018",2004-01-08,0.0219160080059008,0.022142798824887,0.022168552453584,0.0206061612223771,0.0195482132892887
"2019",2004-01-09,0.0248387818030614,0.0247431902480897,0.0245955118438538,0.0232568253872214,0.0221734053188441
"2020",2004-01-12,0.025743234363852,0.0254103597370338,0.0251276947166987,0.0234024928816763,0.0224740023216431
"2021",2004-01-13,0.0279861136432724,0.0270303839881276,0.0267107832698412,0.0254265599323819,0.0236717157306958
"2022",2004-01-14,0.0256003691842055,0.0260938914953715,0.0259913056354304,0.0250552322779558,0.023611217493099
"2023",2004-01-15,0.0225771800943935,0.0243488692561237,0.0244030286873048,0.023776252321858,0.0227802091023366
"2024",2004-01-16,0.0208933710106758,0.0229784031924261,0.0232663970533155,0.0234110888173284,0.0226684236434053
"2025",2004-01-20,0.0206659866953747,0.0232723481500577,0.0237419394834211,0.0232377520636725,0.0223564259563369
"2026",2004-01-21,0.0181363112274993,0.0212828266578963,0.0220473655618346,0.021974219756102,0.0215326647264414
"2027",2004-01-22,0.0192822116396153,0.0225055014350505,0.0231963551939036,0.0229227571887449,0.0223817430743183
"2028",2004-01-23,0.0192747237707622,0.02300618654359,0.023884913004744,0.0235027119482496,0.0227490387772891
"2029",2004-01-26,0.0179582153917658,0.0215582046613118,0.0224632014821733,0.0225139701520397,0.0222026915180302
"2030",2004-01-27,0.0198944070749521,0.0236118777734134,0.0242948491215791,0.0239702442436976,0.0233147562874305
"2031",2004-01-28,0.0245358228805432,0.027396784393317,0.027883841415792,0.0264299539049129,0.0249524957683907
"2032",2004-01-29,0.024360590009588,0.0284259712975472,0.0289772556513581,0.0279808138123728,0.0268942763939337
"2033",2004-01-30,0.0228292219029005,0.0275728043219437,0.028574120347472,0.0279341676668103,0.0267092498408119
"2034",2004-02-02,0.0257919018442977,0.0281526539384887,0.029078666558294,0.027984526067681,0.026658337472743
"2035",2004-02-03,0.0265555359217282,0.0284580952368983,0.0295849839943738,0.0290917100456969,0.0279148060984323
"2036",2004-02-04,0.0288381897449589,0.030416782217202,0.0313218910920382,0.0305400588880762,0.0292031329327442
"2037",2004-02-05,0.0282087538222402,0.0296951003675123,0.0307026042103277,0.0302027468074242,0.0291444649064636
"2038",2004-02-06,0.023200696955681,0.0256937346868933,0.0273380087110406,0.027896982571841,0.027556638213999
"2039",2004-02-09,0.0241292947456654,0.0262801230348517,0.0273774834160837,0.0277742250127531,0.0273783811245891
"2040",2004-02-10,0.022504596069492,0.0253888549960295,0.0266582029355234,0.0272081625407618,0.026915385900503
"2041",2004-02-11,0.0208956774224689,0.023780761929175,0.0250730109072331,0.0259466268116421,0.0259186577697422
"2042",2004-02-12,0.0209750740980083,0.0242387950204547,0.0255930498143052,0.0263905455226055,0.026324486963842
"2043",2004-02-13,0.0216493608598466,0.0253480064181731,0.0266178056312044,0.0270770336626797,0.0267873894882585
"2044",2004-02-17,0.0211811603570515,0.0245515373952204,0.025818522516667,0.0262577659411517,0.0260603653141747
"2045",2004-02-18,0.0215919165518418,0.0250569145348829,0.0263354849777831,0.0266134383455466,0.026461545285823
"2046",2004-02-19,0.0219785742489767,0.0257632025966007,0.0271180905382266,0.0273159838302382,0.0270562571810269
"2047",2004-02-20,0.0222416928279231,0.0260213629698715,0.0272379342811585,0.0274690727128857,0.0274025483039475
"2048",2004-02-23,0.0225639208531444,0.0268286548178717,0.0274915868276851,0.0280474699719864,0.0277536032365172
"2049",2004-02-24,0.0215404893986638,0.0258159134551331,0.0270393967986612,0.0280439425930403,0.028240388968091
"2050",2004-02-25,0.0187106136090744,0.0236474500444633,0.0254850023176476,0.0268278862421966,0.0271079191373994
"2051",2004-02-26,0.018243235472833,0.0235140841608965,0.0254480856253774,0.0269935052707504,0.0275728126486555
"2052",2004-02-27,0.0172064685490725,0.0221479145029292,0.0243198880886321,0.0261696405810343,0.0267518085707252
"2053",2004-03-01,0.0186263445381435,0.021635784895378,0.0237967329141492,0.0255608936885037,0.0262442059770831
"2054",2004-03-02,0.0196955769384694,0.0221665667460311,0.0240786606275614,0.0256116035196705,0.0261956677946196
"2055",2004-03-03,0.0197894778173326,0.0217693810909735,0.0236051138212169,0.0256864118692738,0.0263039032030561
"2056",2004-03-04,0.0191913533674419,0.0209570756412159,0.0226457909804646,0.0248168938342397,0.0256124104843782
"2057",2004-03-05,0.0200698293076426,0.0217901791971501,0.0234466750062543,0.0252153717944779,0.0261670507962541
"2058",2004-03-08,0.0226995722250916,0.0243837313580378,0.025410342357691,0.0266583045409411,0.0273681479896478
"2059",2004-03-09,0.025599838073501,0.0272752528685101,0.0280260501070868,0.0286174898878443,0.0291603952102057
"2060",2004-03-10,0.0304937370472181,0.0308104788793674,0.0314106425023402,0.0308894278183161,0.030712156124752
"2061",2004-03-11,0.0386806381744066,0.0373546280112555,0.0369725505999193,0.0343009128380637,0.0327783433480257
"2062",2004-03-12,0.0298820021066977,0.0308205277124617,0.0311340628131848,0.0306726608439815,0.0302267665337681
"2063",2004-03-15,0.0397919381384468,0.0383679095503398,0.0375415137048361,0.0349643864695457,0.0333896437287715
"2064",2004-03-16,0.036795799387914,0.0371757129207953,0.0367689338438412,0.0349388093519327,0.0336230666784456
"2065",2004-03-17,0.0285424628390574,0.0319442891174434,0.0322280937263516,0.0317016682534,0.031498243796051
"2066",2004-03-18,0.029660537125167,0.0328346088069838,0.0329116659898196,0.0328519457004005,0.0322464903675061
"2067",2004-03-19,0.0316512641606896,0.0347657955777357,0.0352894337400379,0.0347174529940881,0.0336475520072853
"2068",2004-03-22,0.0400198332434878,0.0412041806346672,0.0408916957814733,0.0383698602337027,0.0370063596973868
"2069",2004-03-23,0.0356844976087318,0.0389617812374289,0.0393894588216982,0.0380537525786838,0.0367455241251961
"2070",2004-03-24,0.0334982206454803,0.0374390488625487,0.038228446597736,0.0378397092565272,0.0372272416965428
"2071",2004-03-25,0.0264766221704281,0.031457042047543,0.0329106067812531,0.0342804464709899,0.0346791377682067
"2072",2004-03-26,0.0248241766489149,0.0292717934574984,0.0304588331015052,0.0326754474704811,0.0332666347967525
"2073",2004-03-29,0.0235934819354459,0.0262985255217397,0.0275502863141232,0.0305216467453347,0.0317724418933839
"2074",2004-03-30,0.0232132640971336,0.0257609729144697,0.0270483100416199,0.0298147776619299,0.0313146499160665
"2075",2004-03-31,0.025418548924155,0.0265940904805555,0.027579323922622,0.0302652407841477,0.0315684046239066
"2076",2004-04-01,0.0253120075907049,0.0263068216084417,0.0274747110519042,0.0300447909949988,0.0313633975775592
"2077",2004-04-02,0.0225784976926022,0.0238068208583814,0.0251396259213475,0.0283982746955938,0.0299967518343386
"2078",2004-04-05,0.0200033547927503,0.0219146755062063,0.023241262367102,0.0269576572760764,0.028913040641086
"2079",2004-04-06,0.0209560010455895,0.0230601421617822,0.0243852695703106,0.0278518411128289,0.0296556655274386
"2080",2004-04-07,0.023370163705011,0.0251949356391913,0.0261513771853559,0.0292970716777173,0.0307268538939161
"2081",2004-04-08,0.0245958394066971,0.0261651574660904,0.026935677425012,0.0298322970499423,0.0313025094372082
"2082",2004-04-12,0.0230340484240007,0.0254938713437673,0.0261593924043562,0.0292900113426751,0.030973324089431
"2083",2004-04-13,0.027584220065081,0.0296544946124872,0.0301011570379272,0.0323162379824269,0.0330638724798508
"2084",2004-04-14,0.0243548697882842,0.027709514138183,0.0282266716822994,0.0305178589465291,0.0316974210547901
"2085",2004-04-15,0.0226164137498025,0.0262995705603148,0.0271437040481857,0.0300021117282826,0.0313220631058863
"2086",2004-04-16,0.0209097261415755,0.0253632471584893,0.0263005729210619,0.0294377709699415,0.030959492717309
"2087",2004-04-19,0.0209349320801062,0.026087770676782,0.0270645816303832,0.0296542444891726,0.0310453069390714
"2088",2004-04-20,0.024827297948926,0.0293730053025535,0.0301626529528182,0.0319390914681804,0.032809608477847
"2089",2004-04-21,0.0216274229980449,0.0267715926005872,0.0279351213007509,0.0305685379878929,0.0318547913477628
"2090",2004-04-22,0.0185259970041736,0.0237638862624611,0.0253082031895065,0.0284491163523888,0.0304612910917289
"2091",2004-04-23,0.0170964720950212,0.022254825055377,0.0240297602184628,0.0275870274470644,0.0298102865789843
"2092",2004-04-26,0.0189074448944003,0.023747438621165,0.0256290323850693,0.0286424241171256,0.030380156429163
"2093",2004-04-27,0.0193874333371408,0.0236156440312565,0.025611667946455,0.0284943916798144,0.0299930098460733
"2094",2004-04-28,0.0233065208113278,0.0273258407084274,0.0288439906664034,0.0311434392547669,0.0320216855731373
"2095",2004-04-29,0.0241457247807715,0.0285556170853501,0.0301750250988198,0.0327064634541342,0.0332655163561177
"2096",2004-04-30,0.0253462183192519,0.0288968560347491,0.0305203672750766,0.0331049810057121,0.0335819727669711
"2097",2004-05-03,0.0253807689439843,0.0276139525146068,0.0289273434262458,0.0315713605206623,0.0323377489198741
"2098",2004-05-04,0.0253099350858905,0.0272341116662939,0.0288797818434573,0.0314827959642216,0.0322031675375026
"2099",2004-05-05,0.0240861647608021,0.0254421835128262,0.0271911095047766,0.0300701127379116,0.0311858188816342
"2100",2004-05-06,0.0275834556063415,0.0285066735182277,0.0296514656635896,0.0316934815943521,0.0321574308517439
"2101",2004-05-07,0.0307812096599828,0.0317851192276614,0.0325586340583222,0.033869053327404,0.0335995119612939
"2102",2004-05-10,0.0341334604702634,0.0345484604625437,0.0347600614507969,0.0353800721088891,0.0346775599893167
"2103",2004-05-11,0.0313100043176941,0.0316194133105265,0.0321070924871245,0.033050748145727,0.0328378341164125
"2104",2004-05-12,0.0306114658577782,0.0310585487420371,0.0317497221561973,0.0329436362633711,0.032928461770117
"2105",2004-05-13,0.0317109594300188,0.0317823762458262,0.032453893945144,0.0334330044857945,0.033280038088551
"2106",2004-05-14,0.0310915704687139,0.0313014044423477,0.0321527976213901,0.0332403934796769,0.0330878230096042
"2107",2004-05-17,0.0366804907036323,0.0357841962309674,0.0356289126296253,0.035494128400461,0.0346661419329871
"2108",2004-05-18,0.0343919161770494,0.0336876593099302,0.0337968977146852,0.0340537198293792,0.0336640312427883
"2109",2004-05-19,0.0321996573486989,0.0325466382652833,0.0333955555235627,0.0342687607862389,0.0339325354352513
"2110",2004-05-20,0.0317385782662715,0.0321803387648004,0.033140411854583,0.034028572092777,0.0336348586136963
"2111",2004-05-21,0.0311170081946576,0.031405715409408,0.0324877579003526,0.0336630337244326,0.0334011144099696
"2112",2004-05-24,0.0290942436206903,0.0305874638003342,0.0313570548409726,0.0326263133181956,0.0324740392537887
"2113",2004-05-25,0.022349020944104,0.0253206913997523,0.0267112983854206,0.029490011329382,0.0302747614092934
"2114",2004-05-26,0.0224058012070869,0.0251444707648643,0.0268218243493841,0.029324244065356,0.0300185513472409
"2115",2004-05-27,0.020335251841104,0.0235086231747346,0.0256153003320372,0.028343563824799,0.0293923874026668
"2116",2004-05-28,0.0209317504567561,0.0233263582123424,0.0255165849538745,0.0285260792724324,0.029543219595976
"2117",2004-06-01,0.0240944022619108,0.0250138546128695,0.0267777104488522,0.0293531555453562,0.0300364520228829
"2118",2004-06-02,0.0235298163761557,0.0245091540017394,0.0262843977685526,0.0290692621295784,0.029787995191872
"2119",2004-06-03,0.0260536716544797,0.0270275464594386,0.028538404070289,0.03116719741346,0.0314256562100973
"2120",2004-06-04,0.0257044948687195,0.027100429201339,0.0289762689911898,0.0313207332411082,0.031722525896746
"2121",2004-06-07,0.0216147540748157,0.023940032493908,0.0258366975949629,0.029147909295957,0.0299614313578615
"2122",2004-06-08,0.0200412035174001,0.0228181424363004,0.0248274800773177,0.0282079907679807,0.028574391716362
"2123",2004-06-09,0.0216139547846964,0.0242161364683964,0.025941422559059,0.0293374080571312,0.0292044684145436
"2124",2004-06-10,0.0196528312129556,0.0227336305800626,0.0243181249516517,0.0279459922030231,0.0283564006545907
"2125",2004-06-14,0.0227895126862845,0.0255812407192388,0.0267019041088298,0.0292525230914784,0.0293034720752359
"2126",2004-06-15,0.0202673192735562,0.0240271376074369,0.0252270497344563,0.0280934284822662,0.0284530827232538
"2127",2004-06-16,0.0193141712077586,0.022946161603678,0.0242448359245624,0.0267579193762334,0.0272649623619254
"2128",2004-06-17,0.0201957939875055,0.0238517061074862,0.0253409284304207,0.02744678815048,0.0277043563324715
"2129",2004-06-18,0.0197125244720401,0.0235839879247375,0.0250442964893228,0.0273904715650179,0.0269106785244199
"2130",2004-06-21,0.0198125311851382,0.0238591898113943,0.0253352044451314,0.0274261783453038,0.0270654209092185
"2131",2004-06-22,0.0173180237873181,0.0219676163022755,0.0236241161031353,0.0263395363736498,0.0263394209916764
"2132",2004-06-23,0.0164460154040535,0.02020483669516,0.021674427572352,0.0247488713812661,0.0249716489701319
"2133",2004-06-24,0.0181304172979232,0.0220741490963696,0.0236462450489012,0.0261932907848071,0.0265178490090005
"2134",2004-06-25,0.0193660110625203,0.0232160379235239,0.0249659184992264,0.0273291151738935,0.0272981741021964
"2135",2004-06-28,0.0228716455320306,0.0246133711110967,0.0262902493297978,0.0283051979943862,0.0281649125216767
"2136",2004-06-29,0.0211320477029924,0.0231593712571039,0.0250112543726605,0.0271068348509215,0.0270487076168035
"2137",2004-06-30,0.0187045723291942,0.0208386880245191,0.0227606806250751,0.0258101795582922,0.026395781935278
"2138",2004-07-01,0.0207645022059984,0.0225827823418806,0.0248485546435334,0.0271650632711617,0.0272602048678737
"2139",2004-07-02,0.0210652943571739,0.0224580113696375,0.0248877037872516,0.0277563319843975,0.0280559460212719
"2140",2004-07-06,0.0236485149671754,0.0255376170264018,0.0273277180182247,0.0292839240763853,0.0290984682577321
"2141",2004-07-07,0.0226096321433007,0.024736505936035,0.0267420678915095,0.029617923631008,0.0296706048980361
"2142",2004-07-08,0.0242669853600924,0.0268143520935815,0.0284959469198774,0.0309353125643864,0.0305874199063538
"2143",2004-07-09,0.0230882641641622,0.0261906218150001,0.0280519600756331,0.0308130099422898,0.0307062964177955
"2144",2004-07-12,0.0233385308279636,0.0273978404810512,0.028801383960403,0.0310729315370319,0.0308664177107442
"2145",2004-07-13,0.0218668069419519,0.0260061112274331,0.0274779083334193,0.0299868418472462,0.0301846128868983
"2146",2004-07-14,0.0209312647965096,0.025960342344141,0.0276171861670643,0.0302672819482313,0.030350762562576
"2147",2004-07-15,0.0222785429599803,0.0268137885603969,0.028479004539005,0.0310473458282786,0.0309134317993576
"2148",2004-07-16,0.0205196066051696,0.0263095599500892,0.0282339744312691,0.0306454085723044,0.0305965636744775
"2149",2004-07-19,0.0212732787130117,0.0281628302497116,0.0297856582043503,0.0313836195731995,0.0313049106013517
"2150",2004-07-20,0.0183074168589255,0.0250629959503227,0.027284930007259,0.0296166726481989,0.0301687297035163
"2151",2004-07-21,0.0239479811865563,0.0297068331932599,0.0316812977568321,0.0331013337673078,0.0326184375589727
"2152",2004-07-22,0.0213787248456256,0.0272211450900401,0.0297518622390959,0.0317201907414081,0.0317936459254461
"2153",2004-07-23,0.0238020638498726,0.0295085622479238,0.0321611556500433,0.0333351559508712,0.0329513570525227
"2154",2004-07-26,0.0257965170171726,0.0304383422793815,0.0328862980777301,0.0337559095198512,0.0335967892366782
"2155",2004-07-27,0.0227235592171528,0.027365422502065,0.0302861483147947,0.0316515303852834,0.0321037335786588
"2156",2004-07-28,0.0216049895814949,0.0265007123513277,0.029598969330154,0.0311826694615971,0.0318773476915544
"2157",2004-07-29,0.0202841947813264,0.0246959834144125,0.0281074276907236,0.0300127222745998,0.0309790369720127
"2158",2004-07-30,0.0194980611258058,0.0238112588514781,0.0273655198843168,0.029398106133919,0.0307164707145334
"2159",2004-08-02,0.0208413134414541,0.023356802918041,0.0270184850498428,0.0290236782381583,0.030240067458936
"2160",2004-08-03,0.0227696544766063,0.024944840914527,0.0282205577650899,0.0298789466410036,0.0308532447834925
"2161",2004-08-04,0.0235022356906964,0.0253597887008976,0.0285134001843541,0.0300145513499895,0.0311117709657737
"2162",2004-08-05,0.0290822546515706,0.0305675079040909,0.0325371920561565,0.033453131804495,0.033532347176303
"2163",2004-08-06,0.0333312018217981,0.0338858233641802,0.0347235437196479,0.0352199897610616,0.0345373379603933
"2164",2004-08-09,0.0315108933383769,0.0327515094379012,0.0334618408445183,0.0342605125651733,0.0339416701214912
"2165",2004-08-10,0.0266390911473781,0.0289416524735281,0.0302084141978058,0.0315252218023185,0.0320611840819642
"2166",2004-08-11,0.0284201717207248,0.0302008974859537,0.031379007059416,0.0325387478230659,0.0327450859902629
"2167",2004-08-12,0.0319114373691966,0.0333907704041584,0.0341234031074312,0.0347530526519125,0.0343519508524145
"2168",2004-08-13,0.0288272094056106,0.0315614491719282,0.0329580163545535,0.0343164748474989,0.0345152494722339
"2169",2004-08-16,0.0266795016677439,0.0294897303634301,0.0312657794828528,0.0329182922584286,0.0334696517860793
"2170",2004-08-17,0.0255091552376638,0.0283616551162491,0.0304442957309515,0.0322581207806249,0.0330708321596144
"2171",2004-08-18,0.0231972953567216,0.0263342707972463,0.028874602286768,0.0306341748472953,0.0319733296447643
"2172",2004-08-19,0.0249343025077256,0.0274786388640389,0.0296234269269201,0.0316074048950601,0.0327757307507495
"2173",2004-08-20,0.0222171619180703,0.0254599397483639,0.028402636825589,0.0305331295601244,0.0319141777209251
"2174",2004-08-23,0.0217574126008691,0.0249656238160115,0.0275753265962493,0.0297780549888077,0.0311988608777524
"2175",2004-08-24,0.0201001570190991,0.0236181692392614,0.0263918158085159,0.0290631003304974,0.0307033224091966
"2176",2004-08-25,0.0187856098118953,0.021999992125115,0.0250911854267813,0.0279682961536681,0.0299823522643545
"2177",2004-08-26,0.0191510544326451,0.0217575207127115,0.0249066041776861,0.0278658026481383,0.0298467930179522
"2178",2004-08-27,0.0188496746098755,0.0215081537528325,0.0245869700395432,0.0275184539838645,0.0295019263855877
"2179",2004-08-30,0.0219246755270525,0.0234251169166112,0.025673918252228,0.0283336133466089,0.0299473819386453
"2180",2004-08-31,0.0208033804295301,0.0223237608117886,0.0248009143827984,0.0278294880976545,0.0297378836172657
"2181",2004-09-01,0.0199925952945278,0.0215991942977761,0.0240232921505725,0.0269711805310391,0.0290064935141918
"2182",2004-09-02,0.018643872702773,0.0203710841236182,0.0227654886821351,0.0260065869647146,0.0282091765577473
"2183",2004-09-03,0.0178735781005967,0.0201304263100073,0.0224264501714238,0.0256536294144195,0.0277649120426281
"2184",2004-09-07,0.0178177127745576,0.020748007215043,0.0222149130174809,0.025421131293634,0.0275168902039371
"2185",2004-09-08,0.0178029262770286,0.0211998789615218,0.0224736627524502,0.025483894914622,0.02765141198699
"2186",2004-09-09,0.0169545269803132,0.0202013492978903,0.021766173272432,0.0251669781668145,0.0271665132566751
"2187",2004-09-10,0.0163092138771166,0.0198886387331349,0.0212541024146244,0.024477557292905,0.0268963987100014
"2188",2004-09-13,0.0158812260074032,0.0192264720854113,0.0203614827101843,0.023553913658071,0.0259583966541876
"2189",2004-09-14,0.0158045423894391,0.0194892600088126,0.0203135252971876,0.0235367895404153,0.0255451120857268
"2190",2004-09-15,0.0183090036748897,0.0213004317772709,0.0219311242130531,0.0245585542712088,0.0260338463957291
"2191",2004-09-16,0.0178564651348182,0.021718982977144,0.0225881414807168,0.0243945181992158,0.0261587058182961
"2192",2004-09-17,0.0161790686909097,0.020478089957678,0.0214484907225556,0.0236355652343333,0.0256117716747772
"2193",2004-09-20,0.0172666164273778,0.0211376782194035,0.0221794516588205,0.0244643321692232,0.0266935601179331
"2194",2004-09-21,0.0148442833689591,0.0194019773032892,0.0205303144069162,0.023189803226199,0.0251158870725647
"2195",2004-09-22,0.0181522327648876,0.0215618208788048,0.0227015717733982,0.0249009456328468,0.0264925585695997
"2196",2004-09-23,0.0182143715976813,0.0220381496603342,0.023109996699161,0.025209788221096,0.0264464174447143
"2197",2004-09-24,0.0163892947398884,0.0209625964633654,0.0222009035836343,0.0245836435400061,0.026280144886816
"2198",2004-09-27,0.018428540143121,0.0216095997738863,0.0229015178860002,0.025373779871403,0.0266346625212184
"2199",2004-09-28,0.0167380559166797,0.0194564639791416,0.0208105748861468,0.0238058635784646,0.0254415256098013
"2200",2004-09-29,0.0159262345432938,0.0182591871683172,0.0195006282618999,0.0232101513047423,0.0249813832710192
"2201",2004-09-30,0.0163071531088584,0.018280112792339,0.0197032295664489,0.0228613932392314,0.0246041582646898
"2202",2004-10-01,0.0150157795226829,0.0167436053681362,0.0181040828320412,0.0212655836055925,0.0227036212329127
"2203",2004-10-04,0.0161662688310495,0.0178638424573386,0.0188642752881221,0.0214910355963057,0.022883405945845
"2204",2004-10-05,0.0175062193086824,0.0190135581291039,0.019695734034102,0.0222503221570912,0.023242615170284
"2205",2004-10-06,0.016171773261528,0.0176135327555071,0.0182460463794265,0.0211674911756479,0.0224291216688701
"2206",2004-10-07,0.0191004854758498,0.0205550877802788,0.0210089404225264,0.0225691738557157,0.0237135889685338
"2207",2004-10-08,0.0205013727530857,0.0218094171407899,0.0221580821138738,0.0237170506339319,0.0247825278661053
"2208",2004-10-11,0.0200648102352975,0.0216433127039355,0.0218812385935609,0.0233428170007217,0.0239532961896553
"2209",2004-10-12,0.0209352527176093,0.0221010138365494,0.0221976457271469,0.0232704222977675,0.0240623052827198
"2210",2004-10-13,0.021979621816921,0.0228099197189936,0.022951854637566,0.024400103004101,0.0247158020964116
"2211",2004-10-14,0.0246060596820363,0.025080480778699,0.0250568828583935,0.0253977769811157,0.0254601728438955
"2212",2004-10-15,0.0208772920370412,0.0223090070093444,0.0225839632794923,0.0246140711860626,0.0248712035079994
"2213",2004-10-18,0.019556721213053,0.0208032324185591,0.0217310114131897,0.0236037291401297,0.0242162095947577
"2214",2004-10-19,0.0206606593497938,0.0220177452619196,0.0225139434630897,0.0243646490217101,0.0248782164168482
"2215",2004-10-20,0.0199782862242861,0.0212872851786558,0.0220841840594836,0.0241544245518832,0.0247691949253662
"2216",2004-10-21,0.0187105085537135,0.0203981811508443,0.0213615507266518,0.0236439184774047,0.0244563484835273
"2217",2004-10-22,0.0211423163169838,0.0221583251552264,0.0228243418106267,0.0246912622881231,0.0252769259757876
"2218",2004-10-25,0.0249418968019101,0.0243462848162622,0.0243592217490107,0.0255843363724122,0.0257900151947275
"2219",2004-10-26,0.0244963741021022,0.0237131657442631,0.0233553059221848,0.0247181838558493,0.0250691299357244
"2220",2004-10-27,0.0219007314633039,0.0220085264249424,0.0220172804526294,0.0237303591583867,0.0243265027994817
"2221",2004-10-28,0.020986268621116,0.0212114802753311,0.0216659702328703,0.0235132029278875,0.0241437035929248
"2222",2004-10-29,0.023752436277932,0.0225187461059522,0.0226225404514838,0.0239061641574717,0.0244077874249667
"2223",2004-11-01,0.023765571855221,0.0227884223772344,0.0226038092417092,0.0236350342558119,0.0239885374824497
"2224",2004-11-02,0.023228989227628,0.0225427160009897,0.0224690409960715,0.0235323839759977,0.0239749038094281
"2225",2004-11-03,0.0180936812826768,0.0183449217383938,0.0191579888907012,0.0211602228364396,0.0222915492608742
"2226",2004-11-04,0.0177207305881687,0.0179230375574404,0.0185824191777486,0.0203333904063239,0.0213649046276169
"2227",2004-11-05,0.0176049609211608,0.0177402416995298,0.0184375458035213,0.0202525335824699,0.0213190751382927
"2228",2004-11-08,0.0179463793211568,0.018312968632036,0.0188590939148524,0.0203522843534329,0.0213226340791216
"2229",2004-11-09,0.0168326051789542,0.0176099692112918,0.018344885901723,0.0200265907128183,0.0210701227492115
"2230",2004-11-10,0.0164027188901913,0.017038539119971,0.0177902554897336,0.019725532780615,0.0208584235984664
"2231",2004-11-11,0.0156373913681079,0.0163542392124413,0.0169632819620401,0.0186316681051029,0.019483427073495
"2232",2004-11-12,0.0163154594323497,0.0169065474114279,0.0174676893331797,0.019022563328657,0.0201423095053186
"2233",2004-11-15,0.0170332822251867,0.0171942987293646,0.0178050333945538,0.0193514396616745,0.0204077048947389
"2234",2004-11-16,0.0165872864913318,0.0177335988516057,0.0183525430264448,0.0200581818120054,0.0210209661188189
"2235",2004-11-17,0.0163273931481436,0.0173155413120162,0.0181128373852644,0.0198123605007185,0.0209400933305731
"2236",2004-11-18,0.0157345193516767,0.0165789064033957,0.0175449475445482,0.0194137023517903,0.0205125378312434
"2237",2004-11-19,0.0166689142650061,0.0176320705998947,0.0188632494149482,0.0205634590071377,0.0214855022835283
"2238",2004-11-22,0.0154864299382294,0.0163316989260223,0.0175228129265307,0.0194700159295067,0.020739946738448
"2239",2004-11-23,0.0148675986646735,0.0161992101053361,0.0174527592759357,0.0195383485488487,0.0208582906784597
"2240",2004-11-24,0.0146055403013098,0.0157251221103834,0.0175071283566164,0.0196802821098088,0.0209221602897277
"2241",2004-11-26,0.0154371595841931,0.0157399677521275,0.0173465800924512,0.0194766390649222,0.020806700567248
"2242",2004-11-29,0.0167298344225773,0.0165752700738544,0.0181901332913012,0.0199789462241224,0.0210718569594461
"2243",2004-11-30,0.0167004757648153,0.016896918173888,0.0185545373943863,0.020332241658061,0.0213720206920954
"2244",2004-12-01,0.0155814937613445,0.0156686613029338,0.0173334916363789,0.0194949078623928,0.0207180629810951
"2245",2004-12-02,0.0158635116205048,0.0161706822565591,0.017744315104358,0.0195979766687023,0.0205321181257394
"2246",2004-12-03,0.0154990673637197,0.0161436918693138,0.0176507727129258,0.0192562801704734,0.02021510840732
"2247",2004-12-06,0.0160916883447391,0.0166903802080261,0.0177910336963579,0.0191470624604235,0.0198482357803669
"2248",2004-12-07,0.0174171396915104,0.0179502868652894,0.018954793485885,0.0199299725592544,0.0203944948771155
"2249",2004-12-08,0.0166683628784438,0.0175866515146876,0.0188737205697152,0.0203239758594242,0.0206700514156852
"2250",2004-12-09,0.0160210741433893,0.017263564122992,0.0186229592967095,0.0200738681547879,0.0208429805663573
"2251",2004-12-10,0.0153334615534114,0.0170248288058858,0.0185283190152239,0.0201285664473423,0.0207068700946853
"2252",2004-12-13,0.0156553251839193,0.0174956458569978,0.01861792567643,0.0200863941028263,0.0206160708012021
"2253",2004-12-14,0.0155182741117739,0.0174063664709206,0.0183837872237396,0.0200518864883863,0.0206544535227968
"2254",2004-12-15,0.014679600228711,0.0167258466395792,0.0178370989827321,0.0197009734771533,0.0203151014278217
"2255",2004-12-16,0.0141446907292907,0.0163222963021699,0.0174194014870735,0.019480508292665,0.0201367597957583
"2256",2004-12-17,0.0137391584765541,0.0165970981972604,0.0176513771938199,0.0197791327348266,0.0204469319758464
"2257",2004-12-20,0.0131182494448014,0.0166274412163848,0.017454809478862,0.0196764289517055,0.0206812170369172
"2258",2004-12-21,0.0122587330627965,0.0157669207706802,0.0168406064051741,0.0193513305286122,0.0204814748979535
"2259",2004-12-22,0.0120264841657732,0.0155211961965049,0.0169391050008919,0.0197648110350557,0.020951156729779
"2260",2004-12-23,0.0113000359076567,0.0150770124958937,0.0165594660376802,0.0194112744437287,0.0211383493501368
"2261",2004-12-27,0.0130542707322203,0.0159252165482695,0.0171715356810068,0.0200967054024999,0.0214338128503981
"2262",2004-12-28,0.0125673151016997,0.0155602022077109,0.0166636171596083,0.0196819578475172,0.0210770059357064
"2263",2004-12-29,0.0129718106350918,0.0156780940423375,0.0169005599779903,0.0197346039093668,0.0209720620633216
"2264",2004-12-30,0.0136861145002079,0.0163011287420837,0.0174486301911762,0.0201382461838766,0.0212803597898916
"2265",2004-12-31,0.0152110655472879,0.0170124392694372,0.0182150657629277,0.0206284410356481,0.0216290754712295
"2266",2005-01-03,0.0178744395259541,0.0189192141797426,0.0197836813315484,0.0215071793409726,0.0223787352585897
"2267",2005-01-04,0.0179754566605428,0.0190159231845097,0.019828529852535,0.0219564525999845,0.0226458600540141
"2268",2005-01-05,0.0183770299606206,0.0193380853254367,0.0200121076782468,0.0218559358552086,0.0225727204163948
"2269",2005-01-06,0.0168863795442974,0.0177339672103477,0.018458398700997,0.0205755374049852,0.021562257685455
"2270",2005-01-07,0.0167397361273273,0.0175833590670112,0.0182699544785505,0.0203637447914319,0.0212217031728085
"2271",2005-01-10,0.0160187542284862,0.0171641356367806,0.0176467948834044,0.0194866608557637,0.0205131495948758
"2272",2005-01-11,0.0159646723375884,0.0172853060110848,0.0177795314517048,0.0196434835419612,0.020560109568465
"2273",2005-01-12,0.0148909953865335,0.0162591193761965,0.0167741655126929,0.018829381259174,0.0198517678520188
"2274",2005-01-13,0.0154757434630248,0.0169157600475094,0.0174423316011545,0.0193412273199385,0.0201051523884319
"2275",2005-01-14,0.0143755660841917,0.0160503230245942,0.0166159428314442,0.0185161689877891,0.0194961368995084
"2276",2005-01-18,0.0141219549960913,0.0151574870606928,0.0159308560973225,0.0175820462244638,0.0187064563155537
"2277",2005-01-19,0.0157954222596573,0.0170611357515599,0.0176964240821711,0.0188797609607758,0.0197447223805764
"2278",2005-01-20,0.0173713406736625,0.0181265228293385,0.0188478426775051,0.0197425233691375,0.0204335091451982
"2279",2005-01-21,0.0175911068954638,0.0192104206271565,0.0197893704533079,0.0203379223443276,0.0208141555624527
"2280",2005-01-24,0.0183069146086717,0.01997541223508,0.020184802412512,0.0205861803413458,0.0208042502434261
"2281",2005-01-25,0.0166193225314674,0.0186457622101242,0.0188349958426531,0.0196825983452044,0.020209027129242
"2282",2005-01-26,0.0148895148359423,0.0172043424927691,0.0175379059443609,0.0186866302158431,0.0193588982672597
"2283",2005-01-27,0.0141569382115572,0.0162636886428275,0.0167137068408818,0.0178220753390171,0.0184279451793489
"2284",2005-01-28,0.014888912153237,0.0164840067448817,0.0168429947882621,0.0179495212689129,0.018497807543371
"2285",2005-01-31,0.0139906979519855,0.0147876396186302,0.0153253471215894,0.0165791285708238,0.0173729621942308
"2286",2005-02-01,0.0130671291610916,0.0137543352845113,0.0145879426338606,0.0160599152248129,0.0168313466145351
"2287",2005-02-02,0.0123917760104665,0.0127780845061977,0.013606653247486,0.0152077495473964,0.0162923389507311
"2288",2005-02-03,0.012670720371379,0.0130248913766173,0.0138427088890534,0.0152251872625201,0.0161426650449893
"2289",2005-02-04,0.0113311602343185,0.0116540799001752,0.0125366572667738,0.0142084081616653,0.015382449731806
"2290",2005-02-07,0.0124431472607801,0.0125781141013073,0.0133197858977933,0.0145746852206029,0.0155091920419906
"2291",2005-02-08,0.0119489981833439,0.0122583443749313,0.0130832242833744,0.0141875321266723,0.0151177539126634
"2292",2005-02-09,0.0129365951817807,0.0133433971450061,0.0140052661738578,0.0148695105669357,0.0155578329538144
"2293",2005-02-10,0.0120343419164632,0.0125349640466923,0.0132521353420451,0.0142024534990856,0.014996125786796
"2294",2005-02-11,0.0117001751655019,0.0118509642922631,0.0126495156989004,0.0136993762979612,0.0145951204005132
"2295",2005-02-14,0.0121099731967516,0.0122748590750942,0.0129489022064364,0.0137630722761845,0.0147011099856778
"2296",2005-02-15,0.0113797857550098,0.0114411456498964,0.0123272202242735,0.0132427297823509,0.0141325923345188
"2297",2005-02-16,0.0109746443323048,0.0111086736647114,0.0121580692191266,0.0131291943600227,0.0141169119444526
"2298",2005-02-17,0.0122614528256528,0.0122787376107753,0.0131551566070165,0.0140237955780191,0.0148784716147385
"2299",2005-02-18,0.0107599491845804,0.0117219794675566,0.0131700891530485,0.0140209176691749,0.0149927913054459
"2300",2005-02-22,0.0154330820360939,0.0149427039445605,0.0151860449257906,0.0159978980918243,0.0168872033203416
"2301",2005-02-23,0.0132700721603614,0.0137796202445914,0.0146041165138818,0.0159802204679191,0.0168256952064498
"2302",2005-02-24,0.0115138834002184,0.0120468109318252,0.0133375333554607,0.0150516519598907,0.0161664094330231
"2303",2005-02-25,0.0116365656123514,0.0114571907165182,0.0125560187995044,0.0143992557706338,0.0156426736778606
"2304",2005-02-28,0.0133914638860015,0.0131382665017042,0.0140255151987855,0.0154237410000663,0.0162792516989298
"2305",2005-03-01,0.0132171411447069,0.0132836109340489,0.0140612497753326,0.0154870309077542,0.0164093495259949
"2306",2005-03-02,0.0143454445069857,0.0145579796909845,0.0153106475784855,0.0164420271033578,0.0169120850138488
"2307",2005-03-03,0.0145547578012084,0.0147739958396218,0.0153624288528499,0.0165685796766324,0.0172688353558256
"2308",2005-03-04,0.0130758414944241,0.0134719654102593,0.0142238757266831,0.0156138275005607,0.0162841956162738
"2309",2005-03-07,0.0132199634337883,0.0137661341743888,0.0144231096283756,0.0155761000990244,0.0163023677997952
"2310",2005-03-08,0.0134921422699162,0.0141521062020061,0.0147185289339728,0.0157765171152125,0.0163858017806932
"2311",2005-03-09,0.0150643729472143,0.0155943833873961,0.0159075296514063,0.0168344294625775,0.0170569138441682
"2312",2005-03-10,0.014320427729204,0.0152832051749108,0.0157314715107724,0.0169528637756553,0.0173258940746277
"2313",2005-03-11,0.0152091527366565,0.0162859631291346,0.0166738390844991,0.0174795147269813,0.0178469373199806
"2314",2005-03-14,0.014583812400602,0.0159209851482395,0.0161859286810458,0.0173189892611008,0.0177403297618758
"2315",2005-03-15,0.0156894036356795,0.0168872907120964,0.0172133361689209,0.0178901756899706,0.018088683703048
"2316",2005-03-16,0.0166671976408784,0.0177303323760172,0.0180558937455809,0.0187906177736226,0.0189887351990104
"2317",2005-03-17,0.0156595546705462,0.0180854396167033,0.0188224776460122,0.0193476283548187,0.0194339623488821
"2318",2005-03-18,0.0149771088835668,0.0175636725067646,0.0182001231870029,0.019346242284352,0.0196807742699995
"2319",2005-03-21,0.0158813132100013,0.0180634520182484,0.018835963942325,0.0197025752689974,0.0199780166970777
"2320",2005-03-22,0.0173485171115214,0.0194793981737915,0.0199811466947751,0.0205044395608249,0.0205514988870578
"2321",2005-03-23,0.0167026798487359,0.0193616836406202,0.0202121521295004,0.0208204035680539,0.0209363824145621
"2322",2005-03-24,0.0146518722112775,0.018084583106512,0.0192784470576974,0.0201379003468424,0.020441935456023
"2323",2005-03-28,0.0164544853802954,0.0184338007732995,0.0192970497488878,0.0200307445758018,0.0202259624259259
"2324",2005-03-29,0.0185711082711563,0.0197223002841867,0.0206752175809174,0.0212241806750155,0.0213168563940311
"2325",2005-03-30,0.0165063758379043,0.0175690371376133,0.0184848617474054,0.0197370042266289,0.0203298433634218
"2326",2005-03-31,0.0172822333171066,0.0179318323225302,0.0186521322117994,0.0196328063968254,0.0203631690923529
"2327",2005-04-01,0.017927959626226,0.0189286428630785,0.0198115737126685,0.0204200322219034,0.0210586704770235
"2328",2005-04-04,0.0179189147553331,0.018998630303688,0.0196241255476208,0.0203250573603127,0.0211512379514433
"2329",2005-04-05,0.0167358539188319,0.0180017217589305,0.0186440855706075,0.019806536186762,0.0208280602146397
"2330",2005-04-06,0.0154336875069956,0.0168468076278725,0.0175793784285452,0.0190962365489095,0.0203590031490026
"2331",2005-04-07,0.0142939518487415,0.0157570844965726,0.016369601786911,0.0183384367851803,0.0198299465593067
"2332",2005-04-08,0.0148911494894488,0.016274546764934,0.0167930970343602,0.0187123570695425,0.02010416262703
"2333",2005-04-11,0.0150634449836837,0.0166879968686368,0.0170986715244778,0.0188910190919171,0.0201988832338494
"2334",2005-04-12,0.0138342098962139,0.0155115554380364,0.015945942556139,0.0180301608434014,0.0194833697359724
"2335",2005-04-13,0.0166357332054661,0.0182408461473505,0.0184721884790662,0.0195830183457191,0.0206402781186552
"2336",2005-04-14,0.0195726292510654,0.0206781526813196,0.020816889900821,0.0216471616998336,0.0223909640157403
"2337",2005-04-15,0.0264342097163418,0.0261232470076224,0.0258085029758528,0.0248619771959384,0.0252313186298045
"2338",2005-04-18,0.0241489078906605,0.0245789884766049,0.0243410704408576,0.0243966749942721,0.0250688441676215
"2339",2005-04-19,0.0196904680460091,0.0209423136100372,0.0210342134052017,0.0220900577580087,0.0236177273284369
"2340",2005-04-20,0.0251973826365127,0.0248445746545921,0.0246875454983718,0.0248680754722892,0.0258896641459373
"2341",2005-04-21,0.0180982736502721,0.0194728491554972,0.0196266673465063,0.0215664084661999,0.0235299903615527
"2342",2005-04-22,0.0209265024821651,0.0213617910606809,0.0213427008480072,0.02299910271543,0.0248254163573862
"2343",2005-04-25,0.0188870540144341,0.0196435768150349,0.0199983470449063,0.0218787783277779,0.0237641426013493
"2344",2005-04-26,0.0199310572458057,0.0201775638371711,0.0206017076714579,0.022296605399765,0.0239019301657666
"2345",2005-04-27,0.0194935340306509,0.0197304833788745,0.0201710628886212,0.0220677636349011,0.0236855677927516
"2346",2005-04-28,0.0255312865814609,0.0239073098929739,0.0238510973096143,0.024623963105574,0.0256852792147308
"2347",2005-04-29,0.0206863458081528,0.0209894605549281,0.0215036124303753,0.0230953215137629,0.024597968503501
"2348",2005-05-02,0.0202680502091101,0.0203837744535543,0.0210280627577023,0.022626216272018,0.0242053242665831
"2349",2005-05-03,0.0193861797210885,0.0197209712072441,0.0205130453334978,0.0223659881680455,0.0242196515082432
"2350",2005-05-04,0.0170499862111268,0.0172620088188331,0.0183863944281318,0.0210140618068505,0.0230888186388222
"2351",2005-05-05,0.017167250330317,0.0172637254430615,0.0180378419753786,0.0202010765588301,0.0221764739475961
"2352",2005-05-06,0.0175904808865385,0.01769561136776,0.0184159530130441,0.0203105496326447,0.0221329319491229
"2353",2005-05-09,0.0164011995081803,0.0165232327700641,0.0173221752428551,0.0195517056086077,0.0213158505130352
"2354",2005-05-10,0.0196731945254221,0.019513324315146,0.0199957952155749,0.0214827438621863,0.022844926456819
"2355",2005-05-11,0.0185218038451819,0.0187858479348401,0.0196598354504007,0.021441399209153,0.0228476394896652
"2356",2005-05-12,0.0231535794867633,0.0232438644301265,0.0235207596236216,0.024149772549272,0.0250354246928949
"2357",2005-05-13,0.0242156184487222,0.0243323441270894,0.0247130845013006,0.0253429755328969,0.0260101013775122
"2358",2005-05-16,0.0210836942602353,0.0214488445779439,0.0222793338266528,0.0234503687174825,0.0243864845573886
"2359",2005-05-17,0.0187793190492221,0.0192336570443355,0.020510193573025,0.0225882733806503,0.0235194751273014
"2360",2005-05-18,0.0162229757052768,0.016337058423007,0.0179196307933291,0.0204201719560133,0.0219034848861352
"2361",2005-05-19,0.0153079397521936,0.0152101650584516,0.0169187214243619,0.0193581816370769,0.0208050571164542
"2362",2005-05-20,0.0149318961300247,0.015013507690907,0.0168445182109346,0.0191368593845494,0.0204584411309692
"2363",2005-05-23,0.0142681412931222,0.0144233460380433,0.0159715402854137,0.0184617450029215,0.0198438611747811
"2364",2005-05-24,0.0136569197156695,0.0144972436929287,0.0158696121545101,0.0182454668124711,0.0197522806165372
"2365",2005-05-25,0.0133996928694932,0.0146988097876894,0.0162207348736841,0.01854722949788,0.0199731279328896
"2366",2005-05-26,0.0128856474452059,0.0134113172850487,0.015376143707433,0.0180278662841606,0.0196005935507189
"2367",2005-05-27,0.0128512694040321,0.0136003094216329,0.0156594963020259,0.0181406339783802,0.0198629308612624
"2368",2005-05-31,0.0150945190947805,0.0155726535757456,0.0172232155583444,0.019364269230834,0.0207149145364205
"2369",2005-06-01,0.0135553575543833,0.0141988242113941,0.0161120606146323,0.0187500604730087,0.0202231826804386
"2370",2005-06-02,0.0123046865802533,0.0132107691799039,0.0154256308082335,0.0182463900203459,0.0198305563712889
"2371",2005-06-03,0.0135802196706677,0.0145302673177295,0.0163431027338943,0.0190298624484541,0.020400906289939
"2372",2005-06-06,0.013492591100481,0.0150347617664474,0.0166324199551771,0.0191745161252437,0.0204546656500996
"2373",2005-06-07,0.0139555659507637,0.0152402636471833,0.0163022869355692,0.019242955550333,0.020554397384746
"2374",2005-06-08,0.0141345691124812,0.0158019859979674,0.0168436639088338,0.0195637741002535,0.0207463545212798
"2375",2005-06-09,0.01305313935624,0.0150304497581649,0.0161672332799684,0.0190216163904842,0.0203882356802589
"2376",2005-06-10,0.0130059554260389,0.0151673793430625,0.0163648096666282,0.019069993485718,0.0204779839889851
"2377",2005-06-13,0.0124377347976451,0.0146732419189344,0.0158264594601032,0.0183969993080617,0.0197146439522313
"2378",2005-06-14,0.0126030647415289,0.0146356389696485,0.015640686832194,0.0184979570094254,0.0198033172735136
"2379",2005-06-15,0.0117170675121378,0.0139276896155558,0.0150633069322466,0.018161320025681,0.0196091600503388
"2380",2005-06-16,0.0109415862960382,0.0131423676062623,0.0140997201048038,0.0173424048948567,0.0189929200282735
"2381",2005-06-17,0.0112568699146866,0.0130118008073762,0.0140525261744822,0.0172480297214308,0.0188630049398189
"2382",2005-06-20,0.0113833972235602,0.0128919409818409,0.0144903028784565,0.0174822434101436,0.0190239695006722
"2383",2005-06-21,0.0105939763455278,0.0120186374975484,0.0135621068483113,0.0169434708733063,0.0185652874685439
"2384",2005-06-22,0.0103178684813153,0.0119228325452834,0.013381561789015,0.0166174844507545,0.0180370044095017
"2385",2005-06-23,0.0125805681167274,0.0139610640210104,0.0154889728764505,0.0181344924984212,0.0193485002475256
"2386",2005-06-24,0.0127327036081708,0.0147394934504901,0.0162378834253164,0.0190093693874579,0.0200421792079447
"2387",2005-06-27,0.0135514725349769,0.0151809745207941,0.016630146285492,0.0189947628227303,0.0201055152081834
"2388",2005-06-28,0.0119233063897229,0.0132063429653896,0.0148897518972203,0.0178470082513885,0.019237097399595
"2389",2005-06-29,0.0125681681373534,0.0134568791125902,0.0150364694874458,0.0179779584643657,0.0193187959766725
"2390",2005-06-30,0.0134389658579518,0.0142911411793471,0.0158334407980008,0.0186037245007496,0.0198900778381167
"2391",2005-07-01,0.0122765558472133,0.0133059004818986,0.0151128490467101,0.0181526908244592,0.0195392687619826
"2392",2005-07-05,0.0123708990331473,0.0134531565670852,0.0147403535003571,0.0170999328210934,0.0184599156362851
"2393",2005-07-06,0.0135805676544542,0.0146921696880449,0.0158859107820315,0.0182012025463771,0.0192885853486379
"2394",2005-07-07,0.0136703532270028,0.014853413528617,0.0159058153875635,0.01819186464321,0.0192787035009779
"2395",2005-07-08,0.0116026526342526,0.0128403633000646,0.0138689111541185,0.016632731892358,0.0180059678171731
"2396",2005-07-11,0.0121112270932982,0.0134582406150091,0.0141887922776062,0.0165461135547489,0.0178574397296355
"2397",2005-07-12,0.0121835400733671,0.0133289868726908,0.0137549523172255,0.0166889354153801,0.0180028661370136
"2398",2005-07-13,0.0114880334011277,0.0129796834024229,0.0134405208226801,0.0162948821007814,0.0176253514119178
"2399",2005-07-14,0.0108745791196452,0.0123554226834714,0.0128793054711077,0.0158990793818314,0.0173255973370066
"2400",2005-07-15,0.0102005490840049,0.0120114348545393,0.0125716600494674,0.0157011173214765,0.0172350406456108
"2401",2005-07-18,0.0106182038340852,0.0129646246517597,0.0140636136701715,0.0166139168287572,0.0177966280516168
"2402",2005-07-19,0.0097584292910394,0.0118984730345966,0.0130293121408609,0.0157909367273942,0.0173373899706044
"2403",2005-07-20,0.0093354917072424,0.0113795284910837,0.012619987003912,0.0152652792262338,0.0169127700850783
"2404",2005-07-21,0.0106018889935282,0.0126754134444993,0.0140107946596048,0.0165317091059007,0.0178844196464772
"2405",2005-07-22,0.0095504265759853,0.0119024625650988,0.0133026577042906,0.0157708695355725,0.0172634803624845
"2406",2005-07-25,0.0104449948357135,0.0125408728620089,0.013949941658655,0.0164951785581255,0.0178977313811574
"2407",2005-07-26,0.00985266723735956,0.0121420846543045,0.013646637050421,0.0162504386450745,0.0177771477798464
"2408",2005-07-27,0.00887914635654046,0.0113358440031364,0.0131766800073219,0.0158139563612487,0.0174264408824597
"2409",2005-07-28,0.00934785643489019,0.0112803330074068,0.0128839408254572,0.0154499226714688,0.0170720232741406
"2410",2005-07-29,0.0117009793370865,0.013267387212541,0.0146731227192696,0.0171768427394024,0.0185270533660707
"2411",2005-08-01,0.0131915053496652,0.0140280222742221,0.0154747174404756,0.0178315254116546,0.0189088395458687
"2412",2005-08-02,0.0124205700643777,0.0131409700490015,0.014468491068028,0.0173336377141014,0.0184189529625864
"2413",2005-08-03,0.0129454301833822,0.0134925801483182,0.0146248735346409,0.0172284943712692,0.0184184974844744
"2414",2005-08-04,0.0139319253135462,0.0146931731179571,0.0157746414477634,0.018254004037324,0.0191871003598879
"2415",2005-08-05,0.0143465957499028,0.0154109922171427,0.0165961632493177,0.0189858711960233,0.0199643706786096
"2416",2005-08-08,0.0152529479236141,0.0165032432714556,0.0174553760341193,0.0196438987050939,0.0205709494333168
"2417",2005-08-09,0.0133565407834161,0.0150127430961955,0.0159663123324103,0.0182312689289525,0.0194384118929828
"2418",2005-08-10,0.013754154489398,0.0154836321631644,0.0165131561898444,0.0187781924156129,0.0196795522665299
"2419",2005-08-11,0.0132731503291603,0.0149647826353509,0.0158670845875772,0.0181327723891883,0.0193171199129475
"2420",2005-08-12,0.0141369343432796,0.0158708672465697,0.0167912602491406,0.0188378262062995,0.0198459337230118
"2421",2005-08-15,0.0136088288477549,0.0150520668849163,0.0161257326439344,0.0182113072999145,0.0192873014969879
"2422",2005-08-16,0.0159286695182392,0.016638997261435,0.0177333638899531,0.0196255020601297,0.0203267999478882
"2423",2005-08-17,0.0152115922337582,0.0164502117986817,0.0175433622867516,0.0193246592197285,0.0201402109818283
"2424",2005-08-18,0.0154952356957867,0.016341269767713,0.0175785909802027,0.0193571159776287,0.0204240755904215
"2425",2005-08-19,0.0151064091477957,0.016066432769935,0.0174003132424265,0.0191588527925182,0.0201892885641457
"2426",2005-08-22,0.0153637325985846,0.0160251625705844,0.0171549437512725,0.0187934927295011,0.0198454326744619
"2427",2005-08-23,0.0152746673072664,0.0160234460305373,0.0171939728722118,0.0189743775486437,0.0198749268960715
"2428",2005-08-24,0.0171007721366256,0.0169916948845502,0.018212122644056,0.0197080975215977,0.0204580351457964
"2429",2005-08-25,0.0154817710246498,0.016369608647166,0.0178255154804561,0.0195936567499058,0.0204682940327834
"2430",2005-08-26,0.0154152305670214,0.0170598613419881,0.0185420004879111,0.0201724262514121,0.0209457103015778
"2431",2005-08-29,0.0150503215506058,0.0162367023409374,0.0179935984720523,0.0198940141656783,0.0208585773782829
"2432",2005-08-30,0.0157562832940243,0.0168010466697502,0.0184207021729293,0.0200964452656148,0.0210391392050598
"2433",2005-08-31,0.0141850357264815,0.0149306193676107,0.0168664616451328,0.0190910255331348,0.0203680167438014
"2434",2005-09-01,0.0154634476299899,0.0159411633034468,0.0176146862167155,0.0197550364514289,0.0209526734007134
"2435",2005-09-02,0.0166293373036942,0.01718698050559,0.0186634613602682,0.020536367822808,0.0213948429727443
"2436",2005-09-06,0.0149921034757111,0.0157120405284198,0.0171819807500936,0.019440025256155,0.0206303654336186
"2437",2005-09-07,0.0140126675511785,0.0148457312073844,0.0164430569874836,0.0187571137515054,0.0200933536464279
"2438",2005-09-08,0.015111725535919,0.0159931170282226,0.0174224102030884,0.0193372253430278,0.0205194258379879
"2439",2005-09-09,0.0129020646576804,0.0142003695796363,0.0159483061212357,0.01832702363537,0.019704783058629
"2440",2005-09-12,0.0133100520613207,0.0149834749673585,0.0163541008361356,0.0184677069179371,0.0198952847885604
"2441",2005-09-13,0.0147502509164476,0.0164122148577389,0.0176090967164624,0.0193865441815604,0.0205879130478719
"2442",2005-09-14,0.0151729505463682,0.0170790459059815,0.0180951417553152,0.0200359893621628,0.0210989335651032
"2443",2005-09-15,0.014470192347828,0.016776040060696,0.0177820841434846,0.0198384026733978,0.0209579492716186
"2444",2005-09-16,0.011823924579948,0.014473016708626,0.0157930725700269,0.0183504962667861,0.0199453627763538
"2445",2005-09-19,0.0132748412830736,0.0159245194643675,0.0168706449049745,0.0192250674003628,0.0205294828586388
"2446",2005-09-20,0.0142753695267093,0.0167798203102565,0.0178235144342621,0.0199892536019029,0.0210949643800201
"2447",2005-09-21,0.0168445876353101,0.0188426345754048,0.0198012338253528,0.0214581224445507,0.0221760946193316
"2448",2005-09-22,0.0155096975269838,0.0181400654651601,0.0191588097279841,0.0208400028741322,0.021493037371603
"2449",2005-09-23,0.0144781859922127,0.0171829812762794,0.0182497340043615,0.0203836244376154,0.0212213358992149
"2450",2005-09-26,0.0144594087844573,0.0168871216779078,0.0179179292357049,0.0199257948664886,0.0209096616416723
"2451",2005-09-27,0.0139782066830455,0.016463241155723,0.0174910498422658,0.0195562519235416,0.020662655361907
"2452",2005-09-28,0.0135943444416669,0.0157994029771597,0.0168617476733238,0.019121911809608,0.0203412690036754
"2453",2005-09-29,0.0126283530589778,0.014796232398161,0.0157891935059144,0.0182965422439115,0.019767947263294
"2454",2005-09-30,0.0122547203808271,0.0144281901308858,0.0154167926847438,0.0181316360822587,0.0196217293898334
"2455",2005-10-03,0.0137947392649382,0.015029068542509,0.0157748421876298,0.0183884930462308,0.0198032613494727
"2456",2005-10-04,0.0160206225523219,0.0180582495422412,0.0189167989472519,0.0195990177356844,0.0207151930545673
"2457",2005-10-05,0.0192808114961284,0.0196094853727553,0.0198116299335597,0.0215637576439918,0.0221513084865629
"2458",2005-10-06,0.0201960069459763,0.0204059593941469,0.020482491960764,0.0221134182085851,0.0225477684123238
"2459",2005-10-07,0.0191580658117385,0.0195788704273463,0.0196924793774692,0.0213691806817832,0.022117311586026
"2460",2005-10-10,0.0211775507636546,0.0213357933425947,0.0213100986056878,0.0224629387878992,0.0229273884691675
"2461",2005-10-11,0.0213072452219796,0.0214085538930224,0.0213799872079828,0.0225443092563332,0.0230972414200966
"2462",2005-10-12,0.0229867466972098,0.0228561870452316,0.0227594044923074,0.0235322167091901,0.0239260353572385
"2463",2005-10-13,0.0235842391476049,0.0233192806385787,0.0232071578018642,0.0239382218981643,0.0242502535747783
"2464",2005-10-14,0.0192466985203083,0.0198679350905788,0.019984924441398,0.0219643106013377,0.0228706585294226
"2465",2005-10-17,0.0188948198645124,0.0193210197364006,0.0196032369530091,0.021632415629041,0.0226760235109222
"2466",2005-10-18,0.0207601186036869,0.0209294069955961,0.021170144336107,0.0226467558869864,0.0234547055207234
"2467",2005-10-19,0.0170258159641078,0.0179721393703554,0.0185685120349649,0.0209187415897845,0.0221767757651732
"2468",2005-10-20,0.0225453717149316,0.0220696900326615,0.0224599670508153,0.023758480560462,0.0243320670403474
"2469",2005-10-21,0.02254967368974,0.0218882521352676,0.0222555999714158,0.0232860769744734,0.0239065005344866
"2470",2005-10-24,0.0187740245275723,0.0187023523800473,0.0195233208183239,0.0213568038470786,0.022334208713855
"2471",2005-10-25,0.0181178134704736,0.0182952253391737,0.0186974201464469,0.0211421616722519,0.0222794724639745
"2472",2005-10-26,0.0185853159529127,0.0188310311639678,0.0190065926246554,0.0212619778892087,0.0224202794122148
"2473",2005-10-27,0.0226275806542762,0.0220661629060003,0.0218450248585435,0.022963736370864,0.0238348459406661
"2474",2005-10-28,0.0180146363098561,0.0181952495854542,0.0186134963533294,0.0208499838867602,0.0223159265479693
"2475",2005-10-31,0.0188548100079312,0.0181500550150823,0.0182434770620959,0.0205962876384581,0.0218361856034772
"2476",2005-11-01,0.0188762033224559,0.0184609733917683,0.0186493502403811,0.0207559234445117,0.022106679974428
"2477",2005-11-02,0.0164080155106734,0.0165804407291348,0.0171992238915634,0.0196909062028673,0.0212459839915714
"2478",2005-11-03,0.0152942970036171,0.0154240660311604,0.0158756548947877,0.0187258909933191,0.0202786908686165
"2479",2005-11-04,0.0154763832096709,0.0154896601722067,0.0159307184889703,0.0188908624883669,0.0203443822029662
"2480",2005-11-07,0.015406100283185,0.0153902910219315,0.0157796310757269,0.0185533901765453,0.0201399304080498
"2481",2005-11-08,0.0151958200609701,0.015324428963649,0.015794530116941,0.0186108940660269,0.0201239021720356
"2482",2005-11-09,0.0145815947137049,0.0148253150491433,0.0154174763927125,0.01842519735132,0.0199765924032251
"2483",2005-11-10,0.0130489168295276,0.0132299449457101,0.0138865792715985,0.0173852133504825,0.0190083233233914
"2484",2005-11-11,0.0122039349944015,0.0126733173240676,0.0134368650624784,0.0170273526594932,0.0186880712970527
"2485",2005-11-14,0.0130156730966826,0.0130367718174573,0.0139472307428089,0.0171501591450887,0.0186302686729348
"2486",2005-11-15,0.0134820714918921,0.0135413686291423,0.0144842624462385,0.0177279664077067,0.0191107721077043
"2487",2005-11-16,0.0131150738262367,0.0132667014671268,0.0142753540764179,0.0174681369778235,0.0189283778825255
"2488",2005-11-17,0.0112296434240054,0.0115497989228858,0.0128116412277124,0.0164311352025668,0.018107989581288
"2489",2005-11-18,0.0108124537493051,0.0113921841801581,0.0127807843515051,0.0163654227883213,0.0180639259715576
"2490",2005-11-21,0.0104934393253573,0.0108928126677344,0.0122700108652967,0.0160559799632967,0.0177857573199543
"2491",2005-11-22,0.0102393524438344,0.0107139264593776,0.0121411372852048,0.0160581297079938,0.0179167942612355
"2492",2005-11-23,0.0109617719459881,0.0111095881951897,0.0126757287671681,0.0166759104017699,0.0183587843557554
"2493",2005-11-25,0.0115392252756519,0.0114369965501394,0.0131878295476124,0.0170840244972588,0.0186030769523218
"2494",2005-11-28,0.013257504695581,0.0129610417750242,0.0148126240011108,0.018172226946225,0.0196629077401973
"2495",2005-11-29,0.0128768827836121,0.013022076313488,0.0150842234733918,0.0185821099434989,0.0198042213328248
"2496",2005-11-30,0.0135252573065001,0.0139897856263295,0.015790056133441,0.019024669727997,0.0202472737733361
"2497",2005-12-01,0.0115499754030192,0.0120123133256756,0.0137908144016595,0.017538570159755,0.0189864869721494
"2498",2005-12-02,0.0110161835268244,0.0116907844126323,0.013464517503365,0.0172159615318664,0.0186927969981824
"2499",2005-12-05,0.0119346751711713,0.0127949380473739,0.0143887907394348,0.0177596754808227,0.0192074354105584
"2500",2005-12-06,0.0120626779160369,0.012824846531741,0.0141938098508356,0.0175567587728503,0.0189170248431724
"2501",2005-12-07,0.013328364409479,0.0139840141611224,0.0152086051008066,0.0183390022420094,0.0195147094334485
"2502",2005-12-08,0.0133150370175124,0.014139777081892,0.0154723009536971,0.0183657480167048,0.0197187382990885
"2503",2005-12-09,0.012390472881008,0.0134224242170183,0.014799948605376,0.0179256799835101,0.0194278481478758
"2504",2005-12-12,0.0127403089623908,0.0139839190103192,0.0151587082724418,0.0181739041694485,0.0194711373490756
"2505",2005-12-13,0.0115407031260692,0.0132395570793982,0.0144531350034928,0.0177177037364254,0.0190581070465453
"2506",2005-12-14,0.0115978492190399,0.0132931880294542,0.0144925056920024,0.0176551832560187,0.0190136256980718
"2507",2005-12-15,0.0114570765866235,0.0132741055416749,0.0144629316557383,0.0176213652093848,0.0190459298752329
"2508",2005-12-16,0.0112539431220092,0.0133218714107357,0.0145331261496707,0.0178577813142068,0.0193369232551693
"2509",2005-12-19,0.0116477619051928,0.0141620251010727,0.0153143552965399,0.018378780026989,0.0197917715058271
"2510",2005-12-20,0.0112020858870064,0.0139374388508297,0.0151588244864673,0.0182045482130397,0.0195666363619863
"2511",2005-12-21,0.0106922657947064,0.013331791562905,0.0145896640017043,0.0178282888610971,0.0192847694928283
"2512",2005-12-22,0.00953598482491537,0.0122703092294249,0.0135519634219937,0.0170301608714026,0.0185901782682441
"2513",2005-12-23,0.00932458586219506,0.0121569809814913,0.0134031125186707,0.0170094392644622,0.0186157674391766
"2514",2005-12-27,0.0117422476353934,0.0143117988411615,0.015382562289387,0.0181904843447759,0.0195250994896885
"2515",2005-12-28,0.0110384828387021,0.0139872988645511,0.0150123290969932,0.017970913407023,0.0193671564631869
"2516",2005-12-29,0.0116386366447577,0.0141389265999502,0.0151916146262267,0.0180418848576965,0.0194001232140867
"2517",2005-12-30,0.012057715387795,0.0144665171859644,0.0154417194911417,0.0183727559759308,0.0196681273468515
"2518",2006-01-03,0.0121758759104265,0.0131778036819485,0.0138670189195231,0.0169244068008634,0.0185140553988503
"2519",2006-01-04,0.0124291523765759,0.0133557402005071,0.013943861969707,0.0169217421756568,0.0184195475489912
"2520",2006-01-05,0.0123068567281159,0.0133135795319042,0.0139019214780234,0.016885282337893,0.0184136118770689
"2521",2006-01-06,0.0115433183867231,0.01245725111927,0.0129484837343024,0.016094559223357,0.0177939610704193
"2522",2006-01-09,0.0117539368387335,0.0126933107929145,0.0130752143373345,0.0160788702127398,0.0176885490735847
"2523",2006-01-10,0.011166815016427,0.01241093006159,0.0128106298815999,0.0159362273160515,0.0176510670117863
"2524",2006-01-11,0.0114506803880784,0.01256504006632,0.0129412080523092,0.01600384488353,0.0176573051759208
"2525",2006-01-12,0.0119432514961185,0.0131583988054228,0.013549764422097,0.0164596569371856,0.0179746021052815
"2526",2006-01-13,0.0119881687413252,0.01314761163379,0.0135788256322296,0.0164465044835817,0.0179047247215115
"2527",2006-01-17,0.0133560620035007,0.0142825300401523,0.0149370957168703,0.0172242419845178,0.0183753925383204
"2528",2006-01-18,0.0138327246566644,0.0146602614292241,0.0154523490437377,0.0176094957786598,0.0186956501745662
"2529",2006-01-19,0.0130384193719439,0.0139849525828123,0.0148128612690817,0.0170677052011393,0.0189239447704821
"2530",2006-01-20,0.0182457380892483,0.0179433060495136,0.0186504707835683,0.0199191644390591,0.0204324095123311
"2531",2006-01-23,0.0163972461590766,0.0170511164204899,0.0179056361369216,0.0192523433240803,0.0200872290796666
"2532",2006-01-24,0.0149629906950835,0.0155514070691929,0.0164229428591923,0.0181288811923284,0.0191144572464772
"2533",2006-01-25,0.0141829363242557,0.0152911527677471,0.0161389498654532,0.0178154000172022,0.0188459267864607
"2534",2006-01-26,0.0131694020900008,0.0141685907425425,0.0150822082912231,0.0169701569345084,0.0183848562401862
"2535",2006-01-27,0.0122632970892002,0.0132992104681393,0.0142114029894702,0.016289039690781,0.0177715544333519
"2536",2006-01-30,0.0137713049089176,0.0138935093855842,0.0145284090858923,0.0163637464273912,0.0177649284724298
"2537",2006-01-31,0.0145101510464634,0.0144342628583517,0.0148797361684037,0.0167813817117993,0.0182131349740833
"2538",2006-02-01,0.013807352665691,0.0139473623241691,0.0145148662384547,0.0165530509591511,0.0178998102850271
"2539",2006-02-02,0.0157314988787853,0.0155811112215428,0.0158272237709514,0.0175102181632759,0.0187124176352937
"2540",2006-02-03,0.01539099726846,0.0151967484141848,0.0154902901023981,0.0174284473811302,0.0186314016193398
"2541",2006-02-06,0.0152414143142211,0.0152928915377907,0.015671335623709,0.0173430893729656,0.0185979410391354
"2542",2006-02-07,0.0167164246909345,0.0165977498241505,0.0169585510851587,0.0185396518311955,0.0194409092861235
"2543",2006-02-08,0.0149388488400645,0.0149747726826055,0.0154219156438001,0.0175384193283666,0.0186844736967871
"2544",2006-02-09,0.0153354892852864,0.015231776135724,0.0156247921628785,0.0177507274814392,0.0188330457172912
"2545",2006-02-10,0.0147342582285214,0.0147634342984218,0.0151463242247861,0.0172883119331371,0.018328059617365
"2546",2006-02-13,0.0156934210801889,0.0154936959908362,0.0160807037940944,0.0179502730785717,0.0188471681968104
"2547",2006-02-14,0.0135921508415038,0.0139005303643343,0.0147052064931428,0.0170892349227745,0.0181990012142549
"2548",2006-02-15,0.0131706305239053,0.0134858220994212,0.0143848963262364,0.0168477535763663,0.0181167925719887
"2549",2006-02-16,0.011478347149077,0.0119895363413568,0.0130771703851257,0.0157344858425521,0.0171906436955066
"2550",2006-02-17,0.012270224686405,0.0124387418467515,0.0134459019946278,0.0158958519201249,0.0172840073702372
"2551",2006-02-21,0.013608525532666,0.0130424609072917,0.0139318240099732,0.0161394713387505,0.01741344128387
"2552",2006-02-22,0.0125102863057421,0.0118011406495619,0.0129277875296153,0.0154647745743248,0.0168751833167653
"2553",2006-02-23,0.0124861816269565,0.0120586034053192,0.0132478472198783,0.015649370987429,0.0170772623053318
"2554",2006-02-24,0.0116101935547157,0.0118097444121668,0.0131006678767177,0.0155898754783566,0.0169640460881328
"2555",2006-02-27,0.0122036657505988,0.0118344292199598,0.0132375531015474,0.0155588277299889,0.0169470001422175
"2556",2006-02-28,0.0138450797582712,0.0135247471934381,0.01457541898136,0.0167089171280828,0.0178187336858799
"2557",2006-03-01,0.0120998042165677,0.012078580547226,0.0135413248314592,0.0159061817579974,0.0172461993937482
"2558",2006-03-02,0.0123971219982432,0.0125265712743458,0.01396850481324,0.0161625182247592,0.0174177648194158
"2559",2006-03-03,0.0127792785202311,0.0127206221615097,0.0139966169259241,0.0163546667717136,0.0176252727141585
"2560",2006-03-06,0.0143661826379409,0.0144552083748195,0.0153942855327302,0.0172448038713205,0.0183224303950771
"2561",2006-03-07,0.0143720964793175,0.0146107531567339,0.0157913637465013,0.0177515323291406,0.0188150061289838
"2562",2006-03-08,0.0138043023738681,0.0141706312632574,0.0154653474368065,0.0175213786825455,0.0186629753724732
"2563",2006-03-09,0.0146605462560914,0.0148764449648245,0.0159883186924983,0.0179772603064753,0.0190745268531927
"2564",2006-03-10,0.0127990081886939,0.0134695415504536,0.0148228130849763,0.0171909350865373,0.0184647073703742
"2565",2006-03-13,0.012434031432564,0.0133066305608326,0.0143638741284614,0.0167587913609403,0.0180701602496035
"2566",2006-03-14,0.0114899550182608,0.0122320067375246,0.0131817872914661,0.015988172819515,0.0173777523602477
"2567",2006-03-15,0.0115916657021187,0.0121005942089633,0.0129972160875086,0.0157503433083304,0.0171751241557039
"2568",2006-03-16,0.0118061122740611,0.0122931876430595,0.0132373842501468,0.0156453356136131,0.0169538216163963
"2569",2006-03-17,0.0122675691204519,0.0127015820067328,0.0135753147244432,0.0158647574409061,0.0171049728879473
"2570",2006-03-20,0.0122645675511501,0.0130132404018648,0.013835824368854,0.0159567207544319,0.0171169588016376
"2571",2006-03-21,0.0119596680285315,0.0130997161847708,0.0140304970663461,0.0160540092014097,0.017227032949569
"2572",2006-03-22,0.0111395159271508,0.0121328011217956,0.0130713798764312,0.0154350828541308,0.0167367252010422
"2573",2006-03-23,0.0111866320676189,0.0123481056176671,0.0132551766685747,0.0154511183424487,0.0167542760476711
"2574",2006-03-24,0.0108007161912895,0.0119154465195432,0.0128916096743955,0.0152080898783946,0.0165650225220731
"2575",2006-03-27,0.0115987188942626,0.0123905880440592,0.0133099545158157,0.0152885697452345,0.0166469585108283
"2576",2006-03-28,0.0117373273338446,0.0127451843607716,0.0136180741313966,0.0154889181879458,0.0168792551916975
"2577",2006-03-29,0.0106126087956144,0.0116249219082101,0.012416379115265,0.014625550903423,0.0161265629565978
"2578",2006-03-30,0.0120242035040907,0.0125399265798094,0.0131736964088858,0.0151379954213322,0.0164832217901205
"2579",2006-03-31,0.0126275200362048,0.0128766296919852,0.0135787999774566,0.0153606404274459,0.0166113257907043
"2580",2006-04-03,0.0122221328102447,0.0125920165594879,0.0131744156358302,0.0150886965659701,0.0164000712635677
"2581",2006-04-04,0.0113010074540781,0.0118027505903099,0.0123385089907208,0.0144383582321211,0.0157616140907251
"2582",2006-04-05,0.0114109409120644,0.0118071777718103,0.0122436982589889,0.0142268423695713,0.0155799219179044
"2583",2006-04-06,0.0117952058197857,0.0121063414988028,0.0123470467228397,0.0141338387506994,0.0154067443430287
"2584",2006-04-07,0.0136620381451117,0.01375107260378,0.0138426524168669,0.0150185715510224,0.0159906592794021
"2585",2006-04-10,0.0135438876596468,0.0137465350534737,0.0138296870543298,0.015187273781336,0.0161699733283352
"2586",2006-04-11,0.0156428524906315,0.0154245860003935,0.0153779995691683,0.0163609482790509,0.0171367742329703
"2587",2006-04-12,0.0147340687484918,0.014695572841778,0.0146919196790203,0.0160025837094433,0.0169033970639542
"2588",2006-04-13,0.0140751757353903,0.0144008432803715,0.0144466236529217,0.0159695504640056,0.0168714114133507
"2589",2006-04-17,0.0148216474804296,0.0150789357035013,0.0151604121207539,0.016361445317209,0.0171395386884423
"2590",2006-04-18,0.0121761818160906,0.0124885234548919,0.0128231781188057,0.0149062289066257,0.016098554888841
"2591",2006-04-19,0.0115960478751953,0.0120275823414495,0.012468021718113,0.0146126105756865,0.0158131974435864
"2592",2006-04-20,0.0117664614029499,0.0119090311369196,0.0124503255843499,0.0145784257939886,0.0157685165785345
"2593",2006-04-21,0.0120925210136102,0.012201073035985,0.012795060414802,0.0147449764961025,0.0158434987831084
"2594",2006-04-24,0.0118173071615836,0.0121723693887596,0.0126090267229412,0.01483776222028,0.015888418859567
"2595",2006-04-25,0.0118729744627367,0.0123181871892838,0.0127514827851547,0.0150180326585309,0.0160816054685688
"2596",2006-04-26,0.0120354194170153,0.012256460167139,0.0126387116623419,0.0149718154835437,0.016213129253518
"2597",2006-04-27,0.0122252542688893,0.0124768213018288,0.0127652314583714,0.0150575862767569,0.0162353220981666
"2598",2006-04-28,0.0118183344036936,0.011986728232222,0.0125950364158611,0.0152096778912467,0.0163796220488345
"2599",2006-05-01,0.0138458713407169,0.0134040184894804,0.0135093461514812,0.015764390394455,0.016864162531353
"2600",2006-05-02,0.0127135374980063,0.0126657582364758,0.0128766222089033,0.015656135118145,0.0166593760513009
"2601",2006-05-03,0.0129433817758099,0.0129140399450622,0.0130708317348401,0.0155752356233433,0.0165293891889544
"2602",2006-05-04,0.0125035766981919,0.0124620631273128,0.0126236321546644,0.015228791814983,0.0162607766701861
"2603",2006-05-05,0.0121369668143911,0.0118863026830728,0.0119931807187749,0.014745425363723,0.0159573921772421
"2604",2006-05-08,0.0128964565973772,0.012556644553072,0.0126553180191942,0.0150422071789228,0.0161381236320412
"2605",2006-05-09,0.0126223886312661,0.0121220447037256,0.0122368721490078,0.014803178152461,0.0158090519283312
"2606",2006-05-10,0.0123883854719074,0.0119013271050938,0.0121138491413165,0.0147581398934904,0.0157863963724135
"2607",2006-05-11,0.0137466586382356,0.0131611405254209,0.0133752690177003,0.0154655880151556,0.0164707432991523
"2608",2006-05-12,0.0172854209324293,0.0157595206648053,0.0157262210438021,0.0169123232576921,0.0174609778170416
"2609",2006-05-15,0.0159399471928673,0.0147256625044716,0.0148673758476309,0.0161974946135839,0.0168212957252796
"2610",2006-05-16,0.0154220160663076,0.0143444360950115,0.014552849610283,0.016030718063536,0.0166302231567583
"2611",2006-05-17,0.0226936369346518,0.0193209140212144,0.0190166039227852,0.0189718322040111,0.018994358762206
"2612",2006-05-18,0.0245805524705244,0.020892002456507,0.0204432765129944,0.0201694838601877,0.0199352082483341
"2613",2006-05-19,0.0236743280702858,0.0202316862756099,0.0198811320954004,0.0197250652894386,0.0196362438227536
"2614",2006-05-22,0.0271767069187004,0.0223771439947405,0.0210809979596732,0.0207122588706412,0.0203301338585493
"2615",2006-05-23,0.0300449481547561,0.0229624288223795,0.0216327404095502,0.0209758848063977,0.0205377268835
"2616",2006-05-24,0.0262806940730418,0.0227145035915591,0.0219357078285604,0.0213053306851691,0.0208156457519835
"2617",2006-05-25,0.0203739158214834,0.0187318404657268,0.0190863098717154,0.0196583279655593,0.0196594183625125
"2618",2006-05-26,0.0172756976955266,0.0171368731466769,0.0176259696974991,0.0187952000632459,0.0192153619783378
"2619",2006-05-30,0.0303115348337725,0.0259003097961349,0.024738716522972,0.0237188948229791,0.0230130954803122
"2620",2006-05-31,0.0223025821777609,0.0216613224387321,0.0217443498983792,0.0219442280541486,0.0218386903384547
"2621",2006-06-01,0.0178647183966123,0.0176941933162513,0.0184848529512672,0.0194605525293428,0.0200030352101335
"2622",2006-06-02,0.017515704723327,0.0174603979774613,0.0186042175605995,0.0197380929056196,0.0201561394845258
"2623",2006-06-05,0.0231168463821589,0.0229254897512129,0.0227707105335481,0.0226924669046423,0.0221731514169449
"2624",2006-06-06,0.0249518675170163,0.0246832069781196,0.0244003612558629,0.023596996725187,0.0229051343710521
"2625",2006-06-07,0.0266432848101095,0.0262788683320788,0.0259356005368519,0.0252477450119129,0.0240297426835411
"2626",2006-06-08,0.0280272890472495,0.027113036739174,0.0264085905483304,0.025229492740464,0.0239959417787948
"2627",2006-06-09,0.0283949539354575,0.0269155965710722,0.0261033539776095,0.0252697669728605,0.0242082404003821
"2628",2006-06-12,0.035618716618751,0.0323770037409721,0.0306606511213474,0.0281039382257159,0.0262283930003195
"2629",2006-06-13,0.0442328775322334,0.0385165633563644,0.0356738308808977,0.0311075992282216,0.0283907765197769
"2630",2006-06-14,0.0370638594031099,0.0334693194928402,0.0319735811885808,0.0290291521389962,0.0269896090477329
"2631",2006-06-15,0.0209672313540083,0.020192870673597,0.0207139806785005,0.021635804540376,0.0211668215196981
"2632",2006-06-16,0.0243353294699458,0.0229712839997729,0.0230115243326987,0.023024228745203,0.0222450616890543
"2633",2006-06-19,0.0271272614149464,0.0258651303491501,0.0258236311663403,0.0245997136203332,0.0230442880391439
"2634",2006-06-20,0.0240146707422021,0.0239016134759732,0.0241084670120734,0.0238464753226971,0.0223092295872709
"2635",2006-06-21,0.0207935510924525,0.0201795464168336,0.0206328535817088,0.0210565189841251,0.0200074548193666
"2636",2006-06-22,0.0216909259048149,0.0213136345379898,0.0215005769167179,0.0216627380315322,0.0206752819978175
"2637",2006-06-23,0.0225949006501321,0.0219609460325469,0.0221558491821862,0.0218806959869502,0.0206808370821817
"2638",2006-06-26,0.0215732927814897,0.0204151629524711,0.0207753715655853,0.0209126067067343,0.0198241847212526
"2639",2006-06-27,0.0243795342032985,0.0229472389753043,0.0231945418969228,0.0224001127407509,0.0210609554122853
"2640",2006-06-28,0.0226977299559378,0.0219830933531568,0.022325814464254,0.0220390111482349,0.0210449489169947
"2641",2006-06-29,0.0151851984326374,0.0155729890692682,0.0162545462666937,0.0181144202738022,0.018536006424253
"2642",2006-06-30,0.0155246283538258,0.0170010500009122,0.017632995816384,0.0188912083953974,0.0191298006462169
"2643",2006-07-03,0.015869538755057,0.0163698021464036,0.0169456340602962,0.0183326638346432,0.0188497389521402
"2644",2006-07-05,0.0183463404577418,0.0188682588012686,0.0193403612354165,0.0202132683700648,0.0200835676639188
"2645",2006-07-06,0.0173206171693958,0.0181066953409746,0.0185975400506591,0.0198204393581141,0.0198227125420667
"2646",2006-07-07,0.0183817179514808,0.0193668108724431,0.0200405181431007,0.0212397760500066,0.0211348465826815
"2647",2006-07-10,0.0182667316413248,0.019447971172845,0.0200011735254484,0.0210953768730345,0.0209374082083314
"2648",2006-07-11,0.0159013740572289,0.0176079006823039,0.0182668378721265,0.0201061490098001,0.0204293507740407
"2649",2006-07-12,0.0193979256998096,0.0206560366925067,0.0211484732945245,0.0219203516392394,0.021696227714897
"2650",2006-07-13,0.0281795789077774,0.0276138366332392,0.0271788266596222,0.0258113494164692,0.0244053046653736
"2651",2006-07-14,0.0289462646903939,0.0280785977527523,0.0276365935020355,0.0263798345519885,0.0251205069766328
"2652",2006-07-17,0.030683803062943,0.0289631288014603,0.0280667507594814,0.02623961638815,0.0248826806261065
"2653",2006-07-18,0.0276049019830432,0.0265032046766681,0.0258968872007078,0.0247778521685584,0.0240551473880285
"2654",2006-07-19,0.0216196217948115,0.0210400374891346,0.0211060867934043,0.0210972074764624,0.0212054573601501
"2655",2006-07-20,0.0237838475613178,0.0230317452469339,0.0230000848312935,0.0225335407480753,0.0222268531061171
"2656",2006-07-21,0.0270247182823794,0.0251674694144292,0.0247253408114821,0.0236806567525006,0.0228904585765419
"2657",2006-07-24,0.0197541555674455,0.0196328235367761,0.0206341626654123,0.0203461928727245,0.0207029158295453
"2658",2006-07-25,0.0195694487673659,0.0188340497152505,0.0192701641720263,0.0196199322058349,0.0201938007733963
"2659",2006-07-26,0.0188094763164902,0.0187847041873691,0.0190980935198438,0.0197416187848522,0.0203418845086407
"2660",2006-07-27,0.0198211508811406,0.0199917595527979,0.0202325312213707,0.0207872380876103,0.021045499881133
"2661",2006-07-28,0.0178421909731929,0.0185750148641118,0.0192670463375476,0.020033316896871,0.0205200123973192
"2662",2006-07-31,0.0198416497524521,0.0197775708477642,0.020209156755058,0.0206937480631333,0.0209775885927311
"2663",2006-08-01,0.0200143078940961,0.0201767135650742,0.0207492166284745,0.0211491566023966,0.0213180849705272
"2664",2006-08-02,0.0183510057387077,0.0186390807226537,0.0194863554273347,0.0203657355329003,0.0209594187227861
"2665",2006-08-03,0.0186812018222219,0.0188920802200012,0.0196968702209701,0.0204935041348234,0.0210890721147174
"2666",2006-08-04,0.0185656795397901,0.0188340235995323,0.0195544261242335,0.0203430036013856,0.0209162100034198
"2667",2006-08-07,0.0204353937040958,0.0205458922213312,0.0209148292159546,0.0214085910981369,0.0217117481728205
"2668",2006-08-08,0.0204071401577974,0.020918600663406,0.0213415994946583,0.0215527239657152,0.0218112835642979
"2669",2006-08-09,0.0206692620584054,0.0214870510174991,0.0219763835914863,0.0219652245134345,0.0220702064750963
"2670",2006-08-10,0.0184570452029655,0.0198324012910134,0.0203909708550096,0.0209068425355235,0.0213716449900023
"2671",2006-08-11,0.0182316989171007,0.0198537991842163,0.0205523696643248,0.0211848016324796,0.0217580808143722
"2672",2006-08-14,0.0185160943902279,0.0200442133191012,0.0207705472863599,0.0213003395600794,0.0217958449392098
"2673",2006-08-15,0.0163458586804137,0.0177857625942972,0.0187783443734456,0.0201410159804145,0.0210658981933698
"2674",2006-08-16,0.0138651004666337,0.0158283315309401,0.0170038911438663,0.0185705576789409,0.0198333155048638
"2675",2006-08-17,0.0131457296808827,0.0146979046792573,0.0160780983636706,0.0180978051207682,0.0195840721577845
"2676",2006-08-18,0.0114886474328609,0.0134929896189943,0.0151103531416693,0.0174624412160029,0.0190182537225847
"2677",2006-08-21,0.0125986290974042,0.0145007193377836,0.0159605756427104,0.0180136732010263,0.0195844423803429
"2678",2006-08-22,0.0125203373943965,0.0145084648911775,0.0158975015272215,0.017902974600555,0.0194486155361707
"2679",2006-08-23,0.0128981251117752,0.0148847453064814,0.0163078342271695,0.0182505481524506,0.0197154856636971
"2680",2006-08-24,0.0130063220164133,0.0147225360119936,0.0161797618508971,0.0182023642724464,0.0196155278900927
"2681",2006-08-25,0.0124065742686543,0.0145560739214408,0.0160596736978751,0.0179353715142948,0.0195182094601567
"2682",2006-08-28,0.0128569943043111,0.0140632632327152,0.0155405366513314,0.0175241374254599,0.0191889058209508
"2683",2006-08-29,0.013170643241249,0.0140052070998528,0.0154319690293514,0.0168723669926276,0.0190477668366513
"2684",2006-08-30,0.0133467642912011,0.0139192886219376,0.0153568600021933,0.0172611122758152,0.0188596312077075
"2685",2006-08-31,0.0138201642791982,0.0142699222703053,0.01546523749553,0.0172108683147012,0.0188588544328732
"2686",2006-09-01,0.0131925366766118,0.0135985228764909,0.014893330264937,0.0168622126191673,0.0185619558525407
"2687",2006-09-05,0.0142992748040297,0.0147083952194429,0.0155981300911951,0.0172452284321311,0.018710086218717
"2688",2006-09-06,0.0168588513097443,0.0172347089478595,0.0178968965574288,0.0188978091152162,0.0200231024695051
"2689",2006-09-07,0.0172945587488201,0.0178077489696659,0.0185223555629958,0.0192757082719798,0.0201482927959962
"2690",2006-09-08,0.0155504634524569,0.0164473364969918,0.0172430655603842,0.0184254639260629,0.0194838123150617
"2691",2006-09-11,0.0156885890739701,0.0168087371817839,0.0172988803193718,0.0185259651700721,0.0195760754524802
"2692",2006-09-12,0.013531115992476,0.0151194762469172,0.0157901161436191,0.0174218044084678,0.0187572941716039
"2693",2006-09-13,0.0128043224172929,0.0147838345838398,0.0151371152480751,0.0169244236062362,0.0183189312414974
"2694",2006-09-14,0.0133821496917591,0.0153745313572148,0.0159416511567606,0.0175882714912298,0.0187977540833373
"2695",2006-09-15,0.012467338709709,0.0146433389220296,0.0152712487869913,0.0171434212433108,0.0182882527163694
"2696",2006-09-18,0.0124683641120864,0.014873473513703,0.0154985252852706,0.0172050172025099,0.0184389274689945
"2697",2006-09-19,0.012873709384461,0.0155599897832964,0.0160172990078004,0.0178064586606123,0.0189542658281148
"2698",2006-09-20,0.0117052878818974,0.0142792274878373,0.0148661301058258,0.0172328040268553,0.0184168099145648
"2699",2006-09-21,0.0136374578728663,0.0157453948984453,0.0163482210906754,0.0182605174213527,0.0191253786216087
"2700",2006-09-22,0.0142033206434824,0.0164064818875576,0.0168461807770017,0.0183516674180251,0.019116634801454
"2701",2006-09-25,0.0126061922161511,0.0151776329472772,0.0157509059306182,0.0176234059419176,0.0185718202539237
"2702",2006-09-26,0.0112535472505281,0.0137433854530519,0.0143495221802137,0.0167742216075077,0.0178887261998882
"2703",2006-09-27,0.0117757842769776,0.0140310230148447,0.014832111679725,0.0171801412754024,0.0180071881356134
"2704",2006-09-28,0.0120535118603357,0.0143477378479937,0.0150059658945991,0.0173678457672838,0.0181980678051068
"2705",2006-09-29,0.0125872338449611,0.0150069962914819,0.0157048627987263,0.017847234485362,0.0185863765813993
"2706",2006-10-02,0.0144156157984066,0.0158090550995862,0.0162113676658985,0.0181427287539419,0.0188138210363486
"2707",2006-10-03,0.0142349446646815,0.0154637484265421,0.0158543653119901,0.017950466398995,0.0186613594848585
"2708",2006-10-04,0.0133066198922302,0.0143932374063078,0.0148893537703064,0.01728221248888,0.0183758916407411
"2709",2006-10-05,0.0136291777938411,0.014679331257841,0.0150542428339526,0.017196289184118,0.0182803873903789
"2710",2006-10-06,0.0127832615556085,0.013930408006972,0.0142850193585601,0.0168577536788551,0.0181250901987604
"2711",2006-10-09,0.0129087476249066,0.0140725547952565,0.0143156666949541,0.0167945020057406,0.0180957706398614
"2712",2006-10-10,0.012353041527799,0.0138880616878729,0.014189056614142,0.0168151663247672,0.0180929472383139
"2713",2006-10-11,0.0127153493654622,0.0141562931656771,0.0144942803832004,0.017148158724583,0.0183806353969658
"2714",2006-10-12,0.0115625741752809,0.0129129841704761,0.0132696814858841,0.0159610194978322,0.0176614060336103
"2715",2006-10-13,0.0108360258703211,0.0123624200707906,0.0127271731475326,0.0156390516798841,0.0173537379932722
"2716",2006-10-16,0.0117563078417932,0.0129008729636253,0.013397211722032,0.0158038589100078,0.0174621486148191
"2717",2006-10-17,0.0128579091609725,0.014040127712326,0.0145047080635907,0.0164346818590704,0.0180112715160148
"2718",2006-10-18,0.0122325661446537,0.0134472543397466,0.0140967593360921,0.0161796904224219,0.0178196511288613
"2719",2006-10-19,0.0110078377112269,0.0127950518727014,0.013638560266187,0.0159208273450433,0.017600978444191
"2720",2006-10-20,0.0102676615032542,0.0119266038247018,0.0129362334320506,0.0151565944542608,0.0167633325590424
"2721",2006-10-23,0.0115758616794247,0.0120500744620421,0.0125526407655691,0.0150168148654258,0.0167156683395468
"2722",2006-10-24,0.0106062608693657,0.0116484698808092,0.0124255104210576,0.0147452130196125,0.0165685381867647
"2723",2006-10-25,0.0106758626263027,0.0112976949909658,0.0119870081971477,0.0142381846291893,0.0159680325442628
"2724",2006-10-26,0.0107581745187439,0.0109977607233593,0.0113937597922099,0.0137213360266911,0.015478471504916
"2725",2006-10-27,0.0110948538749378,0.0116575064549438,0.0119392538101387,0.0142879230612842,0.0159002853444831
"2726",2006-10-30,0.0118975091641874,0.0118844522945473,0.0121117116091717,0.0144628593132905,0.0159555540787641
"2727",2006-10-31,0.0114210080067442,0.0115335916188334,0.0118548442711537,0.0143842211991644,0.0158620122074706
"2728",2006-11-01,0.0125941614471005,0.0126650812072175,0.0129463388250604,0.0151483395539052,0.0165066726687533
"2729",2006-11-02,0.0125122870497215,0.0126239911824879,0.0130002343344376,0.0148743615992522,0.0165227393465275
"2730",2006-11-03,0.0122315415028355,0.0124392762831833,0.0128965406302144,0.0151946859628479,0.0165735123768253
"2731",2006-11-06,0.011625607272403,0.0116294042978616,0.012013835202999,0.0145256968553475,0.0159827417921474
"2732",2006-11-07,0.011508511349303,0.0114366192226029,0.0119274822980808,0.0142722636760841,0.0156375884662474
"2733",2006-11-08,0.010909019459074,0.011158485945184,0.011575357122792,0.0138705993391969,0.0152469948668543
"2734",2006-11-09,0.0116248939568236,0.0117257036576865,0.012116667882404,0.0143374345306084,0.0156571229631476
"2735",2006-11-10,0.0112097196253057,0.0114590900194729,0.0118970690982787,0.0141467598137918,0.015554406305352
"2736",2006-11-13,0.0113717899538451,0.0114779077290594,0.0120822841819687,0.0142415515825863,0.0155441587235565
"2737",2006-11-14,0.0103986144394137,0.010788518557795,0.0115125369506944,0.0138191774640135,0.0152809624790854
"2738",2006-11-15,0.0100205449629285,0.0105983614732387,0.0113548163672435,0.0135819866625251,0.0150833481978144
"2739",2006-11-16,0.0098112524074989,0.0101717340966804,0.0111023985544569,0.0135151527002068,0.0151065292703282
"2740",2006-11-17,0.00919764730374456,0.0100341711206113,0.0110086559719934,0.0135049157984249,0.0151278395006428
"2741",2006-11-20,0.00924377669605157,0.0100194794788854,0.0109852146651669,0.0134509419225527,0.0151686005389741
"2742",2006-11-21,0.00884608918830967,0.0103357647914142,0.01141094142253,0.0138091892347112,0.0156182287786025
"2743",2006-11-22,0.00915758728124223,0.0109786537561363,0.0123743355807109,0.0146226408855059,0.0162671715680213
"2744",2006-11-24,0.010255070522977,0.0121319932776768,0.0136508771178295,0.0155472177274452,0.0170194075888376
"2745",2006-11-27,0.0140060005591558,0.0146315667933004,0.0158632375703934,0.017418994777118,0.0183142747109115
"2746",2006-11-28,0.0125314078459454,0.0132388604280847,0.0148154187186708,0.0168009549091988,0.0177742168319834
"2747",2006-11-29,0.0109339230434021,0.0115838500504141,0.013120272971692,0.0153968348737149,0.0164983566780759
"2748",2006-11-30,0.0112793847376901,0.0119004556657657,0.013369696868567,0.0155465893478828,0.0166041025120061
"2749",2006-12-01,0.0124412833495034,0.0129429251941143,0.0143035913430576,0.0162998284068396,0.0170841752589454
"2750",2006-12-04,0.0114203424700656,0.0122886928513746,0.0135013926803328,0.0156548978466478,0.0166135080300306
"2751",2006-12-05,0.0114228103792389,0.0123663901690682,0.0136091677308112,0.0157129042734469,0.0166810160336403
"2752",2006-12-06,0.0116718622073156,0.0127787521075179,0.0138686583040984,0.0158885614609148,0.0167402702204139
"2753",2006-12-07,0.0141951535669656,0.0151260100063371,0.0159248323180352,0.0173648082956588,0.0177899533651546
"2754",2006-12-08,0.013165285784638,0.0144442737420947,0.015282287284599,0.0168884210810989,0.0174631163096168
"2755",2006-12-11,0.0124420635056869,0.0142827466345572,0.0149553156152487,0.0167096791857478,0.0173122727733837
"2756",2006-12-12,0.0118215788299514,0.014033670886797,0.0147096641250635,0.0167024295669009,0.0174406897372367
"2757",2006-12-13,0.0108768063789139,0.0133995020278943,0.0141951290975666,0.016491938558492,0.0174144857634389
"2758",2006-12-14,0.00972144258340483,0.0123303453201234,0.013434346867369,0.0159833053481175,0.0169396877681085
"2759",2006-12-15,0.0104058777203057,0.0130853150698825,0.014061692399819,0.0165021507268661,0.0175113582830396
"2760",2006-12-18,0.0103232667690995,0.0133016991565987,0.0142956106772663,0.0167859387340518,0.0176892326816249
"2761",2006-12-19,0.00968125419836242,0.0129774371539045,0.0138162373289216,0.0164972645387622,0.0173701612900721
"2762",2006-12-20,0.00948921351227928,0.0127704436406351,0.013690100649747,0.016577790753314,0.0174604024915264
"2763",2006-12-21,0.00990220320846837,0.0132568033827358,0.0142015491552518,0.0170465505168376,0.0177435150752944
"2764",2006-12-22,0.0114131378402358,0.0140943224195394,0.0148848095383145,0.0175666484217262,0.0183948078014137
"2765",2006-12-26,0.0108300378132847,0.0136067185198494,0.0143911198098609,0.0172657586411649,0.0181767254218829
"2766",2006-12-27,0.00954861336690192,0.0126842905016704,0.0136919837507994,0.0167627480518753,0.017936129262583
"2767",2006-12-28,0.0101683357894148,0.0132149822601254,0.0141458933506744,0.017136129032428,0.0181860167880041
"2768",2006-12-29,0.0115609969382598,0.0142682366828546,0.0150738070667591,0.0178436110525069,0.0185959582930171
"2769",2007-01-03,0.0136051008308675,0.0147152838279521,0.0151079580765841,0.0178567340506846,0.0185930869169515
"2770",2007-01-04,0.0125787549902551,0.0138716706066227,0.0142650756734008,0.01726777598679,0.0182598064267156
"2771",2007-01-05,0.0139408526304836,0.0150017987434945,0.0152499659109431,0.0178676581696806,0.0187507196282155
"2772",2007-01-08,0.0133016994982922,0.014717262190509,0.0149050655122785,0.0175978334588315,0.018487510801847
"2773",2007-01-09,0.013285802303549,0.014707073109506,0.0148728299525644,0.0176164140618636,0.0184770291310549
"2774",2007-01-10,0.0123805540201122,0.0138251138553224,0.0140206149500178,0.0170296140103427,0.0179738990860259
"2775",2007-01-11,0.0110325592446625,0.0126789163172589,0.0129126633285726,0.0162108236123173,0.0172916007244022
"2776",2007-01-12,0.00983342394807502,0.0115454121674079,0.0118505183075124,0.015347042313081,0.0166165237181151
"2777",2007-01-16,0.0107105043670508,0.01213912259201,0.012644245677465,0.0155670814547256,0.0166897468869324
"2778",2007-01-17,0.0103391152195596,0.011882614190969,0.0125262184743752,0.015186796541559,0.0165505573223696
"2779",2007-01-18,0.0104362986393011,0.0117705524845411,0.0126284604753398,0.0153382164352934,0.0166434486348544
"2780",2007-01-19,0.00953972276212587,0.0110138568522497,0.0120985324507173,0.0147727557932506,0.0160485962046181
"2781",2007-01-22,0.010364457001595,0.0117277803419855,0.0129930287665223,0.015323588415759,0.0164259489621809
"2782",2007-01-23,0.00955856825816101,0.0108928708695393,0.0119857000399274,0.0145347997239926,0.0157603658609074
"2783",2007-01-24,0.00863308563820803,0.00987812170277899,0.0111475301273271,0.0136988458053089,0.0151703543975974
"2784",2007-01-25,0.0113298896410026,0.0121006562557596,0.0127687544702694,0.0149398817981943,0.016013607751232
"2785",2007-01-26,0.0111197196741436,0.0120521631027531,0.0127276579741733,0.0148497334103324,0.0158874228965504
"2786",2007-01-29,0.0123272797982952,0.0125348704139265,0.0131177254418286,0.0150648167364602,0.0160158855547753
"2787",2007-01-30,0.0113560237647301,0.0116031523539012,0.012456216200007,0.0144915672601325,0.0156057315048071
"2788",2007-01-31,0.0103060532824881,0.0106396095736113,0.0116569749511752,0.0139536824436212,0.0151588727892292
"2789",2007-02-01,0.0101684806794674,0.0105476990897212,0.0112611251244647,0.0139040664625664,0.0150822292849975
"2790",2007-02-02,0.00976288133508649,0.0103229608444006,0.0111090738629638,0.013892007222109,0.0152051012875297
"2791",2007-02-05,0.0104583711486307,0.0111173866155287,0.0117900376151117,0.0144002352849723,0.0154220213091682
"2792",2007-02-06,0.0102004404482128,0.0111886023676414,0.0117365683837328,0.0143380770786541,0.0154774692497119
"2793",2007-02-07,0.00998389506996812,0.010908112949615,0.0114190307065526,0.0140973849427396,0.015296991075598
"2794",2007-02-08,0.0101950533346456,0.0112628643117574,0.0118147854203917,0.0144380958849805,0.0155156386450521
"2795",2007-02-09,0.0115371638369038,0.0123900031487554,0.0129114201101816,0.0152676952655048,0.0161690097855417
"2796",2007-02-12,0.0126095749990087,0.013239557166165,0.0137746887366015,0.0158409734355576,0.0166065338951816
"2797",2007-02-13,0.00987313651106886,0.0110707636978938,0.0118572378787172,0.0144179873695617,0.0154671795356002
"2798",2007-02-14,0.00973644863431235,0.0108050543018495,0.0115270090717681,0.0140244531690286,0.0151610229166319
"2799",2007-02-15,0.00976254501000476,0.0107813802569352,0.0115462784392691,0.0140430395488947,0.0152398601808019
"2800",2007-02-16,0.00924480767760998,0.0104321194505982,0.0113787419454649,0.0139511342150162,0.0151812878504624
"2801",2007-02-20,0.00944879954539032,0.0103964277893415,0.0114394538156968,0.0141104840375174,0.0152602643200003
"2802",2007-02-21,0.00978422257985019,0.0103707174419908,0.0116605167422178,0.0140532357002508,0.0151932282189781
"2803",2007-02-22,0.00989273591085901,0.0104208193066764,0.0118230880028968,0.0143201259296042,0.0155624777575579
"2804",2007-02-23,0.0102632017037437,0.0112143308196985,0.0125696647517152,0.0148296973800162,0.0159848569885223
"2805",2007-02-26,0.0118109113460345,0.0119808273086016,0.0133440180986463,0.0152550988911359,0.016382928672622
"2806",2007-02-27,0.0318296295277518,0.0268691223658837,0.0247550199198825,0.023086882912812,0.0224907502339431
"2807",2007-02-28,0.0227254677056349,0.0201099764987903,0.0191113793360367,0.0193498309747037,0.0193922650979016
"2808",2007-03-01,0.0234189539834966,0.0199984998128556,0.0191420572173469,0.0185364188525224,0.0186334583563874
"2809",2007-03-02,0.0297428359845002,0.0264140367358184,0.0238961692838413,0.0222721509579403,0.0214546283647944
"2810",2007-03-05,0.0334014146022011,0.0294004766963223,0.0261354763109739,0.0230586011139172,0.0220756083609433
"2811",2007-03-06,0.0225315125867629,0.0210941913152538,0.0199015175091946,0.019175380256406,0.0190667042404834
"2812",2007-03-07,0.0209748150627535,0.0195699630294938,0.0188064543059758,0.0185230411416407,0.0187991032394587
"2813",2007-03-08,0.0182215916361778,0.0175425301038723,0.0173479658597741,0.0175882839744233,0.0178501229111986
"2814",2007-03-09,0.0177571259514806,0.0172123679282944,0.0170911342045138,0.0174045184846536,0.0177481411768061
"2815",2007-03-12,0.016788679809956,0.0163828616510144,0.0164768561687993,0.0171002080892364,0.0175115760421399
"2816",2007-03-13,0.0263211509634423,0.0244771389360489,0.0231623973418276,0.0217070672680005,0.0207396454409571
"2817",2007-03-14,0.0236446558277274,0.0223822861588385,0.0217830111138198,0.0205329769593555,0.0198998841692239
"2818",2007-03-15,0.0213800040363415,0.0208179616435337,0.0208353684412687,0.0199533362023005,0.019454873484169
"2819",2007-03-16,0.0238404145158366,0.0229207470007054,0.0226257455005107,0.0207870339692086,0.020934063897404
"2820",2007-03-19,0.019128682384091,0.0190466068700553,0.0189219200751612,0.0188265786760676,0.0188033755789345
"2821",2007-03-20,0.015685147179819,0.0168637771232852,0.0169491068870235,0.0175144979777138,0.0177172523266388
"2822",2007-03-21,0.0130958451491351,0.0135734380205572,0.0137518005872305,0.0151579835033153,0.015911062034775
"2823",2007-03-22,0.0148589444839784,0.0152581107403792,0.0148078311936534,0.0158220992880691,0.0162614393557996
"2824",2007-03-23,0.0148746990142323,0.0152810631654161,0.015085503184308,0.0161187252111698,0.0164380035501815
"2825",2007-03-26,0.0154283529362886,0.0155249690672789,0.0152271158707601,0.0163051843338568,0.01670903090701
"2826",2007-03-27,0.0162917979364876,0.0166405909433845,0.0162984651680956,0.0169773717688628,0.0171911468637098
"2827",2007-03-28,0.0202464182384924,0.0197401555563054,0.019043035209283,0.018743721469682,0.0184262327689991
"2828",2007-03-29,0.0203495149477526,0.0198299173296493,0.0192113664125864,0.0186996850326775,0.0184102985814485
"2829",2007-03-30,0.0189715890493018,0.0192151160062209,0.0187503723505144,0.0185284156907477,0.0182898851750379
"2830",2007-04-02,0.0188835045179205,0.0188567825981808,0.0184435324441172,0.0183384133053426,0.0181197821486503
"2831",2007-04-03,0.016540233116086,0.0168381929485241,0.0166191978648135,0.0172687761711597,0.0173045879201112
"2832",2007-04-04,0.0162899552972079,0.0167386764146019,0.0165984841788401,0.0173023033504832,0.0173302463583196
"2833",2007-04-05,0.0154169640608599,0.0160213188928165,0.0160356577184365,0.0169244128325141,0.0170873444264461
"2834",2007-04-09,0.015611550795528,0.0161178466755199,0.016022771450699,0.0168901585808993,0.0170609191782446
"2835",2007-04-10,0.0146653366633031,0.01527233357738,0.0152427514956455,0.016497640382156,0.0167872495614979
"2836",2007-04-11,0.0161978156730411,0.0166858007661667,0.0165435190568766,0.0173838490647644,0.0174580568499142
"2837",2007-04-12,0.0146104478154896,0.0153194137142885,0.015302200642078,0.016643829750842,0.0169844854225848
"2838",2007-04-13,0.0135293330868523,0.0145022614230485,0.0144880959497889,0.0161614675351751,0.0166716808395246
"2839",2007-04-16,0.0132274347508987,0.0140792277158894,0.0141554275774474,0.0156822485137539,0.016364723409989
"2840",2007-04-17,0.012949370965116,0.0138870409476126,0.0140538792466115,0.0155604637430137,0.0162270938314384
"2841",2007-04-18,0.0134989651433484,0.0143397731557347,0.0144941895170735,0.0158780754729993,0.0165010959474602
"2842",2007-04-19,0.0139586030719539,0.0147079626772544,0.0148956400869941,0.0161385716337378,0.0167721228548347
"2843",2007-04-20,0.0126455705218844,0.0135463436676102,0.0137984261217986,0.0153518862547387,0.0162244002578273
"2844",2007-04-23,0.014933818430763,0.0152545084286734,0.0154072970194323,0.0160792939710249,0.0168595968529477
"2845",2007-04-24,0.0150560284639963,0.0152052603741524,0.0154750580312686,0.016142627341854,0.0168724219888434
"2846",2007-04-25,0.015568209407469,0.0152760666049681,0.0153820403325914,0.0160094546207246,0.0168493922803355
"2847",2007-04-26,0.0143258346776465,0.0149347943378509,0.015187197484697,0.0159302944747245,0.0166331177202144
"2848",2007-04-27,0.0135199538216874,0.0143828764214692,0.0147780560506483,0.0157497830115403,0.0166745355877433
"2849",2007-04-30,0.0181493391768644,0.0175999189221565,0.0175468934361145,0.0175440308129738,0.0179369224756849
"2850",2007-05-01,0.0162257862413515,0.0161397101770362,0.0163237470152775,0.0168370527942103,0.0174943334559923
"2851",2007-05-02,0.0154666430807459,0.0154144586289763,0.015662753248735,0.0164031609362398,0.0173214335773589
"2852",2007-05-03,0.0154253537754557,0.0153643060525679,0.0156797691666745,0.0163008747467503,0.0172069442978131
"2853",2007-05-04,0.0154024719234117,0.0155947952329964,0.0161149644532534,0.0168641499087172,0.0175751300538124
"2854",2007-05-07,0.0156252663064473,0.0157495333143995,0.0160310075544865,0.0166633514362836,0.0174045446783908
"2855",2007-05-08,0.0159384604628866,0.0160226850126224,0.016384108837024,0.0169570449220846,0.0175743104516658
"2856",2007-05-09,0.0152724896835524,0.0153146701830531,0.0157453623020267,0.0167309199001867,0.0172826446439839
"2857",2007-05-10,0.0170175407465665,0.017323086779135,0.0176301463105768,0.0180700605469844,0.018269625596888
"2858",2007-05-11,0.0154519937978031,0.0160136306851861,0.0166251325136556,0.0174919105638804,0.0178770991099169
"2859",2007-05-14,0.0179033615690189,0.0180340846016387,0.0181636545208652,0.0185204679131883,0.0187156089781082
"2860",2007-05-15,0.0179683358061775,0.0178751915512163,0.0181539502482473,0.0187290786923624,0.0188107038818667
"2861",2007-05-16,0.0184487581844826,0.016913613007037,0.017337113924398,0.0180373083579105,0.0184754222220626
"2862",2007-05-17,0.0164697956667633,0.0170656174069706,0.0175260198290801,0.0181138865072911,0.0186611444653242
"2863",2007-05-18,0.0143366170032614,0.0152499346619655,0.01648547978118,0.0176305318819294,0.0182064996176885
"2864",2007-05-21,0.0156493329345574,0.0160757972167054,0.0168754618036591,0.0180158923941034,0.0184207692040858
"2865",2007-05-22,0.0151684284371379,0.0155859269132373,0.016618569855052,0.0178540079284889,0.0183142168482926
"2866",2007-05-23,0.0155613788274838,0.0159500824417795,0.0170833511148566,0.0181884909596113,0.0185791671266482
"2867",2007-05-24,0.017803540429978,0.0181956571209294,0.0188973250354777,0.0194467438143515,0.0194857955604708
"2868",2007-05-25,0.0158174691422564,0.0167519899137582,0.0177085801658903,0.0186116983374165,0.0188782504454564
"2869",2007-05-29,0.0165948918566917,0.0167789183837261,0.0177209227420131,0.0186367659603523,0.0188502203019669
"2870",2007-05-30,0.0149693719989511,0.0154125951198959,0.0166843705662837,0.0179574748772027,0.0183647721833232
"2871",2007-05-31,0.0150879992670277,0.0155158881965902,0.0168374710887177,0.0181293443594539,0.0186469743816826
"2872",2007-06-01,0.0149031885970901,0.0154100932339787,0.0168866824158041,0.0182778505925026,0.0188441712117626
"2873",2007-06-04,0.0159976991017055,0.0165055375196691,0.0176032851894538,0.0188243097860208,0.0193009699737762
"2874",2007-06-05,0.0167173958280745,0.0172828158577653,0.0184708053107131,0.0194095022834094,0.0197067512822002
"2875",2007-06-06,0.0199508180811173,0.0199669942619161,0.0205100418826362,0.020922442689658,0.0208856621452034
"2876",2007-06-07,0.0257056519446923,0.0248233642916276,0.0239948794271625,0.0232648547967779,0.0225773127438088
"2877",2007-06-08,0.0199246207064119,0.0198963886658087,0.0200870070019871,0.0202194700497923,0.020195461607298
"2878",2007-06-11,0.020036529716596,0.0200504665813684,0.019937901516958,0.0201019753224285,0.0200004511685359
"2879",2007-06-12,0.0242579784148483,0.0233940490897589,0.0223660868675564,0.0218057154395249,0.0212709191303451
"2880",2007-06-13,0.0196637593415536,0.0200286423556988,0.0198146265409168,0.0200833825734799,0.0201102272829284
"2881",2007-06-14,0.0172856693895423,0.0182710821532125,0.0184549389512768,0.0191787545099974,0.0194676172767341
"2882",2007-06-15,0.0178757018580672,0.0190238837579623,0.0190737664163248,0.0198606609868932,0.0200579990059344
"2883",2007-06-18,0.0165811306322568,0.0187623541260631,0.0188105163945748,0.0196773708877827,0.0200265984480328
"2884",2007-06-19,0.0149866992241454,0.0172885323808027,0.0176912137451725,0.0190935596639713,0.0185349141502136
"2885",2007-06-20,0.0196388387798185,0.0213834412782133,0.0213073203848638,0.0216940907094625,0.0215551225065958
"2886",2007-06-21,0.0182919189168178,0.0207545902139703,0.0206328527942733,0.0213012460721678,0.021571238116064
"2887",2007-06-22,0.0230448496596592,0.0241398842305303,0.0236307853335183,0.0234165041755703,0.0230601660924412
"2888",2007-06-25,0.0256165220525594,0.0253885681294484,0.0245655400206636,0.0239345349317074,0.0233639130895418
"2889",2007-06-26,0.0332757913415643,0.0296894559040215,0.0279231339170216,0.0261235983672033,0.0250050530222027
"2890",2007-06-27,0.0214293622942741,0.0229299763897769,0.0224255398474146,0.0220737407388305,0.0221304441056348
"2891",2007-06-28,0.0215653090806054,0.0228005953967418,0.0222457538525719,0.0222065183048139,0.0221686170466061
"2892",2007-06-29,0.0232889250804405,0.0250544944714764,0.024262006409405,0.023615515272286,0.0234081077588223
"2893",2007-07-02,0.0217364426294597,0.0227071841923392,0.0224809660716234,0.0224351460667017,0.0225061401646864
"2894",2007-07-03,0.0209276805206585,0.0217807170425489,0.0218164909288312,0.0221669552908661,0.022378431095965
"2895",2007-07-05,0.0227382412330679,0.0223790336694267,0.0221439873997051,0.0226205991116039,0.0229641621339817
"2896",2007-07-06,0.0207549582197749,0.0210593642949538,0.0212049080462453,0.0220233563083152,0.0225157455599007
"2897",2007-07-09,0.0215244454597185,0.0218200482447604,0.0217826438629192,0.0226872053371184,0.0232192236512757
"2898",2007-07-10,0.0282227878695167,0.0269764697786784,0.026479921877158,0.0257190125193178,0.0255105420338118
"2899",2007-07-11,0.0250826326048917,0.0249928456589062,0.0248114541747323,0.0251155162937597,0.0252930192132721
"2900",2007-07-12,0.0220010615149452,0.0227012657644698,0.0226572616214809,0.0241630255359429,0.024671752351725
"2901",2007-07-13,0.0208241872625751,0.0228353075457138,0.0227739909402772,0.0242866831790557,0.024821041189427
"2902",2007-07-16,0.0223639988820525,0.0239794859775677,0.0239135168977517,0.0251293999734297,0.0255490572032238
"2903",2007-07-17,0.0222524301674073,0.0242587432012232,0.0241642668846025,0.0254374465652374,0.0258917677452316
"2904",2007-07-18,0.0227519866631841,0.025221245046761,0.0251364590943949,0.0263249511506919,0.0266609053802092
"2905",2007-07-19,0.0207423097088131,0.0233960109776013,0.023399426687907,0.0252709249335851,0.0258561418318864
"2906",2007-07-20,0.026215561881615,0.0274541555653884,0.0273595230107962,0.0280326253139032,0.0280486770371915
"2907",2007-07-23,0.0249501316243855,0.026040926167106,0.0266243130156869,0.027273385112265,0.0275835989021219
"2908",2007-07-24,0.0314934171819443,0.0312466358898231,0.0312814262203879,0.0304791690971474,0.0300472831843115
"2909",2007-07-25,0.0300489835000022,0.029220833586833,0.0295047726860637,0.0293550117937049,0.0293134936814546
"2910",2007-07-26,0.0496863087644373,0.0397463037009498,0.03805579644666,0.0340728389389661,0.0323189602758308
"2911",2007-07-27,0.0579990457217629,0.0449019728710111,0.0418565618350696,0.0357715308313908,0.0327701485501469
"2912",2007-07-30,0.0406084531399371,0.0368018551779061,0.0348355883356588,0.0315165964777734,0.0303200990215807
"2913",2007-07-31,0.050112106786627,0.0455635677703961,0.0427849178406302,0.0376759142578926,0.0349042879256087
"2914",2007-08-01,0.0482375468816912,0.0460300214869243,0.0435499677722562,0.0388484559457193,0.036293621189149
"2915",2007-08-02,0.0404825905691804,0.0399600690506977,0.0388441096856191,0.0366103043909263,0.0348983436163618
"2916",2007-08-03,0.0548008391567094,0.0533474510229914,0.0489489254836957,0.0436362843215997,0.0412649596803858
"2917",2007-08-06,0.0444560527067063,0.0432241886491822,0.0405104086810513,0.0381946093778297,0.0378329397980392
"2918",2007-08-07,0.0408248036220488,0.0399090387438222,0.038511633494889,0.0364743429993432,0.0359598630991301
"2919",2007-08-08,0.0399204292376991,0.0389832535451213,0.0369455759518005,0.0349473269498061,0.0347947340713155
"2920",2007-08-09,0.0593321311845175,0.0570300543612739,0.0508025771463366,0.043748532517812,0.0411659374999505
"2921",2007-08-10,0.0668952475350324,0.0625115307139583,0.0534761263606371,0.0455723211204445,0.0423394248454606
"2922",2007-08-13,0.0573371994749798,0.053723338020402,0.0468070692514937,0.0414111500476176,0.0397293775643354
"2923",2007-08-14,0.0647010445722515,0.0597883011739586,0.0515743296895705,0.0445616512306803,0.0419278713421612
"2924",2007-08-15,0.0769638159933921,0.070243152527753,0.0591366785067159,0.049209039704498,0.0448770056641507
"2925",2007-08-16,0.0797287898540931,0.0720460847305457,0.060797574300099,0.0505207474824143,0.046756484727834
"2926",2007-08-17,0.069790822818161,0.064279353412206,0.0549429082585331,0.0474366350062305,0.0443917413708099
"2927",2007-08-20,0.0603511270705022,0.0579765974035684,0.0508505596653298,0.0449885396945018,0.0434103479575705
"2928",2007-08-21,0.0560070831980664,0.0549777816930522,0.048390057080346,0.0425727620640041,0.0406301139423916
"2929",2007-08-22,0.0458569442987961,0.0457778585577801,0.041110247096719,0.0367681608047624,0.0352340875649362
"2930",2007-08-23,0.0444857414451986,0.0443845762920816,0.040435538768209,0.0367141551003046,0.035549946837326
"2931",2007-08-24,0.0371633662672943,0.039207242609141,0.0369601609089453,0.0346221171153612,0.0338852555854129
"2932",2007-08-27,0.0443355879398615,0.0447145743848536,0.0411958312185611,0.0371486002466515,0.035766842687316
"2933",2007-08-28,0.0612684642610328,0.0587472619271152,0.0524802362344609,0.0450785748509195,0.0422559932853109
"2934",2007-08-29,0.0494119891801515,0.0481482604977135,0.0449045040220812,0.0401291177132851,0.0382020751536498
"2935",2007-08-30,0.0551192778552732,0.0516601042941351,0.0469975746603498,0.0416326807744986,0.0393917916390046
"2936",2007-08-31,0.0484629928415272,0.0468062479391783,0.0434184558199437,0.0392461918722166,0.0377676576250011
"2937",2007-09-04,0.0455771969389097,0.0435680824422628,0.0405970809680419,0.0374534744980933,0.0363416121656868
"2938",2007-09-05,0.0538918726842198,0.0508598621063957,0.0460755941274643,0.0405236383711458,0.0382845824423557
"2939",2007-09-06,0.0511805072598849,0.049487172495772,0.0452985217485058,0.0403907869815339,0.0383004363170564
"2940",2007-09-07,0.0623599459997716,0.0591985018615875,0.0529010569942618,0.045152509338254,0.0417831091732708
"2941",2007-09-10,0.0671183281431991,0.0618410360304495,0.0549699924486192,0.0463406264290899,0.0426638089711466
"2942",2007-09-11,0.0568487563949633,0.0531323674976616,0.0487339924785569,0.0427517665592434,0.0397603901482484
"2943",2007-09-12,0.0556879032334443,0.052352745296389,0.0482632402634126,0.0425103804946173,0.0396032877858718
"2944",2007-09-13,0.0539063891511709,0.0508765591667794,0.0471393421346628,0.041822309381615,0.0390630681304203
"2945",2007-09-14,0.0544557084054152,0.0511381745606336,0.047413575999813,0.0419285250537582,0.0392065805398434
"2946",2007-09-17,0.0613335088565807,0.0551783470188302,0.0507376835932429,0.0439754510672256,0.0407732303782756
"2947",2007-09-18,0.0377564257607845,0.0380377889199027,0.0366908487017159,0.0361283208415187,0.0349937967073379
"2948",2007-09-19,0.0355559322206009,0.0358881892278789,0.0349385875930852,0.0339512842880327,0.0328564519447263
"2949",2007-09-20,0.0372280733703971,0.0373908951505954,0.0363607345686244,0.0345460391764238,0.033292864766845
"2950",2007-09-21,0.0313587639284986,0.0338484073668598,0.033412925346523,0.0327992059007094,0.0319235094054714
"2951",2007-09-24,0.0321649448637884,0.0338985096833431,0.0337057292301838,0.0330451795912075,0.0320163300708883
"2952",2007-09-25,0.0301935628655244,0.0327325507627615,0.032685197084572,0.0324005773980619,0.031682274359515
"2953",2007-09-26,0.027064377083188,0.0300627042293078,0.0304166326458525,0.030815092470646,0.030356080529369
"2954",2007-09-27,0.0254248842237478,0.0280623866334355,0.0285431762529468,0.029324395080424,0.0290312530055295
"2955",2007-09-28,0.0287955323185347,0.0307907986598084,0.030943433975649,0.030540069823858,0.029933633479597
"2956",2007-10-01,0.0282427579079758,0.0297861400136412,0.0301301763687293,0.0300281522540715,0.0296327943941071
"2957",2007-10-02,0.030678634380243,0.0312248059023083,0.0311592579267525,0.0312182065133658,0.0308427060162161
"2958",2007-10-03,0.0323079677086091,0.0329378122048918,0.0330541379894291,0.0328275550884144,0.032211568637309
"2959",2007-10-04,0.0313362849916287,0.031960182768119,0.0321824387368903,0.0328957391687219,0.0323770831919017
"2960",2007-10-05,0.027057431904342,0.0282924247043885,0.0286487170057962,0.030554960844353,0.0304093069747004
"2961",2007-10-08,0.0279516425533185,0.0297063657544813,0.0299865808334984,0.0310842346924202,0.0310824933420575
"2962",2007-10-09,0.0237806429932386,0.0267012841719204,0.0272428338344548,0.0294331606568288,0.0297374089534199
"2963",2007-10-10,0.0253612115143896,0.0285215045267773,0.0288185521401136,0.0303198766017674,0.030673005189071
"2964",2007-10-11,0.0324397032104605,0.0337107980805668,0.033575718845663,0.0338072384254638,0.0333840944750661
"2965",2007-10-12,0.0288636188051183,0.0314843766528357,0.0313814557083102,0.0331508928370482,0.0329500504533716
"2966",2007-10-15,0.0343824881782359,0.0361638003755184,0.0359067053415877,0.0364662926396424,0.0354893489728804
"2967",2007-10-16,0.0365416639239574,0.0388859757946502,0.0385827750784751,0.0382290815764156,0.0368574142092981
"2968",2007-10-17,0.03128197655602,0.0356659134635018,0.0353502147280544,0.0364303814923873,0.0360113666346367
"2969",2007-10-18,0.0308840270492479,0.0345575571681335,0.0343037197801802,0.0365171485844255,0.0363506382830604
"2970",2007-10-19,0.0470158191620872,0.0460542284499437,0.0453093377901762,0.0439688493015103,0.0423390241146413
"2971",2007-10-22,0.0413729733563812,0.0423144363543944,0.0418111505044408,0.0418272723166018,0.0407244936929755
"2972",2007-10-23,0.0364576377128592,0.0382451162596216,0.0381613028269784,0.0398160549077808,0.0395499810621961
"2973",2007-10-24,0.0392169913730057,0.0401593298445411,0.0399928201806737,0.0411648066056846,0.0405798232616421
"2974",2007-10-25,0.0409552045015655,0.0408834988617786,0.0407863331554786,0.0414815492023503,0.0408934727143436
"2975",2007-10-26,0.033679202606232,0.0355438059408024,0.0364825626796395,0.0391899871124168,0.0395430024056165
"2976",2007-10-29,0.0354130571208172,0.0356940770733434,0.036549585372804,0.0390272798884966,0.0392785745147444
"2977",2007-10-30,0.0401422596462906,0.03911187709191,0.0396501519911697,0.0413125404310181,0.0408392969277459
"2978",2007-10-31,0.0314958908316256,0.0317386311950815,0.0335260104440903,0.0372217040565026,0.0381669323946894
"2979",2007-11-01,0.0481324827394015,0.0467537524665117,0.0462819361496818,0.046045566323357,0.0444468169325708
"2980",2007-11-02,0.048275038943497,0.0475346607911327,0.0472766335213549,0.0466685891964562,0.0448795188278542
"2981",2007-11-05,0.052312414608926,0.0510528826014596,0.0501571705848571,0.048585717976699,0.0463587340685936
"2982",2007-11-06,0.041889153858194,0.0418714378372163,0.0430136051247287,0.0442843042842849,0.0435554448903326
"2983",2007-11-07,0.06112275265427,0.0588282148799885,0.056576165190977,0.0532369618743127,0.0500185987624764
"2984",2007-11-08,0.0593445657050185,0.0580626230572589,0.0564702547245079,0.0532147891567742,0.0503580907141535
"2985",2007-11-09,0.0704817486228815,0.0671214731711416,0.0634940665447064,0.0579105024190548,0.0538088684635931
"2986",2007-11-12,0.073606308437674,0.0699407152964328,0.064341499188481,0.0573161184575654,0.0524764631130008
"2987",2007-11-13,0.0515085336781988,0.0516034350108148,0.0508912231914466,0.0497353387723813,0.0479207419291464
"2988",2007-11-14,0.0590239391785971,0.0576687285952024,0.0557692811958425,0.0532066188428276,0.0506182379900354
"2989",2007-11-15,0.0688325008816718,0.0664305033233211,0.063234512195912,0.0582925071521017,0.0543698584723909
"2990",2007-11-16,0.0576436883840502,0.0584279288167669,0.057992870399243,0.0561333522305017,0.0531617788088854
"2991",2007-11-19,0.0613100958100094,0.0633987104587275,0.063800108077883,0.0601951450913991,0.0560027614236406
"2992",2007-11-20,0.0566577444850623,0.0586173448303611,0.0590735984520989,0.0573291274748542,0.0542638446833675
"2993",2007-11-21,0.0658352871107574,0.06537275118097,0.0646699357720453,0.061137286185417,0.0568784723905418
"2994",2007-11-23,0.0606366154101261,0.0587117848061896,0.0584688618671787,0.0566369535805572,0.053732568285579
"2995",2007-11-26,0.0773374415666842,0.073800556953535,0.0704302167080783,0.0645360039396225,0.0594278353105671
"2996",2007-11-27,0.0644470469727854,0.0622176803067617,0.0612997663972841,0.057970780865889,0.0547900143365855
"2997",2007-11-28,0.053824557858508,0.0521389220817897,0.0516186369190249,0.0513765998148939,0.0501798206130719
"2998",2007-11-29,0.0528989215933154,0.0524913995693767,0.0523444629010035,0.0519678676058333,0.0506661780326308
"2999",2007-11-30,0.0478258772267309,0.0502424311064064,0.0511254338091776,0.0513145421829101,0.0496779891904695
"3000",2007-12-03,0.0505631679809144,0.0521038932361205,0.0521259421742794,0.0516943105616547,0.0497475949167744
"3001",2007-12-04,0.0514508788527279,0.0529733495700375,0.0533057204666281,0.0524073670634313,0.0505214159663978
"3002",2007-12-05,0.045664839469908,0.0472715722039758,0.047979210935747,0.0485793681922379,0.0476113633629903
"3003",2007-12-06,0.0395020832412286,0.0413212965328954,0.0428348768537619,0.0449647030146605,0.0443483413402087
"3004",2007-12-07,0.0394717367516687,0.041873226347322,0.043561701386874,0.0452561446993341,0.0444229028152363
"3005",2007-12-10,0.0396635180134548,0.0414907961072625,0.0426241342675088,0.0443690739444455,0.0435598247177094
"3006",2007-12-11,0.0519791522445565,0.0522099124362232,0.0509737116570891,0.0495790664576263,0.0474799216619734
"3007",2007-12-12,0.0471568601075842,0.0484162806690078,0.0480233008381219,0.0475994854363762,0.0455105997426537
"3008",2007-12-13,0.0475570643351467,0.0495174065633987,0.0489068097497294,0.048209833496707,0.0459735709323296
"3009",2007-12-14,0.0505204565253176,0.0520216498416626,0.0509652879881531,0.0492813256651793,0.0468665139840489
"3010",2007-12-17,0.0574284129033454,0.0589024030034747,0.056900154543282,0.0534457928706007,0.0500674390678237
"3011",2007-12-18,0.0490606767170271,0.0534376358262931,0.0530739221445542,0.051563419108289,0.0485540874116482
"3012",2007-12-19,0.0444384845118531,0.0493930990594723,0.0496065003503565,0.049074520440773,0.046313920298439
"3013",2007-12-20,0.0401705831434326,0.045274761988383,0.0462010762342493,0.0466410790674268,0.0447879717369197
"3014",2007-12-21,0.0310519992063439,0.0374377379568578,0.0400354148827967,0.042655327725113,0.0418736349036343
"3015",2007-12-24,0.0305517230212391,0.0367836665468321,0.0401612363901802,0.0419141102932296,0.0414948171525885
"3016",2007-12-26,0.0310271541676876,0.0369575790517319,0.0398565408512178,0.0416657241870118,0.0410628191156995
"3017",2007-12-27,0.0372691850798611,0.0424292363664095,0.0445805960535361,0.045226124463688,0.0438206915699887
"3018",2007-12-28,0.0381602168295706,0.0442469615946716,0.0464803153049447,0.0470205438523005,0.0472195797945394
"3019",2007-12-31,0.0458396978467926,0.0488586050152712,0.049613277804767,0.0494350756130116,0.0472969047008055
"3020",2008-01-02,0.0512007241407155,0.0522763804018573,0.0523865753655786,0.0513169859384311,0.0487905401765542
"3021",2008-01-03,0.048426601113939,0.0489517852580695,0.0490371216039459,0.0488156242138639,0.0466809559944625
"3022",2008-01-04,0.0557836740763551,0.0550317092686701,0.054371291194154,0.0525217773860953,0.0497474220127647
"3023",2008-01-07,0.0533953742400015,0.0524451597884542,0.0523433597952476,0.0508219060345805,0.0482952397560746
"3024",2008-01-08,0.0617780858191605,0.0596919945640602,0.059102806903836,0.0557005605627366,0.0521188811330789
"3025",2008-01-09,0.0543297330875127,0.0539801407975319,0.0538551343179182,0.0521400430093551,0.0496692699647041
"3026",2008-01-10,0.0512251084560205,0.0506331856492394,0.0509815131468753,0.0507663524388675,0.048909576672634
"3027",2008-01-11,0.0539399960951716,0.0534014167884725,0.0537622789163327,0.0533039215679032,0.0506919485592174
"3028",2008-01-14,0.049340568175669,0.0492536825169633,0.0499078034368082,0.0505295248007985,0.0491154240689585
"3029",2008-01-15,0.0526771290943262,0.0536724715757429,0.0538595175007225,0.0533654208153595,0.0510852325023606
"3030",2008-01-16,0.0559876292643552,0.0540957412517485,0.0539591163801849,0.0522465210171382,0.0499357320688538
"3031",2008-01-17,0.0765261145651933,0.0673946359681163,0.0660614973647378,0.0610933598066513,0.0566417308729848
"3032",2008-01-18,0.0687166941860998,0.0638997775961106,0.0629539586503502,0.0586939908346184,0.0546421495804062
"3033",2008-01-22,0.0903369158608712,0.0717954185900607,0.0686695498187237,0.0615875858622646,0.0563385907153601
"3034",2008-01-23,0.0809710440615368,0.0652754576477278,0.0628502979355711,0.0565767866172149,0.0522271876147924
"3035",2008-01-24,0.0735284562279322,0.062014290169572,0.0605641770161674,0.0556348066138578,0.0516561989020215
"3036",2008-01-25,0.0818968975322047,0.0686924128145175,0.0657630000575827,0.0592477851579421,0.0541072252283918
"3037",2008-01-28,0.0707313655885163,0.0628183593945179,0.0604830630391213,0.0554168243926315,0.0514269429160483
"3038",2008-01-29,0.0677232006831808,0.060573766759956,0.0586418743205255,0.0539899047436622,0.0503466199063869
"3039",2008-01-30,0.0668096949905106,0.0623718088726803,0.0601593930766443,0.054726030222993,0.0507622871821928
"3040",2008-01-31,0.0589225070653066,0.0573552688349556,0.0561575089392456,0.0518182887580742,0.0483294972278072
"3041",2008-02-01,0.0517321057654875,0.0512550002796522,0.0512784068029399,0.0485061959848408,0.0463029259366682
"3042",2008-02-04,0.058979507545659,0.0583064330167011,0.0565213156770623,0.0520977566630635,0.0488123420626771
"3043",2008-02-05,0.0706815639319663,0.0695335520186616,0.0662516440609445,0.0592875225550421,0.0540780395480265
"3044",2008-02-06,0.0746408474942155,0.0729546020999398,0.0692431716112411,0.061991442885702,0.0564509624091582
"3045",2008-02-07,0.0681410894649269,0.0670927276085005,0.0645227143979079,0.0582874439365772,0.05369956728717
"3046",2008-02-08,0.0699964372452185,0.0686099947245742,0.0656204727392586,0.0592192962161058,0.0544563130473287
"3047",2008-02-11,0.0665804970615267,0.0653389589336952,0.0630241617258968,0.0573726071143558,0.0531482052809183
"3048",2008-02-12,0.0625446121379944,0.0617840483844417,0.0603478741879775,0.0561046058559712,0.0528230095992811
"3049",2008-02-13,0.0558738239673828,0.0560443456411661,0.0559286888205477,0.0532544168281822,0.0505772951559619
"3050",2008-02-14,0.0593441664054776,0.0587219204323009,0.0578331010217427,0.0546653017988128,0.0516961299464454
"3051",2008-02-15,0.0584529219576694,0.0582609577082807,0.0573353596808764,0.0545196888578975,0.0517164111712493
"3052",2008-02-19,0.0594661804834724,0.0583007886602781,0.0576259494714268,0.0542953711375698,0.0513094473785228
"3053",2008-02-20,0.0532443814610483,0.0530620209509569,0.0532693712338297,0.0516450713816416,0.0496094149699198
"3054",2008-02-21,0.0570254386634582,0.0564357052603945,0.0559462841039776,0.0532400240697814,0.0504767724848337
"3055",2008-02-22,0.0512185256385937,0.0525513281019677,0.0523854960886148,0.0508817973335704,0.0486616073853226
"3056",2008-02-25,0.0467590360484348,0.0493648300356972,0.0496866699423878,0.0487042147336975,0.0471587914385277
"3057",2008-02-26,0.0425002812935537,0.0450171383028013,0.0467089089434813,0.0467951057238544,0.0456817204704685
"3058",2008-02-27,0.0451035566521468,0.0483936976043986,0.0490822787789238,0.0483810630581222,0.0467870275350239
"3059",2008-02-28,0.0484320558642182,0.0512513027723748,0.0513437037215367,0.0499724672389922,0.0481699861954224
"3060",2008-02-29,0.0630806541801679,0.0642328912612645,0.06196588614287,0.0576660468212057,0.0539726414780514
"3061",2008-03-03,0.0613750821444326,0.0616014798153179,0.0598673190825317,0.0560365421409234,0.0527832848754495
"3062",2008-03-04,0.0586435576548871,0.0589665715812786,0.0586760286816257,0.0548295442938409,0.0524928128002213
"3063",2008-03-05,0.0556129721565117,0.0557084415487398,0.0552201562240694,0.0525682383671113,0.0506678790978339
"3064",2008-03-06,0.0689348494833083,0.0674376984574836,0.0649939645676375,0.0594082450173667,0.0553285797325602
"3065",2008-03-07,0.0699438780986404,0.0688055377216551,0.0658925324420802,0.0596556306957491,0.055419380903312
"3066",2008-03-10,0.0787608999084544,0.0759123351201359,0.071895242238993,0.0643058540533903,0.059081203580042
"3067",2008-03-11,0.0645088826737079,0.0630633385050617,0.0611508767092966,0.0571818708242487,0.0545298273330152
"3068",2008-03-12,0.067988638544021,0.0671820744768801,0.0654864482747964,0.0608541403873556,0.0572832591734386
"3069",2008-03-13,0.0667274935775996,0.0664523789647077,0.0652649708668886,0.0619310521043034,0.0584895008907116
"3070",2008-03-14,0.090952880007432,0.0816526376788738,0.0770624611395614,0.0700560548813116,0.0643491305986021
"3071",2008-03-17,0.0927431637510852,0.0821546466135387,0.0761821844751993,0.0678740626781189,0.0627203125859543
"3072",2008-03-18,0.0616173483525178,0.0598788734525333,0.0580463694732086,0.0557438509438521,0.053595934922763
"3073",2008-03-19,0.0813709769007205,0.075111659483714,0.0711011893611035,0.065124320248771,0.0605062552396372
"3074",2008-03-20,0.0625505373700885,0.0641374622505639,0.0625480033412115,0.0591603298822342,0.0565499957220031
"3075",2008-03-24,0.0599947118978747,0.0607733591458813,0.0589226105761413,0.056719763585828,0.0544210164127982
"3076",2008-03-25,0.0589036782245825,0.0597340693805859,0.058852046703915,0.0572337709665514,0.054713971530399
"3077",2008-03-26,0.0600373251280702,0.0617373994687693,0.0609611978596714,0.058542449172588,0.0559384891097354
"3078",2008-03-27,0.0615437013242458,0.0622001874817852,0.0612975762852517,0.0589065617129458,0.0564797232347978
"3079",2008-03-28,0.0613921231764602,0.0620544548832427,0.0613719205410781,0.0587835900924892,0.0561776648390472
"3080",2008-03-31,0.0606460024981915,0.0595689110752999,0.0586335617320956,0.0567889311542005,0.0543871534183543
"3081",2008-04-01,0.0478369990276611,0.0485406708634729,0.0491641278154619,0.0496791562395593,0.0489533979629728
"3082",2008-04-02,0.0513286258822257,0.05183100790966,0.0520006714487148,0.051793348770986,0.0505717923819748
"3083",2008-04-03,0.0513156742087587,0.0518607032618495,0.052189694662465,0.0522025070357501,0.0508623046732955
"3084",2008-04-04,0.0483882382989639,0.0489108407684615,0.0492100219117255,0.0496801106101502,0.0491630805956514
"3085",2008-04-07,0.0469630690495541,0.0470544413849247,0.0471007253202636,0.0475749746104753,0.0475199083422694
"3086",2008-04-08,0.0478170933768686,0.0480116269050816,0.048022081098378,0.0484204146358683,0.04813706117977
"3087",2008-04-09,0.0503057530616139,0.0502942932053942,0.0502985814361564,0.0502372112859116,0.0494299576990312
"3088",2008-04-10,0.0457272581511395,0.0471303416946562,0.0473618148365053,0.0481020327834892,0.0479903291211417
"3089",2008-04-11,0.0523170211233412,0.0524251502325045,0.0524413642521669,0.0516130115881063,0.0505464356176681
"3090",2008-04-14,0.0542461996011541,0.0534532955224238,0.053376026168344,0.0521651695613807,0.0508546883275334
"3091",2008-04-15,0.0489701681506914,0.0498217145588185,0.050110649704887,0.0504419921711461,0.0497948763851593
"3092",2008-04-16,0.0395670488039487,0.0420059284992377,0.0426100443305196,0.0445321098879328,0.0451293163913146
"3093",2008-04-17,0.0404014744372352,0.0421209445512842,0.0429175015329295,0.0449678995980782,0.0454960275670524
"3094",2008-04-18,0.0357348955013699,0.0383288088722888,0.039131591241214,0.041623439076641,0.0426751246871893
"3095",2008-04-21,0.0366410486346681,0.0398006146081632,0.0406541998095733,0.0420058009980112,0.042645097588834
"3096",2008-04-22,0.0394589490127801,0.0419350750245919,0.0427173802054195,0.0438952805734689,0.04433373866495
"3097",2008-04-23,0.0356562538166928,0.0397292174242427,0.0410197714904472,0.0431724859345815,0.0440838018407064
"3098",2008-04-24,0.0348325362899667,0.037818308427431,0.0393568909859802,0.0416025162386525,0.0426784353237898
"3099",2008-04-25,0.0335585028956435,0.0359512921084113,0.0376130209762097,0.0396443138577729,0.0406827550465539
"3100",2008-04-28,0.0350168457542061,0.0357824241721201,0.0373765978781452,0.0389882588020334,0.0397664767138326
"3101",2008-04-29,0.0371545519741874,0.0375822000679743,0.0388353773515299,0.0398378894800369,0.0401974573475905
"3102",2008-04-30,0.0390324489170015,0.0390223861237405,0.040082257708906,0.040369837402481,0.0400481358622753
"3103",2008-05-01,0.0330883807447723,0.0333002151943568,0.0352385595461775,0.0367415320932823,0.0375572852922175
"3104",2008-05-02,0.0316097633401951,0.0320802377878659,0.0344391367748315,0.0361356980843904,0.0368176686322667
"3105",2008-05-05,0.0330579652708433,0.0334486638455452,0.0359533343259901,0.0373578291855239,0.0376171041528029
"3106",2008-05-06,0.0309853510132645,0.0319188144984199,0.0352585787113478,0.0370809413125642,0.0374809031698991
"3107",2008-05-07,0.0357369423322985,0.036637476773393,0.0396427600875164,0.0404143103399502,0.0400836092825216
"3108",2008-05-08,0.0333978918321846,0.0346920269845183,0.0380659193722338,0.0393802094793148,0.0397243207846725
"3109",2008-05-09,0.0344348055799534,0.0358335571171804,0.0391178903545059,0.0401967865766022,0.0404215313289467
"3110",2008-05-12,0.0315646058556133,0.0336223751657851,0.0366491701581581,0.0383038110252828,0.0389729958299622
"3111",2008-05-13,0.0314750254813742,0.0337114146593055,0.0363245993866837,0.0382439036887878,0.0389974221770115
"3112",2008-05-14,0.0298295643424342,0.0324444884844799,0.035236019760928,0.0374217370339716,0.0383455919643195
"3113",2008-05-15,0.0260979497438416,0.030078961821281,0.0332596752255175,0.0361657240269027,0.037425900248115
"3114",2008-05-16,0.0262674777279676,0.0301143319082647,0.0333921195272068,0.0374347518618225,0.0387721546032586
"3115",2008-05-19,0.0273057579054198,0.0311210036087775,0.0346428354729263,0.0382038781679332,0.0393181122485805
"3116",2008-05-20,0.0294942471528282,0.0344556769583447,0.0379701690395655,0.0408690413876041,0.0411814632409858
"3117",2008-05-21,0.0326660306575386,0.0387575322921338,0.0420830517379077,0.0445385711281969,0.0442706206673685
"3118",2008-05-22,0.0301108284757724,0.0360253036248538,0.0402056650939536,0.0433594563858652,0.0438861532026468
"3119",2008-05-23,0.0340447430790168,0.0396523717814005,0.0436220356402264,0.0458533491310113,0.0455387537728821
"3120",2008-05-27,0.0348090759772367,0.0388573741922401,0.0426141633324783,0.0445797548640521,0.0446848049442855
"3121",2008-05-28,0.0327643135095398,0.0364431782815355,0.0414799543844743,0.0440421661103012,0.0442511848785287
"3122",2008-05-29,0.0294083036762613,0.0329273012924305,0.0379487974108724,0.0418505209089406,0.0436093300124975
"3123",2008-05-30,0.0278029748442264,0.0318018464237297,0.0365250532330896,0.0404475319199853,0.0420644766876336
"3124",2008-06-02,0.0355080069268602,0.0376732600522793,0.0411978931776977,0.0439752138407575,0.0448270414439252
"3125",2008-06-03,0.0369007778893173,0.0393728726355915,0.0423559802262151,0.0449534188875098,0.0453957741069958
"3126",2008-06-04,0.0398650814634507,0.0412894018548165,0.0437637008410119,0.0460637146082397,0.0462276612331595
"3127",2008-06-05,0.0322490645194765,0.0346401972128903,0.0381766220729558,0.0419791392405277,0.043575650663995
"3128",2008-06-06,0.0505841383790814,0.0508466492979263,0.0510586498318561,0.0512968530166672,0.0506744513583823
"3129",2008-06-09,0.0491583708824138,0.0491129339426269,0.0492858305932179,0.0498949615075223,0.0491599140502766
"3130",2008-06-10,0.0480028687067419,0.0480974177726602,0.048562625181858,0.0491981233719732,0.0489864576769715
"3131",2008-06-11,0.051953890837674,0.0517005123173007,0.0511831958879492,0.0508141219819374,0.0501150915339087
"3132",2008-06-12,0.0494729007323934,0.0494578504887175,0.0490939893766437,0.0492090625103464,0.0489665535801295
"3133",2008-06-13,0.041024531406118,0.0428214559152458,0.0439247011051684,0.0449627441089306,0.0455613524284807
"3134",2008-06-16,0.0400922760445118,0.0418007749347831,0.0427784836897255,0.0436196547211818,0.0442216634811779
"3135",2008-06-17,0.0408427644677837,0.0426722459858484,0.0433297978919065,0.0443519069346936,0.0442948164930633
"3136",2008-06-18,0.0452386660187411,0.0473520944485357,0.0473986712815965,0.0474060562061477,0.0468711219704078
"3137",2008-06-19,0.0421114830214667,0.0439403562750239,0.0445422681086895,0.0451208095743151,0.0449544834288403
"3138",2008-06-20,0.0480611485690843,0.0488496109544297,0.0483763155426628,0.0475175227583934,0.0466038476464449
"3139",2008-06-23,0.0460724216838569,0.0472384297335898,0.0473763802466201,0.0471877062113898,0.046374885900398
"3140",2008-06-24,0.0458968872781617,0.047183333842348,0.0473660867015776,0.0472138034064842,0.0463915981259968
"3141",2008-06-25,0.0406544060642211,0.0431172746404791,0.0437312274053286,0.0443110203213917,0.0442837768355982
"3142",2008-06-26,0.0529186796353216,0.0538318009382487,0.0527234776943853,0.0508294139971545,0.0489037498266934
"3143",2008-06-27,0.0511388761980732,0.0529034242045969,0.0517577894870314,0.0503925524660638,0.0485826859971943
"3144",2008-06-30,0.052907574802062,0.0521525479811388,0.050838630158658,0.0494572227945089,0.047776112458293
"3145",2008-07-01,0.0517919547218554,0.0511657037732624,0.0503721469327648,0.0491981340601348,0.0494870547505332
"3146",2008-07-02,0.0616197793733905,0.0587829071900297,0.0564969357401009,0.0531434781308093,0.0500598915025965
"3147",2008-07-03,0.0577465285474998,0.0556827172189559,0.0542631618768135,0.0517014631565778,0.0490610776456961
"3148",2008-07-07,0.060810873787411,0.0576800886828035,0.0562136690845071,0.05282939098693,0.0498712729300199
"3149",2008-07-08,0.0494465204678777,0.048559693085936,0.048105483937438,0.0474035441795578,0.0459943540311522
"3150",2008-07-09,0.0594264787800638,0.0566024662695989,0.0555377025556321,0.0524330521488485,0.049803514762535
"3151",2008-07-10,0.0612089714774647,0.0573455657923228,0.0561344526864619,0.0527734471719134,0.0501186305690994
"3152",2008-07-11,0.0723384077493456,0.0646067722532871,0.0622985585565022,0.0562937410131467,0.0525541849234422
"3153",2008-07-14,0.0747179807563849,0.0659955298151388,0.0637959915733268,0.0577369606823026,0.0536090257419424
"3154",2008-07-15,0.07425866669543,0.0670324447431245,0.0649621988075532,0.0588509070835452,0.054492759840128
"3155",2008-07-16,0.0579112684414575,0.0547766786455152,0.0540558158925049,0.0513087668985363,0.0488652387042513
"3156",2008-07-17,0.0558727571111388,0.0518575277029685,0.0514834138046495,0.0496359526713812,0.0476078361427027
"3157",2008-07-18,0.053749236589904,0.0513209308819398,0.0509359083994529,0.0492746121754674,0.0477290269268655
"3158",2008-07-21,0.0489329781027234,0.048893361811114,0.0488107009177115,0.0479187243653705,0.0466790262980523
"3159",2008-07-22,0.0396549155183079,0.0418225602995606,0.0427970934934181,0.0435291766234234,0.0433649399730557
"3160",2008-07-23,0.0415576522860565,0.0432787633608719,0.0441508973794522,0.0448208679383836,0.0438097335984442
"3161",2008-07-24,0.0505272016703346,0.0506809007263134,0.0510568864400361,0.0500203566497392,0.0474915025602689
"3162",2008-07-25,0.0464954257551705,0.0478648046105646,0.048730567495648,0.0485132559316888,0.0469476130999863
"3163",2008-07-28,0.0554929873582861,0.05397188806312,0.0539718127134288,0.0522078333724965,0.0495594662783404
"3164",2008-07-29,0.044811742815948,0.0444755285787599,0.045394587546341,0.0459167790392026,0.0453552276909508
"3165",2008-07-30,0.0416526632550444,0.0412684360970856,0.0421358396246392,0.0432014320216564,0.0432775589525113
"3166",2008-07-31,0.0469917409094135,0.0463945131970372,0.0464241516712474,0.046330673113669,0.0458103728031428
"3167",2008-08-01,0.0481041541253496,0.0480189185434684,0.0482394150475418,0.0476032748002065,0.0466950464458063
"3168",2008-08-04,0.0508218079031639,0.0505916069742845,0.0502595249320652,0.0487841077634281,0.0474920744352977
"3169",2008-08-05,0.0408607882342045,0.0413271756845444,0.0424439968480798,0.0433544768944385,0.0433746701975005
"3170",2008-08-06,0.0380373078087925,0.038994694201922,0.0409372280960419,0.0426875082511361,0.0430473003717544
"3171",2008-08-07,0.0423332248878781,0.0429519414764192,0.0445022996419202,0.0454382377536762,0.0452157501866971
"3172",2008-08-08,0.0389726483482684,0.0405961013137533,0.0426939150680453,0.0440535087838861,0.0441458683040712
"3173",2008-08-11,0.0397505682774867,0.0409812380922604,0.0426517423628066,0.043864258251241,0.0438887054745714
"3174",2008-08-12,0.0433266988405897,0.0441908007662202,0.0458977491919602,0.0464826436925651,0.0458367567986221
"3175",2008-08-13,0.044237559546581,0.0458872054101214,0.047167966337709,0.047469555747991,0.0468710641957461
"3176",2008-08-14,0.0398681006520371,0.0419308959661252,0.0436935409344516,0.0451589257072322,0.0454458765776683
"3177",2008-08-15,0.0373497362809362,0.0405713956174378,0.0425414526940502,0.0442555799243549,0.0446761426592279
"3178",2008-08-18,0.0417245890550727,0.0447075032098481,0.046003131086889,0.0465258014681212,0.0465449739271099
"3179",2008-08-19,0.0427639368165338,0.0458744273978483,0.0474662624729841,0.0477620333587834,0.047734996699601
"3180",2008-08-20,0.0390400120413971,0.0425078014371471,0.044939573767056,0.0461511911940179,0.0464969185287309
"3181",2008-08-21,0.035765648155842,0.0404446489269279,0.0433321197451077,0.0453788939048983,0.0462046746759171
"3182",2008-08-22,0.0325918788493222,0.0386777884015238,0.0417488897337023,0.0444750051985709,0.0455610105458024
"3183",2008-08-25,0.0400062670486657,0.0440355892492181,0.0462260640607441,0.0475680876922708,0.0479425711829824
"3184",2008-08-26,0.0380257976168825,0.0430318117003026,0.0454947388161787,0.0472049602011563,0.0477167331432583
"3185",2008-08-27,0.0354741946759204,0.0404521788483648,0.0429953174498565,0.045586481335407,0.0464370861866502
"3186",2008-08-28,0.0339386756401073,0.0382798302853314,0.0408145902776934,0.0439938963913305,0.0450838796246028
"3187",2008-08-29,0.0385296839283867,0.0426538801210294,0.0445046652714094,0.0466692181141362,0.0471472589406741
"3188",2008-09-02,0.0447007011919289,0.0460253797782047,0.0470530183204609,0.0482113632764302,0.0482779932789014
"3189",2008-09-03,0.0430301609252892,0.0449527787867965,0.0460655799022839,0.0474738097644241,0.048106215975207
"3190",2008-09-04,0.0530867144441626,0.0529651681996479,0.0529905774069348,0.0518221014100952,0.051497740323927
"3191",2008-09-05,0.0493872866065273,0.0499821705833262,0.0502281440964362,0.0503067327036701,0.050596098089901
"3192",2008-09-08,0.0484964782568855,0.0484016075115769,0.0486366493721294,0.0486222494670141,0.0486361352608216
"3193",2008-09-09,0.0602098347337473,0.0578897957498569,0.0571320211364466,0.0543773312526503,0.0531621957305539
"3194",2008-09-10,0.0554460610716689,0.0539908259095048,0.0534388673826459,0.0515877651302547,0.0511223555967397
"3195",2008-09-11,0.0553718594830457,0.0534941454919262,0.0528493050597397,0.0508750933352527,0.050399400501038
"3196",2008-09-12,0.0609508981649498,0.057114089423323,0.0558166642725161,0.0528195046133613,0.0513631463090699
"3197",2008-09-15,0.0891655385280878,0.0733461844894203,0.069591318547216,0.061487226067986,0.0588677114866366
"3198",2008-09-16,0.0833891971945284,0.069021722994218,0.0653753541546639,0.0581516336563962,0.05639441497699
"3199",2008-09-17,0.118918658581557,0.0901034565699556,0.0832768970194864,0.0698359371855462,0.065101098780103
"3200",2008-09-18,0.0974679535551327,0.0768713834670306,0.0711538100524384,0.0604600147075088,0.0587247116717208
"3201",2008-09-19,0.0884957175865414,0.0701493573740098,0.065500959332227,0.0574949484383903,0.0553199086799637
"3202",2008-09-22,0.109785677157556,0.0867316392199953,0.0788089670991136,0.0670644928521053,0.0620737307834029
"3203",2008-09-23,0.12072464452559,0.0937293147132289,0.0844346825093566,0.071014494410454,0.0645865247000587
"3204",2008-09-24,0.122073577184781,0.0924708978182454,0.0834002380959058,0.070485366994327,0.0644488191065035
"3205",2008-09-25,0.106608616566584,0.0830907696012007,0.0752605737532023,0.0649067092093584,0.0598903027682348
"3206",2008-09-26,0.122455207316277,0.0890459733876392,0.0786469631036336,0.0664189791368701,0.0605290900496493
"3207",2008-09-29,0.231051633792476,0.154320181258893,0.127807380198131,0.0953855798104969,0.0800651221299639
"3208",2008-09-30,0.140993192454712,0.111445590882413,0.0973946818408636,0.0772061826692281,0.067058321205131
"3209",2008-10-01,0.138579724587901,0.117162153458134,0.101913763507322,0.0811230336638236,0.0698827060126262
"3210",2008-10-02,0.172861462080869,0.150623621402499,0.126502454413503,0.0958850696191014,0.0795084474839493
"3211",2008-10-03,0.163633800453682,0.14928051272894,0.125776136824889,0.0961599459411147,0.0787852175499443
"3212",2008-10-06,0.193563565794332,0.169053778805241,0.141839126021972,0.101786119966528,0.0819775766770785
"3213",2008-10-07,0.232752236954125,0.197549488248986,0.166964329598162,0.114830394395478,0.0905923504382089
"3214",2008-10-08,0.265298904055232,0.220642741971181,0.184159642178355,0.127231943588752,0.0962243736689815
"3215",2008-10-09,0.338859121053198,0.278342335306435,0.224801805942818,0.151827957920449,0.111345748333942
"3216",2008-10-10,0.399691140305277,0.308514055894422,0.253530667425275,0.160158207252453,0.114122693800193
"3217",2008-10-13,0.24280896426851,0.193900714235857,0.170510615499129,0.115646371689314,0.0892658154565327
"3218",2008-10-14,0.241505423780206,0.194597928933226,0.17377529229476,0.123140114668537,0.0957089396822744
"3219",2008-10-15,0.342493883734615,0.268385388428326,0.235282528288084,0.16163822257785,0.119116427407426
"3220",2008-10-16,0.337192895609146,0.253479410750314,0.220191621573549,0.150120785717507,0.112735287152957
"3221",2008-10-17,0.36113609203094,0.274936305604156,0.239584453843298,0.161220634464674,0.12057669211662
"3222",2008-10-20,0.224579599538163,0.191748942679602,0.16836015539913,0.129258277186376,0.103010991533784
"3223",2008-10-21,0.235111024004089,0.197457360378665,0.173355604422057,0.134814553160732,0.107175703421348
"3224",2008-10-22,0.394586873809284,0.285384758850925,0.238130964914705,0.1718182073345,0.128231446602441
"3225",2008-10-23,0.38442753397747,0.27828736705458,0.235310530023628,0.171198998453053,0.125812137444225
"3226",2008-10-24,0.505717258461121,0.353650771979175,0.293506033114934,0.20667596001207,0.155206191749949
"3227",2008-10-27,0.510925210001673,0.365407729081747,0.298869638047743,0.209724779829496,0.158391228221328
"3228",2008-10-28,0.353962663221156,0.261464488047526,0.220536651510442,0.165060072089612,0.131847268321026
"3229",2008-10-29,0.416034940193383,0.307731713233999,0.253980413788735,0.186733255060989,0.146616053321044
"3230",2008-10-30,0.341621394689785,0.26824423444411,0.226940811626561,0.173204199236627,0.14044184658347
"3231",2008-10-31,0.290035479556787,0.247405233490628,0.214524436116251,0.169664431987441,0.139201863211342
"3232",2008-11-03,0.241207630500281,0.219128900227811,0.195788888799862,0.158007554755336,0.132372583574211
"3233",2008-11-04,0.183326932369584,0.168853637832049,0.157128219690528,0.135599212602312,0.118487794631589
"3234",2008-11-05,0.230164354589366,0.209327193805153,0.189318647076148,0.155535972601463,0.131951224599433
"3235",2008-11-06,0.305812266448256,0.273803352234718,0.239567421967452,0.184941876516253,0.150920494916179
"3236",2008-11-07,0.252021735506098,0.233548988904319,0.211607410602843,0.1665517581998,0.13845586606323
"3237",2008-11-10,0.275300012859201,0.245925250069814,0.219087063441294,0.171243451131223,0.14209523702633
"3238",2008-11-11,0.293710851197627,0.259821337051826,0.230155814431221,0.178054535557655,0.147069044959362
"3239",2008-11-12,0.349485074032845,0.306354505599861,0.266967466493018,0.200096911037123,0.16150130473495
"3240",2008-11-13,0.274253512184082,0.245365289252922,0.218577331022956,0.171920506293186,0.144217772863552
"3241",2008-11-14,0.343183205745498,0.30177008981152,0.263640848893232,0.201097858711339,0.165449384850348
"3242",2008-11-17,0.401267083912054,0.341999884967101,0.28983019177654,0.216347575620383,0.17719651366045
"3243",2008-11-18,0.388557098887304,0.336347405308061,0.284811632778385,0.213774900882699,0.175032493374472
"3244",2008-11-19,0.469795644809649,0.402089269693569,0.336747572269125,0.248957009455883,0.201393840072319
"3245",2008-11-20,0.556473893799418,0.463876143943704,0.38650815583144,0.274184908316113,0.218929803545708
"3246",2008-11-21,0.435030139790482,0.37401489318951,0.316742117440286,0.230844016311649,0.188254334527979
"3247",2008-11-24,0.350023921258751,0.312195317096527,0.262232890097196,0.199739254530958,0.169376068312016
"3248",2008-11-25,0.321576088047099,0.291686841299394,0.252582293266071,0.195272383924337,0.16523229717939
"3249",2008-11-26,0.266105133756788,0.244815903933942,0.222895902314855,0.180349142639749,0.155226593675708
"3250",2008-11-28,0.27582272602046,0.249929244576932,0.224049274802893,0.18304882630012,0.158831855700701
"3251",2008-12-01,0.407549639436145,0.351318260287855,0.295794601064997,0.226125299217568,0.190698625008736
"3252",2008-12-02,0.349531567198089,0.309608953798674,0.27257848551373,0.213057344445297,0.18074564089792
"3253",2008-12-03,0.317679416483641,0.28997834667736,0.260109697798464,0.204638213524565,0.175631669708779
"3254",2008-12-04,0.355670611855017,0.323556210892589,0.289716817868023,0.227302954486503,0.193114963947599
"3255",2008-12-05,0.300384166107851,0.283456028996624,0.263428239635258,0.210910472961623,0.183059697938052
"3256",2008-12-08,0.275727858880288,0.259673779040624,0.244887959610624,0.200782017376797,0.174812291289332
"3257",2008-12-09,0.289586061636651,0.272696725975492,0.258511011531751,0.211467087296918,0.18211224897191
"3258",2008-12-10,0.259355471669473,0.251218278804113,0.242109495209067,0.201775509033543,0.175410109807492
"3259",2008-12-11,0.259113825781015,0.250699069843315,0.242295286189157,0.202120029888873,0.174071830790274
"3260",2008-12-12,0.253818183316258,0.244216677379564,0.2361861601082,0.198404429217014,0.171628153568115
"3261",2008-12-15,0.280374834970406,0.259164102790398,0.249396086930208,0.203000767097039,0.174781193153189
"3262",2008-12-16,0.230220203922233,0.220582244707936,0.214517646369379,0.180287234098754,0.157234821832654
"3263",2008-12-17,0.217691248890922,0.215820956252776,0.211933012434464,0.178458010445737,0.155835151901819
"3264",2008-12-18,0.203486973381797,0.203525976878633,0.20002100119622,0.172754315771234,0.151760784036426
"3265",2008-12-19,0.174913559371266,0.17303287179292,0.172386857688932,0.157326835722011,0.141952352995217
"3266",2008-12-22,0.173538420729976,0.17016310709663,0.171155832880182,0.154084272090301,0.140525776398532
"3267",2008-12-23,0.180028473632875,0.174570470285756,0.175395936923679,0.154824770549992,0.140959754221752
"3268",2008-12-24,0.17479893098284,0.171240524703529,0.170036886698692,0.152385082737759,0.138605761505934
"3269",2008-12-26,0.167153258139776,0.165088654915131,0.165216420429763,0.14984980478248,0.136624362876909
"3270",2008-12-29,0.172258106792145,0.16862778553214,0.167198683077307,0.14952074522817,0.136633145316296
"3271",2008-12-30,0.150690896300818,0.15153650684919,0.15372259448381,0.140330556112361,0.129385130334917
"3272",2008-12-31,0.134393230519307,0.137621292055775,0.140694478481772,0.132017490186377,0.123558846352866
"3273",2009-01-02,0.119985891702499,0.121671624774097,0.123593277229656,0.117878336502075,0.113210144053862
"3274",2009-01-05,0.13099520781806,0.12997487608771,0.128518989707746,0.119227511773079,0.113100777069828
"3275",2009-01-06,0.125933362632642,0.124983183092311,0.123542308003149,0.117019699178048,0.111541847902761
"3276",2009-01-07,0.156346236145786,0.153143646000732,0.148862187598986,0.131153506756037,0.120904579585849
"3277",2009-01-08,0.150704126078659,0.151826590973655,0.149106440070174,0.130977346453345,0.120999868413838
"3278",2009-01-09,0.154898563035052,0.158415696022067,0.155674663242445,0.134950417124698,0.124575021751039
"3279",2009-01-12,0.181615318489521,0.184334686914907,0.177901742734407,0.147994474259196,0.133913048875358
"3280",2009-01-13,0.168914757687631,0.177374540548332,0.172601351620601,0.146535447781682,0.132493777107114
"3281",2009-01-14,0.200572340872078,0.20686482494071,0.199910175823868,0.164628605513643,0.145372401598752
"3282",2009-01-15,0.198404403757452,0.199727997564122,0.195247099333633,0.165738511763254,0.146525691719316
"3283",2009-01-16,0.176595226094678,0.187194907055006,0.183627474785184,0.159427261222352,0.141100918538906
"3284",2009-01-20,0.258469033249437,0.247575017235587,0.233142899409953,0.191108351740834,0.161909052489621
"3285",2009-01-21,0.174740566250949,0.189386787992226,0.1840519601583,0.159962550434694,0.139922938156981
"3286",2009-01-22,0.180481498795652,0.194326694762432,0.189050270989588,0.163804671768102,0.141902549292053
"3287",2009-01-23,0.174526723113223,0.187835443632883,0.181390610709514,0.159085422424167,0.139911663568201
"3288",2009-01-26,0.165532605842142,0.174158621852296,0.169631142558533,0.150320030209602,0.134409444074911
"3289",2009-01-27,0.14561068743444,0.157230112811168,0.154927477562447,0.1415665128071,0.128629001311919
"3290",2009-01-28,0.127139210286833,0.136114239889224,0.133565000757891,0.126066798672015,0.119543061518755
"3291",2009-01-29,0.149722705295797,0.153023245350962,0.145818019345735,0.133879979381025,0.125174567454593
"3292",2009-01-30,0.170192955851276,0.165824448541269,0.155100881769283,0.140953850995625,0.131461496069402
"3293",2009-02-02,0.16735536884065,0.162354310209683,0.151536657786397,0.137256872332429,0.128464818602679
"3294",2009-02-03,0.14758259745639,0.146116904832626,0.139138201409161,0.128888815699604,0.122264896160976
"3295",2009-02-04,0.154321311177133,0.149661256787279,0.14110725665262,0.129341985908026,0.12255003144362
"3296",2009-02-05,0.152568401936306,0.148164943176739,0.140053268226817,0.127647170925677,0.12079120235694
"3297",2009-02-06,0.155011339073433,0.148338819420189,0.13888431958131,0.125553017503945,0.118440378456865
"3298",2009-02-09,0.154016126807361,0.14662460872636,0.13836432763399,0.125069139234681,0.117785446484452
"3299",2009-02-10,0.182533675992783,0.171924391379546,0.161784243761784,0.141100319919983,0.130079758280537
"3300",2009-02-11,0.163403056367174,0.156244608348936,0.148728459819822,0.132372875403239,0.123394991670834
"3301",2009-02-12,0.152902749528323,0.148453359274355,0.143781078444071,0.130048550202018,0.120690992570257
"3302",2009-02-13,0.151882741324264,0.145699977307686,0.14094689582208,0.127587499411142,0.119742112396754
"3303",2009-02-17,0.198284124780591,0.177339729336992,0.165510373075547,0.142353639692283,0.129815763801259
"3304",2009-02-18,0.186675975103655,0.172147201722629,0.162563857614587,0.142235260759522,0.13012402892721
"3305",2009-02-19,0.18875817715784,0.173230126913258,0.164951640586547,0.144207349976537,0.130904390050735
"3306",2009-02-20,0.201786424959594,0.181675640136496,0.172270497747885,0.149345916399656,0.134980151892821
"3307",2009-02-23,0.241150544569591,0.21391438005284,0.196008641818574,0.164260891735242,0.145585089525558
"3308",2009-02-24,0.174096694787914,0.164765841061428,0.157566959231432,0.138743827979687,0.12741284528657
"3309",2009-02-25,0.175318283099878,0.165087309411254,0.158638998023149,0.140647803200098,0.129169575694161
"3310",2009-02-26,0.177016960302828,0.167364779352861,0.160412507622531,0.142594899482732,0.131046708040442
"3311",2009-02-27,0.188733934576578,0.172975141264407,0.163978306514759,0.144974949046112,0.132420244753808
"3312",2009-03-02,0.241488097586783,0.217022988572503,0.195985296242702,0.166722822369485,0.146708282690303
"3313",2009-03-03,0.212833765410885,0.196561395804283,0.181482216974295,0.157037816184885,0.139454213312479
"3314",2009-03-04,0.185134365784732,0.171232274411949,0.157719654823969,0.13908605137324,0.125238127346148
"3315",2009-03-05,0.219454257891743,0.198371347822605,0.177729024782907,0.153361659502247,0.134196083974885
"3316",2009-03-06,0.209816011305661,0.193704250897106,0.176421235539765,0.149132172672419,0.130368946376281
"3317",2009-03-09,0.212046253167795,0.194365415970956,0.1760511521292,0.14814489182707,0.129897985349287
"3318",2009-03-10,0.167305136286299,0.157842418205469,0.14715389501292,0.127775485135957,0.114577511838947
"3319",2009-03-11,0.166703160674441,0.159990584547537,0.150172900083226,0.131382292600716,0.116948594337507
"3320",2009-03-12,0.151581814158993,0.147017423569713,0.13919833430628,0.124032585938413,0.112216228641849
"3321",2009-03-13,0.158842280821532,0.152436434457012,0.144412984194764,0.128652844707818,0.117050704829401
"3322",2009-03-16,0.170990854408174,0.161274603604667,0.152173537805878,0.133547747489387,0.119761160437218
"3323",2009-03-17,0.145935111370119,0.142363702699608,0.137961799145165,0.123635029807183,0.112581093453043
"3324",2009-03-18,0.143791129831477,0.140053532485406,0.136036697265094,0.123216172591794,0.112676066623874
"3325",2009-03-19,0.167463991697448,0.162161186182839,0.155636445981362,0.137444005044678,0.124139163870135
"3326",2009-03-20,0.183349717035375,0.180378682377447,0.173503122294212,0.150805313338388,0.134343116933599
"3327",2009-03-23,0.159085929993442,0.151130062756162,0.145365244881807,0.131549936808437,0.12041754047559
"3328",2009-03-24,0.166017188162018,0.159768296584791,0.152450662028959,0.137402996032604,0.123738016363712
"3329",2009-03-25,0.155755556407273,0.151897648658347,0.14567703772474,0.132250975888897,0.120158621909342
"3330",2009-03-26,0.146642350010024,0.141784124566279,0.137443845617176,0.12670386959039,0.116746227322914
"3331",2009-03-27,0.152829895711167,0.153056471292034,0.147883834395953,0.135089369713066,0.122652419806907
"3332",2009-03-30,0.182949441973894,0.176612644460448,0.169284252034558,0.149715254868145,0.134297762991456
"3333",2009-03-31,0.172457562699062,0.16861047273078,0.163860442089301,0.145501990520564,0.130171345002562
"3334",2009-04-01,0.158393878751834,0.157680965282014,0.155790310635709,0.141055862234017,0.127418438057137
"3335",2009-04-02,0.163105190889185,0.15885952343643,0.154868302664949,0.141378363023231,0.127502692517782
"3336",2009-04-03,0.14709037857668,0.147909257596846,0.146885477100722,0.137272195139606,0.125505134449414
"3337",2009-04-06,0.150434028136008,0.149778528872847,0.148343111037533,0.138566921421995,0.126144567166783
"3338",2009-04-07,0.150526821031683,0.15297563738249,0.151338669055175,0.140760707584953,0.128179218257601
"3339",2009-04-08,0.139286877067135,0.141961319282854,0.141381147700225,0.135084200313209,0.124571581334447
"3340",2009-04-09,0.127683050750938,0.133001592520119,0.132484775426921,0.127692503017933,0.118655764854168
"3341",2009-04-13,0.132056268107116,0.132951026343274,0.132147883575653,0.126932438656234,0.11808841859108
"3342",2009-04-14,0.133401012790907,0.134083702988833,0.133800012405803,0.12938712343468,0.120828982552962
"3343",2009-04-15,0.121410162231818,0.128334869789015,0.128094431372224,0.124548334074807,0.117596341742185
"3344",2009-04-16,0.113577399325042,0.119665889146278,0.120088930549017,0.118033314804937,0.112449041525803
"3345",2009-04-17,0.104400683552667,0.112634850673357,0.113014594852109,0.111977234289885,0.107276893113396
"3346",2009-04-20,0.140186780733686,0.137265942437081,0.13373794693446,0.126349055555246,0.11781660370546
"3347",2009-04-21,0.123166969799587,0.12274790860941,0.121143367324589,0.11805545671406,0.112529650531525
"3348",2009-04-22,0.127625922390405,0.126969749872803,0.124229191662789,0.120302388034772,0.11466658611217
"3349",2009-04-23,0.122845064095971,0.12311573777535,0.121499245358931,0.118377152586103,0.113094818240825
"3350",2009-04-24,0.119854868528707,0.121689293111769,0.120333442221964,0.117036299399969,0.112232252662016
"3351",2009-04-27,0.131793258137096,0.128245070711687,0.125357818154895,0.120273970079643,0.114893095994904
"3352",2009-04-28,0.127823182268787,0.125320617508339,0.123295496813761,0.118945191579864,0.112391351287079
"3353",2009-04-29,0.11545695474379,0.114098727739963,0.112726881562525,0.110805469217954,0.106315161139096
"3354",2009-04-30,0.117147532995426,0.116384297523523,0.115064829913911,0.1123086634716,0.106802851626932
"3355",2009-05-01,0.111607316184502,0.110736513424226,0.109931601811953,0.108400885307933,0.103271230516573
"3356",2009-05-04,0.103986702213237,0.102750617755538,0.102206659534109,0.101003276092408,0.0969059528961798
"3357",2009-05-05,0.102168997313578,0.101516511406262,0.101587486071572,0.101322786275299,0.097505104229721
"3358",2009-05-06,0.0945923827662471,0.0944230683454471,0.0950771898623852,0.0954264432235276,0.0917949713686925
"3359",2009-05-07,0.102267401563964,0.101112219238905,0.100643850282006,0.0987500710515196,0.0937772389322016
"3360",2009-05-08,0.0910338788214439,0.0908569605315419,0.0911368246749439,0.0907616326004038,0.0871741799588063
"3361",2009-05-11,0.0998291644559378,0.097234693297346,0.0967637057900828,0.0947302513953297,0.090405187043252
"3362",2009-05-12,0.09184584421899,0.0919049183304031,0.0925864459561703,0.0918180615921647,0.0878332979063979
"3363",2009-05-13,0.101886050580102,0.0995757641126233,0.0991648702099739,0.0962812504972397,0.0906035116903725
"3364",2009-05-14,0.087892946466679,0.0882984247872612,0.0890747403457375,0.0879876813217479,0.0839078433805727
"3365",2009-05-15,0.0969775894590738,0.0951307291449798,0.0946897120451414,0.0921664786349999,0.0869865683332092
"3366",2009-05-18,0.0793700707939889,0.080081635129666,0.0824509475699748,0.0824628030173394,0.0792629755285541
"3367",2009-05-19,0.073968181267969,0.0759350899132368,0.0787920880151489,0.0794618794753366,0.0769286086982205
"3368",2009-05-20,0.0763482476207918,0.0779356240961615,0.0798042153418138,0.0797651880027694,0.0768459758059907
"3369",2009-05-21,0.0897512965556871,0.0888486769599639,0.0891957597518461,0.0864955467266875,0.0815718889565872
"3370",2009-05-22,0.0926866530440593,0.0908680971128112,0.0912695557939286,0.0884380365756754,0.0830755477465675
"3371",2009-05-26,0.0825426981047062,0.0804914072229983,0.0825803919934879,0.0817631141230411,0.077467807194202
"3372",2009-05-27,0.0928523872406136,0.087533071020556,0.087904954529091,0.0855771014757849,0.0804470583651687
"3373",2009-05-28,0.087250747535706,0.0843543571005943,0.0857985854312816,0.0838336807711579,0.0790861465193347
"3374",2009-05-29,0.0758874701023847,0.0761779297136459,0.0797764193251545,0.080055434460444,0.0761578097379411
"3375",2009-06-01,0.0778236874567573,0.0758097195353149,0.0775319124659253,0.0772538846507913,0.0739408676397457
"3376",2009-06-02,0.0767495829537364,0.076006462343129,0.0775207575056412,0.0769466419123075,0.0738519280437835
"3377",2009-06-03,0.0842579509583645,0.0846670074124164,0.0854164613272736,0.0831284516275122,0.0790381516047549
"3378",2009-06-04,0.0800434330937443,0.080971195416481,0.0824122062873175,0.0814481569484706,0.0777491440879195
"3379",2009-06-05,0.0788643846229836,0.0813793609990394,0.082996464955706,0.081988333276664,0.0781129760500109
"3380",2009-06-08,0.0785780564299988,0.0819643229944908,0.0830607651849165,0.0824046186061047,0.0785114230491565
"3381",2009-06-09,0.0702544708387309,0.0752965544584665,0.0772906087723181,0.0784464526313644,0.0756381354905897
"3382",2009-06-10,0.0724502057349215,0.0767197517734285,0.0781521003767735,0.0787704164507897,0.07556704252602
"3383",2009-06-11,0.0701392232761043,0.072743712329762,0.0734679191320212,0.0744431454622696,0.0721457466798071
"3384",2009-06-12,0.0690001787545827,0.0707461858357097,0.0714671999146337,0.0731523282671182,0.0708670464607021
"3385",2009-06-15,0.0840515692117719,0.0809779279686765,0.0813652177656806,0.0799002805555909,0.0756765114955668
"3386",2009-06-16,0.0903820832845334,0.0873268470140416,0.0862432237283327,0.0827934438974798,0.077912757816604
"3387",2009-06-17,0.0847982817709209,0.0859012582662036,0.0852378837811642,0.0824446323234657,0.0778343940582869
"3388",2009-06-18,0.0769054565387244,0.0807540695158476,0.080883158153218,0.0793260154911988,0.0758024797443446
"3389",2009-06-19,0.0658488851726898,0.074415920705571,0.0762719689810438,0.0774784267672411,0.0756352269009411
"3390",2009-06-22,0.0846566376742684,0.0870752793298744,0.0873678616099978,0.0863859560854677,0.0820940331526211
"3391",2009-06-23,0.0815473895916054,0.0832924114232565,0.0838572730097295,0.083708680050742,0.0795103715907466
"3392",2009-06-24,0.0737843688486262,0.0778214966445596,0.0794917902766866,0.0800986312247715,0.0779594049374196
"3393",2009-06-25,0.061039869122491,0.0670709405313192,0.0702833093479557,0.0735343133386623,0.0731380899318872
"3394",2009-06-26,0.0571526170194601,0.0651542813912733,0.0686430204288898,0.0724792425430523,0.0723520494287699
"3395",2009-06-29,0.0566935820222394,0.0600780227396431,0.0636310627940512,0.0680840722022924,0.0683956166444971
"3396",2009-06-30,0.06140534897587,0.0641629154931652,0.0674759479265019,0.0705970239360708,0.0700174262276742
"3397",2009-07-01,0.062238802367233,0.0647759970507047,0.0679226361334826,0.0699654984111476,0.0692084087767926
"3398",2009-07-02,0.0712244859203694,0.0731575230558745,0.0760562256687846,0.0764444910939162,0.0741722090828103
"3399",2009-07-06,0.0733173613380402,0.074723805845064,0.0764144685224844,0.076840144474869,0.0739632041277909
"3400",2009-07-07,0.082310642690823,0.0829700883076583,0.0838320340804948,0.0818463684496894,0.0777344705677667
"3401",2009-07-08,0.0853211014682326,0.0850983004048322,0.0856218023943124,0.0833609567530098,0.0788251501341522
"3402",2009-07-09,0.0788838865793791,0.0819147315055825,0.0833542132351098,0.0819726597585884,0.0781677254598398
"3403",2009-07-10,0.0756849252115728,0.0802572008768441,0.082065521647846,0.0819202730525403,0.0785359880666582
"3404",2009-07-13,0.0669609331423853,0.0710897568110203,0.0730836308987656,0.0764543869665882,0.0747769158569025
"3405",2009-07-14,0.0643055628498719,0.0698726682525712,0.0717120874193336,0.0749165187202176,0.0736074285314237
"3406",2009-07-15,0.0631828808264052,0.066642314580183,0.0684655811764064,0.071568588163089,0.0707430077500129
"3407",2009-07-16,0.0603859377959582,0.0646593078551973,0.066462924607949,0.070709323612797,0.0698646891004428
"3408",2009-07-17,0.0569831729333024,0.0647338699342654,0.0669546461186532,0.0700858413058934,0.0692553931241496
"3409",2009-07-20,0.0546006073306568,0.060780199161333,0.0633751842035683,0.0668552933453576,0.0667346318346024
"3410",2009-07-21,0.0526495506018142,0.0600101254866217,0.0629643275757985,0.0661348919756245,0.0663997445253993
"3411",2009-07-22,0.0505622978239756,0.0583404746680892,0.0617399320601342,0.0650281801230826,0.0655759431560675
"3412",2009-07-23,0.0504426344534911,0.055921203628302,0.0593333284587232,0.0627256454310715,0.0637041259885734
"3413",2009-07-24,0.0485087637328535,0.0546602135358538,0.0588483779910607,0.0626542372566706,0.0634523922329887
"3414",2009-07-27,0.0526837723535331,0.057309470804856,0.0610026174321261,0.0633749316697027,0.0637341893785546
"3415",2009-07-28,0.0543192106391901,0.0612074833652303,0.0650612309230825,0.0670220269578573,0.0661134922314892
"3416",2009-07-29,0.0576519874931856,0.0638573843067637,0.0676343768547868,0.0690189392373612,0.0674678571288706
"3417",2009-07-30,0.0566829637117754,0.0628111559605683,0.0664213206571834,0.0675917082575705,0.0661111343782683
"3418",2009-07-31,0.0592435325085683,0.0634931044734918,0.06663701825313,0.067657166554316,0.0660065247256678
"3419",2009-08-03,0.0597727904365487,0.0617472386114621,0.0645167692091442,0.0654276049910581,0.0643514012056623
"3420",2009-08-04,0.0571711083208379,0.0593912596612835,0.0620812938060412,0.0638116408319008,0.0634132341829316
"3421",2009-08-05,0.0562708699850191,0.0588587546739321,0.062128600302959,0.0639393492758402,0.0635342291143751
"3422",2009-08-06,0.0606970027001678,0.0629829381274123,0.0655662415819516,0.0663428640330783,0.0651889375192836
"3423",2009-08-07,0.056777934979595,0.0586094452723975,0.061293496518841,0.0629443741719314,0.0626761455511833
"3424",2009-08-10,0.0575443004388333,0.0599925271035476,0.062228463213603,0.0634349924281569,0.0630851928391664
"3425",2009-08-11,0.0611740129169139,0.0644155781710522,0.0663582984770349,0.0668066925773502,0.0654219935061977
"3426",2009-08-12,0.0584048619660693,0.0621198984615316,0.0645201407145022,0.0654784161649553,0.0647310393796357
"3427",2009-08-13,0.0556643880422524,0.0597833384898179,0.062642888730189,0.0643391564018682,0.0639483009669692
"3428",2009-08-14,0.0547114594305098,0.0591138598585033,0.0621534166467467,0.0641364724265104,0.0641137588252847
"3429",2009-08-17,0.0698762308159508,0.0717076043109296,0.0732734154434823,0.0722550642606566,0.0698754969644022
"3430",2009-08-18,0.0624784630156703,0.0667685621374804,0.0690034680862713,0.0693741990865443,0.0677737130712312
"3431",2009-08-19,0.0614849047343254,0.0653055237298495,0.0681198896885072,0.0692896411762581,0.0680341459552745
"3432",2009-08-20,0.054606981191087,0.0611532372376236,0.0649350871202194,0.0669802924131161,0.0664792505576258
"3433",2009-08-21,0.0539957627401483,0.0588581677025272,0.0628500434053339,0.0656795560198547,0.0654663387528948
"3434",2009-08-24,0.0546168240586071,0.0612158149095283,0.0649032131313542,0.0669097785494219,0.0661598961924897
"3435",2009-08-25,0.0537874631225105,0.0610289957097567,0.0650794587379038,0.0673487788349655,0.0665161615419642
"3436",2009-08-26,0.0534492304436326,0.0619608247855455,0.0661619651481392,0.068317954752309,0.0674709292612113
"3437",2009-08-27,0.0524102326406794,0.0613495048210135,0.0659639528615988,0.0677651776877346,0.0671862273455097
"3438",2009-08-28,0.0528198890962986,0.0617780348418736,0.0660392491688257,0.0679652631414625,0.0673453442346675
"3439",2009-08-31,0.059703971603575,0.0661815871010506,0.0693438709740592,0.0702533187014469,0.0691053640374059
"3440",2009-09-01,0.0739608570304838,0.0765565846913361,0.0777424177311556,0.0762847571674692,0.073402472777173
"3441",2009-09-02,0.0742904077834681,0.0776147298637392,0.0790204326883911,0.0774149642358924,0.0749998175220232
"3442",2009-09-03,0.0644199907670521,0.0692508533757257,0.0713056988128762,0.0716042971948625,0.0708135182309235
"3443",2009-09-04,0.0560713084425098,0.0628056276547525,0.0659021392644542,0.0678305259849887,0.0682399892666748
"3444",2009-09-08,0.0578519738034169,0.0635459123632884,0.0648885974753966,0.0667572886860828,0.0673465742915132
"3445",2009-09-09,0.0522612154449061,0.0591189593464053,0.0607294656550199,0.0635772833604109,0.0647104127225827
"3446",2009-09-10,0.0488505003065398,0.0547457672268303,0.0561843897262501,0.0595579950593103,0.0615801125546126
"3447",2009-09-11,0.0516694556139617,0.0568705777031929,0.0578489538984546,0.0608935310225351,0.0625353893965213
"3448",2009-09-14,0.0510209504272002,0.0555257027478601,0.056468138756667,0.0599609088946228,0.0618527331121037
"3449",2009-09-15,0.0489718525333221,0.0545479304766679,0.055636870768175,0.0593772963161333,0.0614769884278848
"3450",2009-09-16,0.0501128363691227,0.0535073993046673,0.0544880062349587,0.0580087800944778,0.0603109504379993
"3451",2009-09-17,0.0508846294838488,0.0548003026527549,0.0554277374186331,0.0588488666726101,0.0610563330925647
"3452",2009-09-18,0.0498100277039921,0.0556247844962369,0.0566147434473692,0.0595857444002786,0.0614033595958179
"3453",2009-09-21,0.0494271365720967,0.0557541943151832,0.0571437472739438,0.0603011240742816,0.0618183579742613
"3454",2009-09-22,0.0458000808747876,0.0533552369072905,0.0553208417651108,0.059384335667665,0.061235482098312
"3455",2009-09-23,0.0477397712683244,0.0551356572286067,0.0568740783667927,0.060800088306441,0.0624344045924622
"3456",2009-09-24,0.0528283487718288,0.0592218966263607,0.060832900790413,0.0639595667038985,0.0650906323009183
"3457",2009-09-25,0.0557079142306018,0.060029765795385,0.0609561964482711,0.0637273177513661,0.0644041682654452
"3458",2009-09-28,0.0543325426657403,0.0561340333524225,0.0571718338974137,0.0606915308040716,0.0622875682323131
"3459",2009-09-29,0.0553151415930079,0.0564105076725463,0.05719848177562,0.0607607390318357,0.062440648277218
"3460",2009-09-30,0.0584569280804965,0.0584268223707794,0.0585745251518891,0.0613148587609258,0.0626986765307331
"3461",2009-10-01,0.0706529033735571,0.0684913527173762,0.0669859862151608,0.0675923757126027,0.0672770856534245
"3462",2009-10-02,0.0714242193836258,0.0698050543528866,0.0685774730497488,0.0685860492135916,0.0674550492458192
"3463",2009-10-05,0.0633977889021257,0.0628985081953682,0.0625651221624134,0.064041931486179,0.0638310658313107
"3464",2009-10-06,0.0579483157127186,0.0585012117669838,0.0585965205657223,0.0607257619201403,0.0615434591342376
"3465",2009-10-07,0.054442490673547,0.0560912983416986,0.0566560465840353,0.0597493862729923,0.0608583566962456
"3466",2009-10-08,0.0537501319972275,0.0554074461055603,0.0558738157902692,0.0590737811284009,0.0601600346807108
"3467",2009-10-09,0.0483632503620115,0.0508959331067702,0.0517361587425396,0.0562033489618484,0.0579743110436327
"3468",2009-10-12,0.0501212946094131,0.0522621756204247,0.0526333587746812,0.0563912848230981,0.0578755258775198
"3469",2009-10-13,0.0491929501294027,0.0517276472825003,0.0521481554197051,0.0563663251461048,0.0578419924230905
"3470",2009-10-14,0.0483983532145086,0.0506409189126115,0.0511222201779436,0.0555383584792221,0.0569941731729888
"3471",2009-10-15,0.0437084961807839,0.0468363740215486,0.0478670946734181,0.0534125794559058,0.0555734710356143
"3472",2009-10-16,0.0429562332584471,0.0476857797696345,0.048811328045235,0.0540662909660874,0.0560439259915058
"3473",2009-10-19,0.0413234528980945,0.0460905060871935,0.0476959410311203,0.0521851563015108,0.0545933287366143
"3474",2009-10-20,0.0410157765962652,0.0463659919655759,0.0480390609652299,0.0528173693038967,0.0551825932512603
"3475",2009-10-21,0.0438877068766843,0.0485079906322157,0.0495451425878888,0.0539191404478514,0.056057947821702
"3476",2009-10-22,0.0387350197959079,0.0444306920521075,0.0463818598676495,0.0514687331813045,0.0537344124433436
"3477",2009-10-23,0.0446108165110261,0.0485145251155718,0.0500911192786256,0.0544185830872754,0.0559421449249937
"3478",2009-10-26,0.054153541518785,0.0544201566447571,0.0549559861600896,0.0577465403065156,0.0582537770360675
"3479",2009-10-27,0.0552562358563742,0.0546312481528998,0.0551025976888005,0.0577288382843136,0.0582917573602588
"3480",2009-10-28,0.0689597389348535,0.0646150973039676,0.0633832935266087,0.0630163447562757,0.0618182960582715
"3481",2009-10-29,0.0532117829906488,0.0543254866738596,0.0551379729550408,0.0573890767959962,0.0578078189002742
"3482",2009-10-30,0.0836202700121676,0.0735391505844571,0.0702836717282221,0.067237595458559,0.0644967732976153
"3483",2009-11-02,0.0757745426317876,0.0722135654203099,0.0699821832390942,0.0669380466975764,0.0643668088462706
"3484",2009-11-03,0.0713524907036297,0.0705944782907914,0.069919922951302,0.0678432143219999,0.0654470848399726
"3485",2009-11-04,0.0688685995417011,0.0685327856293031,0.0682834505397124,0.0666600175718585,0.0649633865084459
"3486",2009-11-05,0.0573199905857889,0.058258921320452,0.0598873256221158,0.0612323030344041,0.0609016283737362
"3487",2009-11-06,0.0526787602290095,0.0544865688500573,0.0569422038921707,0.0594346537718819,0.0598511472290968
"3488",2009-11-09,0.0473688487853489,0.0494043914069583,0.0521945402372471,0.0556570457791695,0.0570859533302517
"3489",2009-11-10,0.04725857969644,0.0501493283160043,0.0532384346487445,0.0568645673071924,0.0579952242349974
"3490",2009-11-11,0.0477431875913736,0.0509184080366102,0.0542091172780127,0.0578116267525814,0.0590968156035102
"3491",2009-11-12,0.0536329211407462,0.0566081903006738,0.0592125691208503,0.0617329470824183,0.0623446984342489
"3492",2009-11-13,0.0492952531739029,0.0533420741940918,0.0569254750321232,0.0603444882414574,0.0612384610942806
"3493",2009-11-16,0.0475194572553646,0.0514285251403224,0.0547490964648476,0.0586105640799532,0.0596915865035569
"3494",2009-11-17,0.0453216659927886,0.0497155165704883,0.053868901301905,0.0585884360505141,0.0598592735970488
"3495",2009-11-18,0.0432815064479443,0.048080520499354,0.0530203022003904,0.0584276421850336,0.0599506560297203
"3496",2009-11-19,0.0459073699290639,0.0494893677307675,0.0545266274009728,0.0603548203783191,0.0618259288560586
"3497",2009-11-20,0.0435515177176705,0.0476396565061012,0.0528209325199678,0.0592129081535435,0.0608751642275151
"3498",2009-11-23,0.038968609108365,0.0433795497728749,0.0495008722630703,0.0566168870223257,0.058475749872762
"3499",2009-11-24,0.0364785804614785,0.0415958104770691,0.0480871232664527,0.0555199054068284,0.0574803156256309
"3500",2009-11-25,0.0366188368075668,0.0416248734401107,0.047840721227302,0.0554067965716935,0.0572003819080647
"3501",2009-11-27,0.0540403914335552,0.0537361526850415,0.0579475133946305,0.0629653000384448,0.0626974457930435
"3502",2009-11-30,0.0518484185452033,0.0534122841965959,0.0571060825985428,0.06188103676225,0.0623445637154068
"3503",2009-12-01,0.0435948658862245,0.0473787933652777,0.0524173379879386,0.0582975220966281,0.0599296472336311
"3504",2009-12-02,0.0409660377929859,0.0461704111009729,0.0519191092356364,0.0584705643212444,0.0599528938291462
"3505",2009-12-03,0.0445517629577333,0.0503353793482695,0.0550152142324079,0.0607502199834633,0.061486169057596
"3506",2009-12-04,0.0428728823470756,0.0481556188270976,0.0527284306907616,0.0589478444022128,0.0603662279169614
"3507",2009-12-07,0.0447173785092417,0.0505848411543082,0.0538100109634721,0.0592160878995104,0.0604371200599422
"3508",2009-12-08,0.0499396556404689,0.0544105241430582,0.056919931439204,0.0618773582618215,0.062238572515644
"3509",2009-12-09,0.0466006181576683,0.0534540764160116,0.0557864903119936,0.0608035264684927,0.0612930113476762
"3510",2009-12-10,0.0438952638967399,0.0515837021631037,0.0538440442002293,0.0598274553514439,0.060624414239635
"3511",2009-12-11,0.0416018134187098,0.049645717875887,0.052234027431014,0.0586814120554708,0.0594508410264638
"3512",2009-12-14,0.0391870939614385,0.0478096893238244,0.0504636355130616,0.0573789756139672,0.0584931001066395
"3513",2009-12-15,0.0419564456478268,0.048797317703476,0.0513592687410418,0.0576853038398172,0.0585874316676072
"3514",2009-12-16,0.0389952398101867,0.045996082126123,0.048342036043523,0.0550728151319538,0.0563699350534265
"3515",2009-12-17,0.0449017593933924,0.049161180478104,0.0509313173337305,0.0567754305236142,0.0578156304500528
"3516",2009-12-18,0.0409838733167443,0.047300222899771,0.0494966393346864,0.0556699675304895,0.0566791924998949
"3517",2009-12-21,0.0346542003856663,0.0425649431285438,0.0457285344226541,0.0525185615544293,0.0544880857636146
"3518",2009-12-22,0.0316190012661044,0.0393580437554912,0.0428893928338426,0.0501235871170907,0.0524201016753146
"3519",2009-12-23,0.031801300008898,0.0392816809568938,0.0426068644814598,0.0498559777886576,0.0520664129927167
"3520",2009-12-24,0.0309694931784097,0.0385570536382597,0.0416846956316882,0.0490059710975719,0.0512148738893312
"3521",2009-12-28,0.034588623970357,0.0390893537358507,0.0418792164154808,0.048778319627712,0.0508270165900228
"3522",2009-12-29,0.0358222650920173,0.0393819633883328,0.0422697553768956,0.0490375025983277,0.0510319259561218
"3523",2009-12-30,0.0362284660465291,0.0392769757964871,0.0423430210660601,0.0491423366732555,0.0507976501032336
"3524",2009-12-31,0.0422527371962271,0.0444459100417725,0.0472257469217537,0.052229885191093,0.0530558046722442
"3525",2010-01-04,0.0366054159791468,0.0401739178620785,0.0429596459941334,0.0488314378913682,0.0504442522857592
"3526",2010-01-05,0.0347698282758174,0.0386623907082403,0.0413573976111076,0.0475988477752153,0.0491530915134697
"3527",2010-01-06,0.0336764684294205,0.0372077553696474,0.0394065365074589,0.0455391501601686,0.0470490377374659
"3528",2010-01-07,0.0328287147326634,0.0363004910162741,0.0383088235998075,0.0441299929602826,0.0459725656547413
"3529",2010-01-08,0.0305197919810906,0.034601547211007,0.0366532211998258,0.0424838679375014,0.0439882659867592
"3530",2010-01-11,0.0317759327175905,0.035617752925346,0.0372347274684095,0.0421398505037155,0.0430781372874214
"3531",2010-01-12,0.0346065344529677,0.0390290449349867,0.0404296449650106,0.0442648276799604,0.044432008078315
"3532",2010-01-13,0.030791821013885,0.0356316129507536,0.0370320441627138,0.041447598557982,0.0422315583311925
"3533",2010-01-14,0.0299848009081549,0.0346951055016639,0.0362293110831155,0.0405752513321061,0.0412543402556211
"3534",2010-01-15,0.0311392952652039,0.0368653385388924,0.0385458698050138,0.0427056304534885,0.0432838122428579
"3535",2010-01-19,0.027425834127765,0.0339481705583501,0.0360762795524383,0.0399848981591492,0.0411508456682609
"3536",2010-01-20,0.0306307783129729,0.0361446979142469,0.0380571518896653,0.041371580842935,0.0421463587622234
"3537",2010-01-21,0.0423866497502348,0.0443660251101554,0.0452239363447253,0.0461363938991837,0.0455302126003503
"3538",2010-01-22,0.0663012691188439,0.0607679799084241,0.0587655067633657,0.0548233652466672,0.0520297391305464
"3539",2010-01-25,0.0554935498311306,0.0534491732333828,0.0526703103128819,0.0510210786166708,0.0495947648700176
"3540",2010-01-26,0.0512624808396386,0.0528912161624567,0.0528876913938589,0.0514104076889456,0.0494921909660822
"3541",2010-01-27,0.0467227505117828,0.0496389517495337,0.0499204315931701,0.0497429477673222,0.048533510431488
"3542",2010-01-28,0.0487520272234883,0.0508509748257355,0.0514081383350043,0.0510125087798705,0.0495330317483255
"3543",2010-01-29,0.0527139246642667,0.0537931384648698,0.0539782504155406,0.0529376620098283,0.0513638368822269
"3544",2010-02-01,0.0454162744123837,0.0468138116550924,0.0476040909421998,0.0484576565271017,0.0476723725177562
"3545",2010-02-02,0.0406593368088558,0.0428119113233433,0.0444859525736373,0.0459729489696243,0.0455295335469129
"3546",2010-02-03,0.042437352698817,0.0442374186785896,0.0458123455565741,0.0469816973629235,0.0466037419957357
"3547",2010-02-04,0.0601812816142999,0.0591874743779436,0.058055756148937,0.0558590932510593,0.0536661148001249
"3548",2010-02-05,0.059770905295257,0.0588991054434625,0.057680217445608,0.0560718180568445,0.054200851805336
"3549",2010-02-08,0.0625000598244902,0.0613458252196758,0.0601586872166738,0.057619547390525,0.0554048270181986
"3550",2010-02-09,0.0581325751899325,0.0578337182158206,0.0573904278380327,0.0559060699402517,0.0542537043423619
"3551",2010-02-10,0.0573600324494983,0.0570835702262541,0.0568664995487918,0.0554318536227981,0.0539263389303211
"3552",2010-02-11,0.0515629716481273,0.0523180566626976,0.0526897427439757,0.0526702564857403,0.0514913011323704
"3553",2010-02-12,0.0502867575128456,0.0524337368116335,0.0531951271806737,0.0530256653272694,0.051690228540426
"3554",2010-02-16,0.044491745253822,0.0463226958017903,0.0481249289916915,0.0492601875872596,0.0486262199181944
"3555",2010-02-17,0.0427351800129236,0.0448159494430539,0.0468492561412246,0.0480621476132065,0.047656131605012
"3556",2010-02-18,0.0377238879000859,0.041029824410903,0.0438381424374826,0.0454779520231027,0.0455132947140288
"3557",2010-02-19,0.0360206387343154,0.0389319799805959,0.0419540981021,0.0437947985537141,0.0442345260001555
"3558",2010-02-22,0.0358823477214949,0.0372916945960044,0.0404601841825875,0.0429247401062491,0.0434504098705262
"3559",2010-02-23,0.0419307152573645,0.0423643469659885,0.0442772122930459,0.0455401263944401,0.045597497913255
"3560",2010-02-24,0.0367965099983732,0.0384388494020196,0.0410909879853334,0.0435592487913711,0.0438760516029705
"3561",2010-02-25,0.0368671635603408,0.0385162453190076,0.041224114345416,0.0440454634156975,0.0442290303896839
"3562",2010-02-26,0.0345333343032473,0.0372051039821404,0.0400793426783518,0.0429986391715202,0.0434494856235735
"3563",2010-03-01,0.0336793406236298,0.0362038554787437,0.0385421241502603,0.0417262467738864,0.0423962722277333
"3564",2010-03-02,0.033047752636975,0.0356232051913034,0.0376305989265324,0.0408655472372451,0.0415518939825944
"3565",2010-03-03,0.0325359199740464,0.0350333532577155,0.0367934898973434,0.0400542651670788,0.0407729670570393
"3566",2010-03-04,0.032056156959213,0.035042720947466,0.0366606205552361,0.0403617180031378,0.0411792414760513
"3567",2010-03-05,0.0283714753129693,0.0316116771751006,0.0335066296918747,0.0381245457322853,0.0394881887404589
"3568",2010-03-08,0.029262930914757,0.0324172521445699,0.0336106614726765,0.0380832164976725,0.039379964448914
"3569",2010-03-09,0.0299038568590425,0.0328061121729089,0.0338540863211324,0.0382725395805175,0.0393060860526839
"3570",2010-03-10,0.031517021308225,0.034105104969188,0.0350083411113342,0.0394674713712624,0.0403337597755556
"3571",2010-03-11,0.030276483021174,0.0345569967159887,0.0357454299421217,0.0402464306097924,0.041143435781941
"3572",2010-03-12,0.0290215152744887,0.0338995032334481,0.035133115644099,0.0397637721519216,0.0407757775247017
"3573",2010-03-15,0.0296755798024698,0.0344209483621985,0.0353702015072001,0.0399939702035884,0.0409618297438965
"3574",2010-03-16,0.0279351173019119,0.0324575542495851,0.0335019459837653,0.0385086125800636,0.0398864002672198
"3575",2010-03-17,0.0255038409624138,0.0309317030456768,0.0322870158122828,0.037516701649097,0.0388769939870609
"3576",2010-03-18,0.0246264222200749,0.0302181040518982,0.0315469634722662,0.0371294617769951,0.0387829354242369
"3577",2010-03-19,0.0258158889033067,0.0315420958240887,0.0331019465304908,0.0385985472982716,0.0401804687077398
"3578",2010-03-22,0.0240836517368021,0.0308935585275096,0.0326914143492898,0.0376924051168848,0.0398601902761776
"3579",2010-03-23,0.0222290883965722,0.0291751766996957,0.0312401009477788,0.0366706128522237,0.0389034930420885
"3580",2010-03-24,0.0255784972104622,0.0317434908007068,0.0335453711755093,0.0381550960519559,0.0402531568510521
"3581",2010-03-25,0.0290220160023271,0.033792624869137,0.035441296236977,0.0396692900784331,0.0410936332276612
"3582",2010-03-26,0.0264178680427265,0.0324027364983453,0.0340740410321083,0.0386514721131057,0.0403837794761332
"3583",2010-03-29,0.0269621402523039,0.03076378004751,0.0325805308713362,0.0377496243354748,0.0396342268088481
"3584",2010-03-30,0.0268540856676819,0.02987477787621,0.0319569063789681,0.0372108217997016,0.0393626075683096
"3585",2010-03-31,0.0288627245927709,0.0308622296687877,0.032827117406963,0.0377609471928863,0.0398975388582704
"3586",2010-04-01,0.0287534699621057,0.0306688232198283,0.0328583093915429,0.0378933118699591,0.0401800610713036
"3587",2010-04-05,0.0268374065439896,0.0289761796731286,0.0309019395721467,0.0361676993688105,0.0388004285505949
"3588",2010-04-06,0.0249913102910557,0.0274845066406559,0.0294544207487921,0.0353785980015975,0.0384858175691891
"3589",2010-04-07,0.0260293020330805,0.0283600867809079,0.0301359871488593,0.0360954068579843,0.0389076518945264
"3590",2010-04-08,0.0250735825018973,0.0276297901799538,0.0293440854845275,0.0357936460426406,0.0389194716468719
"3591",2010-04-09,0.0240666288708263,0.0266596557701398,0.0284037163637669,0.0351313490499038,0.0384464635816753
"3592",2010-04-12,0.0250824057861331,0.0280473802084646,0.0294234704566053,0.0353693457159786,0.03866693889831
"3593",2010-04-13,0.0252758105239355,0.0281137111465096,0.0294159842472754,0.0357000342745057,0.0389887372170348
"3594",2010-04-14,0.0236846330130344,0.0268130984225102,0.0280953061802089,0.0350251827640539,0.0387310236185711
"3595",2010-04-15,0.0241456579950722,0.0274555193053487,0.0289769859981323,0.0359915269467877,0.0398598918276625
"3596",2010-04-16,0.0299703076334851,0.0317112336760755,0.033127604196181,0.0394754738982607,0.0426637075299502
"3597",2010-04-19,0.0265142724248127,0.0296425649217312,0.0325733750530511,0.0390937601210583,0.0431671467979719
"3598",2010-04-20,0.0223491858245919,0.0268333232178021,0.0297889816842753,0.0369828798165835,0.041311869874365
"3599",2010-04-21,0.022918227823453,0.0280918148507124,0.0306609676996463,0.0374574204916093,0.0421903236605713
"3600",2010-04-22,0.0227604167744916,0.0283299911927495,0.031061086264489,0.0377431718220465,0.0422832786469231
"3601",2010-04-23,0.0234101614294532,0.0284004588170115,0.0312680471030975,0.038019738318846,0.0418468213002895
"3602",2010-04-26,0.0263428658825326,0.0301088722719854,0.0327842183416812,0.0393191862322628,0.0429293315523741
"3603",2010-04-27,0.0462587991596231,0.0426040701097757,0.0432855878635215,0.0467642273244967,0.0486779470527237
"3604",2010-04-28,0.0384650452043204,0.0400218448689937,0.0413280182482674,0.0453609786682798,0.0478089775316417
"3605",2010-04-29,0.0291326869322229,0.033298561398143,0.0361684125703172,0.042111347297908,0.0453028155594118
"3606",2010-04-30,0.0426053396553556,0.0441262993519499,0.0457310107435207,0.0495880127828505,0.0512412942228899
"3607",2010-05-03,0.0358863095909058,0.0381292099432874,0.0408168725088102,0.0460571457798763,0.048606319957696
"3608",2010-05-04,0.0502212710733403,0.0501739917949655,0.051602302565519,0.0546653506713159,0.0558745954621179
"3609",2010-05-05,0.0542736576555023,0.0550086035493288,0.0564066029799327,0.0587629445790654,0.0598152400872058
"3610",2010-05-06,0.0829210341368414,0.0807342973532127,0.0796487676094074,0.0739234958467057,0.0734865067125777
"3611",2010-05-07,0.125889521066828,0.113961227107506,0.103550224305222,0.0914554498444485,0.0846639397551766
"3612",2010-05-10,0.0671974813706189,0.0664305260810722,0.0658164547794132,0.0655638429691919,0.0647163715855272
"3613",2010-05-11,0.0661396221478467,0.0655568785993596,0.0654467510197421,0.0652581224164765,0.0640093572600459
"3614",2010-05-12,0.0563582832558202,0.0569589815925579,0.0572043255730073,0.0578732301030318,0.0569664498223044
"3615",2010-05-13,0.0602184422451206,0.0604931410199337,0.0605363694683362,0.0597028801646597,0.0587637693787256
"3616",2010-05-14,0.080584548563442,0.077514226660695,0.0746054074607225,0.0698145467798153,0.066696289583872
"3617",2010-05-17,0.0775161097188439,0.0738831812408804,0.0724001833342063,0.0691678820041127,0.0670129505453822
"3618",2010-05-18,0.0916599131951346,0.0867617974944791,0.0826118178099343,0.0764634948774791,0.0724559980453703
"3619",2010-05-19,0.0998026073606685,0.0920292278193453,0.0877729784043657,0.0814594152656632,0.0768348653516475
"3620",2010-05-20,0.166532034835164,0.13790384390366,0.124499001756413,0.107738973813324,0.098059975582146
"3621",2010-05-21,0.127987955321111,0.114510514668657,0.107192591801217,0.0965278178042623,0.0906606927700145
"3622",2010-05-24,0.120223978719399,0.109728649643085,0.102324088776185,0.0934752478997054,0.0885656854615485
"3623",2010-05-25,0.101738904747331,0.0975300272767533,0.0939567334964138,0.0885047200779664,0.0848634530145234
"3624",2010-05-26,0.1014993475241,0.0927849020642367,0.0889239345526368,0.0845162341484845,0.0820414434701588
"3625",2010-05-27,0.0725988213497615,0.0721062919478579,0.0717267311874154,0.0712709507199479,0.0709543416088766
"3626",2010-05-28,0.0850657881933725,0.0812308876875825,0.0782612728673583,0.0756712119710856,0.0738502884937214
"3627",2010-06-01,0.105567605664114,0.0955190841042974,0.0890858031328116,0.0816028529352753,0.077509378910041
"3628",2010-06-02,0.0758450984631018,0.073571253219817,0.072232877728717,0.0704552112274269,0.0688264652643641
"3629",2010-06-03,0.0744371217527007,0.0719960257057455,0.0705428747088003,0.0688329769051019,0.0669689677549183
"3630",2010-06-04,0.108751761209645,0.0979429311753843,0.0920055806714469,0.0824706147855612,0.0774252194403582
"3631",2010-06-07,0.112783685706064,0.101945181075238,0.0962209185066302,0.0851169564977703,0.0789658034412015
"3632",2010-06-08,0.0944894456257493,0.0897484284936563,0.086207672102516,0.0804270269055479,0.0761675356731384
"3633",2010-06-09,0.0967314377472548,0.0917102359814807,0.0887141344218115,0.0826597583069942,0.0781335253284556
"3634",2010-06-10,0.0785058251663133,0.0769284711479958,0.0753664659224425,0.0738476933748683,0.0718433352990811
"3635",2010-06-11,0.0707410324006373,0.0722330251380194,0.0716341224342482,0.0715568751030263,0.0701195544894607
"3636",2010-06-14,0.072510540340031,0.0731086256768963,0.0722434896555084,0.071579788784734,0.0699085402907299
"3637",2010-06-15,0.057960283916318,0.0602187825983169,0.0605432572731383,0.062470647124144,0.0621917504617602
"3638",2010-06-16,0.0593320268655997,0.0619220885070615,0.0618746511376147,0.0631684301145749,0.0624051275962496
"3639",2010-06-17,0.0545069832341352,0.0590412254131376,0.0589344265697042,0.0609389777152817,0.0606927981336195
"3640",2010-06-18,0.0484086637049441,0.054175745582278,0.0550632484597451,0.058639789810289,0.0587832700270948
"3641",2010-06-21,0.0537080981284433,0.0571750576459109,0.0577038242733927,0.0599363865514042,0.0592811153415741
"3642",2010-06-22,0.0629290406204894,0.0637335783564645,0.0643954326597274,0.0648827682418908,0.0636431089339548
"3643",2010-06-23,0.0617733158543785,0.0644136366751647,0.0649256439351493,0.0662824196080054,0.0645323414089461
"3644",2010-06-24,0.0780163337481775,0.0767501717414376,0.0758967164773523,0.0738506194688328,0.070785494929008
"3645",2010-06-25,0.0690163981945033,0.0711954422425028,0.071554992308417,0.0720274166322708,0.0699493417243046
"3646",2010-06-28,0.0713773129790739,0.0718900995337399,0.0724826800911333,0.073241072546268,0.0707475921388679
"3647",2010-06-29,0.102555411312952,0.0944318265098261,0.0917345613124828,0.087448814833433,0.0828039900762678
"3648",2010-06-30,0.101040466600734,0.0973732250542653,0.0953765702964969,0.0909456671967348,0.0859365158066476
"3649",2010-07-01,0.0933724735448129,0.092350078864081,0.0924982840779667,0.090311393192358,0.0860769428265882
"3650",2010-07-02,0.0798572870281948,0.0815392537511779,0.0842730517086266,0.0863071094439199,0.0841282441313835
"3651",2010-07-06,0.0775219533332391,0.0794122587140716,0.0811798989739082,0.0835818157316965,0.0815367149348797
"3652",2010-07-07,0.0640560822293631,0.0669001129871121,0.0691508322376596,0.0735731026603515,0.0738670864590817
"3653",2010-07-08,0.0593438497802445,0.0625401340055396,0.0647906284090556,0.0703240358055253,0.0711824239431151
"3654",2010-07-09,0.0550116313170563,0.0587063973452003,0.0613052983023846,0.067536273685337,0.069184416577158
"3655",2010-07-12,0.0578104520487166,0.0612107374642276,0.0633587561459723,0.0687515407206246,0.0697650036943572
"3656",2010-07-13,0.0559925460570067,0.059578547818538,0.0615619837164453,0.0660465708208893,0.0674117399920223
"3657",2010-07-14,0.0583232864623345,0.0620933020136764,0.064179973337877,0.0688844251253575,0.0700189209987281
"3658",2010-07-15,0.0581058459456504,0.0621196126554234,0.0646924201035606,0.0699062597678098,0.0717944418316317
"3659",2010-07-16,0.0651747376469232,0.0703728262515176,0.0728126701228902,0.0774932855568801,0.0781610964995292
"3660",2010-07-19,0.0595415461620402,0.0658157360057113,0.0689334316616166,0.073888207616496,0.0754752657816609
"3661",2010-07-20,0.0517627099479446,0.0588402662289908,0.0620578473380337,0.0671507666894268,0.0694914355053903
"3662",2010-07-21,0.0595246396401863,0.0645583957306409,0.0672122357174805,0.0707466146138809,0.0721281467845235
"3663",2010-07-22,0.0530840741278437,0.058078435366353,0.0606238576689834,0.0652359562471183,0.0674997080542631
"3664",2010-07-23,0.0490333397808797,0.0549884252412833,0.0580607843474395,0.063307465714332,0.0661303654613848
"3665",2010-07-26,0.044799466969684,0.051099190215153,0.0549031447016755,0.060542458228963,0.0630922251639322
"3666",2010-07-27,0.0459439584711994,0.0515309285390728,0.0549759918378901,0.0598519459809421,0.061985565562654
"3667",2010-07-28,0.049916118399459,0.0549471631518468,0.0577540289871212,0.0610455554789131,0.0624644473739304
"3668",2010-07-29,0.048604086333463,0.054966100828618,0.057863745347185,0.0607929542924313,0.0621245460534279
"3669",2010-07-30,0.0480201382813462,0.0545529214726473,0.0581318690285099,0.0611984826235319,0.0619465904033479
"3670",2010-08-02,0.0427559237531701,0.046592588895095,0.0505514436338427,0.0547402650591342,0.056978948688047
"3671",2010-08-03,0.0462929529552153,0.0498879314631655,0.0531202833393419,0.0570870832807969,0.0586070618053561
"3672",2010-08-04,0.0448616433305339,0.0488770230573331,0.0525438332375739,0.0564403957216502,0.0579881190953567
"3673",2010-08-05,0.0443926708815443,0.0496864080109648,0.0539738043299217,0.0579804053062792,0.0594130323253777
"3674",2010-08-06,0.0435254059613341,0.0494477422740108,0.0541030653780001,0.0584075064574053,0.0598448674273628
"3675",2010-08-09,0.0433436593410945,0.0494942454953331,0.0537501405123907,0.0577702377577305,0.058995038035102
"3676",2010-08-10,0.0445957490979368,0.0513349839182438,0.0554847861340095,0.0594508197386887,0.0605718779368271
"3677",2010-08-11,0.0569461490326812,0.0631737763981903,0.0661809794763584,0.0683761350031158,0.0681105707006341
"3678",2010-08-12,0.0596482085421031,0.0655878230737947,0.0685173593372496,0.0702475580154338,0.0697686942519779
"3679",2010-08-13,0.0626167668680514,0.0688766304950228,0.0713114135920487,0.0733283273999331,0.0728880808342758
"3680",2010-08-16,0.0611929721816216,0.0681234933085468,0.0709255461681261,0.0729610120881777,0.0725455848956256
"3681",2010-08-17,0.052827206162496,0.0618589590463817,0.0657095877954364,0.069143340059076,0.0694522395573108
"3682",2010-08-18,0.0511665853758447,0.0594777513668674,0.0634020152740655,0.0675478054066532,0.0682882691126265
"3683",2010-08-19,0.060894308089199,0.0673767568219273,0.0704259126169816,0.073091038817468,0.0729198217722862
"3684",2010-08-20,0.057335921755302,0.0659589252856881,0.0710598453958027,0.0739318926342255,0.0739766339383354
"3685",2010-08-23,0.0560711800359828,0.064547427001273,0.0696040782235558,0.0727147515591342,0.0737779840121923
"3686",2010-08-24,0.0654215909171863,0.0706366816238137,0.0745701530552634,0.0770843305673484,0.0772105738507734
"3687",2010-08-25,0.0623496005437782,0.0682366131712108,0.0724869232750832,0.0750985669924402,0.0759958009948022
"3688",2010-08-26,0.0651155937944405,0.0701792522843356,0.0743881001030213,0.0770836507363307,0.0776957157675682
"3689",2010-08-27,0.0534367597621804,0.0600735218975124,0.0658595885538328,0.0705512423099136,0.0725799554698473
"3690",2010-08-30,0.0659250062558676,0.0685675381269346,0.0723041748232372,0.0755978971779928,0.0761934031076102
"3691",2010-08-31,0.0651653960054617,0.0672650028296691,0.0714103744047554,0.075459303453541,0.076657905002138
"3692",2010-09-01,0.0535100256391904,0.0574146308257976,0.0623825107049768,0.0681969629694413,0.0707317199523062
"3693",2010-09-02,0.0492367937798223,0.0535699944748178,0.0585620611868908,0.0649653014187946,0.0680054678625015
"3694",2010-09-03,0.0403366027631758,0.0480061022874983,0.0525971077840379,0.0604511544402295,0.0642707366307846
"3695",2010-09-07,0.0504934083981099,0.0565134431509638,0.0586569548923426,0.0649417183607311,0.0674966661066047
"3696",2010-09-08,0.0485731182931929,0.0547627198327331,0.057033642368734,0.0636791917504075,0.066397505365375
"3697",2010-09-09,0.0462938939477468,0.053494435550717,0.055397613890518,0.0618145795340763,0.0646146544451729
"3698",2010-09-10,0.0432963463136012,0.0507615552545154,0.0529354382597223,0.0602704020371658,0.0629010738935607
"3699",2010-09-13,0.040810031315098,0.0474705208973056,0.0494199049626907,0.0569282338412165,0.0598648983624248
"3700",2010-09-14,0.0416272165665983,0.0483035832074514,0.049741195154518,0.0569170916923468,0.0596384405755419
"3701",2010-09-15,0.0438616397585677,0.0490466759346131,0.050447502668455,0.0574583079700812,0.0599085255429667
"3702",2010-09-16,0.0424817622612335,0.0485238157417027,0.0507894267030541,0.0581771898617106,0.0607010225895846
"3703",2010-09-17,0.0409925739723735,0.0478831841832746,0.0502544883963881,0.058114336314029,0.0609001165967608
"3704",2010-09-20,0.0378091370239534,0.0455661747879722,0.0478145458882135,0.0554408879028369,0.0584640281773009
"3705",2010-09-21,0.0420271534360459,0.0476852154791852,0.0496784749143023,0.0570595558753602,0.0597710368293538
"3706",2010-09-22,0.0422244859733056,0.04872309064212,0.0511005145402427,0.0587760674492881,0.0613837767177957
"3707",2010-09-23,0.0483460135911268,0.053356049599724,0.0553434224504573,0.062359258630992,0.0641764401420181
"3708",2010-09-24,0.0384008926227214,0.0460105948940022,0.0491177288763874,0.0575875540326701,0.0601970315025972
"3709",2010-09-27,0.0442763871645525,0.0484841608951574,0.0509962618686156,0.0590984842398787,0.0612963395281733
"3710",2010-09-28,0.0443992031488964,0.0483563969207661,0.0511119842582515,0.0593104874674222,0.0616969120117941
"3711",2010-09-29,0.0489450064962115,0.0517333831374846,0.0541443944813237,0.0614456907977244,0.0634009278124163
"3712",2010-09-30,0.0511369846348989,0.0530303485654713,0.0555478300404145,0.063038019358091,0.0646311577868974
"3713",2010-10-01,0.0470247611219397,0.0497914037712418,0.0530210276588585,0.0614128302154246,0.0634673196857805
"3714",2010-10-04,0.0512467095974542,0.054238218061496,0.0568623264174193,0.0642126336054524,0.0656721109890466
"3715",2010-10-05,0.0435939753861752,0.0474847056948497,0.050458272170713,0.0594774351466918,0.0619419725045509
"3716",2010-10-06,0.0423551074853861,0.0471938685217383,0.0499952814839646,0.059470299462649,0.062311275505733
"3717",2010-10-07,0.0430818427580791,0.047813304276506,0.0505232615024699,0.0602792724383092,0.0630311866570733
"3718",2010-10-08,0.0394618798911852,0.0442782180867332,0.0469815879724579,0.0573599978925953,0.0607136741775014
"3719",2010-10-11,0.038778118617899,0.0446246830250836,0.0469819433298191,0.0570155459998911,0.0601741919769572
"3720",2010-10-12,0.0371677886047207,0.0426119375826532,0.0449841303528373,0.0552025919794023,0.0586544224346923
"3721",2010-10-13,0.0366538725208143,0.041882163549373,0.0439130956293524,0.0536786344977484,0.0571976294820529
"3722",2010-10-14,0.0398611127818214,0.0444167133506852,0.0464403707252859,0.0556149328532499,0.058737710585029
"3723",2010-10-15,0.0362521912914318,0.0424373948624613,0.0449593666673918,0.054924447684494,0.0582497506900394
"3724",2010-10-18,0.0332192646543763,0.0401262298126417,0.0435134854606478,0.0522536705654492,0.056080994102317
"3725",2010-10-19,0.039643879387403,0.0449265715938305,0.047656465820408,0.0556615643340696,0.058932203941316
"3726",2010-10-20,0.035369482029387,0.0406763901789224,0.043648558894925,0.0524068930519362,0.0560319882856529
"3727",2010-10-21,0.0336695080212453,0.0385485579666945,0.0422104720033835,0.0509473528852045,0.0544350882760378
"3728",2010-10-22,0.0316939227373993,0.0366309438438591,0.0400967615924074,0.049253480864157,0.0530930491464693
"3729",2010-10-25,0.0352307640188504,0.0382010923698946,0.0411169976730623,0.0493423542172633,0.0522076500591028
"3730",2010-10-26,0.0368217261668175,0.0395658351924673,0.0425548898975929,0.0499567546270342,0.0520911248842703
"3731",2010-10-27,0.0381774394114131,0.0406336529946073,0.0437381459590506,0.0510899511688092,0.0527105058751402
"3732",2010-10-28,0.0386531322785186,0.0409438027907109,0.044113706456864,0.051145122081525,0.0525327512619856
"3733",2010-10-29,0.0403752025165941,0.0418476330261572,0.0446619305989751,0.0510884333883057,0.0521761257100392
"3734",2010-11-01,0.043464344135578,0.0442401193444056,0.0465116608374268,0.0522464712990187,0.0531084123867016
"3735",2010-11-02,0.0423328263876158,0.0430842836432471,0.0453587848524221,0.0508526491603145,0.0518933526555358
"3736",2010-11-03,0.0354939850497624,0.0372177813721912,0.0401358174608636,0.0470156130093682,0.0489957368168746
"3737",2010-11-04,0.0312617710848976,0.0329685663099972,0.0357692102740731,0.0428332988068235,0.0452173854507592
"3738",2010-11-05,0.030684633294838,0.0326895336056827,0.0359120156158996,0.0435155422675048,0.045983851976215
"3739",2010-11-08,0.0302672421264841,0.0329974630644832,0.0362598994707448,0.0440811445282395,0.0464666781954649
"3740",2010-11-09,0.0331005587639021,0.0352767285148277,0.0383000151858365,0.0457126505123962,0.0479492715094909
"3741",2010-11-10,0.0305456619089606,0.0338419660171704,0.0374083698832126,0.0454850225640778,0.0476292678679772
"3742",2010-11-11,0.0309643402321244,0.0344493122761575,0.0378894325990829,0.0460651740495236,0.0483074923393405
"3743",2010-11-12,0.0373192366373872,0.0398554874144912,0.0429719733824508,0.0503742832508244,0.0520329713764848
"3744",2010-11-15,0.036703549032235,0.0395585504631415,0.0430150159398499,0.0495952509345372,0.0510954012711339
"3745",2010-11-16,0.0450023570330877,0.0457217117261572,0.0488377316188015,0.0546868461381342,0.0553691984371138
"3746",2010-11-17,0.042098500343535,0.0440141878990062,0.0475182158690511,0.0534332409841892,0.0545246837251931
"3747",2010-11-18,0.0321706015801322,0.0360976812805056,0.0412216787431765,0.0491491544184227,0.0510849027241534
"3748",2010-11-19,0.0289434779498569,0.0338094983990666,0.0384986890262206,0.048007184523517,0.0500976523693083
"3749",2010-11-22,0.0294093032503875,0.0329650406505209,0.0373306866369185,0.046384554410459,0.048662241769238
"3750",2010-11-23,0.0371732019144488,0.0382043493688488,0.0419133250894416,0.0497602257117023,0.0513918028385787
"3751",2010-11-24,0.0325737882972668,0.0346050644531402,0.0384674397578257,0.0473941574131633,0.049688551580631
"3752",2010-11-26,0.0408485257175277,0.0411129894591861,0.0441759657377175,0.0512289294061961,0.0527411886470057
"3753",2010-11-29,0.0401554696112999,0.0417315066828822,0.0452259697049611,0.0522475190491199,0.0533869349156438
"3754",2010-11-30,0.0472782713271024,0.048382563827584,0.0511561610492474,0.0563717651108826,0.0565806427619932
"3755",2010-12-01,0.038310617806162,0.0426041912875866,0.0464316898984134,0.0532295345053832,0.0541559450032238
"3756",2010-12-02,0.03219555103672,0.0360808110921037,0.0401531043807848,0.0482674490903204,0.0500727103660986
"3757",2010-12-03,0.0271277516121217,0.0315970646004678,0.0361092566235427,0.0453102137408173,0.0477878443904723
"3758",2010-12-06,0.0279607553409057,0.0318549442567943,0.0359733557581169,0.0450234926644061,0.0475485526445232
"3759",2010-12-07,0.0283456389527555,0.0325344697008364,0.0364835659605838,0.044512457091376,0.0470572533242508
"3760",2010-12-08,0.027192379318043,0.0311893294763422,0.0346300912663154,0.042783693325249,0.0455340211605548
"3761",2010-12-09,0.0258027781651008,0.0298891707695833,0.0329515998796324,0.0411916344747147,0.0439933739478888
"3762",2010-12-10,0.0265965189022013,0.030019200134321,0.0325240902999872,0.0403417581448107,0.0430191529018062
"3763",2010-12-13,0.0299674571012443,0.0326575398897851,0.0345278948994312,0.0414975713293666,0.0437045940100914
"3764",2010-12-14,0.0297663359347274,0.0325252075507386,0.0342546875789136,0.0412667814842042,0.0435243542778166
"3765",2010-12-15,0.0310291815796414,0.0341725587960645,0.0357376380692194,0.0424913101001702,0.0446758258452652
"3766",2010-12-16,0.0288861119626394,0.0331541800316964,0.0346839979365078,0.0419849511966702,0.0443292497121107
"3767",2010-12-17,0.0250069304065438,0.0303807434312306,0.0327521749539718,0.0411904734258982,0.044023606016816
"3768",2010-12-20,0.0240212583939458,0.0296972682932701,0.032502477396473,0.0402377138971228,0.0434194159571873
"3769",2010-12-21,0.0244495421105581,0.029509578127975,0.0321417668024407,0.0399687697524209,0.0432769204580706
"3770",2010-12-22,0.0217907059435656,0.0279195906009504,0.0308140018579734,0.039343753227131,0.0430514843909865
"3771",2010-12-23,0.0242100014300872,0.0309760781051197,0.0335068590704001,0.041555997791572,0.0448150402767094
"3772",2010-12-27,0.0264746648114157,0.0331892344192353,0.0357782484012557,0.0433173167740847,0.0459667261763879
"3773",2010-12-28,0.0258123765035233,0.0333728731887297,0.0359664531829583,0.043812205798135,0.046380206169576
"3774",2010-12-29,0.0249010112208936,0.0322397135270534,0.0351301015646023,0.0435767630818706,0.046278355661447
"3775",2010-12-30,0.0259377048904853,0.0330120737941645,0.0357153579743255,0.0441365110415285,0.0468033370308435
"3776",2010-12-31,0.0280468076109153,0.0336356806522171,0.0360877386537105,0.0443870822219923,0.0470674113265643
"3777",2011-01-03,0.0280253031490169,0.0313889345085992,0.0338798167034619,0.042713523094333,0.0455618464795942
"3778",2011-01-04,0.028209018578404,0.0314317121821745,0.0341004136612845,0.0428370800023152,0.0454816490194078
"3779",2011-01-05,0.0271625245311604,0.0298138371634841,0.0321154317205833,0.040874868075425,0.043666413134765
"3780",2011-01-06,0.0285886350388032,0.0311168371420325,0.033200941208336,0.0412728776538639,0.0439910793951537
"3781",2011-01-07,0.0280007897101844,0.0307846895978743,0.03288619176348,0.0413781772280167,0.044057986127066
"3782",2011-01-10,0.0287005211662263,0.0314921383339246,0.0336747091812732,0.0414373126531303,0.044221417319769
"3783",2011-01-11,0.0264474979804011,0.0298672582044737,0.0321682405883908,0.0404211609281747,0.0434594225587274
"3784",2011-01-12,0.0245027262018202,0.0281718773488979,0.0302752320196838,0.0379531389441386,0.0413836685038855
"3785",2011-01-13,0.0250711235208583,0.0284770475369741,0.0304329814879887,0.0379305504982491,0.0412937198630169
"3786",2011-01-14,0.0214569508370227,0.0252498689116223,0.0273679004020459,0.0356555163618535,0.0395948788671178
"3787",2011-01-18,0.0225961608926263,0.0257879506859463,0.0277124016693845,0.0354258990323495,0.0393240555616388
"3788",2011-01-19,0.0273940295953615,0.0302202917072966,0.0318801905806815,0.0380605512860147,0.0414327971627345
"3789",2011-01-20,0.0289066836346431,0.030829672852039,0.0322883643068037,0.0383251176639672,0.0415239855188752
"3790",2011-01-21,0.0290445270101935,0.0306716581610411,0.0324057489301039,0.0384616940005325,0.0417573160023807
"3791",2011-01-24,0.0263810788889254,0.0286726331605954,0.0310021443994823,0.0368795310579968,0.0401835786789048
"3792",2011-01-25,0.0262875052892982,0.0279913741161276,0.0304130124925661,0.036323310346132,0.0393566129407259
"3793",2011-01-26,0.0233804700113937,0.0262689556736299,0.0286845586278875,0.0345630049356146,0.0378727671195231
"3794",2011-01-27,0.0223810652230243,0.0251075330134609,0.0274008489905213,0.0334180773129277,0.036721059632175
"3795",2011-01-28,0.0351538996276529,0.0337705996318411,0.0344480520364712,0.0379943050795192,0.0400507823759606
"3796",2011-01-31,0.0322663569103337,0.0322031843069243,0.0329514638056667,0.0364890191033611,0.0386285125205106
"3797",2011-02-01,0.0269977964596062,0.028067062760878,0.0294188626885321,0.0337136954830016,0.0361362587597336
"3798",2011-02-02,0.0266435030300339,0.0278437387283338,0.0295480308857265,0.0339860826418383,0.0363044620379762
"3799",2011-02-03,0.0251854954420694,0.0269052924774156,0.0290266617915794,0.0335635056138412,0.035669855855195
"3800",2011-02-04,0.0233036951796231,0.0251665949399583,0.0273973329750376,0.032297207975268,0.0348669941100738
"3801",2011-02-07,0.0236246781533761,0.0253205514141752,0.0273214941598593,0.0318531794814265,0.0342220640686386
"3802",2011-02-08,0.0222823320648981,0.0242805822791868,0.0263078903647788,0.0311275793045788,0.0333113680629221
"3803",2011-02-09,0.0231526651065617,0.0248894995328635,0.0266095748269205,0.0315294980994476,0.0336945787621916
"3804",2011-02-10,0.0227790164911042,0.0249192593120958,0.0267643945449303,0.0314388931759831,0.0336412683984476
"3805",2011-02-11,0.0215738152914357,0.0237177352722207,0.0257574008021633,0.0305057024073875,0.0326403504648567
"3806",2011-02-14,0.0224326523701645,0.0240669414297729,0.0262111034522442,0.0304043704892963,0.0325043738545663
"3807",2011-02-15,0.0235327188074178,0.0255179773153202,0.0274074869752544,0.0314078091016447,0.0332977330260927
"3808",2011-02-16,0.0239673560715451,0.0257200767386624,0.0273684804074621,0.0311032449285493,0.0330156508465529
"3809",2011-02-17,0.0238629483548269,0.0263224335744951,0.0284510509091796,0.0324450416326854,0.0342233829708291
"3810",2011-02-18,0.0230751836288624,0.0263245344773251,0.0290390390161813,0.0331526750749679,0.0349079321340573
"3811",2011-02-22,0.0378640609663936,0.0380311930721407,0.0385349446596094,0.0404901187777287,0.0408673857373874
"3812",2011-02-23,0.0415324161548852,0.0410748208927297,0.0414472460717318,0.0428990971071681,0.042802778936459
"3813",2011-02-24,0.0386030051685995,0.0389813610020412,0.0405171849041764,0.0427579851861093,0.0428840393778188
"3814",2011-02-25,0.0312483197701132,0.0330495419525212,0.0350390059495615,0.0386582099077847,0.0393961546006374
"3815",2011-02-28,0.0289824202612286,0.0311031335207573,0.0331645345944472,0.0372217691163702,0.0381390807148947
"3816",2011-03-01,0.0363478164152187,0.0375963876091492,0.0385449765710602,0.0412064258729718,0.0413599844032488
"3817",2011-03-02,0.0366397017924715,0.0379134090633292,0.0388337194350774,0.0414043366206065,0.0415922768596093
"3818",2011-03-03,0.0292920877533863,0.0327913039157298,0.0346387104173077,0.0384614407153359,0.0393110448844851
"3819",2011-03-04,0.0312865559970851,0.0344190273292766,0.036275659222154,0.0401569660816209,0.0406910045853148
"3820",2011-03-07,0.0369670415262758,0.0390495921586921,0.0400222842080368,0.0427768733758856,0.0428575187433104
"3821",2011-03-08,0.0337143838566336,0.0364595225389741,0.0378373504602833,0.0413662001321991,0.0418324453338821
"3822",2011-03-09,0.0344467166547614,0.0373278762886198,0.03861891780335,0.0419257762208451,0.042349929655159
"3823",2011-03-10,0.0423478686488416,0.0427136551734103,0.0431761475413957,0.0456468904716036,0.0457222238267646
"3824",2011-03-11,0.0374089050619592,0.0397379353162805,0.0406395622756069,0.0439489365821544,0.0444323071143021
"3825",2011-03-14,0.0397473271535344,0.0409979881258874,0.0418204572775451,0.045470372106526,0.0458342018698853
"3826",2011-03-15,0.0508222271692266,0.0473684525051447,0.0473321029980988,0.048782468153937,0.0482370714751085
"3827",2011-03-16,0.0742326140809663,0.0621876793521,0.0597610307542347,0.0562813846076814,0.0538506374819363
"3828",2011-03-17,0.0603843093791067,0.0533228168354795,0.0521335909946117,0.0513839078635323,0.0495763791111379
"3829",2011-03-18,0.0514807340533532,0.0481545011560591,0.0478052885568251,0.0489883901814956,0.0480549785344779
"3830",2011-03-21,0.0365993589370077,0.0384299611012175,0.0392764568414191,0.0429617114352242,0.0436224840402676
"3831",2011-03-22,0.0354809614655896,0.0374677713034934,0.0386717528162657,0.0424310930832496,0.0434608900652267
"3832",2011-03-23,0.0318604919997608,0.0343737394413177,0.0360447747654337,0.0405721888614912,0.0424540397629933
"3833",2011-03-24,0.0281094919556101,0.0315073590867982,0.0331628344833511,0.0383454703572938,0.040375197622019
"3834",2011-03-25,0.0274022748081646,0.0313342552100756,0.0332664027673868,0.0386081866154954,0.0404739962998199
"3835",2011-03-28,0.0317990640422449,0.033213057935309,0.0347382866680282,0.0394250942112913,0.0411923589484256
"3836",2011-03-29,0.0297664387312957,0.0313419907138147,0.0329521136614738,0.0380243277960234,0.0400540808599081
"3837",2011-03-30,0.0284148276947659,0.0300089611395058,0.0317474647415975,0.0369798461324118,0.0391131397804663
"3838",2011-03-31,0.0288489440069948,0.0301754195222527,0.0320776746427483,0.0375232130647544,0.0394422629176774
"3839",2011-04-01,0.027650752004993,0.0294909081513239,0.0314443883123274,0.0366129710442188,0.0389531574426737
"3840",2011-04-04,0.0276066239193906,0.0294552958240447,0.0311779927194833,0.0365255318732852,0.0387695786626389
"3841",2011-04-05,0.0263207221876784,0.0285681680225532,0.0301971727427053,0.0359259442766026,0.0382271439641911
"3842",2011-04-06,0.0254520736032603,0.0279704263397221,0.0296869533997403,0.035773969643392,0.038385586549637
"3843",2011-04-07,0.0262673355531701,0.0292296911975148,0.0309992105144632,0.0370711807981988,0.0397244663881274
"3844",2011-04-08,0.0280278800379362,0.0310343716323287,0.0327473900455174,0.038643419439434,0.0410593624878657
"3845",2011-04-11,0.0274234621261166,0.0311753749789944,0.0326603327526996,0.0384696857862969,0.0409000355947423
"3846",2011-04-12,0.0290352024827616,0.0321685094326191,0.0335501554933717,0.0394471907571165,0.0416753618683375
"3847",2011-04-13,0.0272701968408591,0.030724487602337,0.0321037788804241,0.0385066102054971,0.0410776252482309
"3848",2011-04-14,0.0253649257355015,0.0295002397081882,0.0312358649892022,0.0383656853409813,0.041018914536318
"3849",2011-04-15,0.0233626351046661,0.0279188969212383,0.0297692881902673,0.0372242707271015,0.0400543842584557
"3850",2011-04-18,0.0259460128448216,0.0300164982650193,0.0322313236791441,0.0387915083258154,0.041605467027029
"3851",2011-04-19,0.0220223711550097,0.0266570955884829,0.0295697127756222,0.0368725020263381,0.0400695085664716
"3852",2011-04-20,0.0202222309426526,0.0253440632698784,0.0279945534951395,0.0351568558548737,0.0383424440434105
"3853",2011-04-21,0.0179605189104596,0.0235884198936922,0.0266930022198928,0.034250132518753,0.0377185972432672
"3854",2011-04-25,0.020528487112916,0.0249414222068169,0.0278531538164222,0.0348149072559179,0.0380739093072678
"3855",2011-04-26,0.0202233598826363,0.0241096951843249,0.0274386003804868,0.0331713970800505,0.0371886576328421
"3856",2011-04-27,0.0195842336047064,0.023490530117269,0.0267055925943062,0.0323792491605004,0.0365505779397965
"3857",2011-04-28,0.0175491145213979,0.0218183020917975,0.0253218352038435,0.0312691945210914,0.0357247007198075
"3858",2011-04-29,0.0187952557860217,0.0227023699426062,0.0260510058663823,0.0316266303471397,0.0357130978371733
"3859",2011-05-02,0.0229644778896528,0.0252935283025733,0.0284470161439394,0.0335504963326419,0.0370985914200833
"3860",2011-05-03,0.0251838059347881,0.0274629546264747,0.0299778865893823,0.0350720527694161,0.0382568103350469
"3861",2011-05-04,0.0267317898127724,0.0287081269033624,0.0312877631906065,0.0362846525884749,0.0392128488958822
"3862",2011-05-05,0.030480102099117,0.0316377737803234,0.0336719800997437,0.0380530822336541,0.0406460069282111
"3863",2011-05-06,0.0295771014126284,0.0305484170493605,0.0324978965254407,0.0368776338231143,0.0396602225189345
"3864",2011-05-09,0.0265968493943019,0.0284711874769288,0.0308266120348885,0.0358295215971186,0.0389795183413676
"3865",2011-05-10,0.0228404584750315,0.0252404260979504,0.0281118099125765,0.0340007270234476,0.0376036531789943
"3866",2011-05-11,0.0258214329878612,0.0275362991960254,0.0302139075115836,0.0357235577530897,0.0391549443740521
"3867",2011-05-12,0.0235420354271391,0.0257322909356795,0.0287000597383737,0.0346481879999985,0.0385030130009243
"3868",2011-05-13,0.026163443306792,0.0275824100543198,0.0303174301731257,0.0358818971517694,0.0394682145797577
"3869",2011-05-16,0.0292449717878363,0.0303742613318286,0.0327898253385996,0.0374771775889161,0.0405125754734453
"3870",2011-05-17,0.0280554355157224,0.0292866268067193,0.0321508838956775,0.0368083988929036,0.0402123519354279
"3871",2011-05-18,0.0236092428764016,0.0260222050765425,0.0293637665061413,0.0346067645204204,0.0383447593976614
"3872",2011-05-19,0.0216339390386448,0.0246266455715696,0.0283850796334315,0.0340410266055993,0.0380879998080655
"3873",2011-05-20,0.0255639340526414,0.0269946916647141,0.0302926897672529,0.0356809587740633,0.0395867482436949
"3874",2011-05-23,0.0287646333352929,0.0296841150233779,0.0327844403679002,0.0377129335270627,0.0411887269975387
"3875",2011-05-24,0.0278309093757572,0.0289885178158996,0.0321456649228578,0.0374038906831216,0.0410121725588538
"3876",2011-05-25,0.0253161859413423,0.0272292399832669,0.0306728559195949,0.0364661032855167,0.0403168448671242
"3877",2011-05-26,0.0232922145773667,0.0258331227564645,0.0290448881681145,0.0345858169297207,0.0383359330343058
"3878",2011-05-27,0.022802363715476,0.0251966469759894,0.0282364909575946,0.0335817855755016,0.0370982083023286
"3879",2011-05-31,0.0217902910824274,0.0237687897751574,0.0264256422297089,0.0319680044488458,0.0354847251861603
"3880",2011-06-01,0.0303706873486811,0.0306764004903433,0.0320052374522256,0.0359973692807682,0.038495180044762
"3881",2011-06-02,0.0297467870140019,0.0304209720105681,0.0318209747024878,0.0360183728685257,0.0385371158525454
"3882",2011-06-03,0.0291146232655845,0.0303812013826655,0.0319182124397349,0.0364058469220753,0.039256271931085
"3883",2011-06-06,0.0315081379528839,0.0323187697737383,0.0334115051082297,0.0377879351868933,0.0403170061236893
"3884",2011-06-07,0.0304126111238834,0.0317489263170046,0.0325118297958116,0.0372100997476675,0.0399561141669698
"3885",2011-06-08,0.0317284293551413,0.0329877930060966,0.0336096565663577,0.0377932248184095,0.0402730974267911
"3886",2011-06-09,0.0287621529994913,0.0302604569612517,0.0310463391609584,0.0359583822364385,0.0387804468299046
"3887",2011-06-10,0.032520968629706,0.0333715532353847,0.0340064356754612,0.0382691566555787,0.0406724193769294
"3888",2011-06-13,0.034329218427933,0.0347172138364642,0.0349472057047347,0.0387378313240027,0.0409501950559129
"3889",2011-06-14,0.030392613347323,0.0315000729333862,0.032017096199013,0.0363624936879075,0.0390022791328775
"3890",2011-06-15,0.0402679163227255,0.0392760225236561,0.038933253298754,0.0414872396995647,0.0430774925302703
"3891",2011-06-16,0.0462303343665103,0.0429724516672878,0.0423932704140327,0.0446404120439705,0.0454375708120966
"3892",2011-06-17,0.0429092702926683,0.0416661871984933,0.041418841917479,0.0439151277384589,0.0453962018113919
"3893",2011-06-20,0.0365221936436511,0.0367118509160387,0.0375044807055528,0.0413077595740666,0.0434186643439006
"3894",2011-06-21,0.031910533507954,0.0325638509894854,0.0338975963193125,0.0386448121968963,0.0413370953500718
"3895",2011-06-22,0.0306606618610292,0.0334128389302112,0.0348958297512696,0.0397232566074718,0.0426470091000495
"3896",2011-06-23,0.0337942410660227,0.0344890650557264,0.0355567804572569,0.0404894400163525,0.0436566976489932
"3897",2011-06-24,0.0410840105413583,0.0394359653445283,0.0399065911836668,0.0437551457168339,0.0464387311746443
"3898",2011-06-27,0.0382456788446796,0.0369172846310227,0.0377862551035276,0.0418265603444063,0.0450017319409205
"3899",2011-06-28,0.0329338108712427,0.03323662375921,0.0342848485136361,0.039828672426489,0.043068673577286
"3900",2011-06-29,0.0276801811865342,0.0284915704281016,0.030350755810317,0.0369739459350264,0.0415051284912925
"3901",2011-06-30,0.0250994601230111,0.0261969217475854,0.0281633617076216,0.0348301600395463,0.0395116588263248
"3902",2011-07-01,0.0240721158576515,0.0246695821433481,0.0262338322583094,0.0319030319106162,0.0361006880089951
"3903",2011-07-05,0.0245814750663129,0.0257972225256433,0.0273736004728109,0.0325095326175824,0.0363193978051609
"3904",2011-07-06,0.0253177504945049,0.0264848686240136,0.0280502968404936,0.0328340475317595,0.0365961008533997
"3905",2011-07-07,0.0241883904799571,0.025503473708321,0.0270366036221186,0.0314181604233079,0.0352170834831731
"3906",2011-07-08,0.0244366762163522,0.0261495531240691,0.0278840559910529,0.0324571714620247,0.0362010373553342
"3907",2011-07-11,0.0325110841773104,0.033133566144699,0.0340944153041254,0.0370950579596731,0.0398595193857976
"3908",2011-07-12,0.0364066794311762,0.0364252795105142,0.036745741730015,0.0389604323389628,0.0414943263172408
"3909",2011-07-13,0.0356491635968061,0.035981206959436,0.0366710084220314,0.0392504443047202,0.0417887740689875
"3910",2011-07-14,0.0388303068124675,0.038718353232701,0.0392430938039047,0.0411831327661849,0.0431523075584844
"3911",2011-07-15,0.0342370235878811,0.0360720146187948,0.0368404355320278,0.0397290626517509,0.0420977686823907
"3912",2011-07-18,0.0388289081242973,0.0392747373939296,0.0400274959455051,0.0420416782727686,0.044301873062554
"3913",2011-07-19,0.0325351870609586,0.0339152303630463,0.0351659360971501,0.0384170534623629,0.0415106955836681
"3914",2011-07-20,0.0324906411034841,0.033429977450957,0.034740687364554,0.0380500469852987,0.041302239049386
"3915",2011-07-21,0.0282035754097765,0.0297276584663961,0.0313948553410736,0.0351956061742931,0.0388692149687343
"3916",2011-07-22,0.027137793846234,0.0288919455078773,0.0305382903895507,0.0343956769222788,0.0382391162853806
"3917",2011-07-25,0.0340803681564617,0.0335418843715401,0.034415509230435,0.0369635508281834,0.0396605061580266
"3918",2011-07-26,0.0362576935296906,0.0352154038191295,0.0359361559933646,0.0381152899414876,0.0405690780646249
"3919",2011-07-27,0.0477207977703663,0.0426808983790836,0.0422053462162916,0.0425185903584977,0.0437359697124315
"3920",2011-07-28,0.0516101967571036,0.0450042816312516,0.043882955557675,0.0433377644972552,0.0440279649628151
"3921",2011-07-29,0.0607148663266085,0.0481228459363742,0.045156884538361,0.0434282178322819,0.0439848497661385
"3922",2011-08-01,0.0473457715926965,0.0426198614287764,0.0411369260869871,0.0407703132675152,0.0420155510924317
"3923",2011-08-02,0.0522826840899234,0.0482465412716965,0.0465612294781809,0.0459050048363489,0.0463034556711616
"3924",2011-08-03,0.047506036792284,0.0457428689579946,0.0446726500115647,0.0447729809051934,0.0459349171179804
"3925",2011-08-04,0.0814478552211549,0.0739975826445667,0.0678825731006673,0.0617071143604115,0.0577953182532075
"3926",2011-08-05,0.0852473135033509,0.0791947652665198,0.0735515482495108,0.0661974584070345,0.0611940880660873
"3927",2011-08-08,0.162046045375439,0.133846470392098,0.113749449068613,0.0916461735867773,0.0780612922698708
"3928",2011-08-09,0.0966632178583228,0.086480295435519,0.0782397021231445,0.0681766653158144,0.0624270468046274
"3929",2011-08-10,0.148912346573339,0.124118675767076,0.107669205189761,0.0878379586742747,0.0748764927856887
"3930",2011-08-11,0.122217447015105,0.102329964295753,0.0905815023625111,0.0760556921949327,0.0669362524626207
"3931",2011-08-12,0.111049929322248,0.094596161407282,0.0855691631533992,0.0726146359997024,0.0646815707387785
"3932",2011-08-15,0.0837420564573226,0.0753001957137992,0.070889028880308,0.0634852348918755,0.0580924099212469
"3933",2011-08-16,0.091407369654452,0.0795432365216743,0.0743089181529544,0.0658943052496661,0.0601456444794548
"3934",2011-08-17,0.0829064395892171,0.0748929937644486,0.0707921328808434,0.063296295200719,0.0582152919405098
"3935",2011-08-18,0.151245499287064,0.118663899338842,0.104919025816752,0.0835296011825007,0.0717994028193269
"3936",2011-08-19,0.157405007731146,0.125240996206822,0.110899258493819,0.0882669788092824,0.075591510279348
"3937",2011-08-22,0.150534664521109,0.123500360497312,0.109810161633263,0.0883008089501078,0.0761214064160909
"3938",2011-08-23,0.108307183765897,0.0970143492362581,0.0902406072244394,0.077100431417373,0.0685712605991555
"3939",2011-08-24,0.100967767455463,0.0926277043829493,0.0867124349225784,0.0751007301765079,0.0680303102096031
"3940",2011-08-25,0.133547818492445,0.110861440431686,0.100068185323982,0.0833194310456826,0.0739092431872556
"3941",2011-08-26,0.108045004972215,0.0956761319950869,0.0880975286184525,0.0765298567480327,0.0698229200856196
"3942",2011-08-29,0.0885336812668572,0.0805297029600321,0.0766160221442427,0.0694582799819184,0.0645285374706991
"3943",2011-08-30,0.0899512668101278,0.0813889167125248,0.0774765101210569,0.0706605842073466,0.0651831725343367
"3944",2011-08-31,0.0873736013000839,0.0806300954702677,0.077263466208374,0.0702678744243852,0.0644794471449483
"3945",2011-09-01,0.0885047389448985,0.0822848017526008,0.0791076081554088,0.0714451125315181,0.0661049426378752
"3946",2011-09-02,0.0998553727155105,0.0916911750102944,0.0869166321959756,0.0768948030675067,0.0703190085626221
"3947",2011-09-06,0.117855118448646,0.102920450440561,0.0951852789537839,0.0812295573193167,0.0727358844437517
"3948",2011-09-07,0.0961366283950414,0.0871973299771289,0.0823632749716856,0.0742937231857691,0.0676462030524241
"3949",2011-09-08,0.102849121363955,0.0925711718748391,0.0870123622021181,0.0771595742094739,0.069765221902677
"3950",2011-09-09,0.136819189978445,0.1169857673963,0.106820322029003,0.0893652119925666,0.0783552753943026
"3951",2011-09-12,0.127224291399209,0.113729063763158,0.106305936092863,0.090279188811761,0.079526143669864
"3952",2011-09-13,0.116936043693886,0.108383531332149,0.10186487999535,0.0874186185123908,0.0776446372216323
"3953",2011-09-14,0.104990183865636,0.100743937292978,0.0957001323638482,0.0844602156249141,0.0759506423772354
"3954",2011-09-15,0.0909701001361977,0.0904945551853633,0.0871555482234827,0.0787847742649509,0.0719399494356623
"3955",2011-09-16,0.0848580844572945,0.0861783987946999,0.0837043886593607,0.0766285332673753,0.0704019556397507
"3956",2011-09-19,0.0937301092579124,0.0918295460133251,0.0883812249747634,0.0804237780808362,0.072731488654837
"3957",2011-09-20,0.0935719916761794,0.091188319620658,0.0877056230502139,0.079853072181573,0.0726248874538346
"3958",2011-09-21,0.114259925071506,0.104583536659255,0.0990207403324994,0.0880980116012435,0.0783181061013415
"3959",2011-09-22,0.149533333466142,0.12893295860195,0.118996834228289,0.100495265316586,0.0871856533206387
"3960",2011-09-23,0.147629231905602,0.128202996470073,0.118848556586205,0.10070059268163,0.0874950285545968
"3961",2011-09-26,0.131578926346433,0.117074948815992,0.110046903825776,0.0951186700300154,0.0836776743787655
"3962",2011-09-27,0.124996853999335,0.112319655742869,0.106176153330693,0.0927096619243805,0.0819302446679697
"3963",2011-09-28,0.147711435866887,0.129032496233985,0.120290945016049,0.101446186135414,0.0881000549463287
"3964",2011-09-29,0.133051895922767,0.120621159455827,0.113506615808204,0.0968927928145625,0.0850873830195429
"3965",2011-09-30,0.159576696812093,0.141441341495818,0.131170757372198,0.108823259917213,0.0939897858743606
"3966",2011-10-03,0.17361879606814,0.155385528571873,0.144302609721103,0.118890076571433,0.102171027138352
"3967",2011-10-04,0.138766949688066,0.129874653779048,0.124025866860077,0.106626145388815,0.0941985587154527
"3968",2011-10-05,0.123028787893068,0.116619933906445,0.112513934768772,0.100310492820369,0.0898761344115085
"3969",2011-10-06,0.114863941270646,0.109563478430619,0.106347585864759,0.0964359240185367,0.0870809195148773
"3970",2011-10-07,0.117347349297669,0.112512296452,0.109365798625513,0.0989111565882084,0.0894535742466917
"3971",2011-10-10,0.0969273613422527,0.094670992937255,0.0933084626218624,0.0878366209514701,0.08095590629314
"3972",2011-10-11,0.0939625582675624,0.0916984025244044,0.0904781903403563,0.0860383582773059,0.079915717834999
"3973",2011-10-12,0.0826400987921588,0.0813596745531343,0.080374653079314,0.077648672048236,0.073669708308416
"3974",2011-10-13,0.08202445338381,0.080841916862432,0.0799486624197839,0.0777600860414081,0.0738270227180402
"3975",2011-10-14,0.0697342436798516,0.0698375833112161,0.0697466993246975,0.0703684313920932,0.0682872292301421
"3976",2011-10-17,0.0921874249030657,0.0864846209637532,0.0842683414381553,0.0788776692802773,0.0741643634962561
"3977",2011-10-18,0.0828875625786245,0.0793352621222673,0.07760698624431,0.0753651568805965,0.0718636421888332
"3978",2011-10-19,0.102163501369029,0.0944243508045694,0.0902126601561913,0.083700479516655,0.0777406578882379
"3979",2011-10-20,0.0999441415020613,0.093554907792954,0.0893575699354368,0.083395107501758,0.0774824757884005
"3980",2011-10-21,0.0831698702498559,0.0817669237552828,0.0794794690109937,0.0765300282131149,0.0723474900867437
"3981",2011-10-24,0.0719857613416609,0.0719723921156317,0.0711221940063909,0.0706026844396665,0.0677188380955198
"3982",2011-10-25,0.087656122622992,0.0826098146821623,0.0792575057970354,0.0758128266005564,0.0710309936560175
"3983",2011-10-26,0.0758303806176049,0.0747873388959489,0.0727707026749498,0.0706837800948782,0.0674833214320369
"3984",2011-10-27,0.0564804251218322,0.0581147317344449,0.0582522731565099,0.0588428623105292,0.0574514376557541
"3985",2011-10-28,0.0512107729363384,0.0543444728971217,0.0548533888027466,0.0566620107280576,0.0557248070755669
"3986",2011-10-31,0.0739471377160675,0.0707945382121173,0.0682996250274633,0.0659879540330347,0.062265465990747
"3987",2011-11-01,0.103250495498629,0.0950637886747128,0.0900602490883836,0.0823024004077075,0.0749195896629323
"3988",2011-11-02,0.0890619732088336,0.0846504361733724,0.0815049016776028,0.0771854626798113,0.0716125857154524
"3989",2011-11-03,0.0772459128167574,0.0751115859499456,0.07384662258339,0.0717307849436141,0.0674369866872727
"3990",2011-11-04,0.0781546204582809,0.0766515609111971,0.0752268432231122,0.0730498710092172,0.0687745246215295
"3991",2011-11-07,0.074818436651155,0.073148364286542,0.0725152050965158,0.0710590071188941,0.0673739937520949
"3992",2011-11-08,0.065733372145284,0.0656161246570806,0.0664932148327137,0.0673066995521906,0.0653302616984946
"3993",2011-11-09,0.108261502327472,0.0988345377934528,0.0946743244730166,0.0858727080400285,0.0785214612586751
"3994",2011-11-10,0.0900713359546184,0.0867385016571159,0.0854441292782871,0.0803395922906702,0.0742120694443861
"3995",2011-11-11,0.0758186236681066,0.0756031138549471,0.0760657965402182,0.0739514432578496,0.0698313239407762
"3996",2011-11-14,0.0851774796419309,0.0825690359834988,0.0824389565030575,0.0784414402464373,0.072853267962757
"3997",2011-11-15,0.0822867272910225,0.079585373565841,0.0797698293379437,0.0770259511736202,0.0725233585665402
"3998",2011-11-16,0.094119676286079,0.0894743616201974,0.0888906844540482,0.0838353220595719,0.0777560794021688
"3999",2011-11-17,0.105043776671749,0.0978148029473293,0.0972385593706752,0.0901283123078549,0.0833941874280592
"4000",2011-11-18,0.0896634301532654,0.0895806281472465,0.091099780506263,0.0881369458648333,0.0819730300226565
"4001",2011-11-21,0.0958580230725277,0.0935146025146465,0.0947693494496061,0.0913236404338035,0.0846685797279234
"4002",2011-11-22,0.0892432937015376,0.0898113929065295,0.0917973043672415,0.0885212376542965,0.0821832311134219
"4003",2011-11-23,0.102364589987421,0.0989385676160549,0.100540901469716,0.095847457300539,0.0877291549981176
"4004",2011-11-25,0.104985064686875,0.101692932963731,0.102768693045249,0.0972695693513387,0.0889766082101969
"4005",2011-11-28,0.0886278851858721,0.0886293718235396,0.0910005550009849,0.0877456404060153,0.0816050083591062
"4006",2011-11-29,0.0821292149071206,0.0851027218714449,0.0884578289852713,0.0862322268792036,0.0802992361066991
"4007",2011-11-30,0.064181482538301,0.0681621267792084,0.0729879279458776,0.0739577674589403,0.0706110748591707
"4008",2011-12-01,0.0643830075584094,0.0680230597331694,0.0726700002493152,0.0736303669796456,0.0703355319975197
"4009",2011-12-02,0.0649717981516467,0.0679065452955686,0.0718630801906941,0.0727069331768316,0.0696002832967307
"4010",2011-12-05,0.066376298789243,0.06916628053531,0.0718669540179532,0.0717516196706161,0.068301075923867
"4011",2011-12-06,0.0675976973563044,0.0714435264373589,0.0730366043905758,0.072743269296737,0.0690866633696712
"4012",2011-12-07,0.0717650417673052,0.0753083422668414,0.0763545906022121,0.0745791647645855,0.0703109840808443
"4013",2011-12-08,0.0814590921115022,0.0847977307981702,0.0850140475530237,0.0807227337072827,0.074922488526305
"4014",2011-12-09,0.0620257471639992,0.0693968617628084,0.0715310811752481,0.071648356896264,0.0680955887414536
"4015",2011-12-12,0.065675824951743,0.0716615546299981,0.0732638146985191,0.0735377377864569,0.0699860375244633
"4016",2011-12-13,0.0643119216215259,0.0708606843332747,0.0728420395761851,0.0742771657829394,0.0714856902188818
"4017",2011-12-14,0.0653764730359596,0.0725632998314275,0.0743712887618096,0.0760438775908246,0.0733429598699396
"4018",2011-12-15,0.0593875432701603,0.0677876947951338,0.0701592105578597,0.0733687697115751,0.0719219791029108
"4019",2011-12-16,0.055865017057724,0.0646870663581621,0.0670060230079536,0.0709017351378747,0.070069708167183
"4020",2011-12-19,0.0576357235568074,0.0658910131306708,0.0680516016280975,0.0712346824163859,0.0702435850475425
"4021",2011-12-20,0.0483893851928249,0.0564036263144727,0.0588770193167108,0.0627898231480905,0.0630978746822454
"4022",2011-12-21,0.0418082643197875,0.0508643977605658,0.0536224372693574,0.058781942893521,0.0598057649496948
"4023",2011-12-22,0.0408581116937573,0.0502052516894556,0.0529549431442845,0.0578556751318175,0.0587509974975815
"4024",2011-12-23,0.0380250130103375,0.0489590458640639,0.0517547058541573,0.0571058085362963,0.05843016894961
"4025",2011-12-27,0.040738179090788,0.0503096048432329,0.0529158919727217,0.057265269951578,0.0578531023474581
"4026",2011-12-28,0.047369875349649,0.0563555322880453,0.0581945440235388,0.0608540381323057,0.0603725849356709
"4027",2011-12-29,0.0433726332872005,0.0531506810817825,0.0552471313545773,0.0586225415619837,0.0587252310677509
"4028",2011-12-30,0.0466128747886582,0.0556560835377486,0.0574203112969647,0.0599422220671917,0.0593955966174857
"4029",2012-01-03,0.0485766477305982,0.0522655836759547,0.0537212605009029,0.0570828187373887,0.0567102389398257
"4030",2012-01-04,0.0465865423296491,0.0496058539574917,0.0510740488645365,0.0549015190153032,0.0548862618559419
"4031",2012-01-05,0.0432913533805086,0.0465248429646162,0.0482617166165763,0.0526415958450667,0.0534172341084774
"4032",2012-01-06,0.0407159627836704,0.0447359725197869,0.0465319081600399,0.05156535592602,0.0526022029898702
"4033",2012-01-09,0.0408970097240165,0.0443240036984278,0.0458396525555019,0.0506704034985056,0.051703049359532
"4034",2012-01-10,0.038914668931473,0.0428760320352186,0.0443359845380441,0.0490787600048318,0.0501700640369531
"4035",2012-01-11,0.0403680749369372,0.044370701488752,0.0457723468072894,0.0499982814560073,0.0510423759302998
"4036",2012-01-12,0.0388253129417551,0.0436122691517974,0.0453890024953824,0.050098712191881,0.0512264687327008
"4037",2012-01-13,0.040898322025438,0.0465448318953864,0.048557275036466,0.0527352423401291,0.0533724862693968
"4038",2012-01-17,0.0428842329909331,0.0466668306948853,0.0486261686426468,0.0520263655471003,0.0526664047167087
"4039",2012-01-18,0.0369803890033756,0.0424754231608258,0.0449323089590282,0.0493806667166058,0.0507610862858051
"4040",2012-01-19,0.033493466072567,0.0399315465809206,0.042708931013174,0.0475327105519276,0.0495068102108394
"4041",2012-01-20,0.028013283761449,0.0360808411978588,0.0396549382489648,0.0453958697762138,0.0477336057110165
"4042",2012-01-23,0.0282856413052775,0.0356889570238883,0.0394255083234684,0.0442544449569273,0.046642264663154
"4043",2012-01-24,0.0297727882559291,0.0358660227188351,0.0392468254099301,0.0440898987190771,0.0465532481529965
"4044",2012-01-25,0.0271382584138495,0.0328448297252074,0.0361083392147248,0.0415620927075495,0.0444882533976224
"4045",2012-01-26,0.0294866312090499,0.0345384505106107,0.0376663212214118,0.0426781476591026,0.0452370067492266
"4046",2012-01-27,0.0290170811546492,0.0340127141844305,0.0371792459772644,0.042471495965571,0.0451700851524256
"4047",2012-01-30,0.0335981494892276,0.0358062533947059,0.0384071497440327,0.0437519147824271,0.046153666866532
"4048",2012-01-31,0.0341216399810733,0.035983725143552,0.0388650307135433,0.0444174111193731,0.0467210642053353
"4049",2012-02-01,0.0317016033940874,0.0336692904514158,0.0367779207616344,0.0428594675307205,0.0455310959150629
"4050",2012-02-02,0.0304893254199643,0.0326245804576452,0.0354642189262979,0.0412933770806874,0.0442068801827015
"4051",2012-02-03,0.0268588373677015,0.0290249745426427,0.0321256660020992,0.038515612724056,0.041626526316194
"4052",2012-02-06,0.0283428642851021,0.0304320483983136,0.0331446585327627,0.038973652418544,0.0418559569561776
"4053",2012-02-07,0.0282414823811109,0.0301139749531058,0.0322380170416628,0.0382631105205628,0.0412485743226795
"4054",2012-02-08,0.029410039968036,0.0313952297264594,0.0335331967825375,0.039184462192324,0.0418711987933993
"4055",2012-02-09,0.0303853126646782,0.0331104951813129,0.03560190635887,0.0408982274971472,0.0434608108750713
"4056",2012-02-10,0.0365853506244024,0.040129478958444,0.0422535699689619,0.0458907598960695,0.0477067291631175
"4057",2012-02-13,0.0326139145882756,0.0363502570437468,0.0388311798194272,0.043619914440351,0.045710185542703
"4058",2012-02-14,0.0338958197291035,0.0382131883686834,0.0410744290014722,0.0458067265211367,0.0478112970142107
"4059",2012-02-15,0.0396145193807501,0.0430872186304172,0.0454121359282587,0.0495530435579783,0.0508701849161771
"4060",2012-02-16,0.0321286188234711,0.0376262214847229,0.0407823722902075,0.0455287468089634,0.0471108795531696
"4061",2012-02-17,0.0277784890520905,0.0346518297606397,0.0385130511055966,0.0443587965711543,0.0470024379823124
"4062",2012-02-21,0.0288055336173971,0.0350668439833403,0.0385910483407568,0.0445295216137962,0.0469610938203997
"4063",2012-02-22,0.028126935212198,0.0344923484714718,0.0382870493733653,0.0447498045452213,0.0473290619251293
"4064",2012-02-23,0.0247189195866946,0.0301768886769492,0.0340111402606304,0.0415738354627252,0.0446666094373891
"4065",2012-02-24,0.0248661290359661,0.0306457207037283,0.0343973796487461,0.0418580957445679,0.0448706921888818
"4066",2012-02-27,0.0274855725597319,0.0325639525281562,0.0360113562786971,0.0432863842490046,0.0457983946967007
"4067",2012-02-28,0.0269322065653625,0.0322751107151357,0.035755474295708,0.0431629155962153,0.0459436623774868
"4068",2012-02-29,0.0278567253507932,0.032695025492274,0.0359436984365,0.0431832868598742,0.045941119819777
"4069",2012-03-01,0.0251754766107556,0.0303902477022768,0.0339974142971042,0.0415991349298583,0.0447145241757133
"4070",2012-03-02,0.024791549881908,0.0309704392519696,0.0347212723241,0.042378412743655,0.0453246904937664
"4071",2012-03-05,0.0267144669278356,0.0328441767582836,0.0361241070086179,0.0436428519193886,0.046483501692302
"4072",2012-03-06,0.0358081286001663,0.0401257266390395,0.0420107582905994,0.0484780433481772,0.0503808056111537
"4073",2012-03-07,0.0313953291780419,0.0365161417074116,0.0389019555048447,0.0462795018466279,0.0488313430117516
"4074",2012-03-08,0.0277867352851167,0.0332542138877146,0.0357401471850858,0.0435738541974005,0.0465381429231853
"4075",2012-03-09,0.0265174354327684,0.0318480415368465,0.0342458454078224,0.0418621807575585,0.0448651361908788
"4076",2012-03-12,0.0256930730432019,0.0307517846484799,0.0329985557673081,0.0407411423550807,0.0440282988342231
"4077",2012-03-13,0.0240788584292771,0.0285334071258308,0.0303931602152758,0.0375709701913286,0.0411458386345732
"4078",2012-03-14,0.0261302493009392,0.0311626153802403,0.0331065498960915,0.0398254171669198,0.0431359939863238
"4079",2012-03-15,0.0235038624036421,0.0300231428883249,0.0321051180772581,0.0389380758019656,0.0424279549780805
"4080",2012-03-16,0.0213316153458443,0.0287406805092635,0.0313220906130113,0.0387216190863617,0.0423718325196153
"4081",2012-03-19,0.021046911204188,0.0276219717099373,0.0307138606870028,0.0374816210053861,0.0410447847421434
"4082",2012-03-20,0.0219293045938524,0.0275396459129349,0.0307039215876669,0.0376030493865469,0.0411691534622727
"4083",2012-03-21,0.020596879876858,0.0259408469065784,0.0287219883606927,0.0357581108464302,0.0395276035816431
"4084",2012-03-22,0.0224410085249871,0.0274584984835583,0.030086981226198,0.0365533750092756,0.0397294275624704
"4085",2012-03-23,0.0201592061056057,0.0248741029657549,0.0274988410126661,0.0345633468266771,0.0380516340521319
"4086",2012-03-26,0.0187767606312506,0.0218937558708059,0.024077362547898,0.0314068909014189,0.0353776716229698
"4087",2012-03-27,0.0213293625658576,0.0250366626444751,0.0268819577917967,0.0330646887758203,0.0362936831463408
"4088",2012-03-28,0.02074521116045,0.0255969651698658,0.0276769726406232,0.0336207900426758,0.0365389436699407
"4089",2012-03-29,0.0205142261506627,0.025332837289994,0.0275624180005457,0.0337526230607534,0.0366338908724819
"4090",2012-03-30,0.0215630888179453,0.0255636346326203,0.027409574682954,0.0333432784541858,0.0364001097543915
"4091",2012-04-02,0.0221947442106979,0.0249935779590168,0.026613581786016,0.0324925457494303,0.0355960309269747
"4092",2012-04-03,0.0232452832721714,0.0260481835438674,0.0276915809489812,0.0335358412590263,0.0364174697150577
"4093",2012-04-04,0.025331102743021,0.0281035771723562,0.0297599984979062,0.0354965652020113,0.038389977163353
"4094",2012-04-05,0.0262571554701395,0.0290529319741563,0.0306878881712757,0.0364164232944203,0.0391225749187765
"4095",2012-04-09,0.0310897224072,0.0335216727827862,0.0346253422990946,0.0391936501595419,0.0414618641297145
"4096",2012-04-10,0.0391776757490968,0.0410653157141007,0.041932400211745,0.0453633499144262,0.0466170118858043
"4097",2012-04-11,0.0366701219258551,0.0392120168771591,0.0402953141616233,0.0443931113546804,0.0459877135806884
"4098",2012-04-12,0.0288006836136827,0.0326847452422782,0.0341505463764148,0.0394905525141931,0.0427667626441001
"4099",2012-04-13,0.0351770408759792,0.037724027186669,0.0389627615978691,0.0434184373427547,0.0459380671779189
"4100",2012-04-16,0.0357924715286037,0.0381650228002549,0.0393839638160251,0.0433492729488273,0.0459372864349058
"4101",2012-04-17,0.0302023094291841,0.0328909750552387,0.0344060275782569,0.039199425229768,0.0426983752521432
"4102",2012-04-18,0.0306022116447778,0.0337693300509394,0.0353562922643036,0.0399537597021716,0.0434680000265828
"4103",2012-04-19,0.0306859902168995,0.0340605142647843,0.0358922994973501,0.0408243309756884,0.0444203125552515
"4104",2012-04-20,0.0278291783199366,0.0320673773289654,0.0343144114100215,0.039361485052055,0.0433470757959035
"4105",2012-04-23,0.031985954806162,0.035616309913905,0.0375659685439113,0.0417594856972839,0.0453453081116493
"4106",2012-04-24,0.0298573843791319,0.033806259250754,0.0357077411075098,0.0400903373366985,0.0440190388385384
"4107",2012-04-25,0.0250528129814534,0.0290323594992648,0.0313651449394475,0.0362653067413123,0.0409088532007518
"4108",2012-04-26,0.0235680828467548,0.0269032499483133,0.029051154402086,0.0341265760541868,0.0389402754879274
"4109",2012-04-27,0.0234414354079064,0.0268121050258429,0.0288469812730497,0.0337838457512156,0.0385146156863416
"4110",2012-04-30,0.0272367844570815,0.0288996721950262,0.0305782400228419,0.0350521294531921,0.0391978460785769
"4111",2012-05-01,0.0256324578999479,0.0273781368752845,0.0292893294905144,0.0341369767305673,0.0384691247404309
"4112",2012-05-02,0.0269714520382348,0.0282196253562807,0.0298458772876821,0.0345244119709375,0.0386714050940945
"4113",2012-05-03,0.0290459918028906,0.0300953140742696,0.0316162199096985,0.035866132128731,0.0397042587203597
"4114",2012-05-04,0.0330990100196632,0.033653538310358,0.0350197023598983,0.0388815307937461,0.0421326270756168
"4115",2012-05-07,0.0327662169408664,0.0333716788536622,0.0345714356041484,0.0385793888361561,0.0417551044648116
"4116",2012-05-08,0.0340693423793383,0.0334214781429849,0.0349148767205711,0.0396448280379735,0.0426801867551144
"4117",2012-05-09,0.0370496150761192,0.0368600924730673,0.0380608467384564,0.0418444146722383,0.0443288234350447
"4118",2012-05-10,0.0338974799223031,0.0350689513217265,0.0367226529227198,0.0406221917351126,0.043447062644899
"4119",2012-05-11,0.0365227083073528,0.03695956013127,0.0384773582818881,0.0421455695321622,0.0444780525316205
"4120",2012-05-14,0.0427303278842728,0.0422466782873273,0.0432466032231456,0.0460666207134298,0.0475043109719058
"4121",2012-05-15,0.0442456344821641,0.0453328875855004,0.0465856630088516,0.0491623230808838,0.0502404470103779
"4122",2012-05-16,0.045279300080153,0.0478305590726319,0.049265517877335,0.0514701879683888,0.0520768351640813
"4123",2012-05-17,0.0516858238318742,0.0532378616626617,0.053864801093818,0.0556405363752819,0.055481571222597
"4124",2012-05-18,0.0547652608018193,0.057901303991236,0.0584139157907261,0.0595214842050477,0.058550197894881
"4125",2012-05-21,0.0430746876663009,0.0467810496111745,0.0490008375944187,0.0532172257774216,0.0535367809848923
"4126",2012-05-22,0.0442513193179174,0.0480569422825098,0.050256587831195,0.0543049419405662,0.0544380777200589
"4127",2012-05-23,0.0430171728353484,0.0467908809809471,0.0493531737322196,0.0537555245331739,0.0543760549289714
"4128",2012-05-24,0.0424511524176749,0.046336377973246,0.0489813572421003,0.053777474739174,0.0547644098642515
"4129",2012-05-25,0.0425430007635068,0.0460742496347784,0.0491325780784713,0.0542706177059495,0.0558015025263153
"4130",2012-05-29,0.0403016388867627,0.0423361849381537,0.0455066827259654,0.0505409637800277,0.0526579337560523
"4131",2012-05-30,0.0491867406311104,0.0499806385737575,0.0520313804225867,0.0548806771934686,0.0559457357394372
"4132",2012-05-31,0.0494384370718727,0.0503932584159159,0.0524003027208442,0.055086033994752,0.0560421830533046
"4133",2012-06-01,0.0627708726850505,0.061792060641459,0.0627810305406551,0.063128235989749,0.0623784067787677
"4134",2012-06-04,0.0592035949099062,0.0587055360080369,0.0604023974026029,0.0614834276500789,0.0613152403561298
"4135",2012-06-05,0.0550966666291505,0.0551958717736863,0.0573220345784167,0.0595859749058055,0.0601345721548907
"4136",2012-06-06,0.0449782722446779,0.0458978610098803,0.0486375931885129,0.0529547628425651,0.055173855624539
"4137",2012-06-07,0.0433694909301062,0.0445221166428478,0.046988466032594,0.0516524516619734,0.0539364363112949
"4138",2012-06-08,0.0406630833038993,0.0423231563786867,0.0448968236667603,0.0505053743089991,0.0537448453529929
"4139",2012-06-11,0.0508726677126634,0.0498899812290465,0.0509490568673331,0.054486889106943,0.0564741978709278
"4140",2012-06-12,0.0469412920973479,0.0475315250342352,0.0487616010656952,0.0534056836976855,0.0554447665329087
"4141",2012-06-13,0.0544439162519433,0.0546158526895577,0.0550148654120854,0.0582069789171498,0.0595363567944606
"4142",2012-06-14,0.0488953087266013,0.0488653428192617,0.0496752916292815,0.0539848615348876,0.0558974469349769
"4143",2012-06-15,0.0401593746948231,0.0410820861013269,0.0425179541298779,0.0487934159279625,0.0525978448120088
"4144",2012-06-18,0.0321009301406247,0.0359435152112271,0.0387294747113905,0.0456662047533001,0.050522877922269
"4145",2012-06-19,0.029990695372897,0.0338527080668216,0.0362786093438645,0.0430484260322548,0.0480861017392988
"4146",2012-06-20,0.0274456021846962,0.0326987624596542,0.0352969633841548,0.0421801119725768,0.047550071286685
"4147",2012-06-21,0.037092363314181,0.0414635481088187,0.0433270616565566,0.0487310500669779,0.0528531366286577
"4148",2012-06-22,0.0293733008559613,0.0342971762227078,0.037046877232972,0.0436920426838019,0.0487542405558393
"4149",2012-06-25,0.0363332433213917,0.0394048353370667,0.0415611442131687,0.0472845644432764,0.0514538146229042
"4150",2012-06-26,0.0347713466915968,0.0378391815469555,0.0399497262506687,0.0456626375047279,0.0499194168129261
"4151",2012-06-27,0.0340573185102144,0.0384378903754554,0.0406754562581559,0.0458934311092375,0.0498093483447015
"4152",2012-06-28,0.0346342023702709,0.037937671691764,0.0400125833154995,0.0453238577697385,0.0494027048479072
"4153",2012-06-29,0.0262170743101386,0.0302882331239909,0.0329671978583727,0.0394488359721334,0.0444742125008538
"4154",2012-07-02,0.025302722705741,0.0285443861229472,0.0309864856759668,0.0381608746497817,0.0439448066495716
"4155",2012-07-03,0.0244645975446204,0.0279688819014576,0.0302226800578861,0.0373868987184034,0.0430526366106832
"4156",2012-07-05,0.0271438804022805,0.0306852351306423,0.0326328551606675,0.0393836116504822,0.0448451243271889
"4157",2012-07-06,0.0265186042444557,0.030397652543319,0.0324127216185455,0.0394683778718982,0.0450739585063083
"4158",2012-07-09,0.029387096328238,0.0322757693844369,0.033620511664727,0.0403661540201307,0.0455051932269321
"4159",2012-07-10,0.0314790687280734,0.0338331771168191,0.0350235078407416,0.0413616692901506,0.0461764474277351
"4160",2012-07-11,0.0294866492406409,0.0324228853598884,0.0337493691303708,0.0402356538926642,0.0456278363024732
"4161",2012-07-12,0.0304008773551182,0.0332244896731382,0.034280951551378,0.0407426737502365,0.0459003113243493
"4162",2012-07-13,0.0252957952159717,0.0292307455503918,0.0304747293693016,0.0375115857117823,0.0429357692834716
"4163",2012-07-16,0.0271937700063803,0.0303800939845958,0.0316108170166111,0.0382737380095853,0.0434180064097392
"4164",2012-07-17,0.0250345872899951,0.0281816535648052,0.0294856585457793,0.036151588892576,0.0412265330599302
"4165",2012-07-18,0.0232075478672365,0.0273556684335125,0.0291873674625064,0.0361962312232176,0.0411918677344182
"4166",2012-07-19,0.0227713837948834,0.0268694925861697,0.0287701495345027,0.0357474527644273,0.0407882394792253
"4167",2012-07-20,0.0236071813114444,0.0290049864952928,0.0310171599424961,0.0382661499084992,0.0427012898055331
"4168",2012-07-23,0.0297483800840553,0.0342788307003048,0.0361717746095048,0.0422736603120936,0.0457155147529335
"4169",2012-07-24,0.0354933588446386,0.0383962450743553,0.0395821214588655,0.0451695659284317,0.0482437794854337
"4170",2012-07-25,0.0330403308633591,0.0370144583694614,0.0388212169303522,0.0446453472036723,0.0476929832580127
"4171",2012-07-26,0.0269153571750591,0.0307483504231518,0.0330319974071841,0.0400393844275829,0.0445300188678295
"4172",2012-07-27,0.0245836274073672,0.0282521872345876,0.0310432576357732,0.0383184744875956,0.0431120305682679
"4173",2012-07-30,0.0288147631830091,0.0305362577058238,0.0329640355387268,0.0396587894650415,0.0438016306663597
"4174",2012-07-31,0.0313739251571298,0.0326965955260643,0.0349952231439264,0.0409328622703718,0.0446125178448594
"4175",2012-08-01,0.0314753362639097,0.0328494488591614,0.035179544881722,0.0406561941649729,0.0442882816753634
"4176",2012-08-02,0.0275077488409667,0.0307598766270383,0.0337619183941976,0.0402968223060404,0.0442802056355622
"4177",2012-08-03,0.022192684369029,0.0258884085963718,0.0295292978706548,0.037219673406956,0.0419118784278153
"4178",2012-08-06,0.0229823936601979,0.0262647101704311,0.0295591126009304,0.0369106295648934,0.0415104286958598
"4179",2012-08-07,0.0229899602284859,0.0265351986708471,0.0298917801488673,0.0371599924023814,0.0421293874595037
"4180",2012-08-08,0.0212482139255229,0.0254074060447168,0.0286899872087354,0.0366470532917012,0.0419182172961855
"4181",2012-08-09,0.020209628284743,0.0244892566100079,0.0276941008029225,0.0358621779002151,0.0413049874633518
"4182",2012-08-10,0.0194291106585482,0.0237850995929813,0.0270583486327709,0.0351599753713276,0.0407755809186836
"4183",2012-08-13,0.0200969939511109,0.0239570601172456,0.0271932356334575,0.0355795864003685,0.0408251383871488
"4184",2012-08-14,0.0220815772038498,0.026146939339203,0.0292692901735368,0.0373335107753219,0.0426328820833881
"4185",2012-08-15,0.0218369675144014,0.026551230818268,0.0299030099788662,0.0371362475984772,0.0428436784724595
"4186",2012-08-16,0.02052465460485,0.0258975478430131,0.0293348029158701,0.0371531662974614,0.0431358042319491
"4187",2012-08-17,0.0182221728962617,0.0240883437102879,0.0280740551260959,0.0361975583582276,0.0422899875679696
"4188",2012-08-20,0.0187446057652992,0.0245499174779583,0.0288597590850263,0.0365494834345446,0.0431095842199916
"4189",2012-08-21,0.0207810787852581,0.0260368077477604,0.0300417676844561,0.0378644247104695,0.0444643151749385
"4190",2012-08-22,0.0213360308220638,0.0271488713419476,0.0312682983492005,0.0393305092820825,0.046202386431888
"4191",2012-08-23,0.0234271864361791,0.029158403601843,0.0332598575835566,0.0407932776138164,0.0472867584934426
"4192",2012-08-24,0.0210072344043558,0.0266051831341562,0.0309622428204232,0.038868387612923,0.0454894168838009
"4193",2012-08-27,0.0237898813430969,0.0289747950278994,0.0330522862879838,0.0404047348255966,0.0464848992774701
"4194",2012-08-28,0.0242742626842318,0.029029523406125,0.0329497971758312,0.0401875516726999,0.0460754960205111
"4195",2012-08-29,0.0257297418288052,0.0305504985877729,0.0344941083150606,0.0418531445099932,0.0477437893162482
"4196",2012-08-30,0.0282945374532585,0.0321232386565552,0.0360371325980407,0.0430810020099551,0.0488039854114969
"4197",2012-08-31,0.0274434848174428,0.0316660141873255,0.0353133161098378,0.0425964817889845,0.0485845728747188
"4198",2012-09-04,0.0293776100210625,0.0329500985172193,0.0359555205374069,0.0429314493040793,0.0484026237063913
"4199",2012-09-05,0.0289381983154405,0.0307041487203126,0.0335675476672826,0.0405069556889637,0.0457691938418431
"4200",2012-09-06,0.022107656589172,0.0261586275263567,0.0292398883396391,0.0369061463955517,0.043119745554559
"4201",2012-09-07,0.0185314973100326,0.0232513618742962,0.0265511806525843,0.0348951874718994,0.0415297631530465
"4202",2012-09-10,0.0229678655695524,0.025595661050305,0.0280054208617724,0.0355067025866192,0.0415344083282942
"4203",2012-09-11,0.023391708902977,0.0258745956391019,0.0279549646896664,0.035315476397604,0.0412892374138416
"4204",2012-09-12,0.0226158818103143,0.024940101210033,0.0269358708575437,0.0341054130041467,0.0399967467998724
"4205",2012-09-13,0.0189942107184679,0.0209902123692347,0.0229980818623915,0.0302474553482756,0.0364475369990374
"4206",2012-09-14,0.019980153985784,0.0223426620044887,0.0243012350711667,0.0313007808450303,0.0376791745789796
"4207",2012-09-17,0.0196428223172517,0.0231077570932267,0.0250580453064374,0.0317255268413129,0.0380898257190057
"4208",2012-09-18,0.0180382918070298,0.0215127560992327,0.0237960979629992,0.0308083226073549,0.0374833350934938
"4209",2012-09-19,0.0171448046250155,0.0209462999269545,0.0231724688650196,0.0300568222070593,0.0366965007392636
"4210",2012-09-20,0.0174735616713786,0.0212528322740395,0.023828073676431,0.0307344704487423,0.0374591671807131
"4211",2012-09-21,0.0161513648104669,0.0204269226445936,0.0232418302350386,0.0305920144329316,0.0377561408622631
"4212",2012-09-24,0.0169220453776742,0.020450349063065,0.0229943891762179,0.0303205191636828,0.0368828687355294
"4213",2012-09-25,0.0205289269096741,0.0238317111160154,0.0260030988382081,0.0324952224529915,0.0386532790682108
"4214",2012-09-26,0.0240672714913597,0.0265829918759519,0.0282984679442679,0.0342585730332809,0.0402140812344925
"4215",2012-09-27,0.0186649586826129,0.0218942718990578,0.0241217944709676,0.0308499881861769,0.0378772724628815
"4216",2012-09-28,0.0205927690627684,0.0237969653040839,0.0256524420137141,0.0318851036745002,0.0385386151176551
"4217",2012-10-01,0.0221867695496992,0.0247619993349102,0.0262881091531416,0.0323292812871597,0.0386516675629185
"4218",2012-10-02,0.0213182988501345,0.0243495536925175,0.0259077272814584,0.0322322301496897,0.0384317940510564
"4219",2012-10-03,0.0200085557237927,0.0232680278780999,0.0250011733347019,0.0315569821986601,0.0379948168531107
"4220",2012-10-04,0.0189518737593362,0.0223020716685044,0.0239875152587515,0.030665823702306,0.0371150640408932
"4221",2012-10-05,0.017989469753911,0.0221084588520778,0.0236821437533534,0.0299464773552055,0.0362457043390978
"4222",2012-10-08,0.020003357050452,0.0233941587675399,0.0243074677750878,0.0305927463353122,0.0366241235648085
"4223",2012-10-09,0.0232539031337633,0.0260691972276374,0.0265840566722567,0.0320917721085782,0.0374864011020914
"4224",2012-10-10,0.0235325678894273,0.0261129555787355,0.0267435015703156,0.0322677172519699,0.0376357864648269
"4225",2012-10-11,0.0220215794514862,0.0248190453893278,0.0253809495342053,0.0310143527494988,0.0364260135892155
"4226",2012-10-12,0.0228715612667817,0.0251179022069971,0.0256139778455703,0.0308819153972576,0.036050383672712
"4227",2012-10-15,0.0213644141627722,0.023635398187506,0.0242320035335017,0.029514876241597,0.0348035945890851
"4228",2012-10-16,0.0207434261992942,0.0230227612851323,0.0237278664279758,0.0289479529665747,0.0341609356915583
"4229",2012-10-17,0.0201716314229414,0.0223919019448428,0.0231380801431779,0.0284095744484719,0.033588967097675
"4230",2012-10-18,0.0197646771009208,0.0220595992101154,0.0229239659361105,0.0284389347613202,0.0337331900170089
"4231",2012-10-19,0.0239690209962941,0.025769422991684,0.0264769529878469,0.0313093449057467,0.036010739222365
"4232",2012-10-22,0.0241859281837914,0.0257116739779789,0.0267021014161297,0.0313152000828859,0.0359203685606989
"4233",2012-10-23,0.0302589616163767,0.0302937699531544,0.0308441279281414,0.0346254818275367,0.038515674951288
"4234",2012-10-24,0.0295601757062644,0.0303029613950657,0.0312996653544788,0.0346892091317561,0.0386889415279794
"4235",2012-10-25,0.0281952627248783,0.0292825499703447,0.0303154970269053,0.0337159524729879,0.0376066232186615
"4236",2012-10-26,0.0268387677695723,0.0282662398612515,0.0297066504605667,0.0336354413177507,0.0377523432457907
"4237",2012-10-31,0.0283771147337555,0.0291569474771416,0.0305013167742253,0.0340626401128329,0.0377892265963086
"4238",2012-11-01,0.0230950896143285,0.0247809417281441,0.0266401151300851,0.0309983494288114,0.0352947660304458
"4239",2012-11-02,0.0255839764812683,0.0265304895519359,0.0282733180708674,0.0322717410891958,0.0360368859426111
"4240",2012-11-05,0.0283554922728144,0.028456318119161,0.0300082261648127,0.0335517111858271,0.0369005218321475
"4241",2012-11-06,0.0266350021023963,0.0268310400659907,0.0283780429316061,0.0320610573030322,0.035397629328084
"4242",2012-11-07,0.0312330234336531,0.0314449848023292,0.0328843683113478,0.0359424735715113,0.0385956421489568
"4243",2012-11-08,0.0305343223190148,0.0314199670448287,0.0332980228588359,0.0369027964279662,0.0392837244085289
"4244",2012-11-09,0.0311610329651271,0.0317999216938518,0.0339591076757738,0.037431146842806,0.0394679831683455
"4245",2012-11-12,0.0271990238459977,0.0286633913678776,0.0313060564752689,0.035660044985155,0.0381023309242831
"4246",2012-11-13,0.0270676278993299,0.0280763588080186,0.0309420700893755,0.0355722680984433,0.0378313833146487
"4247",2012-11-14,0.0312036373596339,0.0315279043448721,0.0340052252622422,0.0378049886918275,0.0393152674473288
"4248",2012-11-15,0.0314272604885463,0.0316281129193117,0.0338262083376161,0.0373387408892868,0.0390078636435624
"4249",2012-11-16,0.0271165661511219,0.028521550533216,0.0312790765950966,0.0356784246741717,0.0375733683954162
"4250",2012-11-19,0.0217774559351384,0.0234901737625568,0.0265593933669772,0.0317488054609354,0.0344940825088542
"4251",2012-11-20,0.021321998763621,0.0231372263469465,0.0259034281116666,0.0310920595303345,0.0339641924463206
"4252",2012-11-21,0.0217415754695686,0.0236075753833553,0.0263577804196364,0.0314267979098396,0.0339789866245036
"4253",2012-11-23,0.0201952680347399,0.0221123341461164,0.0248565294292494,0.0300378292189635,0.0328942573200964
"4254",2012-11-26,0.0213675101602647,0.0231004266719999,0.0256840067901602,0.0304949806555689,0.0334008855578666
"4255",2012-11-27,0.0225792657864403,0.0244533700524025,0.0266653844515246,0.0313905608957812,0.0341233347078709
"4256",2012-11-28,0.0216544783833571,0.023231417416426,0.0254663321756144,0.0304502756740892,0.0333263437570821
"4257",2012-11-29,0.0204736866130447,0.0223047654129773,0.0245507586818217,0.0297386521666219,0.0326446318126152
"4258",2012-11-30,0.0230033518341676,0.0239263056428014,0.0256980539556114,0.030482565844083,0.0331947886655797
"4259",2012-12-03,0.0248920843343472,0.0261079964278748,0.0273997440107236,0.0315633080102148,0.0339946184985623
"4260",2012-12-04,0.0272723243451626,0.0277483759333128,0.0284470093141672,0.0322426394856975,0.0345166281282196
"4261",2012-12-05,0.0256414090589769,0.0264754083714654,0.0274166457288669,0.0312939820087691,0.0336912882252059
"4262",2012-12-06,0.0260023241207548,0.0268824739524531,0.0277009606169229,0.0314671217291863,0.0337799335828398
"4263",2012-12-07,0.0239871711902943,0.0251293738156768,0.0260393852547116,0.0302565473901435,0.0329687075431292
"4264",2012-12-10,0.0244744931960339,0.0256337183114724,0.026356843528147,0.0302864897659519,0.0329764601946738
"4265",2012-12-11,0.0234352349033293,0.0247250995575143,0.0256017816729769,0.0302690556927536,0.0331322700731348
"4266",2012-12-12,0.0236525750277114,0.0253005524579295,0.0261847252611406,0.030707642719108,0.0338504256406755
"4267",2012-12-13,0.0252917676976422,0.0267711327638426,0.027608489339107,0.0318562062863525,0.0349556429036966
"4268",2012-12-14,0.0270292065322128,0.0277917360991976,0.02838853584155,0.0324703366126901,0.0355405218977737
"4269",2012-12-17,0.0251691757309865,0.0259796068763657,0.0265693051900542,0.0309289530832379,0.0344569791598439
"4270",2012-12-18,0.0223798583273319,0.0234964727916613,0.0241336113295988,0.0287260410543141,0.0325892967565782
"4271",2012-12-19,0.0276199486480907,0.0271075549115942,0.0273927549953391,0.0310082211502627,0.0345377962088749
"4272",2012-12-20,0.0280773842994364,0.0274888163739874,0.0275836941232649,0.0308082220970979,0.0341987169768721
"4273",2012-12-21,0.0284304196709629,0.0294790896645292,0.0297086106424208,0.0325318633961075,0.0355862168628365
"4274",2012-12-24,0.0299980708303542,0.0305381776011379,0.0307549214382871,0.0333294642017605,0.0363021342940131
"4275",2012-12-26,0.0330018825606176,0.0329988947848743,0.0330274591838982,0.0349176946604583,0.0374516296824584
"4276",2012-12-27,0.0329311802093072,0.0328505595245528,0.0329424435837301,0.0347804495354543,0.0374549628236223
"4277",2012-12-28,0.0406114519647238,0.0384282551592531,0.0377939380926677,0.0376941059245305,0.0394458335989294
"4278",2012-12-31,0.0300861203009979,0.0300101616333322,0.0303975154145996,0.0327546778696051,0.0357452045549891
"4279",2013-01-02,0.0184785987771828,0.0220265162728389,0.0232580799809998,0.0275436119567211,0.031384573767062
"4280",2013-01-03,0.0184448076786395,0.0221843309658044,0.0234778012222017,0.0276262417045363,0.0314348435985273
"4281",2013-01-04,0.0165381404795703,0.0212140078266436,0.0227120444144006,0.0265725468639324,0.0303786818176214
"4282",2013-01-07,0.0165799593097672,0.0216603416952077,0.0230892098338362,0.0270044008517138,0.0307733537530877
"4283",2013-01-08,0.0165099346456689,0.0216637265366421,0.023111113174652,0.0273225130255254,0.0311416874347078
"4284",2013-01-09,0.0166339061954562,0.0220374472938524,0.0234320355000142,0.0275649703467464,0.0313747926219484
"4285",2013-01-10,0.0160648410939598,0.0209459984205974,0.0222784805332855,0.0264544550780189,0.03026490973424
"4286",2013-01-11,0.0159453217248072,0.0205639829515694,0.0220002821397201,0.026372037594192,0.0302451972760912
"4287",2013-01-14,0.0168611396858657,0.0212548311592694,0.0227522720867067,0.0267669874095328,0.0305765950460854
"4288",2013-01-15,0.0161879483196088,0.0210575192271744,0.0223952834850259,0.0263456110601549,0.0303652456152622
"4289",2013-01-16,0.0159317112286338,0.0207036716313093,0.0221333379650828,0.0261459315388484,0.0300645281682678
"4290",2013-01-17,0.0167389799469671,0.0204926783228072,0.0219171219210418,0.0257481201744782,0.0295698443177156
"4291",2013-01-18,0.0132183643390133,0.0176257652370399,0.0194740549228444,0.0240108510697258,0.0283432755264863
"4292",2013-01-22,0.0131158419503252,0.0167063576589471,0.0186693082923783,0.0224262468890706,0.0265262492270665
"4293",2013-01-23,0.0130165883272873,0.0161029028486705,0.0178393599858954,0.0213616457571182,0.0253010355814373
"4294",2013-01-24,0.0135303816637064,0.0165898175525913,0.018173487780132,0.0217902095023589,0.0255597123777004
"4295",2013-01-25,0.0135110393747991,0.0163611131058941,0.0179199621276203,0.0214757519548816,0.0251492397192276
"4296",2013-01-28,0.0153828114690701,0.0178830439581642,0.0191399767812534,0.0220585890226475,0.0253233498988372
"4297",2013-01-29,0.0146606973875625,0.0167800574921454,0.0181246771873304,0.0213209473133384,0.0246353380551764
"4298",2013-01-30,0.0169361456620889,0.0186349545506472,0.0197024058445156,0.0224440710971731,0.0254086502895748
"4299",2013-01-31,0.017431830567605,0.0193985638296784,0.0205989783074514,0.0234990992513899,0.026282338255478
"4300",2013-02-01,0.0139195878029092,0.0165773343281197,0.0181985509442831,0.0217584301663873,0.0249099934314768
"4301",2013-02-04,0.0183282303572832,0.0199372702003682,0.0211661124619354,0.0240149868795827,0.0267209685676276
"4302",2013-02-05,0.0156091154166525,0.0181010282598267,0.0193774480377394,0.0226742978826723,0.0256870659813091
"4303",2013-02-06,0.0154817810086173,0.0179931170885463,0.0194369384161888,0.0228039938066459,0.0258269078487725
"4304",2013-02-07,0.0156556921220909,0.0182794835076956,0.0197232471218582,0.023105716975466,0.0261858854538145
"4305",2013-02-08,0.0144973097316728,0.0171493596327384,0.0186613106886632,0.0221924323634003,0.0252486111477602
"4306",2013-02-11,0.014811843944907,0.0169092877725936,0.0183650244226466,0.0220403149392843,0.025120088892116
"4307",2013-02-12,0.0143823565043953,0.0163886752222082,0.0179141513526263,0.0217580572039175,0.0249453182769837
"4308",2013-02-13,0.0149905146070349,0.0168510394319844,0.0183222804505331,0.0220118480833111,0.0250477027671523
"4309",2013-02-14,0.0143498321864593,0.0161582638299188,0.0177642256087088,0.0216572825859607,0.0247860256484184
"4310",2013-02-15,0.0138165487028261,0.0157294536129086,0.0174588780222927,0.0216463542103227,0.0249461942988933
"4311",2013-02-19,0.0131129243146527,0.0149525652974056,0.0166674148717755,0.0209214155243442,0.0241580825199974
"4312",2013-02-20,0.0186727559958441,0.019085783667941,0.0200220731182461,0.023132295495157,0.0259055795448825
"4313",2013-02-21,0.0211466770268384,0.0206725127113257,0.0214016959419854,0.0242649905009349,0.0267762155287774
"4314",2013-02-22,0.0180273501926179,0.0184472408119981,0.0194911839558389,0.0228601298683945,0.0257892638696361
"4315",2013-02-25,0.0336500528731528,0.0289724877107741,0.0274660560052422,0.0283137663568553,0.02992184724341
"4316",2013-02-26,0.0250954868289106,0.0248497952899119,0.0250167430935445,0.0268875842079944,0.0287388571469415
"4317",2013-02-27,0.0190954757712118,0.019583893307231,0.0207285409452579,0.0239090430098246,0.0263347072350715
"4318",2013-02-28,0.0200401903164819,0.020855591107855,0.0217693436544778,0.0245377770313767,0.0268403456286475
"4319",2013-03-01,0.0198873543410796,0.0212309069585785,0.0221933284199516,0.0250184673117401,0.0272746786584297
"4320",2013-03-04,0.0167177753045319,0.0187850762944926,0.0201802741117195,0.0237158725751065,0.0263605178549183
"4321",2013-03-05,0.0152190790326969,0.0174877620910956,0.0188407059670108,0.0225150983433981,0.0252712433747541
"4322",2013-03-06,0.0156312395632067,0.0178950682662914,0.0191274607904398,0.0226932402605281,0.0253461382736486
"4323",2013-03-07,0.0146739154074313,0.0171152394492704,0.0185217402024392,0.022204022205992,0.0249276459020051
"4324",2013-03-08,0.0133871150713246,0.0165338317306435,0.018136851681605,0.0219609540098237,0.0246737613705005
"4325",2013-03-11,0.0132294646476327,0.0160429010561449,0.0175273497444405,0.0213757583839606,0.0241178938267397
"4326",2013-03-12,0.0142294121172242,0.0167955780112631,0.0181823861355647,0.0218936867157335,0.024441317733234
"4327",2013-03-13,0.013704736447603,0.0164929382721338,0.0179477470236136,0.0218737025480855,0.0245055976065221
"4328",2013-03-14,0.0121062716945364,0.0151643013480998,0.016697408558555,0.0207901832382578,0.023480154520954
"4329",2013-03-15,0.0119973580444155,0.0154760587552608,0.0172039978167977,0.0215688670608362,0.0242857471625784
"4330",2013-03-18,0.0166308416867516,0.0188507037529296,0.0201356870646933,0.0233690755136691,0.0259251804965121
"4331",2013-03-19,0.0186522970257321,0.0199405759425009,0.0210931189346276,0.0243103082689257,0.0267556611417939
"4332",2013-03-20,0.0142303477392345,0.0169680132736628,0.0185583407997815,0.0224299100676694,0.0252953012162702
"4333",2013-03-21,0.0178395917653587,0.0189951436821755,0.0202806219262834,0.0238993151161802,0.0265605998472919
"4334",2013-03-22,0.0171752180197152,0.0187359672963199,0.019974725170176,0.0235537358095645,0.0262447024716451
"4335",2013-03-25,0.0172459659435593,0.018738243253554,0.0199293534149423,0.0237087798242709,0.0263600472375293
"4336",2013-03-26,0.0144432795162509,0.0168455217436219,0.0183856729648074,0.0224290536474465,0.0256505956215478
"4337",2013-03-27,0.0154413345983471,0.0174509239163374,0.0187322335973591,0.0227558161144162,0.026047129138653
"4338",2013-03-28,0.0141150164333249,0.0166857737617132,0.0181319209251548,0.0223701921039086,0.0258619170552069
"4339",2013-04-01,0.0165459324815579,0.0185877092340908,0.0195397384408306,0.0235013706823062,0.0267825371051756
"4340",2013-04-02,0.0147091145551163,0.0171396867713141,0.0182058577047808,0.0226507173269642,0.0261947613446754
"4341",2013-04-03,0.0181336724691327,0.0193397301743363,0.0200019463430306,0.0238662827152209,0.0272296746183654
"4342",2013-04-04,0.0175529930723581,0.0189118420105675,0.019625804803947,0.0237002705022527,0.0277181020088478
"4343",2013-04-05,0.0173691025193439,0.0191993227306627,0.0198433054793311,0.0240804056840678,0.0280571022596206
"4344",2013-04-08,0.0161049165152896,0.0178000271648862,0.0183636330809621,0.0229034911739838,0.0270345961771914
"4345",2013-04-09,0.0152268109152031,0.0171301496254272,0.0175907847756957,0.0221917208618253,0.026444134154093
"4346",2013-04-10,0.0139367646901931,0.0162392511585384,0.016671849056483,0.0211658880920789,0.0253251064956613
"4347",2013-04-11,0.0138008223074462,0.0164504851779894,0.0169711875384207,0.0212466861970264,0.0252962211913066
"4348",2013-04-12,0.0133196726949536,0.0161185031414393,0.0167672882211373,0.0212878901804777,0.0253985849823333
"4349",2013-04-15,0.0257750530281638,0.0243247195187357,0.0243111205827942,0.0261532325894301,0.0287688284157497
"4350",2013-04-16,0.0173835453853426,0.0188244904768966,0.0191904057756545,0.022732997388211,0.0262835029513084
"4351",2013-04-17,0.0249007836590224,0.0243125116028167,0.0242739489362707,0.026459377738769,0.0294135206915107
"4352",2013-04-18,0.0273064813080615,0.0263442289256664,0.0261859371631969,0.0279198559206905,0.0305518798239942
"4353",2013-04-19,0.0196218049532332,0.0215155117248195,0.0219474208613404,0.0255302305808566,0.028758399727589
"4354",2013-04-22,0.0181409846080364,0.0199034168897008,0.0206352527317677,0.0242067629738446,0.0278583504082404
"4355",2013-04-23,0.0158546674787784,0.0178383036007321,0.0186592273074813,0.0223765327099441,0.0261415367399234
"4356",2013-04-24,0.0164695332596116,0.0181876874617831,0.0191386764717159,0.0224079717842883,0.0260211079797003
"4357",2013-04-25,0.0168362406067729,0.0183285449279584,0.0193652167204395,0.0223659988075258,0.0258318626409193
"4358",2013-04-26,0.0163140672236958,0.0181835327834983,0.0192671134304388,0.0222340425805515,0.0256848267249801
"4359",2013-04-29,0.0165161399779061,0.0182236552428837,0.0192803998746442,0.0220807933740064,0.0252525752763752
"4360",2013-04-30,0.0158196287033085,0.0176531092376781,0.0188372966891498,0.0217510672143465,0.0250561827935781
"4361",2013-05-01,0.0189637945648863,0.0197665261400525,0.0208192666338465,0.0233385544105148,0.0262463687269522
"4362",2013-05-02,0.0157748448417594,0.0178168906848852,0.0191502366458751,0.0221195717160776,0.0252329490685796
"4363",2013-05-03,0.0140661401996647,0.0162631295574414,0.0178245262070846,0.0211197101963502,0.0244523757577825
"4364",2013-05-06,0.0138512576623494,0.0160230784065579,0.0177070690537853,0.0210374591879711,0.0244556946470315
"4365",2013-05-07,0.0138833400573643,0.0161252271944507,0.0177127584572901,0.0210215263282957,0.0243708340847996
"4366",2013-05-08,0.0136945572566721,0.0163049513453922,0.0178583732467594,0.0213190511115186,0.024636675232653
"4367",2013-05-09,0.0149404951567351,0.0174052356299931,0.0191541621285037,0.0227584267289475,0.0259435846738879
"4368",2013-05-10,0.0134545771753415,0.0165928854099357,0.0186548448124702,0.0227106123699768,0.0259779982325373
"4369",2013-05-13,0.0154471260247323,0.0176933816037778,0.0196213571780256,0.0234787131931669,0.0265769946899161
"4370",2013-05-14,0.0156902805294826,0.0178250511473734,0.0197456047176447,0.0235003892633444,0.0267051238541912
"4371",2013-05-15,0.0159295754121326,0.0178954704781748,0.0199367605127055,0.0239162068818828,0.0273618964550815
"4372",2013-05-16,0.0165161310896658,0.0188519532820909,0.0209405352175594,0.0246745096822064,0.028002978602333
"4373",2013-05-17,0.0148727940551803,0.0173883970910181,0.0199828831462897,0.0240532342882703,0.0277061603277711
"4374",2013-05-20,0.0160709132883159,0.0182637323463694,0.0206683239199937,0.0247037124716002,0.0282297299018271
"4375",2013-05-21,0.0170325893056385,0.0194464140653674,0.0217889101289982,0.0256067016320361,0.0289075410059079
"4376",2013-05-22,0.0185205382936064,0.0204481751399607,0.0226283173848295,0.0261907299865127,0.0294959801073746
"4377",2013-05-23,0.0186478808710829,0.0205440783600291,0.0227426807502426,0.0263248371350693,0.0296000863912588
"4378",2013-05-24,0.0186956503640193,0.0204335631150669,0.0224260722120234,0.026059392088114,0.0293642119771509
"4379",2013-05-28,0.0188292301284801,0.0201796645892025,0.0219489668559254,0.025547001679432,0.0287327212124907
"4380",2013-05-29,0.020228052678108,0.0213743021287692,0.0228906807704256,0.0261673376399354,0.0293360037658272
"4381",2013-05-30,0.0191352516607435,0.020723013495282,0.0224504653478145,0.025919089604478,0.0291860092275862
"4382",2013-05-31,0.0238090028115393,0.0241964910622785,0.0253732385748012,0.0281697480338523,0.0310133465356726
"4383",2013-06-03,0.0235986201915022,0.0241047303094483,0.0251750148106626,0.0280390873871519,0.0309774822755211
"4384",2013-06-04,0.0248472292383176,0.0251417225077048,0.0260635633711646,0.0287068223177221,0.0315942632399656
"4385",2013-06-05,0.0282683514125861,0.0274918147851714,0.0277420681068944,0.0298367722051038,0.0325623612264949
"4386",2013-06-06,0.0258686008384304,0.0261159538712926,0.0266926138839029,0.0291069676437152,0.0319711681803636
"4387",2013-06-07,0.0206830578071057,0.0226193947487415,0.0236900286843356,0.0271586209435502,0.0304012905509469
"4388",2013-06-10,0.0216743520956163,0.0233116216227828,0.0241712892400007,0.0273165799860937,0.0306268347283719
"4389",2013-06-11,0.0263814294710713,0.0271222708703544,0.0275217579328108,0.029735807575646,0.0325970302097491
"4390",2013-06-12,0.0309805963325279,0.0308665477548743,0.0307524276047084,0.0321101843961825,0.0345393376585092
"4391",2013-06-13,0.0245696185319782,0.026401760159388,0.0271158817217681,0.029640156802433,0.0325148970258847
"4392",2013-06-14,0.0263657550787907,0.0277101227131127,0.028370152120873,0.0305239440918995,0.0330841033929074
"4393",2013-06-17,0.0260959680491479,0.0271162268686321,0.0276479595456301,0.0297656628037645,0.0322765631840085
"4394",2013-06-18,0.0250961947362278,0.0261462769270506,0.026704794324905,0.0290315279952455,0.0316554677694151
"4395",2013-06-19,0.0250952077791996,0.0261056598200479,0.0266920983699966,0.0290904548143953,0.0315617359240425
"4396",2013-06-20,0.0397050069259248,0.0365570745539931,0.0354156533759839,0.0348432430314384,0.0360539604618551
"4397",2013-06-21,0.0319301252288318,0.0314717614787433,0.03137690338416,0.0323428571879921,0.0341580589273355
"4398",2013-06-24,0.036783155215857,0.035990398017605,0.0356771143258545,0.0357792110185747,0.0368207911045347
"4399",2013-06-25,0.0313556505846506,0.0316803878405231,0.032144396014738,0.0339104377051911,0.0354117125970038
"4400",2013-06-26,0.026746609970677,0.0289364929466629,0.0298275725077707,0.0320748998401279,0.0341979325890816
"4401",2013-06-27,0.0256704670470114,0.0278587495865004,0.0289759173818766,0.0315088422206582,0.0337053930086277
"4402",2013-06-28,0.0257201805362386,0.0279253106360168,0.0290298979667532,0.0316462969701344,0.0338011596050873
"4403",2013-07-01,0.0244411749609118,0.0264122859416769,0.0272559814835823,0.0302939894773239,0.0329074119204287
"4404",2013-07-02,0.024449090805488,0.0266597739694804,0.0274729414416104,0.0303024015107275,0.0327662307684992
"4405",2013-07-03,0.0246234215434615,0.0262698448480545,0.0271788795005701,0.0300831501206684,0.0325830160550951
"4406",2013-07-05,0.0205495146942057,0.0232855465132037,0.0243435550725403,0.0280769644197702,0.0311549523762677
"4407",2013-07-08,0.0197272172787035,0.0221207207940352,0.0229023229409374,0.0268031049799887,0.0300522531192101
"4408",2013-07-09,0.0186384376724892,0.0211161620339307,0.0217290434315433,0.0252880994168346,0.0287502779847164
"4409",2013-07-10,0.0186202350421683,0.0210878922767996,0.021671620487692,0.0251851743156506,0.0286780079252939
"4410",2013-07-11,0.0178236055582076,0.0204092692705021,0.0209939512615578,0.0244809213291565,0.0280214118036172
"4411",2013-07-12,0.0170304638267215,0.020422173324754,0.0211062950440143,0.0246978568811748,0.028109281501686
"4412",2013-07-15,0.0177690017644936,0.0204992098530367,0.0211757085828223,0.0246511779432189,0.0281095181351964
"4413",2013-07-16,0.0192963999790599,0.0217077606747014,0.0223663544968001,0.025555817823423,0.0287734813967806
"4414",2013-07-17,0.0175184720279779,0.0204086416470139,0.0211794272500844,0.0247464780882631,0.0281333381224478
"4415",2013-07-18,0.0169995937339867,0.0197004994513329,0.0205986478263528,0.0243126585658792,0.0276852134413702
"4416",2013-07-19,0.0150266931192391,0.0184429572615394,0.0195754286629065,0.0237518012621755,0.0274993801289448
"4417",2013-07-22,0.0138535062160744,0.0173651732946434,0.0188878916108116,0.0229484525043031,0.0269810994673739
"4418",2013-07-23,0.0145206109465471,0.0176669844815884,0.0193222569000037,0.0230720679112882,0.0271177547996842
"4419",2013-07-24,0.0155846317230536,0.0186242836608496,0.0203220918518296,0.0239417216703553,0.0277606134258209
"4420",2013-07-25,0.014954110178711,0.0178087880128247,0.0196417490931725,0.0233263257764232,0.0273634140624624
"4421",2013-07-26,0.0143787003634652,0.0174260684492089,0.0193059310811571,0.0229328626242179,0.0270675571703162
"4422",2013-07-29,0.0156971643809891,0.0184105730536854,0.0201559674424589,0.0234454387380008,0.0273898185902095
"4423",2013-07-30,0.0158101530858803,0.0178389335408709,0.0195856657834841,0.0230151387942861,0.0270713340628227
"4424",2013-07-31,0.0163975118680101,0.01812420991154,0.0197757961476207,0.0229434209344391,0.0268942743524524
"4425",2013-08-01,0.0150005627107952,0.0168636739993479,0.0187269978568235,0.0219822890473975,0.0260766808773688
"4426",2013-08-02,0.0125460853446459,0.0151096313082447,0.0173580429944389,0.0209718055780309,0.0253942866275005
"4427",2013-08-05,0.0121266986987025,0.014785925886884,0.0171955858098403,0.0207361502344218,0.0251961804091126
"4428",2013-08-06,0.0141220158032404,0.0165939325003641,0.0188982975872955,0.0221139423683086,0.0261352645451409
"4429",2013-08-07,0.0146625926432652,0.0171449584668026,0.0194952550504607,0.0226836006330592,0.0266340956754783
"4430",2013-08-08,0.0143416447489159,0.0166392231361471,0.0190821525213253,0.0221740118421185,0.026178595746441
"4431",2013-08-09,0.0155068326827322,0.0177192292329945,0.0200156559452362,0.0229526231207981,0.0266056497974966
"4432",2013-08-12,0.0165217411350139,0.0185396532770287,0.020691228253745,0.0233720605184781,0.0268994059816463
"4433",2013-08-13,0.0151706389198425,0.0176632439187401,0.019677453590652,0.0227614362850513,0.0264269769676331
"4434",2013-08-14,0.016046409125234,0.0185784083757599,0.0205271525577714,0.0235264709168795,0.0270070703226125
"4435",2013-08-15,0.0201533378744905,0.0215114521446092,0.0230409175900908,0.0254282278821233,0.0285530728487928
"4436",2013-08-16,0.0196906506234475,0.0209252182772831,0.0224657570409635,0.0250139041959321,0.0282935267789246
"4437",2013-08-19,0.0212470286675723,0.0224609899287672,0.0237370989575759,0.0259576987773098,0.0288358841759908
"4438",2013-08-20,0.020331556323014,0.0219075896994633,0.0232195105383148,0.025464137987804,0.0284802693411847
"4439",2013-08-21,0.0223684750647905,0.0234233917240517,0.0242750861589807,0.026159205429874,0.0288011009518708
"4440",2013-08-22,0.0200484363670976,0.0214227040706748,0.022619857153233,0.0248036525564762,0.0279453478558978
"4441",2013-08-23,0.0181492329680131,0.0199142399153866,0.0215050443446412,0.0239413322281802,0.027463322311805
"4442",2013-08-26,0.0204650522195583,0.0218084609930232,0.0230318558997345,0.0252094513234859,0.0282239709098069
"4443",2013-08-27,0.0257721840714563,0.0264397029979662,0.02704335976664,0.0284815184044322,0.030876453491593
"4444",2013-08-28,0.0246212352419356,0.0258397113047301,0.0268257420914006,0.0285971277946198,0.0311777510187708
"4445",2013-08-29,0.0262474559143243,0.0271195608000372,0.0279986521154186,0.0297014310909556,0.0323588116163923
"4446",2013-08-30,0.0272789474596752,0.0278966281953978,0.0285230150096553,0.0301644730238124,0.0326965331413268
"4447",2013-09-03,0.0258786581918383,0.0266898975941945,0.0274856747569658,0.029445862255671,0.0321827333559625
"4448",2013-09-04,0.0234083128480489,0.0250954829457922,0.02622832890437,0.0284958120364926,0.0316880850601777
"4449",2013-09-05,0.0225343224212156,0.0240974191680495,0.0254540566813155,0.0279919444320387,0.0313696273004087
"4450",2013-09-06,0.0228621705240338,0.0243778586321928,0.0255204743707094,0.0278862922075651,0.0311383938002066
"4451",2013-09-09,0.0217189284489871,0.0231175555871058,0.0241766815355346,0.0266483507071866,0.0302546511433567
"4452",2013-09-10,0.0189212931216796,0.0209810306129707,0.0222021251225348,0.0252555260319849,0.0291234186794974
"4453",2013-09-11,0.0171321062756287,0.0194257931573548,0.0207852610310011,0.0240481363627429,0.0281516629810455
"4454",2013-09-12,0.0185169424650882,0.02054094487361,0.0217425097505533,0.0247685109813744,0.0285080475854201
"4455",2013-09-13,0.0180618148488985,0.0200740070125203,0.0214435642244349,0.0246231013747618,0.0282120681430155
"4456",2013-09-16,0.0189203587274589,0.0200437998398339,0.0211236555710144,0.0242835632238006,0.0277985540231061
"4457",2013-09-17,0.0190793243609056,0.0202776154115299,0.021272328069371,0.0242638819159627,0.0276763545286648
"4458",2013-09-18,0.0173610242564086,0.0188244014473452,0.0199731918612073,0.0232678668314646,0.0269903603429014
"4459",2013-09-19,0.0162660370089064,0.0182580324018788,0.0198384256981506,0.02347637059374,0.0273707972662577
"4460",2013-09-20,0.0162574488997535,0.0186636306587909,0.0205058095980368,0.0243053261718765,0.0282047348795113
"4461",2013-09-23,0.0182499409132921,0.0202388091557737,0.0217017128401088,0.0250216426970791,0.0283101717937547
"4462",2013-09-24,0.0181563964775,0.0200753197986668,0.0214951483163373,0.0247939936550226,0.0283255191287863
"4463",2013-09-25,0.0174568484182707,0.0196390444659195,0.0210247521377434,0.0244038467347683,0.0280082468803322
"4464",2013-09-26,0.017876326995309,0.0192826016784987,0.0205876530839301,0.0239700040805071,0.0276091934200189
"4465",2013-09-27,0.0213827111344365,0.0216176539092138,0.0221788238627058,0.0249621405234025,0.0282731407081024
"4466",2013-09-30,0.0256884481038858,0.0247164160021285,0.0247172399697362,0.0267296015978098,0.0295480461162807
"4467",2013-10-01,0.0222399703524588,0.0222132376561012,0.022527774465711,0.025280073653606,0.0283435020807169
"4468",2013-10-02,0.0243664132669608,0.0236420791510437,0.0236448551880624,0.0259543440857361,0.0287488335768959
"4469",2013-10-03,0.0281020205183373,0.0266225482804242,0.0262920845420051,0.0278823334053391,0.0302648726645525
"4470",2013-10-04,0.0257228257344276,0.0250224871849672,0.0249852763002791,0.0270219001929806,0.0295888283076308
"4471",2013-10-07,0.033787453414684,0.0302318463812276,0.0296403405056903,0.0301355828636654,0.0318231410884845
"4472",2013-10-08,0.0393844166362501,0.0337859937786925,0.0329150502023978,0.0326270439548719,0.0335068883696788
"4473",2013-10-09,0.0361630173589,0.0314966265241259,0.0309395816151464,0.031427111962254,0.0327087723353261
"4474",2013-10-10,0.0254937404989265,0.0245427883741885,0.0246787862479499,0.027247647378694,0.0296905358167544
"4475",2013-10-11,0.0224012222095649,0.0226243735910485,0.0229408783482133,0.0259764440690784,0.0286630152297933
"4476",2013-10-14,0.0231769794203644,0.0227075201502436,0.0229730247075254,0.0257598764943378,0.028292825639311
"4477",2013-10-15,0.0304677802051897,0.0272754805932738,0.0271325839051167,0.0284438166067332,0.0300467518192774
"4478",2013-10-16,0.0192607564540779,0.0201503170587101,0.0207718608230574,0.024779630763592,0.0274933773584521
"4479",2013-10-17,0.0160756573472951,0.0178776302590151,0.0185854772395633,0.023024775277699,0.0263175599363782
"4480",2013-10-18,0.014697603067958,0.0165769681476599,0.0172697312267511,0.0216862716060467,0.0254140386009346
"4481",2013-10-21,0.0145971886386463,0.0169545211707339,0.0179317716334027,0.0219853598397142,0.0257710995744371
"4482",2013-10-22,0.0150261859491696,0.0174191723357992,0.018362857428071,0.0220854879247197,0.0258908775189368
"4483",2013-10-23,0.0151568831942573,0.0174136088216177,0.0184955324587255,0.0225133007850931,0.0263127072641716
"4484",2013-10-24,0.0146072404339449,0.0167042999538828,0.0179276860477145,0.0220031663474342,0.0259250453427736
"4485",2013-10-25,0.0139759333671672,0.0165127744499516,0.0178100517275827,0.0219653786078874,0.025973324348853
"4486",2013-10-28,0.0141933058191746,0.0169389348579263,0.018344583588373,0.022421340331802,0.0263830648086777
"4487",2013-10-29,0.0145259995641659,0.0171094044003977,0.0184968643094276,0.0224551551671591,0.0262909808781209
"4488",2013-10-30,0.015342501919626,0.0176343256235277,0.0190713741516373,0.0230223561154324,0.0267815966910932
"4489",2013-10-31,0.0155574493272382,0.0178659890877115,0.0193814484380864,0.0232140245945748,0.0267475181033393
"4490",2013-11-01,0.0140779130324067,0.0167651139728117,0.018565255042914,0.0228575617936178,0.0266499990052704
"4491",2013-11-04,0.0134116083335901,0.0162259733150117,0.0182093557244629,0.0225171869305317,0.0262862302743975
"4492",2013-11-05,0.0141819023428879,0.0168707033868017,0.0187137467010092,0.0231864752141316,0.0270019011188934
"4493",2013-11-06,0.0134263111619472,0.0163306193148434,0.0183257560683222,0.0228609133271818,0.0266029654283249
"4494",2013-11-07,0.0164567464834765,0.0184913344168813,0.020304716243484,0.0244503311203278,0.0277556096613151
"4495",2013-11-08,0.013685937293642,0.0161484061495423,0.0181409751526138,0.0226941045228583,0.026467608699773
"4496",2013-11-11,0.0145449619814635,0.0166685168057066,0.0186240552777996,0.0230659860308192,0.0266275200324723
"4497",2013-11-12,0.0151033670165665,0.0171043654507149,0.0191734390026057,0.0238671328748145,0.0275237771221996
"4498",2013-11-13,0.0142098756680475,0.0164876940362111,0.0187530212616539,0.0235658690758334,0.0273742836244786
"4499",2013-11-14,0.0137312841186689,0.016534605502663,0.0190048779800857,0.0236423320698408,0.0272472965816202
"4500",2013-11-15,0.0131331124181532,0.0159186564017733,0.0187244235801461,0.0236892272210686,0.0273234120933666
"4501",2013-11-18,0.0148121632349407,0.0168757916745725,0.0194253148853446,0.02418694239436,0.0277447834368394
"4502",2013-11-19,0.015599549951256,0.0176779733031942,0.0203397221850681,0.024607616236694,0.0282163869248644
"4503",2013-11-20,0.0154533626915615,0.0171199019308597,0.019750133773371,0.0242024198955563,0.0280606759208503
"4504",2013-11-21,0.0144032348437067,0.0160465602506255,0.0185854097557295,0.0230406408630883,0.0269043933256381
"4505",2013-11-22,0.0129367189804962,0.014970667558625,0.0175856462933965,0.0221921418438754,0.0262146063077733
"4506",2013-11-25,0.0138196657375557,0.0159163218274619,0.0182402068759651,0.0227135781877327,0.0265400809690189
"4507",2013-11-26,0.0140113323883806,0.0162973839903999,0.0186133425563279,0.0228781995834864,0.0265547786247123
"4508",2013-11-27,0.0138774767831596,0.0161198406908919,0.0185094952948989,0.022823223362732,0.0264803016648687
"4509",2013-11-29,0.0155437234505564,0.0176529910077814,0.0196046983277565,0.0235474516586243,0.0269452013750472
"4510",2013-12-02,0.0164542627561938,0.0184916656111262,0.020113786282804,0.0239311882606983,0.0272679264379487
"4511",2013-12-03,0.0168985617525696,0.0194067435412685,0.0208002694226857,0.0244294076526846,0.0276645329397888
"4512",2013-12-04,0.0174993499754248,0.0194959398675188,0.0208633487761233,0.024379530825623,0.0275630181650349
"4513",2013-12-05,0.0191689521556523,0.0204127983570119,0.0215525030594694,0.0245911574587354,0.0274631677648635
"4514",2013-12-06,0.0155116672508031,0.0178465362678065,0.0192080460736361,0.0226330924231987,0.0258423650985705
"4515",2013-12-09,0.0157335537924979,0.0180194691412108,0.0191718927150662,0.0224815650333499,0.0257091581915308
"4516",2013-12-10,0.0166835287850607,0.018751548955731,0.0195404095581878,0.022883234958546,0.0260448357278314
"4517",2013-12-11,0.0202694170789803,0.0212438614343708,0.0218319192840235,0.0245841437110263,0.0273782575335395
"4518",2013-12-12,0.0210007684847176,0.0215782963473125,0.0221439720379028,0.0248068327022478,0.0275328920402358
"4519",2013-12-13,0.0215430697443673,0.0217927743667744,0.0223328249935933,0.0249943420154931,0.0276397103068773
"4520",2013-12-16,0.0228001398205791,0.0222896247865794,0.0227820137229615,0.0253295804428673,0.0280400680811299
"4521",2013-12-17,0.022823059774576,0.0221159131144715,0.0227063333946825,0.0255036472986089,0.0283587874593594
"4522",2013-12-18,0.0168719583261786,0.0178716254126585,0.0188199636216647,0.0225714419245831,0.0261118114406368
"4523",2013-12-19,0.0168387511921605,0.0179595583864679,0.019095386062581,0.0230593438439465,0.0266872472647821
"4524",2013-12-20,0.0163105678597113,0.0174110219712365,0.0185598728618885,0.0226569579848396,0.0263074544140361
"4525",2013-12-23,0.0147233245734429,0.0163007112149868,0.0176746496273409,0.021725040311497,0.0255202826412486
"4526",2013-12-24,0.0137215393018877,0.0154939100112699,0.0169488074480622,0.0211673688668505,0.025030993129658
"4527",2013-12-26,0.0129236220974396,0.0149280297562065,0.0164834198849179,0.0207200120275516,0.0246627063591578
"4528",2013-12-27,0.0132745074263626,0.0151700688223153,0.0165956693100386,0.020591575524215,0.0243623452096438
"4529",2013-12-30,0.0156462940877173,0.0171031313058142,0.0182776396951774,0.0217386782946619,0.0250584088315982
"4530",2013-12-31,0.0171172112402373,0.0177217567034778,0.018743479170698,0.0220600486472688,0.0252875480949311
"4531",2014-01-02,0.0179295488319872,0.0185327572821533,0.0194959282431324,0.0225852103068415,0.0255639178781124
"4532",2014-01-03,0.0171202744452558,0.0181402606904764,0.0192097895393702,0.0225387004636094,0.0255606616447411
"4533",2014-01-06,0.0163458501883165,0.0175965564786933,0.0185262470411718,0.0219910410779517,0.0250811184945401
"4534",2014-01-07,0.0147593123283157,0.0164221989361625,0.0171550356607278,0.0210503910449697,0.0242205143466511
"4535",2014-01-08,0.0145044872958805,0.0165489953219804,0.017340594998972,0.0211008120490254,0.0243263844727282
"4536",2014-01-09,0.0143302363924902,0.0163335293858265,0.0171208764281,0.0209195706114822,0.0240955761814004
"4537",2014-01-10,0.0127983829126118,0.0155069287967056,0.0163705731198725,0.0203984778555912,0.0236075987892618
"4538",2014-01-13,0.0166677023372509,0.0184687934092561,0.0189899662640728,0.0223871496223879,0.0250413761732478
"4539",2014-01-14,0.013939655972855,0.0164823527323404,0.0172441087545302,0.0213255255475108,0.0240958917163769
"4540",2014-01-15,0.0136652191332812,0.0164218710890992,0.017038578681482,0.0212116701925452,0.0239037907579465
"4541",2014-01-16,0.0141432553136706,0.0162523737024952,0.0172769687344037,0.021717431345253,0.0245514878525816
"4542",2014-01-17,0.014365082997094,0.0164328784845022,0.0174600553324045,0.0219739717764265,0.0247487509550305
"4543",2014-01-21,0.0142779494366757,0.0161241931183418,0.0173555073854629,0.0214760424388344,0.0242462879936271
"4544",2014-01-22,0.0144512550599074,0.0158649666196308,0.0170278062030809,0.0212280250882859,0.0240508894716493
"4545",2014-01-23,0.0166165226424233,0.0172787033159125,0.0182548658706141,0.0219639948999858,0.0245369658208851
"4546",2014-01-24,0.0263342609347953,0.0243774858254551,0.024221327574873,0.0260626010761938,0.027607636524206
"4547",2014-01-27,0.0254910593470275,0.0240562733198713,0.024138680465635,0.0260728880148222,0.0276361247318003
"4548",2014-01-28,0.0219166746157031,0.0215251272901604,0.0220661312312153,0.0248196402678967,0.02677741652027
"4549",2014-01-29,0.026595301242099,0.025163814093522,0.0251137434686801,0.026637409630092,0.0279837617572371
"4550",2014-01-30,0.0238991311664427,0.0232297299694197,0.0235050957923601,0.0254113705236424,0.0268202114635295
"4551",2014-01-31,0.0292199660978293,0.0275353492080941,0.0274206895854344,0.0282209524550939,0.029074610943268
"4552",2014-02-03,0.0381435339675897,0.0343487762692335,0.0333329761016557,0.0324326980810988,0.0322687843525298
"4553",2014-02-04,0.0296544821934478,0.0284430360570311,0.0289116951150538,0.0300187772764869,0.0306130517751264
"4554",2014-02-05,0.0324526437182089,0.0309125797527655,0.0310014045511121,0.031320431819878,0.0313916812136257
"4555",2014-02-06,0.025696773073886,0.024968258779644,0.0257948468390999,0.0278964315309234,0.0289967024983041
"4556",2014-02-07,0.0198959656959937,0.0204613304774748,0.0215183821373868,0.024828520617927,0.0266972993351439
"4557",2014-02-10,0.0200279666979624,0.020362325666231,0.0214827596678899,0.0246471784079816,0.0264789635916605
"4558",2014-02-11,0.0177054439084667,0.018433010076085,0.0198806840194199,0.0233291533799023,0.0254194908394581
"4559",2014-02-12,0.0179359360844749,0.018632914745356,0.0201608417098984,0.0235147307230257,0.0254992256729712
"4560",2014-02-13,0.0169730367007191,0.0178987956273713,0.0193763723335478,0.0230128327663585,0.0251130011724421
"4561",2014-02-14,0.0160406565841306,0.0170949999195358,0.018598597539927,0.0222851978244748,0.0245365712593872
"4562",2014-02-18,0.0172138011414873,0.0178441231736829,0.0190831525558411,0.0223734035534852,0.0245183812809429
"4563",2014-02-19,0.020645276632711,0.020829722100766,0.0216241209138348,0.0239072038778241,0.0255395197544993
"4564",2014-02-20,0.0186604613259992,0.0190313503242811,0.0200892358556529,0.022963689698361,0.0247892086073482
"4565",2014-02-21,0.0182212150041972,0.0188183405459905,0.0199210464978627,0.0228851217434604,0.0247466625044338
"4566",2014-02-24,0.0176173863650432,0.0183339304918075,0.0194514792098859,0.0224488808394886,0.0242493157760786
"4567",2014-02-25,0.0176858297344768,0.0186459472109182,0.0198060404583372,0.0227426029919521,0.0244310772798802
"4568",2014-02-26,0.0178250138848746,0.0190043499385137,0.0202988323517802,0.023305827962933,0.024973277685701
"4569",2014-02-27,0.0170093558380759,0.0181435789334885,0.0193963306787715,0.022740865722713,0.024630026751736
"4570",2014-02-28,0.0169777077657141,0.0182286655613692,0.0196349302285481,0.0231001323771337,0.0249784201260115
"4571",2014-03-03,0.0223413469819978,0.0223838522048756,0.0231341561769165,0.025121019280771,0.026342333107095
"4572",2014-03-04,0.0173663752425913,0.0183595208114706,0.0198309559577584,0.0230221366991365,0.0246754801700196
"4573",2014-03-05,0.0169449425552404,0.0182782594528436,0.0198786350499,0.0231622747059275,0.0248015569862487
"4574",2014-03-06,0.0172884428336759,0.0187406405872835,0.0202535473462822,0.0234420385483173,0.0252911442546153
"4575",2014-03-07,0.0173441403155631,0.018910130714683,0.0203860726121568,0.0235873927716178,0.0253964272926553
"4576",2014-03-10,0.0177892673255899,0.0193506239450734,0.0207215523017383,0.023736822297198,0.0254669081252402
"4577",2014-03-11,0.0189800343781672,0.0201360578049308,0.0214095612318214,0.024337271409693,0.0260226299961009
"4578",2014-03-12,0.0184459699607116,0.0197594666997471,0.0210944969029159,0.0241209787451666,0.0257854245831905
"4579",2014-03-13,0.0237283635800744,0.0235675122303627,0.0240919228651334,0.0261454929840955,0.0273330460482691
"4580",2014-03-14,0.0279552915465821,0.0264089280699068,0.0261532680157441,0.0275045559957674,0.0283212839903388
"4581",2014-03-17,0.0218478508393658,0.0221350890213308,0.0227078063762621,0.0250438663623596,0.026473316917384
"4582",2014-03-18,0.0192005047094714,0.0202135538874111,0.0212414343370054,0.0240766514463172,0.0256250432724933
"4583",2014-03-19,0.0200714896705908,0.0208981846967347,0.0216623651665595,0.0243662868052022,0.0258326513691211
"4584",2014-03-20,0.0186107720189205,0.0197317307042175,0.0206007204005916,0.0234812772071433,0.0251344358324737
"4585",2014-03-21,0.0189033268979908,0.0200423316841868,0.0209559335260983,0.0238703181139396,0.0254162286103295
"4586",2014-03-24,0.0195305838869706,0.020538811836533,0.0214091433754311,0.0241385876078648,0.0258505957066796
"4587",2014-03-25,0.0176160889988784,0.0191128041943076,0.0202834789303259,0.0233287371201229,0.025287179120633
"4588",2014-03-26,0.0196629286644417,0.0207843037377752,0.0215768602594125,0.0242776851417797,0.0260401985710629
"4589",2014-03-27,0.018969090630408,0.0201765052501603,0.0211720886661044,0.0240306669656918,0.0259106062962985
"4590",2014-03-28,0.0183122595971249,0.0193871536010296,0.0202345035481296,0.0233244107852343,0.0253478772403993
"4591",2014-03-31,0.0168948049243648,0.0180857588643027,0.0188968713413453,0.0223241990154808,0.0245326643153014
"4592",2014-04-01,0.0150401413328656,0.0165421335577524,0.0176217235329947,0.0213924371654888,0.0238833605131373
"4593",2014-04-02,0.0149610194240597,0.0165055464823039,0.0176050860429041,0.021327114051977,0.0237169332796068
"4594",2014-04-03,0.0159790030296246,0.0169214448669021,0.0179780171346371,0.0215517775746521,0.0237816816235418
"4595",2014-04-04,0.0179072115413019,0.0183918797662268,0.0193111062798318,0.0226321302665705,0.0246546404214476
"4596",2014-04-07,0.0216207980989656,0.0210077745852766,0.0214572197938501,0.0242697591449419,0.0259705585166806
"4597",2014-04-08,0.0197605392625666,0.0197236361286368,0.0203279217839562,0.0234168240352748,0.0252822179685
"4598",2014-04-09,0.0165861363416116,0.0173232967757258,0.0182359992853145,0.0219023563879767,0.0240801937915368
"4599",2014-04-10,0.022763199115025,0.021774113775601,0.0220153993313344,0.0244476865661649,0.0259777204807898
"4600",2014-04-11,0.0271279073290056,0.0252751107668668,0.0258242096555736,0.027188173653541,0.0282755025195629
"4601",2014-04-14,0.0236011809583699,0.0228277071663934,0.0229380863451311,0.0250560056626273,0.0263244332855226
"4602",2014-04-15,0.0219783372000706,0.021776809526021,0.0221710430824317,0.0245513180222092,0.0258749565112191
"4603",2014-04-16,0.0179030942138424,0.0188162984876215,0.0196508089728062,0.0229551592615144,0.0246494286903375
"4604",2014-04-17,0.0159674535008237,0.0174741834298242,0.0185735793045397,0.0225255935318799,0.0246612722326327
"4605",2014-04-21,0.0158176634100078,0.0174453970683881,0.0185745754256211,0.0222117892609261,0.0244343350789274
"4606",2014-04-22,0.0154393886345962,0.0172876231944831,0.0184893280250716,0.0222431941289261,0.0245621193007861
"4607",2014-04-23,0.0156157393375516,0.0175759840418417,0.0186976930194108,0.0222190159608578,0.0243965902940517
"4608",2014-04-24,0.0157405100403204,0.0174076048004186,0.018704113779668,0.0220520285753576,0.0241679019835693
"4609",2014-04-25,0.0174899016260919,0.0187742245134266,0.0199167671393406,0.0229140641143483,0.0248517388730213
"4610",2014-04-28,0.0164284162829604,0.0178904554850082,0.0190904600435272,0.022158711998383,0.024151791268299
"4611",2014-04-29,0.015714345522019,0.0172436886944054,0.0185746789654388,0.0217461528033735,0.0237942671553411
"4612",2014-04-30,0.0151075231413868,0.0168619665265489,0.0182630415752758,0.0214413561108749,0.0234295294467896
"4613",2014-05-01,0.014711661601496,0.0165557364431443,0.0179411244701627,0.0214803717922146,0.0234737628803119
"4614",2014-05-02,0.0140011546942224,0.0162018223483896,0.0179758733181712,0.0218209826780375,0.0237995573304791
"4615",2014-05-05,0.0144669009271202,0.0161926696069931,0.0181015618242624,0.0218856337036253,0.0238266305201775
"4616",2014-05-06,0.016521528477577,0.0179319254569125,0.0193259925924525,0.0226813196177714,0.0244536681272028
"4617",2014-05-07,0.0155884078731647,0.0168985966709026,0.018359685122025,0.0218662607036348,0.0238104395597189
"4618",2014-05-08,0.0159442860932101,0.0171043278597222,0.0183369033056175,0.0217826821805154,0.0237084437513012
"4619",2014-05-09,0.014196615633128,0.0160475472319586,0.0175174352492934,0.0212037313666582,0.0232084825755725
"4620",2014-05-12,0.0135792441604074,0.0150462028765911,0.0165883864123254,0.0202861570660304,0.0223504587130621
"4621",2014-05-13,0.0137745188972159,0.0155132892004714,0.0171328403152684,0.020662028535405,0.0226336463178729
"4622",2014-05-14,0.0140895156732157,0.0158324954080228,0.0176215219726947,0.0212482107210189,0.023139588034634
"4623",2014-05-15,0.0162042079557478,0.0172318765971414,0.0187999432866144,0.0221243415809616,0.0239104740485188
"4624",2014-05-16,0.0142366521037063,0.0156379246907945,0.0173145481487982,0.0210827226324594,0.0230141742744941
"4625",2014-05-19,0.0140586246503916,0.0153526559434747,0.0170202865903734,0.0206611328015095,0.0226840985577597
"4626",2014-05-20,0.0150484491013063,0.0160056457430736,0.0176110813976631,0.0207377965908894,0.0228325331369096
"4627",2014-05-21,0.0133476327012779,0.014575167874262,0.0163456116494564,0.019819611311811,0.0220000136035513
"4628",2014-05-22,0.0134862274555738,0.0145744893794377,0.0165478118139756,0.0200728303916144,0.0221443322965902
"4629",2014-05-23,0.0122116712828877,0.0138234967397506,0.0161354162239191,0.0199887797659032,0.0221281722013272
"4630",2014-05-27,0.0122101193113571,0.0136819355102603,0.0161596040197029,0.0200216790798361,0.0221631827415134
"4631",2014-05-28,0.0124655983623368,0.0140510102404768,0.0165083946189154,0.0204685406116425,0.0227474034282377
"4632",2014-05-29,0.011997533303968,0.0138695405626515,0.0162014300293184,0.02055739487686,0.0229868002027717
"4633",2014-05-30,0.0113344034904508,0.0135382677125259,0.016097488085443,0.0207205811597441,0.0232308452110002
"4634",2014-06-02,0.0119744225617145,0.0140777522216049,0.016651858333303,0.0210549176396255,0.023654566426863
"4635",2014-06-03,0.0123749061937766,0.0142733875905779,0.0166411656752097,0.0209292871823834,0.0235666074491459
"4636",2014-06-04,0.0129429152147757,0.0145318274552723,0.0166391277990004,0.0205646285449283,0.0231922527305664
"4637",2014-06-05,0.0121868081294111,0.0138861890191876,0.0156830518672467,0.0198746788667161,0.0226723807408563
"4638",2014-06-06,0.0104148005939154,0.012392120353019,0.0143085639522412,0.0187082464780207,0.0216680075184978
"4639",2014-06-09,0.0108921438230742,0.012876379058923,0.0148198478028308,0.0190135202983372,0.0219071227793203
"4640",2014-06-10,0.0106033094256864,0.012632381775928,0.0147329517266223,0.0189423026655274,0.0218288152097784
"4641",2014-06-11,0.0117714284022924,0.0135227276900064,0.0153906185267577,0.0193886761066763,0.0223312734496937
"4642",2014-06-12,0.013864326829846,0.0154188182300465,0.01683813643785,0.0205657638086662,0.0233992865936497
"4643",2014-06-13,0.0130549308565545,0.0147360605686768,0.0162850960048659,0.0202255269375719,0.0232536294518443
"4644",2014-06-16,0.0141979631735546,0.0153023052501076,0.0166406304008424,0.0204423882043098,0.0234983286504869
"4645",2014-06-17,0.0133732088717685,0.0143445904632054,0.0157789986718136,0.019905424059019,0.0232234630607937
"4646",2014-06-18,0.0105152744022741,0.0120295946415468,0.013870746800385,0.0184965489131563,0.0220936687223673
"4647",2014-06-19,0.00999398452886962,0.0115752189178984,0.013431836642803,0.0181797949069032,0.0218994255642601
"4648",2014-06-20,0.0101917872637352,0.0117088242068776,0.0135250389410925,0.0181581372576906,0.0217799959248466
"4649",2014-06-23,0.0104916437862916,0.0119607683882257,0.0138524016266334,0.0183944780373021,0.0223722502625358
"4650",2014-06-24,0.0129557844211401,0.0136645253648916,0.0150448058464465,0.0192879376428946,0.0231807493363679
"4651",2014-06-25,0.0116467978463166,0.0127201340795094,0.0143578508542151,0.0184876773980648,0.0227534759521366
"4652",2014-06-26,0.0117543583727672,0.0127676499024781,0.0142716117141238,0.0184214384318131,0.0226495095919399
"4653",2014-06-27,0.0112696009461337,0.012323222296046,0.0138356780165252,0.0181140914584086,0.0223682772506537
"4654",2014-06-30,0.0117654806677397,0.0126838015748609,0.0141116878249379,0.0182844084923148,0.0226440512118976
"4655",2014-07-01,0.0105442572659891,0.0119635608218451,0.0134405441804587,0.0177955278358295,0.0223474917858018
"4656",2014-07-02,0.0100290242804329,0.0114598409518075,0.0129426734934019,0.0172363632913321,0.0217851112353937
"4657",2014-07-03,0.00909021856050858,0.0108805499207761,0.0124170373009629,0.0167925878908572,0.0213686739174385
"4658",2014-07-07,0.011063073644061,0.0124480075739724,0.0138392665021286,0.0176223370376527,0.0220968754580719
"4659",2014-07-08,0.012935629351107,0.0138540022617816,0.0150215773774251,0.0185742996470808,0.0228533080576391
"4660",2014-07-09,0.0116608311574783,0.0129043449531313,0.0141361077333134,0.0178536712974574,0.0222075717528167
"4661",2014-07-10,0.013880377771304,0.0145721753327865,0.0155998512398364,0.0189596911744342,0.0229103643636781
"4662",2014-07-11,0.0127324655094885,0.013830892201029,0.0147917435142323,0.0183491023090723,0.0225258971902277
"4663",2014-07-14,0.0119159656803684,0.0130315413161515,0.0139790625504166,0.0176574957980621,0.0220186488644554
"4664",2014-07-15,0.0125858119297327,0.0135698337484465,0.0144416116040339,0.0180294801889033,0.0222619492663676
"4665",2014-07-16,0.0110549212744057,0.0124165643516489,0.0134931287196876,0.0172961365142342,0.0217176565249196
"4666",2014-07-17,0.0191649830796846,0.0181079861666915,0.0182634549729159,0.0204539377419968,0.0240368121860639
"4667",2014-07-18,0.012689157383081,0.0137838708858744,0.0146831882054431,0.0179713289936441,0.0221694697354899
"4668",2014-07-21,0.0137434800362042,0.014842260596415,0.015776553798701,0.0185221654136132,0.022607470993103
"4669",2014-07-22,0.0122993514636853,0.0137841640331014,0.0149283428467421,0.0179593715781029,0.0223535464056914
"4670",2014-07-23,0.0119964147539184,0.0138999866950362,0.0152807020975508,0.0183686282696376,0.0228335928419009
"4671",2014-07-24,0.0120721820565208,0.0138109141869035,0.0155211659850109,0.0188141241100998,0.0232932407686131
"4672",2014-07-25,0.0134157655530612,0.0149098490116088,0.0164586804348646,0.0195297828755763,0.0237958719513948
"4673",2014-07-28,0.0134826406392671,0.0148236283932338,0.0164930690014434,0.019496648474687,0.0237064882169988
"4674",2014-07-29,0.0148564527452627,0.0157122141416501,0.0172392634050566,0.0200780815090073,0.0241632142147535
"4675",2014-07-30,0.0151726667486309,0.0160049088942704,0.0174319721410672,0.0200759217879063,0.0240571565594
"4676",2014-07-31,0.0245820309486809,0.0230856494609239,0.0231782171238492,0.0242737431107121,0.0271723097873772
"4677",2014-08-01,0.024660234670771,0.0239297292893262,0.0240900756053743,0.0251170976129037,0.0279443643517968
"4678",2014-08-04,0.0189315647778748,0.0197355200679614,0.0209138329328266,0.023061232750159,0.0267379138736484
"4679",2014-08-05,0.0240834333889697,0.0238178202479463,0.0244311761285812,0.0258092612503261,0.0288871314629966
"4680",2014-08-06,0.023198749010765,0.0234083382833552,0.0243356995095652,0.0261114528051283,0.0293183362225544
"4681",2014-08-07,0.0246802586137144,0.0246929384609513,0.0254132609338685,0.027077482382937,0.0300907669771442
"4682",2014-08-08,0.0211258182804511,0.0219927406535541,0.0231732993059847,0.0252645628805444,0.028450957635183
"4683",2014-08-11,0.0187336683023904,0.0198024175497621,0.0212656640863652,0.0237753348905523,0.0273429411211379
"4684",2014-08-12,0.0185299265872113,0.0195090885951509,0.0211355579497578,0.0238586263538285,0.0275467931173999
"4685",2014-08-13,0.0154467925773224,0.0167732049774212,0.0187708232732445,0.0220716564706135,0.0263107443451942
"4686",2014-08-14,0.0142303058612983,0.0157260289464196,0.0173129623791868,0.0208844320048782,0.0253373400821682
"4687",2014-08-15,0.0156977967822346,0.0163856547782248,0.0176313956596412,0.02107969593645,0.0254505146393145
"4688",2014-08-18,0.0129486061808903,0.0144719416680835,0.0158801595013817,0.0195647833819546,0.0241783157866889
"4689",2014-08-19,0.0127440244445206,0.0141882577666586,0.0157749181602896,0.0189086972704448,0.0239211008616014
"4690",2014-08-20,0.0122913255499803,0.0141545649762183,0.0158303752904729,0.0189699883903082,0.0238837911588644
"4691",2014-08-21,0.0120612454020608,0.01380829533246,0.0156409218119442,0.0187894614036233,0.023528608241514
"4692",2014-08-22,0.0119770593328993,0.013765999695924,0.0156963605698596,0.0189218159547634,0.0236872864256078
"4693",2014-08-25,0.0117934988386849,0.0137846790335369,0.0156082533061722,0.0187393694753067,0.0234798968305386
"4694",2014-08-26,0.0119290206759893,0.0139489806430892,0.0158553199053016,0.0190768850762441,0.023832575825556
"4695",2014-08-27,0.012025603368046,0.0143429626642284,0.0162638960815255,0.0194654273819958,0.0241405169761626
"4696",2014-08-28,0.0125972770955603,0.0149043698495783,0.0167926379338106,0.02013223919327,0.0247421269098191
"4697",2014-08-29,0.0122973349077843,0.0149146614805998,0.0168507294884019,0.0202108549755427,0.0248717249112467
"4698",2014-09-02,0.0127013986266455,0.0154395408452503,0.0174047669814021,0.0205904396578687,0.0250404499874361
"4699",2014-09-03,0.0128603481552407,0.015487134181348,0.0174596998071423,0.020664339958533,0.0250059521117819
"4700",2014-09-04,0.0136507361800179,0.0159761436980024,0.0175386709678352,0.0207945344761821,0.0251791835781345
"4701",2014-09-05,0.0117797842113107,0.0143532871853837,0.0161493581456995,0.0196814730187364,0.0243028114905564
"4702",2014-09-08,0.0133688072129228,0.0152289118735972,0.0169781248277705,0.020321387816255,0.0248846338412513
"4703",2014-09-09,0.015646511980934,0.0170340259458567,0.0182275778693637,0.0212868487117818,0.0255633385409294
"4704",2014-09-10,0.0148047142942203,0.0163073682862569,0.017635638277112,0.0208299882115071,0.0252274739220492
"4705",2014-09-11,0.0144624316356968,0.0161456771758425,0.0172098119300053,0.020778481357276,0.0251932081389321
"4706",2014-09-12,0.0163556422374007,0.0174723694845685,0.0183465149682427,0.0216262377744849,0.0257908397665045
"4707",2014-09-15,0.0182301226100224,0.0186599163026469,0.019482952943718,0.0223349578484534,0.0260759254143954
"4708",2014-09-16,0.0153489238929971,0.0163496351388096,0.0175803958505098,0.0209684696211085,0.0251924327947004
"4709",2014-09-17,0.0140782719141724,0.0153125287578173,0.016706254995526,0.0203590527768267,0.0247837504971533
"4710",2014-09-18,0.0127958361264728,0.0143869961143359,0.0159815125137055,0.0198612840319396,0.0244225831814896
"4711",2014-09-19,0.0128317759331359,0.0146173801328184,0.0163257358144137,0.0199713717814967,0.0245458715576806
"4712",2014-09-22,0.0161627327845111,0.0171201855775748,0.0186181567019732,0.0218702832532902,0.0258327018057843
"4713",2014-09-23,0.0187955469324206,0.0190503413752926,0.0201242699934547,0.0228798239071163,0.0265192628267897
"4714",2014-09-24,0.0156868478829819,0.0168192189169327,0.0183890649482144,0.0216092521790924,0.025607364744284
"4715",2014-09-25,0.0225601184973361,0.0219363526627351,0.0223814939736672,0.0246971537940214,0.02768511670524
"4716",2014-09-26,0.0191577274646583,0.0195184642867276,0.0203755186502992,0.0233208272415598,0.0268467621667917
"4717",2014-09-29,0.0214937385861675,0.0217621811818686,0.0225260205664652,0.0250009934505384,0.0281004634445764
"4718",2014-09-30,0.0229991601749971,0.022795720193884,0.0233330550260505,0.0256443494136675,0.0284775406745257
"4719",2014-10-01,0.0252480488893371,0.0250720819633552,0.025664856762896,0.0276690053402567,0.0299168371451028
"4720",2014-10-02,0.0229411638276345,0.0235356981947288,0.0242640228964331,0.0269722201166528,0.0296428906074416
"4721",2014-10-03,0.019287381877577,0.0200195929828519,0.021009192531614,0.0245467796452231,0.0279203104600889
"4722",2014-10-06,0.0207237778205869,0.0211740039188297,0.0219991131186746,0.0251223467235435,0.0281462153048348
"4723",2014-10-07,0.0266684370750019,0.0257818407478185,0.0260434486563056,0.028047986176935,0.0301575796229143
"4724",2014-10-08,0.020235795460314,0.0207659646503196,0.0216456748031315,0.0248813261120304,0.0281099399217079
"4725",2014-10-09,0.031171777531269,0.0282107664592442,0.0279531647855501,0.0294967570219734,0.0313432941710431
"4726",2014-10-10,0.0384506725716803,0.0339536678861763,0.0328961476870933,0.0330186581043324,0.0338808048831355
"4727",2014-10-13,0.049618972736731,0.04230097585681,0.0402657317770258,0.0382333051905603,0.0376549034390436
"4728",2014-10-14,0.0465670157394869,0.0404530681211396,0.038990252480237,0.0376358655043884,0.0369123948139418
"4729",2014-10-15,0.0506781736283075,0.0426858449559839,0.0411431400742705,0.0398987551304403,0.0383071986336421
"4730",2014-10-16,0.0508472789231492,0.0427009872320391,0.0412656363415428,0.0400454712231855,0.0383392709485874
"4731",2014-10-17,0.0395533573682524,0.0358235994657195,0.0353842062247818,0.0358449911308694,0.0352324126492954
"4732",2014-10-20,0.0307129849050258,0.0309928183589394,0.0313489495133669,0.0332794285382165,0.033810860203313
"4733",2014-10-21,0.0236428939765575,0.0253728399372578,0.0263734543871571,0.0293360462170504,0.030902595465336
"4734",2014-10-22,0.0297400078558955,0.0301854385431504,0.0305827042183157,0.0322266663400923,0.0329726166559836
"4735",2014-10-23,0.0246663996228993,0.0262941030800619,0.0270643879180318,0.0297663410297029,0.0311623581776033
"4736",2014-10-24,0.0237966923366674,0.0257818592406064,0.02655447369981,0.0291275352738423,0.0307116268277421
"4737",2014-10-27,0.0238449400120706,0.0256303444357631,0.026517435360371,0.0291394616799281,0.0305924300723517
"4738",2014-10-28,0.0191709142698805,0.0214907668315181,0.0227816035319492,0.0263567834954255,0.028676547941474
"4739",2014-10-29,0.0198440410615603,0.0219196530935102,0.0233479323105742,0.0268656133573505,0.029203247436251
"4740",2014-10-30,0.0195303622222374,0.0217405444398372,0.0229150816117733,0.026663560189423,0.0288952729729193
"4741",2014-10-31,0.0183507908309836,0.0205651412458664,0.021862684893182,0.0257254219190533,0.0283507574009057
"4742",2014-11-03,0.0198762076132062,0.0217808176473861,0.0230753181498031,0.0263461268317314,0.0286802506193479
"4743",2014-11-04,0.0201053220501877,0.0218679367785517,0.0234478329933059,0.0269924273827179,0.0294320678958302
"4744",2014-11-05,0.0186484160175644,0.0207361603851643,0.0225357917381804,0.0263855979267281,0.02906096007964
"4745",2014-11-06,0.0174900272822544,0.0196345418312271,0.021117892336006,0.0254602341375226,0.0282548558368537
"4746",2014-11-07,0.0157166672488335,0.018238984025183,0.0199017693621924,0.0246544471523858,0.0276487786629665
"4747",2014-11-10,0.0147965608082733,0.0169543906467073,0.0187094670183963,0.0234536304266847,0.0266668548079928
"4748",2014-11-11,0.0154158678489162,0.0172719577545078,0.0189932838915354,0.0235061847599504,0.0266498993508902
"4749",2014-11-12,0.0159025931814952,0.0178594416976482,0.0196818473565801,0.0241001099678662,0.0269938950760053
"4750",2014-11-13,0.0164837460634938,0.018377739332951,0.019874168675971,0.0244514832326225,0.0273472354095904
"4751",2014-11-14,0.0161973083675528,0.0183589291155998,0.0199074355700881,0.0245935213951076,0.027435025530234
"4752",2014-11-17,0.016867588638056,0.0187209473718785,0.0201111362142631,0.0246763497351439,0.0273630995268592
"4753",2014-11-18,0.0164567790520022,0.0183555452348612,0.0197281302883808,0.0243913910222504,0.0271458698656499
"4754",2014-11-19,0.0170839379620264,0.0189222913608423,0.0203282796133213,0.0249541451657451,0.0275631601534683
"4755",2014-11-20,0.0160954055047746,0.0184057393829049,0.019943558839083,0.0249044791167164,0.0275569266219888
"4756",2014-11-21,0.0144746396601813,0.01743174043831,0.0191609745930717,0.0245944348568769,0.0274522390771504
"4757",2014-11-24,0.0140431045144616,0.0170064302322406,0.0187343821484224,0.0240584243532202,0.0269524026892737
"4758",2014-11-25,0.0139188210650492,0.0171483885220169,0.0188846664605875,0.0243629947643158,0.0272723380287138
"4759",2014-11-26,0.0135634220604258,0.0171047686225552,0.0185265105646033,0.0242037141646753,0.0272222317704948
"4760",2014-11-28,0.0164601973027907,0.0192622903829939,0.0203820305333692,0.0253992303540035,0.0279651300422225
"4761",2014-12-01,0.0184992690544941,0.0213546895353542,0.0223919856136736,0.0262873727394794,0.028425988523693
"4762",2014-12-02,0.015640056718072,0.0189231566285558,0.0202996028680649,0.0249896511815635,0.0276369819412344
"4763",2014-12-03,0.0145200473838195,0.0179519238576299,0.0193700730803779,0.0242580863877811,0.0269369130898611
"4764",2014-12-04,0.0145671947686542,0.018121557545738,0.0194428856759702,0.0243384478984857,0.0270723893291405
"4765",2014-12-05,0.013353181855799,0.0174515974040533,0.0188899048302121,0.0239624237432539,0.026916578594819
"4766",2014-12-08,0.0180319715153071,0.0208180710231303,0.021956880922916,0.0262275743143998,0.0285627208707438
"4767",2014-12-09,0.0192252362628354,0.0213641422339116,0.0224563585619912,0.0266575247535085,0.0290093282606104
"4768",2014-12-10,0.0301926332890201,0.0294006674921884,0.0298736124483811,0.0314849079342464,0.0326955687703497
"4769",2014-12-11,0.0319774672042685,0.0316496063407585,0.0316259493386079,0.0331927537940801,0.0336197739218226
"4770",2014-12-12,0.0397620550618238,0.0380350341220368,0.0376155613341408,0.0380748647871316,0.037445114755706
"4771",2014-12-15,0.0355692378107874,0.0355983742097006,0.0358670378945674,0.0374785750086748,0.0370905813122011
"4772",2014-12-16,0.046645090232324,0.0432585553546102,0.042414128296478,0.0417344874428801,0.0400426903708318
"4773",2014-12-17,0.0327941500447988,0.0328065327640073,0.0330503671912094,0.0351877332994143,0.0350390459257718
"4774",2014-12-18,0.0244950392497767,0.0262617333717711,0.0271735772480496,0.0303815883763087,0.0317073123177447
"4775",2014-12-19,0.0233518780232381,0.0252506658073503,0.0260867447428344,0.0294984548924567,0.0311784600290677
"4776",2014-12-22,0.020792541433295,0.0230374807385655,0.0243737209555205,0.0281380108010842,0.030023047368037
"4777",2014-12-23,0.0198706656573612,0.0225359827647839,0.0243428000326294,0.0279797595108874,0.0302022992749059
"4778",2014-12-24,0.0191349817856019,0.0221478847537227,0.0236284622296554,0.0276681042832199,0.0300175868657177
"4779",2014-12-26,0.0197095909075752,0.0221498021453201,0.0236684586128755,0.0273997552062917,0.0296375283279685
"4780",2014-12-29,0.0204028962821649,0.0221850988167753,0.0236852460205142,0.0271266221358944,0.0294035076091977
"4781",2014-12-30,0.0222633187858178,0.0238945601653177,0.025272823053369,0.02836053423595,0.0302179877339276
"4782",2014-12-31,0.0309520386713176,0.0302821239346913,0.0308219367723134,0.0323446664997879,0.0326931841735879
"4783",2015-01-02,0.0262384087130803,0.0276914359765978,0.0286101629491064,0.0309038125582433,0.0318288600123378
"4784",2015-01-05,0.0344779685875993,0.03365527909977,0.0340700618033738,0.0348308720276698,0.0346076652710022
"4785",2015-01-06,0.0379581823290654,0.0361495885082947,0.036201072886339,0.0362208765593333,0.0356873578276679
"4786",2015-01-07,0.0321715702567041,0.0317866128951099,0.0323088207110667,0.0335159116391925,0.033918262165451
"4787",2015-01-08,0.0254140046048947,0.0265959088961177,0.027197416753556,0.029665076593432,0.031236987515902
"4788",2015-01-09,0.0272769893559713,0.0285454129642541,0.0290399666514726,0.0310399528910299,0.0320946633998987
"4789",2015-01-12,0.0328406507082674,0.0327665284892628,0.0329175586677727,0.0336338742437777,0.0336338911471905
"4790",2015-01-13,0.0355020501082907,0.0345293906651971,0.0345161489071314,0.0347015521993528,0.0342375121419217
"4791",2015-01-14,0.0396456625420592,0.0368738977652456,0.0365799514912583,0.0358788494992543,0.0350231919190427
"4792",2015-01-15,0.0439180990336651,0.039315732594549,0.0385162128548732,0.0370783231983771,0.0356431877354432
"4793",2015-01-16,0.0377443588462707,0.0348334136441123,0.0346546129418708,0.0349848448499758,0.0344911069976432
"4794",2015-01-20,0.0357278134446669,0.0342632866355216,0.0341241247589704,0.0341258109842664,0.0333794671359259
"4795",2015-01-21,0.0313160311094896,0.030677245175727,0.0311600855271025,0.0324814304317714,0.0324223110635378
"4796",2015-01-22,0.0236643577968249,0.0250458848743878,0.0257538180723807,0.0287375754706474,0.0298003884743132
"4797",2015-01-23,0.0244515724807669,0.0262295956842971,0.0270091695568654,0.0294505630593004,0.0303027032803589
"4798",2015-01-26,0.0219205034394968,0.0242452496231124,0.0254000697414925,0.0285919944694972,0.0297363356943875
"4799",2015-01-27,0.0283646570853812,0.0288828288263519,0.029656212651433,0.0314296529379412,0.0315662787238356
"4800",2015-01-28,0.0350857039010754,0.0343218101011255,0.0346837672766945,0.034880563650341,0.0340447768259332
"4801",2015-01-29,0.0310102768809105,0.0312614464059611,0.0316767061664073,0.0327015884626215,0.0325897412746253
"4802",2015-01-30,0.0411502532636788,0.0391494384982604,0.038530499298677,0.0371724562053584,0.0356094178249904
"4803",2015-02-02,0.0326954455894225,0.0332497789609275,0.033628089845713,0.0340319119169456,0.0334550670907458
"4804",2015-02-03,0.0257593072399103,0.0278472416759017,0.0289331928391968,0.0308551821706556,0.0309977235564681
"4805",2015-02-04,0.0280725878188254,0.0300099944084849,0.0309493276425398,0.0322206226425713,0.0319687654748316
"4806",2015-02-05,0.0250978755451812,0.0274865846393246,0.0287100769647279,0.0309299250532833,0.0310460565859823
"4807",2015-02-06,0.0290925842313964,0.0312363848715559,0.0322319925069981,0.0336266647658256,0.0330027571573855
"4808",2015-02-09,0.030337712353656,0.0319021640226983,0.0329576287938077,0.0345504561849829,0.0341020007065988
"4809",2015-02-10,0.0258447142450305,0.0281018866484024,0.0295054944609667,0.0320897201537659,0.0322119585668198
"4810",2015-02-11,0.0264301610626438,0.0286535838319383,0.0299566370797712,0.0321311414444723,0.0319193639254762
"4811",2015-02-12,0.021320578524935,0.0243801772232795,0.0257947305294117,0.0290642155077344,0.0296295137058504
"4812",2015-02-13,0.0201731075636231,0.0236637774779491,0.025127108024564,0.0283737135764208,0.0290420229203165
"4813",2015-02-17,0.0221076374857224,0.024560904080063,0.025651478351899,0.0286748459824357,0.0292940256247774
"4814",2015-02-18,0.0213529562872573,0.0243285501722631,0.0254878660067514,0.0287636456910578,0.0294180309114665
"4815",2015-02-19,0.0206895935231945,0.0238526244560971,0.0252430491497485,0.0286970256367145,0.0296611853222643
"4816",2015-02-20,0.0187230476747174,0.021783195265597,0.0232068611141453,0.0270757261752287,0.0284571666467109
"4817",2015-02-23,0.0187363786199752,0.0218003596528215,0.0231252215860086,0.0267816317764723,0.0282276829791541
"4818",2015-02-24,0.0166432794368381,0.0198672291096296,0.0210998853632802,0.0251880863461788,0.0267983969149745
"4819",2015-02-25,0.0167111301939789,0.0200508777419461,0.0212665614607383,0.0252217657806548,0.0266954851542676
"4820",2015-02-26,0.0171762621257517,0.0205724085579841,0.0217138927634529,0.0253953424417901,0.0266652802235885
"4821",2015-02-27,0.0167497858362644,0.0206583999062491,0.0218363819124062,0.0256625203228903,0.0269507571638555
"4822",2015-03-02,0.0148018546493838,0.0188123312308116,0.0200648621068408,0.0239476764825148,0.0256101588729879
"4823",2015-03-03,0.0168533430588548,0.0203165971667273,0.0213940695234292,0.0248833382856084,0.0264118881528828
"4824",2015-03-04,0.0178064628718706,0.0207867916648121,0.0218968750284228,0.0253637485642366,0.0268207471306306
"4825",2015-03-05,0.0173708136817739,0.0203991827877069,0.0213747054388891,0.0247757012112211,0.0263179917744392
"4826",2015-03-06,0.0216206061752948,0.0237162527911513,0.0244210537851061,0.0269338913414766,0.0279597281933572
"4827",2015-03-09,0.0203102078921064,0.0225615576534428,0.0234289931932499,0.0262887660395443,0.0274592995638305
"4828",2015-03-10,0.0247107840360713,0.0259265074520945,0.0264484103741931,0.0286724463169369,0.0293369583999004
"4829",2015-03-11,0.0263498615871356,0.0275477443815429,0.0280538207961752,0.0300076392761965,0.0302358184703048
"4830",2015-03-12,0.0217632446521672,0.0236950348981638,0.0245838142020709,0.0273899006375936,0.0284023143691446
"4831",2015-03-13,0.0234999114699475,0.0252711399296243,0.0259973902042804,0.0284164125512864,0.0291381292528751
"4832",2015-03-16,0.0224049401973527,0.0236448158498327,0.0242913180791694,0.026732091123503,0.0276606252417309
"4833",2015-03-17,0.0234391986604507,0.024457074093639,0.0251003667436104,0.0275634437447557,0.0284167939379073
"4834",2015-03-18,0.0183967472993059,0.0206943820792304,0.0218061656824273,0.0253130780408014,0.0266911260281305
"4835",2015-03-19,0.0186452794944339,0.0213329748491496,0.0225197927705627,0.0263950161488389,0.0278392790767285
"4836",2015-03-20,0.0161111655021283,0.0195372497414846,0.0209692541599069,0.0252048470972624,0.0268715876117229
"4837",2015-03-23,0.0164371701761551,0.0195494108907567,0.0209633782391586,0.0253021076884185,0.0273719334301248
"4838",2015-03-24,0.0175846454860686,0.0206440267658151,0.0219597303896736,0.0261096102117679,0.0280803865576938
"4839",2015-03-25,0.0223499828674351,0.024197002927376,0.0253115237414845,0.0284629880534993,0.0299122917570737
"4840",2015-03-26,0.0229607505708231,0.0247408918781259,0.025724670499105,0.0283399855234445,0.0299527516515037
"4841",2015-03-27,0.0214104319452881,0.0236041781244286,0.024745330106851,0.0276962246186071,0.0296443814884163
"4842",2015-03-30,0.0188314289614865,0.0216183314731623,0.0228532707178557,0.0261744440135476,0.028414329080788
"4843",2015-03-31,0.0216762024733501,0.0241747016301384,0.0252814268290091,0.0282893311874693,0.0300043763395355
"4844",2015-04-01,0.0217628450760344,0.0241355740121769,0.0253737979826727,0.0287089964033752,0.0305142638518014
"4845",2015-04-02,0.0196496944310345,0.0227754100545724,0.0240275715658143,0.0275902843575645,0.0296401689610478
"4846",2015-04-06,0.0199423538570602,0.0222674512029685,0.023390282816935,0.0269605140885714,0.0292647081140803
"4847",2015-04-07,0.0199510756329061,0.0223174694893719,0.023426725387892,0.0269748145133747,0.0293058013141607
"4848",2015-04-08,0.0183869273119719,0.0211842769842724,0.0223322510768561,0.0262794607677847,0.02882671679609
"4849",2015-04-09,0.0163340837159641,0.0193098413201669,0.020652167488508,0.0249188973144532,0.0278950857281752
"4850",2015-04-10,0.0150003032251206,0.0181230581937955,0.0194321087457205,0.0238657999389865,0.0268897048184654
"4851",2015-04-13,0.0188775492489295,0.0208579970295498,0.0218397441915594,0.0255005963998652,0.0281334167928965
"4852",2015-04-14,0.017871091003363,0.0199232786852378,0.0209974408659376,0.0250915088377776,0.0279042910595343
"4853",2015-04-15,0.0157709178103971,0.0184102603349566,0.0195964092526751,0.0241875540008924,0.0273406502794395
"4854",2015-04-16,0.0157020710626148,0.0182032730544975,0.0193293826509203,0.0242098585490824,0.0275335281563787
"4855",2015-04-17,0.0184453270020278,0.0206055115500624,0.0216215613618606,0.0261195314824561,0.0291918997438855
"4856",2015-04-20,0.0157827030270169,0.0183378544766723,0.0196546389260025,0.0243373771266546,0.0280922762533321
"4857",2015-04-21,0.0160712562008651,0.0185242119714111,0.0199488078898817,0.0244193671527861,0.0282462983723087
"4858",2015-04-22,0.0146986977803459,0.0175296725280355,0.0189934076924623,0.023658998275776,0.0276805824154432
"4859",2015-04-23,0.0144860335755529,0.0174576208065056,0.0189130349569867,0.023660255338224,0.027817965737611
"4860",2015-04-24,0.0139435407433396,0.0173409496096049,0.0189119170160008,0.0237544262546069,0.0278676234789219
"4861",2015-04-27,0.0163531110762596,0.0193092470471757,0.0206323167815002,0.0248943268363302,0.0285700754790724
"4862",2015-04-28,0.0149261400818056,0.0179902909005228,0.0194134212457748,0.0240786451382345,0.0279930314161263
"4863",2015-04-29,0.0162382823655421,0.0189541890512884,0.0202604254755328,0.024648549869864,0.0283626677215651
"4864",2015-04-30,0.0200890621636499,0.0218708391669079,0.0229485520133169,0.0264480099243685,0.029746578778951
"4865",2015-05-01,0.0151281120215846,0.0181662499951601,0.0195976095635269,0.0238770804877883,0.0278585941740882
"4866",2015-05-04,0.0154254930337983,0.018382859222567,0.0197880987327725,0.0240209279286409,0.0278784959100306
"4867",2015-05-05,0.0190690831896322,0.0212757528116886,0.0224598747944553,0.0261407285061635,0.0293606378299039
"4868",2015-05-06,0.0208629275048311,0.0225386988942843,0.0234688212515779,0.0268644699788202,0.0298771637687386
"4869",2015-05-07,0.021215186097301,0.0226202028302964,0.0234976987367655,0.0266602177855498,0.0297766285564664
"4870",2015-05-08,0.0152803412655883,0.0183124591904772,0.0198413686685585,0.0239651086900211,0.0276223564957659
"4871",2015-05-11,0.0174629296372196,0.0200168904170558,0.0212049945525785,0.0250960918524319,0.028548616421786
"4872",2015-05-12,0.0182367717679235,0.0204904065044593,0.0216425333963289,0.0255453405630929,0.0287274600956462
"4873",2015-05-13,0.0178088218229113,0.019887887277549,0.0211592430741541,0.0253533142533166,0.0286023007976829
"4874",2015-05-14,0.015382929216462,0.0179597109967567,0.0194681989196512,0.0237046187417839,0.0274925499771043
"4875",2015-05-15,0.014509392239066,0.0174198832831539,0.0190037229615795,0.0234821376698071,0.027440854243587
"4876",2015-05-18,0.0150344842550891,0.017362106499649,0.0186688462367046,0.0230629889819046,0.027065843936862
"4877",2015-05-19,0.0152281734680539,0.0173363339314481,0.0185555955027366,0.0228333164262877,0.0265119982086425
"4878",2015-05-20,0.0152828716721367,0.0173848944564324,0.0185397610330514,0.0226233764810659,0.0261920621510878
"4879",2015-05-21,0.0140323612097121,0.0162540270806949,0.0175332286648278,0.0216868205100093,0.0255227710298356
"4880",2015-05-22,0.0141545816980073,0.0164667424123753,0.0177159075889931,0.0219156913497859,0.0255968969782508
"4881",2015-05-26,0.01833357650549,0.019605642517733,0.0204014498526684,0.0239745327518315,0.0271372756098676
"4882",2015-05-27,0.015777792369704,0.0175222724647044,0.0184423111482156,0.0224037150757427,0.0259273559820244
"4883",2015-05-28,0.0164082114127013,0.0180941639284145,0.0190094140748483,0.022724772184015,0.0262442208758194
"4884",2015-05-29,0.0177966809926136,0.0191016754325941,0.0199013872778798,0.023520272498224,0.026921434449728
"4885",2015-06-01,0.017738373434921,0.0190563025808587,0.0198540770877214,0.0233155517489553,0.0268896300509458
"4886",2015-06-02,0.0181980105260338,0.0197525393731914,0.0204604753104425,0.0236973462665739,0.0271534053247317
"4887",2015-06-03,0.0170785281538379,0.018972944530394,0.0197753994443393,0.0233594544469226,0.0271419432961118
"4888",2015-06-04,0.0205456403161656,0.0215953323677701,0.0222523947275321,0.0251942250670262,0.0286278569986475
"4889",2015-06-05,0.0188224195137146,0.0206401179248077,0.0214711867019813,0.024836393358551,0.0286056469571769
"4890",2015-06-08,0.0215400157549832,0.0227067028100459,0.0231998251668527,0.0260834606144475,0.0294916564963215
"4891",2015-06-09,0.0201272756457019,0.0217350978379231,0.0223829899308862,0.0255528297659988,0.029067447370231
"4892",2015-06-10,0.0172582167483741,0.019084482517043,0.0198470380429853,0.0235678472673889,0.0273211377670297
"4893",2015-06-11,0.0158736881175965,0.0180469454095605,0.0190703393149039,0.0227316439040479,0.0266575613099265
"4894",2015-06-12,0.0181127553452511,0.019626511604775,0.020422687995803,0.0237080698794531,0.0273699426344813
"4895",2015-06-15,0.0220987180707788,0.0223345106612945,0.0227548665919244,0.0253839120456419,0.0285792462819782
"4896",2015-06-16,0.0209992707167282,0.0215229241879418,0.0220530798985182,0.024971185890179,0.0284358026390287
"4897",2015-06-17,0.0196413987722325,0.020613551927404,0.0212892134277417,0.0245533185360653,0.0281285648359503
"4898",2015-06-18,0.0167733536640724,0.0184709398990874,0.0194960081471864,0.0232119928110907,0.0272101149053379
"4899",2015-06-19,0.0179358232313259,0.019577144486261,0.0205550489300478,0.0239918155778617,0.027747081141152
"4900",2015-06-22,0.0151665662361688,0.0173748723869019,0.0185410989002741,0.0223266677233048,0.0263410462166941
"4901",2015-06-23,0.0139869300232566,0.0162590961407067,0.0175961627646732,0.0215720776666651,0.0257846818718626
"4902",2015-06-24,0.0162931447960222,0.0178024073109358,0.0189132882071535,0.0224820326406505,0.0264394717958653
"4903",2015-06-25,0.0181349147995116,0.0189584586340032,0.0199156590080044,0.0228852096483326,0.0266541580875905
"4904",2015-06-26,0.0185953689625418,0.0191560528670829,0.0200399419254719,0.0228848064945681,0.026630696278944
"4905",2015-06-29,0.0324910144334712,0.0296454433378867,0.029150093959145,0.0289472923883026,0.0305190934425789
"4906",2015-06-30,0.0293702154990469,0.0280128825093923,0.0277781492172033,0.0278781541176982,0.0294731405239296
"4907",2015-07-01,0.0236709985881271,0.0236558605081229,0.0239967316238161,0.0254217066367037,0.0276960476900874
"4908",2015-07-02,0.0261195224773,0.0257888260948034,0.0258452028818304,0.0265142921844274,0.0283338777320951
"4909",2015-07-06,0.0272977203175368,0.027321040614127,0.0274611678261126,0.0277871757717266,0.0292045310647334
"4910",2015-07-07,0.0235779099737363,0.0244235254980428,0.0248885011567077,0.0258059619363778,0.0276372992828029
"4911",2015-07-08,0.0337632614053408,0.0318644132193366,0.0312973902036398,0.03001823630301,0.0302778487590169
"4912",2015-07-09,0.0337732881410888,0.0320328351381865,0.0314023603445655,0.030294909194006,0.0304708904427502
"4913",2015-07-10,0.0254477595572731,0.025955927517155,0.0262978739458809,0.0268884437645468,0.0281403543297105
"4914",2015-07-13,0.0181087134249733,0.0197669623346829,0.0207545765030981,0.0229931236577432,0.0256750392489288
"4915",2015-07-14,0.0165195202674319,0.0188466269514312,0.0199800829646392,0.0225474200998712,0.0254589575495498
"4916",2015-07-15,0.0171055853982229,0.0190466287913565,0.0201730144456906,0.0229259597168822,0.0258948256830488
"4917",2015-07-16,0.0137610150459752,0.0162952444136353,0.0176290152656051,0.0211318826859374,0.0247673493299677
"4918",2015-07-17,0.0133413291986085,0.0159710526818759,0.0172239583161629,0.0206593160676021,0.0245751956481267
"4919",2015-07-20,0.0141212603189562,0.016440337255846,0.0175697735349201,0.0207893431581737,0.0247094616581282
"4920",2015-07-21,0.0143023637225657,0.0166582625299415,0.0178054574127709,0.0211825646679011,0.0249628928358151
"4921",2015-07-22,0.0135235957895414,0.0161941526921082,0.0174887969179051,0.021064457547561,0.0248957292832529
"4922",2015-07-23,0.0154557933488311,0.017709059814864,0.0190869141628972,0.0220088026751897,0.025742886514192
"4923",2015-07-24,0.0183662834001927,0.0199743142208007,0.0210711199513673,0.0234974059773985,0.0267844626608905
"4924",2015-07-27,0.0227141265575025,0.0234780107640983,0.0240403931838868,0.0256288133604482,0.028133001086304
"4925",2015-07-28,0.0162203350290532,0.0184501659721025,0.0196821097381869,0.0224705917704614,0.0260511003806338
"4926",2015-07-29,0.0139102305850251,0.0169377758856908,0.0184029214228416,0.0214880985884461,0.0252630006931124
"4927",2015-07-30,0.0135054716148358,0.0168252506365016,0.0184639291698221,0.0213548845285514,0.0251715596916262
"4928",2015-07-31,0.013676345287624,0.0172576994892348,0.0188591833859962,0.0216941941036903,0.025406313188675
"4929",2015-08-03,0.0140990799285024,0.0172524204404487,0.018729673697671,0.0217198079565464,0.025351609309974
"4930",2015-08-04,0.0144244920888603,0.017519438457828,0.0189398769106809,0.0218999476875403,0.0254088892903352
"4931",2015-08-05,0.0138491132095334,0.0172268958004283,0.0187075572962539,0.0216922285188139,0.0250594075913198
"4932",2015-08-06,0.0172144074494819,0.0196641175954542,0.0208332694675325,0.0230259305528371,0.0260883808161773
"4933",2015-08-07,0.0172151012838223,0.0197477492936839,0.0209322875500505,0.0231036733913319,0.0259945839926411
"4934",2015-08-10,0.014285459867997,0.0174311429181736,0.018877595623952,0.02157900064039,0.0252121252839613
"4935",2015-08-11,0.0182342727239276,0.0204299820356335,0.0215152103358809,0.0237788037055503,0.0268656532959529
"4936",2015-08-12,0.0184662537318772,0.0206249706296898,0.0216481685677295,0.0238201931213749,0.0266891139401916
"4937",2015-08-13,0.017981515392438,0.0202091330863876,0.0213626419198405,0.0235027821378625,0.0268655765446402
"4938",2015-08-14,0.0166940466170331,0.0193512321828854,0.0206708610455314,0.0230058955465315,0.0264124296695711
"4939",2015-08-17,0.0161822616045998,0.0184694918223322,0.0196304676240649,0.0222926835092614,0.0260358454159536
"4940",2015-08-18,0.017424510315074,0.0194797249877451,0.0205756895666003,0.023080405239755,0.026481877779945
"4941",2015-08-19,0.0202838009400825,0.0215175590416171,0.0222102015659515,0.0242801966233809,0.0271934570118793
"4942",2015-08-20,0.0312242204414196,0.0293879246991444,0.0287584929128944,0.029137327216209,0.0298439451290856
"4943",2015-08-21,0.0611946781167616,0.0482902153806793,0.0432566256555862,0.0384793918339626,0.0350391201300437
"4944",2015-08-24,0.117258258120059,0.0822375699494719,0.0697944201713802,0.0543834080574651,0.0412573534185222
"4945",2015-08-25,0.106170305767854,0.0801453406584781,0.0697777803541658,0.0569979997606437,0.0452839723923181
"4946",2015-08-26,0.069690243482675,0.0560639171871074,0.050758705442611,0.0443351702068042,0.0379263934433266
"4947",2015-08-27,0.0569034698298514,0.0492851259600575,0.0456215251987229,0.0409558070934804,0.0361442645608692
"4948",2015-08-28,0.059074640973828,0.0526725345921057,0.0489349469788728,0.0446043334584664,0.0390986434667348
"4949",2015-08-31,0.0628388416856157,0.0557990487371735,0.0519103183726857,0.0469808260839777,0.0407527067656027
"4950",2015-09-01,0.0833629120384392,0.0722209963291157,0.0660651969373954,0.0576590926490356,0.0470367176344772
"4951",2015-09-02,0.0565730834558549,0.0541754310770961,0.0514754009803415,0.0480343242761661,0.042673682607134
"4952",2015-09-03,0.0537815104507631,0.0526777093525464,0.0505695631209455,0.047922236423148,0.0428862697384274
"4953",2015-09-04,0.063960569708622,0.0606055787967171,0.0572536987846069,0.0529863895967183,0.0458143355956362
"4954",2015-09-08,0.0507267138231989,0.0495636141885378,0.0480463128087221,0.046232908813969,0.0420800938697681
"4955",2015-09-09,0.0588475971377934,0.054079487910905,0.051733773482541,0.0485591756406083,0.0435601594865305
"4956",2015-09-10,0.0524931713154043,0.0497306993032258,0.048126283424839,0.0460987868344506,0.0426037890194289
"4957",2015-09-11,0.0478705241788867,0.0465513350323115,0.0454551847996689,0.0441995267108234,0.0418975799512098
"4958",2015-09-14,0.0497419864246421,0.0474148453048912,0.0462939113548669,0.0452018221886649,0.0427899318440453
"4959",2015-09-15,0.0439583158919,0.0412249512132023,0.0402955571389836,0.0400687029285891,0.0393898060722634
"4960",2015-09-16,0.0395499510768476,0.0366381849929384,0.0359319977118066,0.0364048323733349,0.0369802609262441
"4961",2015-09-17,0.0388813371371219,0.0362402997486146,0.0353518448574621,0.0354375270611527,0.0362266815092075
"4962",2015-09-18,0.0456605866775958,0.043000245265758,0.0418685754555428,0.0410394820907376,0.0395501126889641
"4963",2015-09-21,0.0373440837781683,0.0367311897817286,0.0367522325053051,0.0376988371773487,0.0376152852818978
"4964",2015-09-22,0.0441583432651172,0.0419144737917764,0.040982431418835,0.0407332264961716,0.0396056935431974
"4965",2015-09-23,0.0414392566317695,0.0393943632857424,0.0391317449865948,0.0394455607495638,0.0388141517888
"4966",2015-09-24,0.0450563509509388,0.0421490695232449,0.0416195774331464,0.0411653342058584,0.0396844383907397
"4967",2015-09-25,0.0453654859621607,0.0429015071704488,0.0424550295706787,0.0419683145762896,0.0403069629265974
"4968",2015-09-28,0.0622762641076341,0.0543345314729375,0.0520704913782773,0.048761536358969,0.0446745347292184
"4969",2015-09-29,0.0580065659701946,0.0518338832852823,0.0501159411036582,0.0473656242280587,0.0439341540603981
"4970",2015-09-30,0.048549649139175,0.0447473947270057,0.0440342929263147,0.0431580695002695,0.0417308954035716
"4971",2015-10-01,0.0446118063839752,0.0426133253616904,0.0423770890436994,0.0422151155418417,0.0414252233956993
"4972",2015-10-02,0.0386982783407519,0.0381946280984681,0.038371312934929,0.0391682261877141,0.0394799285429864
"4973",2015-10-05,0.0330414751369081,0.0331653261503081,0.0337586406161214,0.035612219509269,0.0368431247182946
"4974",2015-10-06,0.0330459862142755,0.0334274327971484,0.0341142307768997,0.0360391947897512,0.0373497689235036
"4975",2015-10-07,0.0301112654136741,0.0311003847158395,0.0320351573359162,0.0345115999238881,0.0363467519226521
"4976",2015-10-08,0.0274252160268793,0.0285247558985663,0.029552207871355,0.0326093875812231,0.0350587300352081
"4977",2015-10-09,0.0255900422329564,0.0275956369061078,0.028893024201665,0.0321627914536804,0.0346411877429448
"4978",2015-10-12,0.0236596227637549,0.0254557455641859,0.0267347399590395,0.0305280372812516,0.0336423222705021
"4979",2015-10-13,0.0270920949147062,0.0286514777601445,0.0296999273183571,0.0328825756284738,0.0352296055276927
"4980",2015-10-14,0.0281737697217476,0.029724738332406,0.030834271361434,0.0341483349944001,0.0362611475018135
"4981",2015-10-15,0.0232800560713416,0.0254082352994367,0.0266982679151334,0.030780029989634,0.0338214832337494
"4982",2015-10-16,0.0206976825905604,0.023717151417063,0.0252432537497377,0.0297935734595752,0.0329497228359438
"4983",2015-10-19,0.0194450326842594,0.0219413111542124,0.0233361925444271,0.0279616050343626,0.0316600107335368
"4984",2015-10-20,0.0209516692381282,0.0233935943824508,0.0246309229886712,0.0289330637726806,0.0321633526322607
"4985",2015-10-21,0.0239593790984657,0.0263485301725215,0.0273832777211302,0.0309365051483028,0.0332369023342436
"4986",2015-10-22,0.0196740410354483,0.0222878197918128,0.0235814865481617,0.0274730679867341,0.0307214669048933
"4987",2015-10-23,0.0183865612133236,0.0214614545129416,0.0227933491728551,0.0266913972984768,0.0299248063677983
"4988",2015-10-26,0.0208652595067496,0.0237116007379039,0.0247126786737472,0.0284311143064094,0.030936524512151
"4989",2015-10-27,0.0216007943731464,0.0240803584550311,0.0250874838260002,0.0288455937840517,0.0313206397452541
"4990",2015-10-28,0.0183636997818253,0.0215936745220791,0.0228308031991632,0.0272240150460016,0.0301560957085832
"4991",2015-10-29,0.0191930677966048,0.0223895954427263,0.0235459908780279,0.0276639524125292,0.0303586628877875
"4992",2015-10-30,0.0201599945441325,0.0234669968322906,0.0244892660991703,0.0283867458122828,0.0307242935238048
"4993",2015-11-02,0.0169434156821313,0.0204882552681888,0.0216824216985223,0.0260282017272521,0.0290621760746445
"4994",2015-11-03,0.018053423822218,0.0214093669919296,0.0224737109262618,0.0265199412990925,0.029297976858887
"4995",2015-11-04,0.0202483969757499,0.0233905914681295,0.0243327129448154,0.0280534239197985,0.0303951618267375
"4996",2015-11-05,0.019669419902025,0.0229501882771611,0.0240660463165818,0.0278446932940589,0.0303259745789452
"4997",2015-11-06,0.0176555080638253,0.0214469200357045,0.0228646603273123,0.02700186204859,0.0297334007530719
"4998",2015-11-09,0.0233234273215917,0.0253236990145061,0.0261695041463608,0.0293185943542331,0.0310941083714762
"4999",2015-11-10,0.0213089698729657,0.0237865395190183,0.0249095857843202,0.0285388614887222,0.0304807201073018
"5000",2015-11-11,0.0226702893411517,0.024889013554402,0.0258624105545284,0.029267185452214,0.0309771938114117
"5001",2015-11-12,0.0290389719788045,0.0302465147734407,0.0308089641607264,0.0330320261334972,0.0335731384224945
"5002",2015-11-13,0.0349999348226506,0.0350266725342078,0.0351815817718676,0.0364293052143035,0.0358935834883688
"5003",2015-11-16,0.0280339250373806,0.0290224422837081,0.029643161473195,0.0324033207832492,0.0332520782882841
"5004",2015-11-17,0.0307116212333317,0.0311482295252473,0.031457538580494,0.0335218218596894,0.0338027438603245
"5005",2015-11-18,0.0244363866679831,0.0263252446806426,0.0271344042560979,0.0304409980378575,0.0316857381966279
"5006",2015-11-19,0.0252877622258071,0.027629515513057,0.028684493762922,0.0318904914550976,0.0330426844994236
"5007",2015-11-20,0.022147912696797,0.0252856513557189,0.0266664754508313,0.03070815883989,0.0323841526601326
"5008",2015-11-23,0.0215173262285849,0.0246985589087115,0.026041250385975,0.0303139526347967,0.0320443449780255
"5009",2015-11-24,0.0214908189491283,0.0246663332632893,0.0260384429806624,0.0305453434624577,0.0324172250980723
"5010",2015-11-25,0.0203501918400789,0.0238994903730739,0.0253098562264795,0.0300601043167624,0.0323515119257825
"5011",2015-11-27,0.0213143075994541,0.0245687113232426,0.0257246306426739,0.0301780158571179,0.0322683301805825
"5012",2015-11-30,0.023895836636826,0.02614956685337,0.0269554122031644,0.0310810153732021,0.0329126535951244
"5013",2015-12-01,0.0196310520391702,0.0226820079431679,0.023803435251373,0.0284396087847297,0.0309059395975215
"5014",2015-12-02,0.0238096153918713,0.0261091602164409,0.0268422436831432,0.030548109859932,0.0323142523548023
"5015",2015-12-03,0.0304214104096024,0.0312168233800637,0.0312849339759415,0.033626710558708,0.0338816097901092
"5016",2015-12-04,0.0202929681194213,0.0238595249616371,0.0248477586660298,0.0291596783621615,0.0313545678883444
"5017",2015-12-07,0.0237053092333951,0.0261270856735384,0.0267622743248074,0.0306112427960875,0.0321843693250617
"5018",2015-12-08,0.0270387340973046,0.0288018950358289,0.0291320946035472,0.0322635421445265,0.0334291375445825
"5019",2015-12-09,0.0324340012513516,0.03213732310806,0.031932488399919,0.0340767816241812,0.0346566810002075
"5020",2015-12-10,0.0322736966808758,0.0320300547529716,0.0318066349775424,0.0342234173588883,0.0348434514321748
"5021",2015-12-11,0.0489735493883252,0.0438398249999803,0.0423126836797545,0.041549783259435,0.0397128230686404
"5022",2015-12-14,0.0411984402162943,0.0379818283546854,0.0372921777826549,0.0379320523112781,0.0375593907191017
"5023",2015-12-15,0.0367913737214041,0.0348420330961586,0.0345412008617522,0.0358883194035691,0.0358931594530183
"5024",2015-12-16,0.0280190656317029,0.0283538399124966,0.0286587773805816,0.031540415665855,0.0327278259053775
"5025",2015-12-17,0.0305789745042747,0.0311439189840139,0.0314460324637733,0.0339465795062389,0.0345542714693788
"5026",2015-12-18,0.0363743352074655,0.0365283623089138,0.0365843690947259,0.0380075583650849,0.0375113333900171
"5027",2015-12-21,0.0316971193280721,0.0329593894048397,0.0335305677495359,0.0356877329819504,0.0358476609747904
"5028",2015-12-22,0.0263790831231931,0.02875829273098,0.0297214286142279,0.0328345528385022,0.0337980282702445
"5029",2015-12-23,0.0225103759065059,0.0259168030018972,0.027076130751967,0.03073188072229,0.0318814076222249
"5030",2015-12-24,0.0232311755454082,0.0266650807694724,0.0278974710680543,0.0311378544373842,0.0322127249086793
"5031",2015-12-28,0.0257386128584874,0.0277280184164204,0.028683742538874,0.031316683829827,0.0322217795761178
"5032",2015-12-29,0.0232402701381237,0.0255597131965731,0.0266330136276662,0.0297405262037693,0.0310425534842633
"5033",2015-12-30,0.0257345142753092,0.027489354971527,0.0284280647933847,0.0311117439061522,0.0319631669432323
"5034",2015-12-31,0.0288188932648103,0.0297625671271258,0.0304861111839427,0.032545506723815,0.0330112177408539
"5035",2016-01-04,0.0369169876906991,0.0357574922236143,0.0359625157510225,0.0366415334434881,0.0359319528294605
"5036",2016-01-05,0.0328567783413381,0.0326925624316716,0.033296225322542,0.0346679511037657,0.0345576713680272
"5037",2016-01-06,0.0366543608851191,0.0358914452138027,0.0362318097122736,0.036706142447827,0.0360455064587933
"5038",2016-01-07,0.0505191845654822,0.0455833311853197,0.0445618304809147,0.042313665415138,0.0395889268119184
"5039",2016-01-08,0.0568944926688349,0.0508607139201872,0.0494308821929112,0.0458591206871954,0.0419891499230157
"5040",2016-01-11,0.0465150555042788,0.0437575802698104,0.0435171880044544,0.042337043539094,0.0399982568241131
"5041",2016-01-12,0.0406698438610398,0.0391076710156229,0.0393290923256216,0.0395919952709045,0.0383623880463782
"5042",2016-01-13,0.0516536528435434,0.0480631096821171,0.0476378229457033,0.0460381939866588,0.0426272665011063
"5043",2016-01-14,0.0473039186396625,0.0440881144698662,0.0437049478484791,0.042562555500187,0.0400981564390901
"5044",2016-01-15,0.0593168687935815,0.0534117781989945,0.0522032235217869,0.0487371647485576,0.0442317558769628
"5045",2016-01-19,0.0549979818991417,0.0511704794480525,0.0503041842624763,0.047357969109851,0.0432906744935799
"5046",2016-01-20,0.0622802824582048,0.0562560510693668,0.0545777913630082,0.0503431640305281,0.04564399570792
"5047",2016-01-21,0.0590652207569766,0.0544615430230359,0.0531867581753536,0.0496022878888238,0.0454067099493082
"5048",2016-01-22,0.0422571151658866,0.0427801974325398,0.0430647000936401,0.0430108886854813,0.0411936181870836
"5049",2016-01-25,0.0495776348851138,0.0488719680013423,0.0485238879465849,0.0462747789091705,0.0431448745240748
"5050",2016-01-26,0.0433617490363721,0.0437529093138662,0.043853457435281,0.0429848007264819,0.0410540723535899
"5051",2016-01-27,0.0468512789270775,0.0471512066692706,0.0470494929649119,0.0450876762955513,0.0422082946931289
"5052",2016-01-28,0.0420697700170404,0.043280732505138,0.0435813404772039,0.0426316549202292,0.0404879894821769
"5053",2016-01-29,0.0349257648436387,0.0374034430288343,0.038284888591367,0.0386318302914961,0.0375538786973821
"5054",2016-02-01,0.0349179971559047,0.0374652621563667,0.0384511939954446,0.0387829470994352,0.0375450105862064
"5055",2016-02-02,0.0423603739753865,0.0438771501677884,0.0443207820640831,0.0428719064479842,0.0402933701102688
"5056",2016-02-03,0.0414980586505506,0.0431228865107067,0.0437283072223457,0.0424789793671751,0.0401504495126521
"5057",2016-02-04,0.0418049691697671,0.0435554474335401,0.0441544330840996,0.0433495487044494,0.0411012916383691
"5058",2016-02-05,0.048658065683436,0.0494419333843927,0.0494607573474647,0.0471726857142445,0.0439237312845045
"5059",2016-02-08,0.0595616017112154,0.0569717928608841,0.055950959984073,0.0518103556980107,0.0472436683248583
"5060",2016-02-09,0.0615186145458567,0.0581838777699117,0.0569432871149755,0.0527183233881959,0.0479553389121311
"5061",2016-02-10,0.0605914294495009,0.057696418807607,0.0566422112543633,0.0525617362829041,0.0479548372116399
"5062",2016-02-11,0.0690703928432933,0.0639134118604272,0.062197800597366,0.0570764574437661,0.0514889656159565
"5063",2016-02-12,0.0564176891293038,0.0556158226391307,0.0555740205867561,0.0532992620651556,0.0494082446429737
"5064",2016-02-16,0.0499463774900077,0.0497236984059174,0.0500653178979514,0.0489114882811098,0.0462293139246046
"5065",2016-02-17,0.0436383939194766,0.0442346546545244,0.0449012459204745,0.0447515023600522,0.0429110282907637
"5066",2016-02-18,0.041599923422067,0.0428280964257748,0.0436879880003084,0.0438383795709908,0.0421913299477376
"5067",2016-02-19,0.0380415294338713,0.0403630751351295,0.0415290273240385,0.042355727023855,0.0411261388424648
"5068",2016-02-22,0.0330760407586296,0.0358028169387185,0.0371194872523835,0.0390207190807401,0.0387107316487865
"5069",2016-02-23,0.0390473571568634,0.0404737037721908,0.0411876425086673,0.0420581146683082,0.0409091206075465
"5070",2016-02-24,0.0392167743087839,0.0403101341117121,0.0408035560425844,0.0416102942075686,0.0405311943610855
"5071",2016-02-25,0.0337395133409148,0.0361087954950031,0.0368692534381462,0.038717086515316,0.0384851963726835
"5072",2016-02-26,0.0349076008040342,0.0372776210886377,0.0378142136730318,0.0391716740302553,0.0386778854044988
"5073",2016-02-29,0.0381212606257113,0.0399632150727105,0.0401878491306705,0.0404946505557456,0.0397151177571903
"5074",2016-03-01,0.0287910792212887,0.0321189053016109,0.0330416674397323,0.0352988353398969,0.0358486676425489
"5075",2016-03-02,0.0258655643491295,0.0299188266731662,0.0311163509337933,0.0339335785078652,0.0347292437575809
"5076",2016-03-03,0.0252286548770434,0.0289820879539813,0.0299543392430006,0.0326804732555434,0.0335867824921296
"5077",2016-03-04,0.0254178535834697,0.0291380949007836,0.0301789318256639,0.0329545131740679,0.0336717955483215
"5078",2016-03-07,0.0269439596828956,0.0300089394728115,0.0309165818630445,0.0333130454465839,0.0338568639149444
"5079",2016-03-08,0.0317880369447804,0.0341128995471161,0.0346087869545167,0.0363195582197737,0.0360102555217425
"5080",2016-03-09,0.0308585554213732,0.0332368686435069,0.0338314580899838,0.0359170698238138,0.035925482781794
"5081",2016-03-10,0.029737540143703,0.03237036334467,0.0328786378734647,0.0355877736157204,0.0358121141591609
"5082",2016-03-11,0.0247202963850537,0.0280652224017917,0.0289871711567277,0.0324655506171646,0.0335543787238837
"5083",2016-03-14,0.0256290601090575,0.0276582242696589,0.028410849620071,0.031915008680677,0.0331692612298882
"5084",2016-03-15,0.0261645206325156,0.0281352921322904,0.0289429918972494,0.0324106486871597,0.0334357394957158
"5085",2016-03-16,0.0214714125473589,0.0249630600213534,0.0261624926836983,0.0301588976407614,0.0315644246866746
"5086",2016-03-17,0.0197850876916799,0.0233430919154978,0.0245992959234981,0.028790411135418,0.030274390821741
"5087",2016-03-18,0.0184307003600919,0.0223554320429285,0.0238337395957779,0.0285611734803987,0.0302417989034904
"5088",2016-03-21,0.0181128950671732,0.0217873004839209,0.0234313071244392,0.0284038452533696,0.0303025585095539
"5089",2016-03-22,0.0190291314666103,0.0221700056560428,0.0238385186114648,0.0282029521209294,0.0302748006804484
"5090",2016-03-23,0.0210138597168882,0.0241116368824849,0.0256728310052815,0.0296288030820427,0.0310430203254057
"5091",2016-03-24,0.0207597984246841,0.0240687688345281,0.025944404036969,0.0297939680269716,0.0312378477684014
"5092",2016-03-28,0.0214433255236107,0.0242708218982679,0.0262142042322935,0.0298145852748575,0.0311145850390358
"5093",2016-03-29,0.0175111277064283,0.0208876775943941,0.0231624825233459,0.0274786833518152,0.0296117813058947
"5094",2016-03-30,0.0165047858960632,0.0196127862334606,0.0218395609668095,0.0262940255462822,0.0286353741369844
"5095",2016-03-31,0.0178809586832199,0.0206235750268839,0.0225683720194674,0.0269683849827176,0.0291563754353377
"5096",2016-04-01,0.0157537668565545,0.0187645411746645,0.0208848623992724,0.0256766854879386,0.02823697238764
"5097",2016-04-04,0.0182554755687224,0.0208253622291189,0.0228970315592347,0.0270442687803531,0.0291797943608522
"5098",2016-04-05,0.0219765613227819,0.0244933392546042,0.0264904820985506,0.0298277130114239,0.0312964338076064
"5099",2016-04-06,0.0180657200773427,0.0209242641779868,0.0231997981009907,0.0274854445015998,0.0297129594332505
"5100",2016-04-07,0.0239777304936118,0.0262371754237794,0.02821141604686,0.0311935058306843,0.0326186259848287
"5101",2016-04-08,0.0214970745718492,0.0241769657094246,0.0264358368057523,0.0299772429081081,0.0317792891258921
"5102",2016-04-11,0.0233927962708913,0.0255601765790893,0.0276957815352636,0.0308546293854076,0.0323761683521708
"5103",2016-04-12,0.0202976544212164,0.0232172447536064,0.0255997813100995,0.0289735399769116,0.0308286741273363
"5104",2016-04-13,0.0173205921236129,0.0204924703481872,0.0230519191549345,0.0272182033616922,0.0295365983718718
"5105",2016-04-14,0.0173224724981598,0.0206053604557197,0.0232022691370822,0.0273235660504915,0.0296528639782692
"5106",2016-04-15,0.0173860758920241,0.0204608663761088,0.0230002124170123,0.0270998106969781,0.0295267429700792
"5107",2016-04-18,0.0163589179277094,0.0190365973400846,0.0214218338480597,0.0253287810021938,0.0282118472150126
"5108",2016-04-19,0.0160654435114253,0.0189918394452691,0.0213031966209536,0.0251401647207501,0.0280280538139474
"5109",2016-04-20,0.0161818288313235,0.0193655211502236,0.021710035461909,0.0256452205635129,0.0284789620890719
"5110",2016-04-21,0.0174165923079141,0.0209016347441674,0.0229005312904648,0.0267374613830367,0.0295441578260896
"5111",2016-04-22,0.0161238942822333,0.0198776977702002,0.0220139729565338,0.0261851373960133,0.0292967964704053
"5112",2016-04-25,0.0180098546710284,0.0215784692541064,0.0235153632439054,0.0273278393451829,0.0301288718824226
"5113",2016-04-26,0.017585559291905,0.0210102063356309,0.0229137193114923,0.026793986438312,0.0296520043071701
"5114",2016-04-27,0.017047537789764,0.0205197366784426,0.022410727339096,0.0263345883406988,0.0292814146420483
"5115",2016-04-28,0.0207778717168124,0.0236297524132368,0.0252497850037153,0.0284218419662316,0.0306867313881452
"5116",2016-04-29,0.0222258113290881,0.0251606138943455,0.0268769608233606,0.0298268332238902,0.0317359099419527
"5117",2016-05-02,0.01869604461605,0.0224169237499007,0.0245273079743036,0.0282116808656409,0.0304201532320914
"5118",2016-05-03,0.021395425595711,0.0252155077510182,0.0269711589225002,0.0301298176344533,0.0319147945232645
"5119",2016-05-04,0.0232591459257728,0.0265965492114235,0.0284547756600113,0.0313716071317153,0.0328376002856865
"5120",2016-05-05,0.0226236605813781,0.0266276764762332,0.0284492587477195,0.0315390884709556,0.0330871009174417
"5121",2016-05-06,0.020043852374592,0.02451415310272,0.0265875737521881,0.030283451828975,0.0322778670829296
"5122",2016-05-09,0.0199014712301304,0.0238913649998279,0.025960666943669,0.0296927796258497,0.0317153738420238
"5123",2016-05-10,0.0170449839923807,0.0212393225882765,0.0233137807587796,0.0275471512623544,0.0300677246859765
"5124",2016-05-11,0.0199278365366294,0.0239459894855556,0.0257468170812238,0.0291774196564824,0.0312463131607767
"5125",2016-05-12,0.0195460687551371,0.0234299696629713,0.0252149423271525,0.0288618600942123,0.0309499196566462
"5126",2016-05-13,0.0216710749810168,0.0253145449788201,0.0270123936355539,0.0301734291224702,0.0317858100074173
"5127",2016-05-16,0.0206671856561248,0.0233057478228768,0.0251733304456842,0.0286827826970083,0.0306501641424885
"5128",2016-05-17,0.0234077236345044,0.0260236685230088,0.0275961137743387,0.0305115113923229,0.0320189296268172
"5129",2016-05-18,0.0238537501812412,0.0261120525024491,0.0275493067770588,0.0304447271772964,0.0319020966411903
"5130",2016-05-19,0.0253118496545059,0.0271211120160862,0.0285950132822279,0.0314544755376601,0.0328087749557138
"5131",2016-05-20,0.0218048989467194,0.024186941559637,0.0262752839213071,0.0301992618379925,0.0320605234986502
"5132",2016-05-23,0.0227999140810848,0.0243777933073611,0.0264336429964383,0.0302529792974108,0.032083608092371
"5133",2016-05-24,0.0186761305714574,0.0207448297822017,0.0232743008238397,0.0275842735873845,0.030063225311758
"5134",2016-05-25,0.017049022268946,0.01946880606799,0.0221874822189044,0.0266086183794619,0.0291884884306117
"5135",2016-05-26,0.0165173286027404,0.0191391815332143,0.021948678956186,0.0264648055511271,0.0290890334959469
"5136",2016-05-27,0.0151557652932598,0.0179336281179334,0.0209881074731565,0.0256848756104644,0.0284904184867676
"5137",2016-05-31,0.0172831618640259,0.0193398441319779,0.0221470720265933,0.0265982907747166,0.0291249786318072
"5138",2016-06-01,0.0172045661682697,0.019213029602327,0.0220256728885198,0.026294118395248,0.0290044823258617
"5139",2016-06-02,0.016045185268527,0.0183111831397467,0.0211014064814401,0.0257404178250545,0.0287090327575214
"5140",2016-06-03,0.0156798200841945,0.0183954102593651,0.0213237261363171,0.0259711942570584,0.0289687419014254
"5141",2016-06-06,0.016398024763734,0.0186014933274791,0.0211847282168778,0.0259009082131662,0.0289671744343721
"5142",2016-06-07,0.0166823305183682,0.0189000081704003,0.0213472214860373,0.026109540624971,0.0294865381251256
"5143",2016-06-08,0.0169825564391176,0.0193584313104873,0.0215995426613617,0.0261025962142162,0.0294947741910815
"5144",2016-06-09,0.0184376071386962,0.0206358453136826,0.0227575021416311,0.027330412276179,0.0305402165961645
"5145",2016-06-10,0.0246782763432548,0.0255282282992867,0.0273031746939537,0.0306857999152892,0.0329967021619785
"5146",2016-06-13,0.0360408468800803,0.0344480704641614,0.03533425696554,0.0365490972385119,0.0372755890795474
"5147",2016-06-14,0.0345286121084946,0.0337788386400657,0.034679740773167,0.0359583476498924,0.0367304663132132
"5148",2016-06-15,0.0334261266799005,0.0327790670523358,0.0335615455583825,0.0347105685476662,0.0356361462339809
"5149",2016-06-16,0.030935755279858,0.0308644140337825,0.0318215806952998,0.033368228714051,0.0345548695709492
"5150",2016-06-17,0.0308003752251167,0.0309529983288485,0.0319401916413531,0.0335207626585969,0.0346435838927448
"5151",2016-06-20,0.0279653674409484,0.0277377749759019,0.0286968927532703,0.0305878002241665,0.0324025135999167
"5152",2016-06-21,0.0282886160551377,0.0281552191169992,0.0289118853428409,0.0305423280225529,0.0323956273917504
"5153",2016-06-22,0.0362655344528116,0.0331688042206017,0.0324560373214008,0.032202675839455,0.0331469635616976
"5154",2016-06-23,0.0248391542026231,0.0244794965060528,0.0252943395726859,0.0272808863281225,0.0297309118968614
"5155",2016-06-24,0.0459176264821354,0.0410710367209798,0.0392723976703994,0.0375922267903421,0.0375456208979069
"5156",2016-06-27,0.0436063222923849,0.041288524470467,0.040296104820636,0.0388705424814797,0.0383316075296746
"5157",2016-06-28,0.0290012653049705,0.030037715725647,0.0313264558374099,0.0328717620205113,0.0343517834263939
"5158",2016-06-29,0.0238396702159319,0.0257364991707122,0.0274489007952673,0.0300031434094344,0.0323111043009855
"5159",2016-06-30,0.0206981248690329,0.0232149870782504,0.0250868691429453,0.0286328817807913,0.0314913952671785
"5160",2016-07-01,0.0184663175514378,0.0218152229788184,0.0238535817008362,0.0278850796102539,0.0310827848598218
"5161",2016-07-05,0.0208651877589058,0.0239817220274331,0.0258604261209093,0.029260193343572,0.0319093807574683
"5162",2016-07-06,0.0195398778612575,0.0228206321514638,0.0247554571226633,0.0287053384902758,0.0319314419122396
"5163",2016-07-07,0.0190599417403928,0.0225244343677649,0.0243479794120002,0.0282208999614282,0.0313236445097957
"5164",2016-07-08,0.0148337359577466,0.018683682506966,0.0206336390304726,0.0252050805175306,0.0289663025454219
"5165",2016-07-11,0.0159497255991574,0.0188738936661348,0.0208393578297449,0.0249493858110683,0.0285357053626392
"5166",2016-07-12,0.0153326469061131,0.0180410548069129,0.0200741186935057,0.0241625788147144,0.0277947539072144
"5167",2016-07-13,0.0144941062169262,0.0172836964792224,0.0193554353894007,0.0235447070526421,0.0272816351551627
"5168",2016-07-14,0.0142908702218706,0.0172340837774283,0.0193849410990697,0.0238066436130134,0.0275655990532197
"5169",2016-07-15,0.0136507271426951,0.0167742392737059,0.0192446615207656,0.0237197502141253,0.0274600512880931
"5170",2016-07-18,0.0140533840253477,0.0167769580203431,0.0194151842942528,0.0236016334230255,0.0273570113572637
"5171",2016-07-19,0.0133981977548422,0.0166219732849245,0.019582094524341,0.023734179915305,0.0275507916668385
"5172",2016-07-20,0.0127661206985279,0.0161424625402303,0.0191549743997601,0.023333659726017,0.0270912102396107
"5173",2016-07-21,0.0146221614640833,0.0178103663668888,0.0204813562451949,0.0247640818929722,0.0282124892783316
"5174",2016-07-22,0.0129165094579251,0.0166254311789116,0.0196145933197106,0.0241507217408331,0.0276280445334925
"5175",2016-07-25,0.0148701512604479,0.0179949756817434,0.020990566107963,0.0252425256108833,0.0285085710556561
"5176",2016-07-26,0.0146763818718379,0.0179332221283253,0.0209670488994791,0.0252099386251496,0.0285180956107358
"5177",2016-07-27,0.0140214790383722,0.017417023705503,0.0206222231944352,0.025118059710549,0.028776291318539
"5178",2016-07-28,0.0139199878782095,0.0171158077711161,0.0204434208344758,0.0249362189973389,0.0285057193457656
"5179",2016-07-29,0.0123839436192017,0.0157136860254761,0.0192434684568004,0.0239103905553347,0.027627617393952
"5180",2016-08-01,0.0132438823548481,0.0163716971398406,0.0198811543251789,0.0241763284399423,0.0278237557330191
"5181",2016-08-02,0.0152544583005591,0.0182442111431891,0.0216739611280184,0.0256911668818662,0.0290588548495529
"5182",2016-08-03,0.0138140148175596,0.0169999907311978,0.0205490463745897,0.0246750545280366,0.0282561959080487
"5183",2016-08-04,0.013270877081452,0.0165216589789399,0.0199750132930526,0.0240202537647126,0.0275436435022366
"5184",2016-08-05,0.0109732913672677,0.0149079775306558,0.0178974268016139,0.0226714476032902,0.0265065782437213
"5185",2016-08-08,0.0116306026367267,0.0151459722411242,0.0180584259889399,0.0224802287626562,0.0262201034939801
"5186",2016-08-09,0.0115792781093138,0.0152901044592694,0.0179661774633791,0.0221863157758233,0.0259489582616424
"5187",2016-08-10,0.0127752991364188,0.0164567603959777,0.0190298599246618,0.0228603914932712,0.026416682985017
"5188",2016-08-11,0.0120479276088562,0.0160129766715385,0.0184357888604239,0.0226203788267849,0.0263224683756669
"5189",2016-08-12,0.0117106640042271,0.0157404819710981,0.0183420729912647,0.022770460692313,0.0265240376464041
"5190",2016-08-15,0.0125092329384483,0.0158605860021289,0.0186255171093081,0.0229282118255668,0.0267309755522396
"5191",2016-08-16,0.014264575004515,0.0175889112348021,0.0202304034115134,0.0243111805449444,0.0280070441096144
"5192",2016-08-17,0.0131494721883763,0.0163871792249037,0.0192145308602613,0.0236022450604487,0.0275446106115899
"5193",2016-08-18,0.0116516434735774,0.0151200692411443,0.0182781663413912,0.023058318567015,0.0272307761786821
"5194",2016-08-19,0.011531275770863,0.0149935379027783,0.0182377896725955,0.0230277346802919,0.0272581018367822
"5195",2016-08-22,0.0129304220388266,0.0156635097213952,0.0189142458660972,0.0234672441833781,0.0275826110704871
"5196",2016-08-23,0.0130697420635677,0.0155699185226524,0.0189329279414043,0.0232686097788101,0.0273607030158187
"5197",2016-08-24,0.015800496662793,0.0177250852102322,0.0207540667058235,0.0245378061899611,0.028157882083975
"5198",2016-08-25,0.0163537815512425,0.018089198062364,0.0208182918552054,0.0245254242859719,0.0281482474461188
"5199",2016-08-26,0.0162345509240716,0.0181647194746879,0.0209797514013067,0.0246451009959695,0.0282136788573047
"5200",2016-08-29,0.0145946969073072,0.0167679154870661,0.0198783594605934,0.0239550879977026,0.0276036740103193
"5201",2016-08-30,0.01469094269365,0.0168896848835405,0.0199645136059602,0.0241755926122805,0.0278411132517475
"5202",2016-08-31,0.0156912719946827,0.0175097228223133,0.0206934312035696,0.0249335373206896,0.0284530583320697
"5203",2016-09-01,0.0156210026226923,0.0176263663821429,0.0205587191197891,0.0248998555059755,0.028638485405844
"5204",2016-09-02,0.0123442269301477,0.0153779129485484,0.018845063747522,0.0237444864330293,0.0279760629893964
"5205",2016-09-06,0.012379689801903,0.0154439410302403,0.0187230392791293,0.023369072745001,0.0276494840369572
"5206",2016-09-07,0.0122735442824487,0.0152392948461006,0.0184745588213155,0.0231188028187646,0.027507880595352
"5207",2016-09-08,0.0130605606286612,0.0159828193617105,0.0188266511874484,0.0236508558390553,0.0279206370567357
"5208",2016-09-09,0.0255585031821095,0.0254364381076377,0.0271955262104945,0.0296123794540506,0.0320024976698
"5209",2016-09-12,0.0197979733339898,0.0208316399288223,0.0230067672072532,0.0265111099686183,0.0303303673381886
"5210",2016-09-13,0.0283690612842812,0.0278678410500023,0.0289612772621792,0.0304600671603524,0.0325972471938925
"5211",2016-09-14,0.027238638708452,0.0276047375719503,0.0289350806539879,0.0307163937551446,0.032775489886936
"5212",2016-09-15,0.0224645458963497,0.0240729918077302,0.0258311370832181,0.0282748093519636,0.0311925862863837
"5213",2016-09-16,0.0211973130160109,0.0234393255457105,0.0253332215192564,0.028083661660053,0.0310800275892522
"5214",2016-09-19,0.0217008963096228,0.0236925406814905,0.0252845279664332,0.0278750957402282,0.0307642050196437
"5215",2016-09-20,0.0223454106654984,0.0243307753365156,0.0257164297508205,0.0281514957275991,0.030894471724706
"5216",2016-09-21,0.0161097978078482,0.0196639137502401,0.0218358000896244,0.025293038004704,0.0289056134456624
"5217",2016-09-22,0.0132646752147026,0.0175369343959096,0.0196663656629041,0.0238461780304533,0.0279579085708272
"5218",2016-09-23,0.0140258600079784,0.0182181002068556,0.0202237925907772,0.0242357624269446,0.0282205907771403
"5219",2016-09-26,0.019343407054884,0.022555937704599,0.0237655957993071,0.0267385784737933,0.0298550847728096
"5220",2016-09-27,0.015562785231616,0.019486075852775,0.0211678487663582,0.0249815472237225,0.0286693715548344
"5221",2016-09-28,0.0138851564512331,0.0179911882149598,0.0197846615027421,0.0239480535676316,0.0279435231716245
"5222",2016-09-29,0.0189560896894395,0.0219352672984937,0.0229087904933019,0.0262621398052923,0.0294752605342988
"5223",2016-09-30,0.015699925213011,0.0192498167423129,0.0205664078214463,0.0246640056930719,0.0283880427003022
"5224",2016-10-03,0.0169291059319265,0.0197186389418905,0.0209406857393145,0.0247113091713914,0.0282220011140753
"5225",2016-10-04,0.0178215234686445,0.0203707242341749,0.0215927559829995,0.0252462112689814,0.0286438063631649
"5226",2016-10-05,0.016452763576921,0.0193576839705232,0.0207389775375913,0.0246832703365547,0.0282262356605285
"5227",2016-10-06,0.016017313691538,0.0190598786361826,0.020413408107603,0.0243977949035868,0.0279002041734516
"5228",2016-10-07,0.0161867903967331,0.0196247898127605,0.0210294627265417,0.0250482200228055,0.0284080305315428
"5229",2016-10-10,0.0152963342474259,0.0182904399729576,0.0200065488411428,0.0243907574288242,0.0279117825422096
"5230",2016-10-11,0.0202492775656854,0.0221133119745721,0.0233420341757099,0.0268614929178631,0.0295156309005296
"5231",2016-10-12,0.0200256044313851,0.0216597184711716,0.0229528326900964,0.0265850931073543,0.0292960257339211
"5232",2016-10-13,0.022581540464761,0.0237980792278442,0.0247115355638744,0.0279324237404007,0.0301023985725451
"5233",2016-10-14,0.0214078766384453,0.0230012307612269,0.024108913125695,0.0276286406381889,0.0299783447986537
"5234",2016-10-17,0.0229082006188616,0.0238293777695334,0.024814887383116,0.0282266317698725,0.0304091940341883
"5235",2016-10-18,0.0199064917359119,0.02146532077902,0.0227165396030342,0.0268049159588461,0.029474715882947
"5236",2016-10-19,0.0182503481007023,0.0202461175244824,0.0215986070091815,0.0259134896288949,0.0286648363710692
"5237",2016-10-20,0.0169908340298902,0.0194618287867106,0.0210607103267569,0.0256467866010554,0.028480933379586
"5238",2016-10-21,0.0160094115671018,0.0186744481990176,0.0203616800279846,0.0252420818914936,0.0282849248160312
"5239",2016-10-24,0.0152762524713275,0.0178545285016756,0.0195928377500759,0.0243024612035318,0.0276129633938622
"5240",2016-10-25,0.0168469098528224,0.0187505307192679,0.0204227478839593,0.0245805776630419,0.027827042501915
"5241",2016-10-26,0.01875407432813,0.0201255633324999,0.021479453771505,0.0253732659334963,0.0285726816126969
"5242",2016-10-27,0.0205923648504634,0.021653312488237,0.0227017160207408,0.0262801655231267,0.0290898857788475
"5243",2016-10-28,0.0235666373642681,0.0241237130682748,0.0246842677197565,0.0275266983707926,0.0297418745409971
"5244",2016-10-31,0.0257053107341486,0.0257659648268847,0.026009488127782,0.0283564060099949,0.0301091536446495
"5245",2016-11-01,0.029150420635232,0.0284175527377803,0.0281712535826835,0.0296376751527745,0.0311386935002552
"5246",2016-11-02,0.0309507514459882,0.0296574556754448,0.0292259960130933,0.0302445756502335,0.0314231560430853
"5247",2016-11-03,0.0380840754527348,0.0336426158004336,0.0326898537309462,0.0324615316503328,0.0326856451007948
"5248",2016-11-04,0.0412294180855247,0.0352841659319877,0.0340227960977726,0.0333128845343406,0.0331418943070393
"5249",2016-11-07,0.0292593889094885,0.0262044783150829,0.0259695668015257,0.0275418137153098,0.0291294429726032
"5250",2016-11-08,0.0278216991880607,0.0254364695825233,0.0253422411157614,0.0271012714948565,0.0286248116502288
"5251",2016-11-09,0.0186647203753796,0.0201218505008477,0.0212670936605989,0.0243889650501562,0.0266398843129496
"5252",2016-11-10,0.0192672896815785,0.0210584805419431,0.0222674746167312,0.0258601797027464,0.0279753315446468
"5253",2016-11-11,0.0178090828928729,0.0203744601239347,0.0218649034505299,0.0256299982489698,0.0278523430299479
"5254",2016-11-14,0.0178740310927499,0.0202660686470548,0.0221456132681642,0.0263464109993038,0.0286864498329457
"5255",2016-11-15,0.0154482940435417,0.0177222097347697,0.0199083863852506,0.0247106345684505,0.027480873093338
"5256",2016-11-16,0.0159085281515665,0.0180185589290222,0.0202718531119456,0.0250426349074643,0.0277972584168634
"5257",2016-11-17,0.0150335431385847,0.0171489851021463,0.0195596644813285,0.0245661974727233,0.0274539953767068
"5258",2016-11-18,0.0142716130682137,0.0168153987496521,0.0195240934847502,0.0249088767036589,0.0279138434062486
"5259",2016-11-21,0.0128330658228753,0.0151635219261156,0.0186294560207366,0.023682976203218,0.0271971556020975
"5260",2016-11-22,0.0130285060504101,0.0154555721206004,0.0189343532421,0.0239585816134736,0.0274032881012348
"5261",2016-11-23,0.013212875855072,0.0157062005236969,0.0187072290046687,0.0241522802288221,0.0274610553969661
"5262",2016-11-25,0.0129496983364417,0.0155911429612653,0.0188465415568711,0.0243820412112925,0.0275637034109412
"5263",2016-11-28,0.0145513374379886,0.017033476702251,0.0202187455882544,0.0253653144114873,0.0281670288119917
"5264",2016-11-29,0.0139600014200377,0.016789726572046,0.0200722943272293,0.0252146589143355,0.0281888445794063
"5265",2016-11-30,0.0151830447083567,0.0176556449340525,0.0207700873219302,0.025570978923659,0.0283247197475915
"5266",2016-12-01,0.0169844908848786,0.0195094894398143,0.0219091472288889,0.0264995459793595,0.0291639505040658
"5267",2016-12-02,0.0164544312939794,0.0194349968344616,0.0219444920302765,0.0265846872338563,0.0292260307906173
"5268",2016-12-05,0.0127584678692771,0.0164699065159442,0.0196571900195192,0.0249683675840019,0.0281651012596528
"5269",2016-12-06,0.0117660388054505,0.0155290163841307,0.0187777842241054,0.0241877740951105,0.027614839367987
"5270",2016-12-07,0.0126358494564251,0.0157466271625206,0.018714135589398,0.0238974079216294,0.027200040466255
"5271",2016-12-08,0.0135631807721209,0.0165819050471172,0.0192750859231542,0.0247466981718532,0.0279502782201074
"5272",2016-12-09,0.0119396677715135,0.015440040378262,0.0181826976189583,0.0238423555470772,0.0274441932689539
"5273",2016-12-12,0.0138444188833001,0.0169584252759027,0.0196268257774626,0.0244756199754937,0.0279482557651881
"5274",2016-12-13,0.0142088857162909,0.0174173700299711,0.0199470050833002,0.024674605024309,0.0278422090093985
"5275",2016-12-14,0.0153342542056085,0.0179923877314838,0.0197219944278477,0.0246847576482453,0.0279359602840162
"5276",2016-12-15,0.0140516757306749,0.0169529906023195,0.0188969860909001,0.0241309242080492,0.0274861664599415
"5277",2016-12-16,0.0127600074625279,0.016163744580985,0.0183497193796039,0.023809003470013,0.0274376835147517
"5278",2016-12-19,0.0122106424455593,0.0156685616642132,0.0183517750078269,0.0229872517830343,0.0269800944111162
"5279",2016-12-20,0.0118231179245163,0.0152167050209156,0.0179287653673947,0.0227916757020991,0.0268195624815976
"5280",2016-12-21,0.0117401695077135,0.0152887980769668,0.0180782279096081,0.0228992341935286,0.0269211461836065
"5281",2016-12-22,0.0120199318263304,0.015603112959737,0.0183002988785721,0.0233431457118831,0.0271442685679005
"5282",2016-12-23,0.01188506347474,0.0154215161073918,0.0181354020434327,0.0231428209366814,0.0269752025967426
"5283",2016-12-27,0.0125533934400981,0.0156445412942509,0.018361710569967,0.0230707209866926,0.026808102857395
"5284",2016-12-28,0.0146415621699632,0.0174360156977694,0.0199764909023332,0.0242349155606741,0.0274916405393746
"5285",2016-12-29,0.0156598116675117,0.0182895481286637,0.0205641059857003,0.0248978561642611,0.0279989629506594
"5286",2016-12-30,0.0171173719874971,0.0194488306348244,0.0217313359795055,0.0259387425904738,0.0289158941726119
"5287",2017-01-03,0.0143095014860915,0.0167128776833578,0.0191166608209924,0.0237413666049962,0.0272383223602988
"5288",2017-01-04,0.0119178911701637,0.0146560739677417,0.0171327518946622,0.0219408517117333,0.0257119972449266
"5289",2017-01-05,0.0116487192165168,0.0147395674270124,0.0169826939295378,0.0217807912137959,0.0255235717800642
"5290",2017-01-06,0.011222549828934,0.0144487146111541,0.0167622116979686,0.0215367009119004,0.0251611003987314
"5291",2017-01-09,0.0117032043461237,0.0148779354946389,0.0172268543352033,0.0218677091906857,0.0251875972956244
"5292",2017-01-10,0.0115766966546291,0.0149317464745031,0.017305691459217,0.0220004579503264,0.0253548722864306
"5293",2017-01-11,0.0110676014967979,0.0143847349545827,0.0167673570424318,0.0216197703368431,0.025110324526941
"5294",2017-01-12,0.0113571222105174,0.0145120190741343,0.0168470114388414,0.0218579122470815,0.0254567892879033
"5295",2017-01-13,0.0109923788515994,0.0144164754431817,0.0168834194150137,0.0219460467594822,0.0255877286602646
"5296",2017-01-17,0.0120607414814713,0.0152059637748834,0.0175647083037873,0.0225248162035655,0.0259785007557937
"5297",2017-01-18,0.012366455666733,0.0150159670181266,0.0172654631625395,0.0221497939529844,0.0255381483044959
"5298",2017-01-19,0.0136184991839107,0.0159870172748989,0.0179311078345586,0.0224405347251096,0.0255948193592125
"5299",2017-01-20,0.0108435225501847,0.0140808126024663,0.0163601795784236,0.0214485678667819,0.024938286900293
"5300",2017-01-23,0.0118101429702205,0.0148533159903122,0.0170188911402847,0.0215121824867036,0.0249400075180789
"5301",2017-01-24,0.0103024972418819,0.0134168241581723,0.0154911769254686,0.0199135836119532,0.0234960680922641
"5302",2017-01-25,0.00989209553920758,0.0129846660435963,0.0149247737555004,0.0192866621915562,0.0229344621468007
"5303",2017-01-26,0.01002518829265,0.0130565069127806,0.0150673324116262,0.0197597891002956,0.02337227886481
"5304",2017-01-27,0.00924683131297274,0.0126245766008182,0.0148993591248672,0.0199348374415606,0.0235842325439853
"5305",2017-01-30,0.0115847423947966,0.0144821421618369,0.0165496076827242,0.0210718989852579,0.0242901864811587
"5306",2017-01-31,0.0117653120812171,0.0147876604676858,0.0168529331573785,0.0212831501425879,0.0243300909066668
"5307",2017-02-01,0.0111588710248005,0.0142305843156984,0.016400347415475,0.0205993577326155,0.0238758772160675
"5308",2017-02-02,0.0114666180865683,0.0146913280900741,0.0165053950831059,0.020780659117183,0.0238284850907717
"5309",2017-02-03,0.00945881019166259,0.0131632652588853,0.0152427103302665,0.0197554192652213,0.0229358024994316
"5310",2017-02-06,0.0104580831234365,0.0136732233636842,0.0159620431901592,0.0202225155960266,0.0232048291144133
"5311",2017-02-07,0.0105612922841837,0.0139657101837274,0.0163377186508157,0.0204016982665147,0.0231772621430018
"5312",2017-02-08,0.0107594546885803,0.0141127972426868,0.0166819187722976,0.0207691688254986,0.0234124971375904
"5313",2017-02-09,0.0102163549335789,0.0133694647687483,0.0156292974092332,0.0203591376250307,0.0231534547783994
"5314",2017-02-10,0.0100071969922763,0.0130104045289357,0.0154779906952585,0.0202812322542589,0.0232355204788079
"5315",2017-02-13,0.0104456677964907,0.0126482746704443,0.0151982015201035,0.0198569089614145,0.0229618839421788
"5316",2017-02-14,0.00980339658004085,0.0117822732429955,0.0137659311699526,0.0188729540561884,0.0221304967958431
"5317",2017-02-15,0.0118120132482527,0.0128690448185987,0.014434613037705,0.018785116649799,0.0216243899534019
"5318",2017-02-16,0.0115261773636462,0.0130841045346498,0.0144070211148556,0.019203672899781,0.0220149203473882
"5319",2017-02-17,0.0105048481503954,0.0128380594968701,0.0143373238672231,0.0192342278217154,0.0222624621478258
"5320",2017-02-21,0.011197056462045,0.0133522542338508,0.0149430003535288,0.019358556094826,0.0218179946142798
"5321",2017-02-22,0.0115012425527522,0.0139516619786727,0.0157557807768235,0.0201749355453364,0.0224016502773614
"5322",2017-02-23,0.0115714597833327,0.0148997177638056,0.0166177591859579,0.0209434904708679,0.0227516310562465
"5323",2017-02-24,0.0106856979753226,0.0147549281517284,0.0166978213952937,0.0210247648334851,0.0227965820291227
"5324",2017-02-27,0.0122726633742503,0.0157031138604871,0.0174002008789963,0.021154692505379,0.0227490709110565
"5325",2017-02-28,0.0136793445362782,0.0167620881888078,0.0183807922454763,0.0220381094862264,0.0234624109693565
"5326",2017-03-01,0.0127612971420852,0.0157112219174593,0.0172492482031436,0.0208941854604232,0.0228802495476688
"5327",2017-03-02,0.0117934488743464,0.0155313261822428,0.0172844306106998,0.0212494798364688,0.023167972853655
"5328",2017-03-03,0.00986115672316378,0.0139598444924135,0.0160532566861806,0.0202588357465871,0.0225741372158926
"5329",2017-03-06,0.0104188931725337,0.0142123372123411,0.0161918689554043,0.020411037639104,0.0228279198844652
"5330",2017-03-07,0.0108684512890655,0.0146033223057564,0.0165274816009092,0.0204885719798939,0.022852103395456
"5331",2017-03-08,0.0114487815410479,0.0149829228176514,0.016797054479509,0.0205268917510048,0.0227086883884311
"5332",2017-03-09,0.0125431297758939,0.0158327186014153,0.0175247498809539,0.0210837290342791,0.0231134723115602
"5333",2017-03-10,0.0108119327921555,0.0145023109553164,0.0163401228996798,0.0200992856137708,0.022406385074144
"5334",2017-03-13,0.0108014228765674,0.0145446448052479,0.0164717575034864,0.0202259257786338,0.0224652586075801
"5335",2017-03-14,0.0120848883490269,0.0153120276344563,0.0170735588598656,0.0205353168254326,0.0226793295940836
"5336",2017-03-15,0.0109622274828134,0.0141068586085178,0.0154083782151907,0.0196536504951233,0.0221004620769841
"5337",2017-03-16,0.010242846896059,0.013204688349389,0.0145859290085753,0.0190198086620565,0.0216677881333778
"5338",2017-03-17,0.0101923390538155,0.0133357013977356,0.0146668076597813,0.0190248537505868,0.0216835732113727
"5339",2017-03-20,0.0107596687634835,0.0134679636081036,0.015036846899703,0.0189635804977306,0.0219118715092821
"5340",2017-03-21,0.0136456014175225,0.0155206962942955,0.0168893508047743,0.0204223672621407,0.0229862330677034
"5341",2017-03-22,0.0140276599010127,0.0153682830316267,0.0166113182635485,0.0201476734502358,0.0227920698305426
"5342",2017-03-23,0.0150475442125585,0.0161865290014895,0.0171947931983689,0.0205262716166487,0.0230204078844233
"5343",2017-03-24,0.0146183268480006,0.0158018570754464,0.0168529511021843,0.0202237527341498,0.0227635169337388
"5344",2017-03-27,0.0135364854027118,0.0148918192740443,0.0159769843261899,0.0194924785982198,0.0222022509109186
"5345",2017-03-28,0.0111724498691417,0.0131295063854955,0.0144796781343336,0.0182881197106392,0.0212830887835129
"5346",2017-03-29,0.0109260291078526,0.0128378198077808,0.0142087225282083,0.017898672309356,0.0208015014256123
"5347",2017-03-30,0.0111610493069266,0.0127653416628333,0.0139608534557737,0.0176693341033599,0.0205603910758175
"5348",2017-03-31,0.0121113491565766,0.0131179930095985,0.0143730774903007,0.0179345066454866,0.0206453047026674
"5349",2017-04-03,0.0127618836235982,0.0133708227764792,0.0146136987010543,0.0180179691080169,0.0206296484001463
"5350",2017-04-04,0.0116765576160882,0.0127835509374287,0.0140168992234038,0.0174685309407304,0.02025380910239
"5351",2017-04-05,0.0132509034644479,0.0139918911283209,0.0151138847125613,0.0182707328091587,0.0207182022064635
"5352",2017-04-06,0.0130473435311964,0.0134113860241582,0.0143887250469803,0.0177762017767317,0.0203008049562475
"5353",2017-04-07,0.0140785376235969,0.0143734823217557,0.0152676528454703,0.0184872970192745,0.0208008656195309
"5354",2017-04-10,0.0160113942018179,0.0157228929165811,0.0166085409535988,0.0191619805964576,0.021255537779096
"5355",2017-04-11,0.0184800830655067,0.0175447019550585,0.0181143121922148,0.0199428913193759,0.0215787924344675
"5356",2017-04-12,0.0194871365195613,0.0180780144825586,0.0185118982445221,0.0202575774564235,0.0218900864645948
"5357",2017-04-13,0.020361822997867,0.0190142389931276,0.0194192064451584,0.0209147077267286,0.0223609482657589
"5358",2017-04-17,0.0175004923145939,0.0167471513808528,0.0174632145794843,0.0196476874612263,0.0215162080431998
"5359",2017-04-18,0.0170716425584701,0.0166697199773896,0.0173737331029424,0.0196549522795707,0.0216227803086298
"5360",2017-04-19,0.018294443111551,0.0178369854751016,0.0183372545268589,0.0202874720991473,0.0219569717163066
"5361",2017-04-20,0.015921944549921,0.0160334630139285,0.0166604699265161,0.0189316596660138,0.0208994338364782
"5362",2017-04-21,0.0169081115753814,0.0167110541075003,0.0170828117360614,0.0193262652804728,0.0211902722104243
"5363",2017-04-24,0.00956904212550312,0.0115556645756082,0.0130390304653748,0.0166666779352901,0.019535278820346
"5364",2017-04-25,0.00930158842918548,0.0113041603623048,0.0129346562855967,0.0164510428412017,0.0193292464679862
"5365",2017-04-26,0.0093721853106588,0.0115853682589338,0.0132669253821869,0.0167626181025783,0.0194908571379699
"5366",2017-04-27,0.00881339887434316,0.0111409259092287,0.0130072935014977,0.0167407050880395,0.0195346248464982
"5367",2017-04-28,0.00921748037698756,0.0112925521027914,0.0132146805777071,0.0168787293433475,0.0196492730613373
"5368",2017-05-01,0.00851947168254996,0.0110633798572806,0.0130548692532708,0.0163996263401774,0.0195517864567909
"5369",2017-05-02,0.00898606442628869,0.0111745838243528,0.0132148897832684,0.0165172023864211,0.0196553709164131
"5370",2017-05-03,0.00922367190012592,0.0119011152950083,0.0133261357813872,0.0169966993214189,0.0200495801918209
"5371",2017-05-04,0.00886506504738598,0.011343667834346,0.0126656405585344,0.0166759768613073,0.0198696301928768
"5372",2017-05-05,0.00915163164908153,0.0115455220941325,0.0128307035352602,0.0167334755407129,0.0199105669227843
"5373",2017-05-08,0.00790481520123899,0.0107227626176637,0.0124881662040135,0.016436621008114,0.0197958093566771
"5374",2017-05-09,0.00843267510841511,0.010979167220792,0.0127718499106436,0.016645213805225,0.0199266740365148
"5375",2017-05-10,0.00875639937623747,0.011425436349344,0.0132249624978271,0.0170478287863306,0.0201961513761332
"5376",2017-05-11,0.00950181799602638,0.0117150787367953,0.0134115623199198,0.0174072638482343,0.0205774868345179
"5377",2017-05-12,0.00912140336713422,0.0115028498250577,0.013421180087602,0.0177434117278218,0.0209631821126128
"5378",2017-05-15,0.00865213000829522,0.0109287108571248,0.01282320291963,0.0173204882452597,0.0207133418277822
"5379",2017-05-16,0.00880476831420382,0.010767295318586,0.0127674655013028,0.0174908985269119,0.020938728031868
"5380",2017-05-17,0.0183003726210256,0.017759766877769,0.0187852770809314,0.0215880110098487,0.0239076832499739
"5381",2017-05-18,0.0160368213869062,0.0162403328575872,0.0174411322259818,0.0205945297718385,0.0233482907531491
"5382",2017-05-19,0.0119300446385678,0.0131805929596604,0.0148489888376932,0.0190705604824805,0.0224591231189087
"5383",2017-05-22,0.00963431526213269,0.0115152098422483,0.0132340598761472,0.0180690342127574,0.0215580552548028
"5384",2017-05-23,0.00944283161373099,0.011286207989049,0.0130984007626086,0.017859921898057,0.0212701629939462
"5385",2017-05-24,0.00824224263677937,0.0104150798432771,0.0123321744798587,0.0172225174262621,0.0207473313857289
"5386",2017-05-25,0.00831622949586174,0.010520470425765,0.0121449553292559,0.0170944663883079,0.0205238062883018
"5387",2017-05-26,0.00782433655779386,0.0101518816710074,0.0118836702323111,0.0171265530270767,0.0207713910980729
"5388",2017-05-30,0.00858418260847706,0.0108499055380098,0.0126786105823164,0.0176662284313815,0.0212537893989286
"5389",2017-05-31,0.00908264566384812,0.0110135955540013,0.0128160199336913,0.0178172733994274,0.021418527801794
"5390",2017-06-01,0.00788770426367475,0.0100402723312545,0.0118724509270344,0.0168579759954493,0.0209605188005247
"5391",2017-06-02,0.00777788903030197,0.0101375428544811,0.0119862787288237,0.0168485844512856,0.0208011887974282
"5392",2017-06-05,0.00819084127208097,0.0107407737071559,0.0126212781738509,0.0172496606686159,0.0210543660661487
"5393",2017-06-06,0.00940243775831731,0.011573789533255,0.0135229820132345,0.0180160341468889,0.0216665484821844
"5394",2017-06-07,0.00916513774876387,0.0114470141460257,0.0131913657527179,0.0177755262938064,0.0214434063331489
"5395",2017-06-08,0.00860112549022924,0.0108655571314506,0.0124453870203754,0.0172355396490991,0.0210455165219988
"5396",2017-06-09,0.00941129768556636,0.0112097336825054,0.012698892548749,0.0174370136282958,0.0212038263318362
"5397",2017-06-12,0.0101201887457878,0.011766473126077,0.013279937120587,0.0177656545788014,0.0215138434705829
"5398",2017-06-13,0.00873901036152079,0.0106522667738622,0.0122292827305734,0.016990192724922,0.0210701796003145
"5399",2017-06-14,0.00882192557525602,0.0108223817226699,0.0123588712227662,0.0170423895318345,0.0211222171386046
"5400",2017-06-15,0.00965214323796774,0.0113578532736143,0.0128050210795287,0.0173588019852852,0.02134898798364
"5401",2017-06-16,0.00842326666514583,0.0104610139025047,0.0120502897502708,0.0168741834890275,0.0212760291302212
"5402",2017-06-19,0.00818947206478375,0.00998354673993358,0.0114865395942438,0.015778427447297,0.0204271197830915
"5403",2017-06-20,0.00972829780138817,0.0112213097499685,0.0125622749848634,0.0166020162810146,0.0209882646756405
"5404",2017-06-21,0.0094723264471427,0.0110633930045593,0.0124444642261392,0.0165049051518622,0.0208681139606051
"5405",2017-06-22,0.00909508585190877,0.0108575964718379,0.0122225947466442,0.0163527028501728,0.0205885026463092
"5406",2017-06-23,0.00812903692768422,0.0101691618657624,0.0116194336215565,0.0159479877488522,0.020307667185199
"5407",2017-06-26,0.00800744840387781,0.010002616868043,0.0113903293305177,0.0156728758329451,0.0201474691553043
"5408",2017-06-27,0.010598482264214,0.0120337499648915,0.0132098322967769,0.0170302253323022,0.0211071251325992
"5409",2017-06-28,0.00828829445655795,0.0102653176272939,0.0116973139767162,0.0160087655855295,0.0203110841458407
"5410",2017-06-29,0.011084514968454,0.012533271319744,0.0136702103723085,0.0172936183221737,0.0210343616903463
"5411",2017-06-30,0.0100030670921396,0.0118463179243565,0.0132565885791444,0.0171120938514211,0.0209966120168059
"5412",2017-07-03,0.010279272183004,0.012044495645056,0.0134294269485732,0.0171855324537107,0.0209847693068959
"5413",2017-07-05,0.0096532544296338,0.0116566271594926,0.0132191684218458,0.0170135995786342,0.0207425076845289
"5414",2017-07-06,0.0129271685521655,0.0141831361551685,0.0155126367913799,0.0185556702612001,0.0216640667913227
"5415",2017-07-07,0.0100654669489513,0.0122006937599333,0.0139631508486878,0.0175852146955097,0.0209983607103784
"5416",2017-07-10,0.0097983181810522,0.0119120639532226,0.0137755565485474,0.0170274437588004,0.0206908871536937
"5417",2017-07-11,0.00986267386684768,0.0119162318831883,0.0136903050424255,0.0168389707390891,0.020418529359284
"5418",2017-07-12,0.00839899480917983,0.0107845239439849,0.0126522098977687,0.0160877291191637,0.0198134676452761
"5419",2017-07-13,0.00803497561753542,0.0102765012985102,0.0122556555926497,0.0158425509152142,0.0195386166384037
"5420",2017-07-14,0.00755215105292868,0.00967162025064858,0.0116522767692055,0.0152024678531851,0.0190070039487394
"5421",2017-07-17,0.00772177377851168,0.00987162616419835,0.0119013520731031,0.0154171178522114,0.0191230387890217
"5422",2017-07-18,0.0075670194717888,0.00962936142473937,0.0117088857622651,0.0152836189429898,0.0190192471075007
"5423",2017-07-19,0.00737847088212015,0.0092960654285969,0.0112140761956269,0.0148646069306879,0.0186365588268244
"5424",2017-07-20,0.00736445417043618,0.00946606748163126,0.0112595412210068,0.0148247795928778,0.0185532097193987
"5425",2017-07-21,0.00690765573135679,0.00917055579745023,0.0110548323804458,0.0147381193653427,0.0184210846430793
"5426",2017-07-24,0.00712573741642214,0.0094645133806211,0.0114111133311492,0.014650868146175,0.0183146926351689
"5427",2017-07-25,0.00697722536881049,0.00931219800701804,0.0112548306168168,0.0143653491892923,0.0179063048825886
"5428",2017-07-26,0.00703440876887249,0.00939892998535517,0.0112736911749237,0.0143268430349616,0.0176680436602476
"5429",2017-07-27,0.00768954494768738,0.00987764179565519,0.0116073473426427,0.0143433453844308,0.0174469774692574
"5430",2017-07-28,0.0080953094447882,0.0103743841815349,0.012187787340733,0.0147747892823672,0.0177884578995914
"5431",2017-07-31,0.00843365219771353,0.0107251205182997,0.0124922357914794,0.0150426019957801,0.0179259144542044
"5432",2017-08-01,0.00733777974951939,0.0098344754582408,0.0116551447703904,0.0141155383543725,0.0171284310315726
"5433",2017-08-02,0.00752101523133468,0.0100674517192405,0.0119543751365156,0.0144680966743322,0.0173788543149974
"5434",2017-08-03,0.00824973410296966,0.0108600633383027,0.0125417587403396,0.0152532679507935,0.0180235291668378
"5435",2017-08-04,0.00760228178290318,0.0104454590108208,0.0122997496567339,0.0152820832912456,0.0181422590325634
"5436",2017-08-07,0.00762844855215663,0.0105962357609037,0.0123038999838107,0.0150903902165972,0.0180173847088915
"5437",2017-08-08,0.00947003124765154,0.0120478052550235,0.0136494661239822,0.016173621369822,0.0188891891845276
"5438",2017-08-09,0.0101754688627921,0.0127268682108017,0.0143832571664033,0.0169040812027799,0.0194315599551388
"5439",2017-08-10,0.0188633373020284,0.0189199632307898,0.0197338671676517,0.0206695501020222,0.0220599612954853
"5440",2017-08-11,0.0179709378292815,0.018863083925168,0.0199765603390713,0.0211915604799063,0.0225085328010037
"5441",2017-08-14,0.0113184335197686,0.0132069252200925,0.0147880456671036,0.0173039718216282,0.0197915833975103
"5442",2017-08-15,0.0108504724376142,0.0128185171972055,0.0144616238000708,0.0170056900065379,0.0193859462344509
"5443",2017-08-16,0.0104816202201554,0.0124633015822657,0.0141347056388493,0.0166749094066614,0.0191140300958579
"5444",2017-08-17,0.0179696711279431,0.0185874931910013,0.0195147474258425,0.0204123329876356,0.0216328641366235
"5445",2017-08-18,0.0163193091715399,0.0176999005673359,0.0189709133144382,0.0202075790597158,0.0215617328850774
"5446",2017-08-21,0.0139581826611173,0.0159831080424082,0.0172996267262437,0.0193213405450806,0.0209774893953089
"5447",2017-08-22,0.0104645518660698,0.0127092211483797,0.0143646068541136,0.0173291539361566,0.0197686523725023
"5448",2017-08-23,0.0115885079443304,0.0139449798608014,0.0154761022945416,0.018177866211198,0.0204625878234941
"5449",2017-08-24,0.012491403194937,0.0149419781151618,0.0162376062317767,0.0189344821295843,0.020944646886606
"5450",2017-08-25,0.0106151911966139,0.0136510026397094,0.0152245984049037,0.0184443937269424,0.0207607968993094
"5451",2017-08-28,0.0107209501133524,0.0136561286740167,0.0152148500612819,0.0183418436785439,0.0207038643132585
"5452",2017-08-29,0.0113738564844296,0.0140026147850563,0.0155555658282508,0.0186352460977332,0.0209647023968717
"5453",2017-08-30,0.0104599532065689,0.0135456756550165,0.015289806448989,0.0186191292924371,0.0210396152682102
"5454",2017-08-31,0.00931984600984382,0.0126795787691743,0.014461797286375,0.0182922544689819,0.0209793953099431
"5455",2017-09-01,0.00852135180469957,0.0119318778835779,0.0138857497846243,0.0177447327450623,0.0205410335621684
"5456",2017-09-05,0.0124846548857726,0.0153211847955706,0.0169662890856293,0.0196646071367872,0.0219304402905893
"5457",2017-09-06,0.0106323668179424,0.0139875097450561,0.0160580981898373,0.019290426233554,0.0217439824059268
"5458",2017-09-07,0.0106160149878005,0.0139615006277016,0.0159381866808936,0.0193468199913474,0.0217800292882306
"5459",2017-09-08,0.0118541538470648,0.0147844605647838,0.0167682281640512,0.0201160356973663,0.0224531136648485
"5460",2017-09-11,0.00909868445506369,0.0124846158571297,0.0143923002208091,0.0185915753793854,0.0215032248646496
"5461",2017-09-12,0.00871823605031946,0.0117935284861184,0.0136415503417083,0.0180263705932679,0.0212479264478297
"5462",2017-09-13,0.00853898726047544,0.0112019160551009,0.012934615797427,0.0173060504977391,0.0208649488467018
"5463",2017-09-14,0.00856234550507397,0.0112794610587228,0.012952537662309,0.0173899272465469,0.0208986817289954
"5464",2017-09-15,0.00777971435510118,0.010511205917683,0.0122710404954103,0.0168756084461182,0.0207006282831401
"5465",2017-09-18,0.00797535472758346,0.0103707568751152,0.0120603755417205,0.0165296855161193,0.0203616687691703
"5466",2017-09-19,0.00800277202591278,0.0102749687423441,0.0119546665435357,0.0165961829835754,0.020470489252973
"5467",2017-09-20,0.00772557496208179,0.0101572316102468,0.011871292656743,0.0161971531436446,0.0201724433775074
"5468",2017-09-21,0.00783764791165029,0.0102549877574201,0.0119436803728552,0.0165412989136842,0.0204748258037426
"5469",2017-09-22,0.00747336709364275,0.0101395467031066,0.0119808731162894,0.0167414253732038,0.0208023459562175
"5470",2017-09-25,0.00851177499116807,0.011042234010528,0.012785743828504,0.0173086418697403,0.0211287437549561
"5471",2017-09-26,0.00841536140156193,0.0109365077335868,0.0126591476993071,0.0172223842712846,0.0211228788456688
"5472",2017-09-27,0.00797044049205265,0.0106670996065447,0.0123563707487322,0.0168711409510425,0.0208169740734793
"5473",2017-09-28,0.00748121914522022,0.0103262903137423,0.0119856145759311,0.0167150302825826,0.0206976717052315
"5474",2017-09-29,0.00714822959245253,0.00979099255271125,0.0115573205148839,0.0163079213159137,0.0202136511317284
"5475",2017-10-02,0.0070632950821885,0.00954732501372963,0.0112520346907251,0.0158776073390305,0.0196347041254369
"5476",2017-10-03,0.00722628786828052,0.0095876095517725,0.0112599185136698,0.0157274168401994,0.0194197506895239
"5477",2017-10-04,0.00714023712083057,0.00965742032478627,0.0113532313590231,0.0156744961646415,0.0192079206149983
"5478",2017-10-05,0.00667781894903225,0.00903565605801584,0.01079263470388,0.0151359779499025,0.0185789544747118
"5479",2017-10-06,0.00696115930632292,0.00932450169258043,0.0111698069871946,0.0155949566080633,0.018970495462918
"5480",2017-10-09,0.00826860925221125,0.0104771543562205,0.0122321683721211,0.0162767952846746,0.01928838766682
"5481",2017-10-10,0.00785155579394563,0.00986022124122967,0.0116198621715059,0.0159382687904554,0.019194011161616
"5482",2017-10-11,0.00740662271642271,0.00947467166778702,0.01119101814416,0.0157241226569423,0.0191536623627261
"5483",2017-10-12,0.00775296238987258,0.00961909936364411,0.0113520641506888,0.0159971894432166,0.0194546393377642
"5484",2017-10-13,0.00731792499990372,0.00923142923523402,0.010956085535747,0.0156582812934124,0.0192965993218447
"5485",2017-10-16,0.00730779075281872,0.00917101462451434,0.0108282264957858,0.0155475961516177,0.0190218566662638
"5486",2017-10-17,0.00765621093675248,0.00926012192344802,0.0108514019682462,0.0155335527606284,0.0188754989396026
"5487",2017-10-18,0.00745484234345144,0.00925440286763638,0.0107904409839795,0.0155831457289039,0.0190169849945704
"5488",2017-10-19,0.00764454977707763,0.00934907104761127,0.0108516663032425,0.0156810196853955,0.0190978550992789
"5489",2017-10-20,0.00721476021157775,0.00896561784966522,0.0104092056011122,0.0151867982895961,0.018698898808753
"5490",2017-10-23,0.00923606258045256,0.0106547607787664,0.0119566511926907,0.016070522021797,0.019353213199903
"5491",2017-10-24,0.00953580478013655,0.0109490612105728,0.0120775608730174,0.0159028326248379,0.0190686622194396
"5492",2017-10-25,0.0109791072505793,0.012293090106626,0.0132628905012858,0.016806666360979,0.0197198990159364
"5493",2017-10-26,0.0106134479887247,0.0119998745348238,0.0129931842766265,0.0165339835223676,0.0193673784281072
"5494",2017-10-27,0.00777090164883099,0.00983983502138993,0.0112853894947434,0.015336910352013,0.0185489550777007
"5495",2017-10-30,0.00860572618223493,0.0105542085762073,0.0119324307610955,0.0158061086934881,0.0187891632059318
"5496",2017-10-31,0.00823343753435222,0.0102584619856458,0.0117373039690384,0.0156839576857883,0.0186357695267822
"5497",2017-11-01,0.00822409084768724,0.0104980537090873,0.012043186013546,0.0153462969677434,0.0187489501202775
"5498",2017-11-02,0.00776311347472535,0.0103684395926229,0.011973305679123,0.0156723750067917,0.0190735334839545
"5499",2017-11-03,0.00664872415263113,0.0095420486264698,0.011409784725942,0.0154366400736427,0.0189122436349247
"5500",2017-11-06,0.00723938315150616,0.0103073623387578,0.0121156602040625,0.0157621550133524,0.0190683797608478
"5501",2017-11-07,0.00809884213640626,0.0108099316082837,0.012571462606614,0.0164064365574801,0.0195820109399428
"5502",2017-11-08,0.00773733853052108,0.0107265111645633,0.0126921122173101,0.0164331077359902,0.0197383956302515
"5503",2017-11-09,0.00918184252746028,0.0117436692946489,0.0135316913199591,0.0173202917922499,0.0203116706329426
"5504",2017-11-10,0.0101159244066186,0.0124289367676993,0.0143429207528567,0.0182465714135321,0.0211961003592221
"5505",2017-11-13,0.0103791067728832,0.0127887855967284,0.0145386344196883,0.0185058149315794,0.0212945017652438
"5506",2017-11-14,0.010663510627627,0.0129364967265465,0.0147931511110386,0.0189389210278829,0.0217571900082462
"5507",2017-11-15,0.0136103885082009,0.0150153276046233,0.0166380632458565,0.020385311107188,0.0225671858433172
"5508",2017-11-16,0.0107377288163271,0.0130127051891729,0.0148720116038922,0.0189444511885319,0.0214509579726899
"5509",2017-11-17,0.00994708551174463,0.012352183148298,0.0144172335356555,0.0187208673977248,0.0213636607631864
"5510",2017-11-20,0.00898059096831386,0.0115295958013667,0.0136394033296664,0.0180466086352541,0.0208245138453348
"5511",2017-11-21,0.00745409721048294,0.0100449244406132,0.0120759532104777,0.0166706804076778,0.0199665017729452
"5512",2017-11-22,0.00752307263034408,0.00999156537095853,0.0118228088930666,0.0166564553286254,0.0201344336973445
"5513",2017-11-24,0.00745093896434754,0.00987069143276233,0.0117437390210698,0.0164591350169756,0.0199342931392186
"5514",2017-11-27,0.0078021822447219,0.0102977675088159,0.0121826825597891,0.0167358313038993,0.020105244878206
"5515",2017-11-28,0.00803436913046449,0.00984587113336961,0.0115939205025047,0.0162154743504963,0.0196755566954899
"5516",2017-11-29,0.00909015218854224,0.0108614146172787,0.0126120130228982,0.0171681219625223,0.0205928220249094
"5517",2017-11-30,0.0101389274176573,0.0114534779644454,0.0128185652038824,0.0170525318109672,0.020289394102485
"5518",2017-12-01,0.0104150417905326,0.0119087071882506,0.0132063662350548,0.017177147791616,0.0203891580829118
"5519",2017-12-04,0.0111873972546202,0.0126438584338542,0.0136695438257817,0.0172904461812798,0.0202719648046422
"5520",2017-12-05,0.010204195731721,0.0121820679691359,0.0136022532453864,0.0172889562064753,0.0204449544278748
"5521",2017-12-06,0.00986239270159137,0.0120077912996539,0.013499264736715,0.0172650142618323,0.0203430937416772
"5522",2017-12-07,0.00866006731108088,0.0110700389324336,0.0126087969664217,0.0167411433187541,0.0200680834057486
"5523",2017-12-08,0.00755760164422939,0.00981842888055289,0.0114829958615771,0.0158511755324393,0.0195195553381245
"5524",2017-12-11,0.00721151371156933,0.00920294877814927,0.0108902080197493,0.0154093488811183,0.0191092540702308
"5525",2017-12-12,0.00787365043739857,0.0095789656389922,0.0112250555062463,0.0157318399082522,0.019421889428992
"5526",2017-12-13,0.00843604918383748,0.0101040523835744,0.0117635800831387,0.016199991159772,0.0197529934139394
"5527",2017-12-14,0.00854258248279532,0.010368197239908,0.0119234829471399,0.0163792966605426,0.020031335996018
"5528",2017-12-15,0.00729184599376265,0.00914997739861651,0.0108390226015936,0.0155336103578877,0.0194232070104425
"5529",2017-12-18,0.00760468828597488,0.00936754783510063,0.0110157615670495,0.0153364721839868,0.0193112829749166
"5530",2017-12-19,0.00838231566670292,0.0100029288971065,0.0116246449957019,0.0157308355924946,0.0195472357611371
"5531",2017-12-20,0.00780888126850931,0.00973814696589924,0.0113555755784504,0.0154964921474546,0.0192369720704656
"5532",2017-12-21,0.00776053629620273,0.00973451997988141,0.0113280620316803,0.0156784834495208,0.019689713018607
"5533",2017-12-22,0.00797311297890757,0.00996003897361654,0.0115957810636048,0.0160604542656094,0.0201535518288284
"5534",2017-12-26,0.00870291588377708,0.0105148453649603,0.012131071498065,0.0165579505320936,0.0203662426009094
"5535",2017-12-27,0.00910801905297859,0.0106472813442712,0.0122458914215408,0.016551000301851,0.0203691783650754
"5536",2017-12-28,0.008195237592049,0.0100812212419178,0.0118770742388543,0.0162715040192779,0.0200093934233265
"5537",2017-12-29,0.00879772928972276,0.0107056883632443,0.0125153058204478,0.0167978170340084,0.0201212035371573
"5538",2018-01-02,0.00747654756859496,0.00967778177646329,0.0115970138965361,0.0159519369222319,0.0194246331281709
"5539",2018-01-03,0.00691133560107269,0.00965960386792816,0.0115295910078261,0.015279539427161,0.0187872116989563
"5540",2018-01-04,0.00720989381648423,0.00961901670653807,0.0115049369160991,0.0153415375036669,0.0187255886688038
"5541",2018-01-05,0.00731467766336445,0.00957104088792128,0.011479681517912,0.0152526768118998,0.0186905780914104
"5542",2018-01-08,0.00749136090281106,0.00965675581257864,0.011477917732812,0.0152064007437628,0.0186546481718275
"5543",2018-01-09,0.00849893591297058,0.0104243600995951,0.0121361411033454,0.015578373307394,0.0189245026164284
"5544",2018-01-10,0.00822744245894032,0.0103039837899668,0.0120333291004167,0.0155413642864118,0.0187756946196511
"5545",2018-01-11,0.00818069205676253,0.00991666702979284,0.0115201328912351,0.015104254189632,0.0184411092036638
"5546",2018-01-12,0.00862749146268853,0.0102158640350133,0.0118345019214941,0.0152555072432421,0.01838050250938
"5547",2018-01-16,0.0113422594157476,0.0126862161079316,0.0140334505957608,0.0171065087566056,0.0198700764651314
"5548",2018-01-17,0.0110306636704656,0.0123647847456164,0.0137112483656699,0.0167550618887744,0.0195291748666443
"5549",2018-01-18,0.0117296573507298,0.0131805644302972,0.014407008871093,0.0173613248675328,0.0198991388978666
"5550",2018-01-19,0.01022430443372,0.0121270942085734,0.013398192930761,0.016776803581895,0.0196550430438948
"5551",2018-01-22,0.0103376671480166,0.0122839978651751,0.0135561783551356,0.016731771552591,0.0197847035619132
"5552",2018-01-23,0.0103879310448521,0.0125105507494196,0.0138830659262087,0.0170118560234582,0.0200564959630968
"5553",2018-01-24,0.0115756498560823,0.0136584067753243,0.0147432577750389,0.0178233539291713,0.0206369842128426
"5554",2018-01-25,0.01162816905186,0.0137908149823124,0.0149740813199751,0.0180886443606836,0.0207338936836656
"5555",2018-01-26,0.0110359268315634,0.013416601974834,0.0146980614764872,0.0177523586129489,0.020415062634448
"5556",2018-01-29,0.0160500112860144,0.0172917367028772,0.0179072685906654,0.0201251308615323,0.0219583979478946
"5557",2018-01-30,0.0179870944862285,0.0188158697906713,0.0195663763198095,0.0215472825314055,0.0230771096850306
"5558",2018-01-31,0.0160858869040616,0.017559358235499,0.0184500634640114,0.0206322620100794,0.0224135804522022
"5559",2018-02-01,0.0151871741454057,0.0163927724738087,0.0172628198927244,0.0193806244274819,0.0218200320370038
"5560",2018-02-02,0.0238481067482478,0.0229713984741786,0.0229742448062926,0.0231422139278999,0.0245226735964902
"5561",2018-02-05,0.0911964315298694,0.06103567410353,0.0511899810021689,0.0403348552059717,0.035115596849162
"5562",2018-02-06,0.0630626252594004,0.0452945017383958,0.040181903863446,0.0337706192290519,0.0313181280086199
"5563",2018-02-07,0.0411476094597088,0.0355484621510429,0.0343849121614846,0.0317201730839404,0.0301610522482345
"5564",2018-02-08,0.0856089641101669,0.0664609683960899,0.060495527595071,0.048519074909525,0.0407166612926639
"5565",2018-02-09,0.0603631799042249,0.0509291205502335,0.0482303099433297,0.0407316480698547,0.0358837001905789
"5566",2018-02-12,0.0441644747532125,0.0391345492832613,0.038444312195264,0.0344789611504364,0.0320449558075967
"5567",2018-02-13,0.0416792764211346,0.0375381078201414,0.0369117496589875,0.033334082545351,0.0314228839692771
"5568",2018-02-14,0.028514872194862,0.027577919356178,0.0282986284081859,0.0281693684470914,0.0280203011297192
"5569",2018-02-15,0.0276688824814371,0.0268560559630375,0.0274437050023281,0.027291738289297,0.0275832492542033
"5570",2018-02-16,0.0277317899782085,0.0273377903317049,0.0276977614850217,0.0273785566050449,0.0274713738375521
"5571",2018-02-20,0.0307196430982381,0.0297954692395669,0.0296954733157833,0.0286011091434887,0.0284494538139841
"5572",2018-02-21,0.0293428423320282,0.0293352319103261,0.0294792695622874,0.0285868232488387,0.0284859300190622
"5573",2018-02-22,0.0279972878409298,0.0279295424617236,0.0281818176420857,0.0275797326785609,0.0276250184218744
"5574",2018-02-23,0.0196214473443084,0.0215761002184907,0.022448659968573,0.0233735580310656,0.0242243318108075
"5575",2018-02-26,0.0190533215876942,0.0209889335980119,0.021640528522994,0.0224666479513039,0.0236283560187491
"5576",2018-02-27,0.0259136692629444,0.0273582947123269,0.0273580406903908,0.026700561977843,0.0265790772195289
"5577",2018-02-28,0.0285473741628497,0.0298805837110624,0.0295954487316168,0.0285362225345995,0.0274941547671264
"5578",2018-03-01,0.0342803090230774,0.0344142564053741,0.0338817436325225,0.0318572437179603,0.0298579579929754
"5579",2018-03-02,0.0281540007420448,0.0299081329642182,0.0300017420679173,0.0292585818528397,0.028002357830869
"5580",2018-03-05,0.0252730522266886,0.0272871114379624,0.0275359277306171,0.0275075203750676,0.0267674158623351
"5581",2018-03-06,0.0244954151160078,0.026890100071059,0.0274559721685488,0.0275387963115611,0.0278880230750444
"5582",2018-03-07,0.023335060509445,0.0259539265742366,0.0267665597980767,0.0274082817673803,0.0277934297039018
"5583",2018-03-08,0.0212000463424232,0.0240685169143841,0.0249305910063989,0.0263430688662249,0.0271712918775919
"5584",2018-03-09,0.0161808073209549,0.0193851177165741,0.0209999637745846,0.0230669893853687,0.0244369100849179
"5585",2018-03-12,0.0186032916981373,0.0216105403602379,0.0230340462865166,0.024790846287535,0.0255657233465964
"5586",2018-03-13,0.0204268870674541,0.0232113573925333,0.0245888532041349,0.0259469348233018,0.0260382000956986
"5587",2018-03-14,0.0215676514852317,0.0247148671532135,0.0261523493616001,0.0273346056455025,0.0274585578001157
"5588",2018-03-15,0.019637085725614,0.0231330068811137,0.0249448734649802,0.0269035048925892,0.0273634477274837
"5589",2018-03-16,0.0176724068310876,0.0212821105101989,0.02325510581317,0.0255718483921126,0.0265081427827501
"5590",2018-03-19,0.0266583479501892,0.0272684866908437,0.0282532795734917,0.0286442427843079,0.0284524245686129
"5591",2018-03-20,0.0255307575254678,0.0265746489828852,0.0275600135234596,0.0279424518617157,0.0280735403561855
"5592",2018-03-21,0.0245890205972384,0.0257463727343743,0.0267625621575554,0.027272533989731,0.0275679049121226
"5593",2018-03-22,0.0408323173287927,0.0367216726123229,0.035045985185397,0.0330445730554143,0.0310901102190684
"5594",2018-03-23,0.0497556228415323,0.0434585253185409,0.0408640467480784,0.0375181359368472,0.03410682248974
"5595",2018-03-26,0.034376187431671,0.0333427516585492,0.0327613283197752,0.0317218825135127,0.0309636563674643
"5596",2018-03-27,0.0421642931093034,0.0398799929896569,0.0384820509730396,0.0362280784159899,0.0341061322312211
"5597",2018-03-28,0.041538733409065,0.0399835898768688,0.0388066792221297,0.0366437659699899,0.0346863735114469
"5598",2018-03-29,0.0328886564303742,0.0332008928229727,0.0330410485442433,0.0324583148675538,0.0320595421114381
"5599",2018-04-02,0.0436373145465909,0.0411711168935385,0.039470992797252,0.0368562345443818,0.0351030711891647
"5600",2018-04-03,0.037129215233779,0.0360071729681513,0.0352566984207615,0.0336280609869756,0.0325371506119513
"5601",2018-04-04,0.033941946138603,0.0333989870304892,0.0328118078960976,0.0317221566745623,0.0310774180593465
"5602",2018-04-05,0.0297505094813133,0.0301352479595379,0.0302971100286593,0.0297970545963187,0.029867330358128
"5603",2018-04-06,0.0368795231269253,0.0361112957660922,0.035477962720689,0.0337462173875877,0.0323951979652469
"5604",2018-04-09,0.0392683593218911,0.0371068281863092,0.0360837161470186,0.0341732395665002,0.0327305232412863
"5605",2018-04-10,0.034011854799593,0.0332351211858614,0.0330058217589432,0.0320610009544566,0.0315669359599282
"5606",2018-04-11,0.0330201875380613,0.0328917929852542,0.0328466696046433,0.0320136741940314,0.0317385672670407
"5607",2018-04-12,0.0282935530868425,0.0290502781464382,0.0296172064126659,0.0296376608349196,0.0301346623431775
"5608",2018-04-13,0.0250785946029678,0.0263193062076713,0.0272804531552092,0.0276274872187231,0.0286649617227531
"5609",2018-04-16,0.0216355088459735,0.0231415938643699,0.0244237746639997,0.0254532661633376,0.026954875283774
"5610",2018-04-17,0.0187985909278425,0.020244975451055,0.0216064035160197,0.0230176998403534,0.0251057891122087
"5611",2018-04-18,0.0184318914880255,0.0201106410820699,0.0213213789887283,0.0227430130709731,0.0246340149967016
"5612",2018-04-19,0.0201326793631981,0.0215818798233291,0.0226102480704913,0.0236941899059483,0.0252884702887705
"5613",2018-04-20,0.0227329665023738,0.0237852106343413,0.0243624262066864,0.0250969584157097,0.026231383860543
"5614",2018-04-23,0.0218407961700108,0.0231997471022015,0.0238026103121684,0.024435227289557,0.0257520261545185
"5615",2018-04-24,0.0260890419953684,0.0263602477074408,0.0263297185249373,0.0263775313314499,0.0271013804834104
"5616",2018-04-25,0.0261171300242046,0.0266871248602256,0.0266922165645972,0.0266777600552954,0.0272158700227157
"5617",2018-04-26,0.0218361623350882,0.0234209662706725,0.0239960126335967,0.0245331240224713,0.0256387521069191
"5618",2018-04-27,0.019208253560655,0.0218915235381914,0.0229293318775332,0.0238950660500474,0.0253347283786604
"5619",2018-04-30,0.0204120657017176,0.0230201894933697,0.0239160665625517,0.024800782422234,0.0259674420298632
"5620",2018-05-01,0.0190720632229522,0.0216639588352204,0.0225882858694768,0.0238143609057293,0.0252541665870997
"5621",2018-05-02,0.0200382750241024,0.022430523230801,0.0231466732412169,0.024314592334261,0.0255909181290567
"5622",2018-05-03,0.0213324335175974,0.0231712269647116,0.0237185690471228,0.0247858003432083,0.0258489371135045
"5623",2018-05-04,0.0178831024615931,0.0208486977878981,0.0218610091856429,0.0232983978747483,0.0245651800503738
"5624",2018-05-07,0.0180268960633913,0.020788152499966,0.0217551436891998,0.023351415138235,0.0246282266321324
"5625",2018-05-08,0.0178190010572384,0.0203961567325317,0.0213251681432857,0.022958414549144,0.0242286831534085
"5626",2018-05-09,0.0152723160946149,0.0182322994389701,0.0194816160031298,0.0216274499230364,0.0233623954707015
"5627",2018-05-10,0.0141300463491365,0.0164982906668638,0.0177125375340989,0.0202543937549288,0.0224290251390079
"5628",2018-05-11,0.013398991290214,0.0157869036597719,0.017100181565044,0.0197814105825069,0.0221633318491858
"5629",2018-05-14,0.0134414071665758,0.015085190611243,0.0162068214594588,0.0189169606202689,0.0214451214393012
"5630",2018-05-15,0.0163426774210142,0.0175195405750352,0.0184850271453191,0.0205229622682387,0.0225224004633142
"5631",2018-05-16,0.0144545539579148,0.0161778581717752,0.0173487158299375,0.0196943711509118,0.0217428342465488
"5632",2018-05-17,0.0140060865145369,0.015760491387209,0.016893300396638,0.0194530394706358,0.0216004256727593
"5633",2018-05-18,0.0141869810801962,0.0161883290002429,0.0174142650645186,0.020037445070002,0.0222401277534926
"5634",2018-05-21,0.0134770504221517,0.0151819563026957,0.0164623919600667,0.0186350463832284,0.0213095117439257
"5635",2018-05-22,0.0136810405813276,0.0154465989539354,0.016898605842843,0.0191980790709063,0.021893068037509
"5636",2018-05-23,0.0121977480716502,0.0143473284139731,0.0159337522889182,0.0184782808214771,0.021370021459533
"5637",2018-05-24,0.0121154359618617,0.0143264966795956,0.0159000781444799,0.0185887310166196,0.0215441946886905
"5638",2018-05-25,0.0129045287663906,0.0148422925451293,0.016423561804211,0.019024861434714,0.0217800237495722
"5639",2018-05-29,0.0206144100430173,0.0209892701408042,0.0215678811586248,0.0227962211403592,0.0242747178526217
"5640",2018-05-30,0.0155239301043419,0.0174858393671497,0.0188888829819492,0.0210541547753298,0.0230397412667265
"5641",2018-05-31,0.0168224939124445,0.0185307146040073,0.0198903721501064,0.0220891964312119,0.0237994230613141
"5642",2018-06-01,0.0133934972883417,0.0157860768964985,0.0174636022534478,0.0198835503745513,0.0220991196082623
"5643",2018-06-04,0.0124927752756247,0.0149436810156379,0.0166076898765825,0.0192638966542201,0.021621428815684
"5644",2018-06-05,0.0123355299427127,0.014810684163057,0.0165186832956651,0.0191909129264695,0.0214938277846308
"5645",2018-06-06,0.0107080933573128,0.0132301194996717,0.0151049888355848,0.018064654036768,0.0206860713002397
"5646",2018-06-07,0.0119135083971066,0.0139989645245631,0.0156651728447329,0.0186622952205652,0.0212355409848667
"5647",2018-06-08,0.0115611660886539,0.0138106528769422,0.0155696486176721,0.0185268382375747,0.0210671931040344
"5648",2018-06-11,0.0119024047619463,0.0139790080593186,0.0158936966500102,0.0187044111948383,0.0213607976605619
"5649",2018-06-12,0.011431533196198,0.0136773134593842,0.0156949934180255,0.0186537875918987,0.0213269517632155
"5650",2018-06-13,0.0127357440041412,0.0147071179775459,0.0165855665940516,0.0193743790820591,0.0218896219146942
"5651",2018-06-14,0.0114859057928357,0.0136871115704057,0.0156595137767275,0.0187649993417704,0.0216453798922004
"5652",2018-06-15,0.0110961056733914,0.0134665234793627,0.0157229445178633,0.019126940111446,0.0223075970572472
"5653",2018-06-18,0.0118225458389593,0.0137790024498043,0.016215457723781,0.0188563151166108,0.0224015360519375
"5654",2018-06-19,0.0136935613852398,0.0153705717083047,0.0176154903837921,0.0200514036772689,0.0233308158186271
"5655",2018-06-20,0.0126824169972955,0.0145418640437897,0.0168596456795483,0.0194214821908741,0.0227827086844569
"5656",2018-06-21,0.0165107860806581,0.0173485458456959,0.018922982678487,0.0209266541231677,0.0234971879649099
"5657",2018-06-22,0.0147649464457598,0.0163860078645842,0.0183767536401274,0.0206213075343246,0.0236288963220721
"5658",2018-06-25,0.0227257631388837,0.0226447196868865,0.0232680519763691,0.0243253305289419,0.0257245036207834
"5659",2018-06-26,0.0200109628243357,0.0209686405444315,0.0220245656177168,0.0233274687478526,0.0248132958577804
"5660",2018-06-27,0.0250640121386468,0.0245667543836479,0.024991374310145,0.025647939267989,0.0262473053060945
"5661",2018-06-28,0.0215007760894682,0.0222777227891662,0.0232815776508537,0.0244628710826616,0.0253928980777593
"5662",2018-06-29,0.0192872394578992,0.0207539904820136,0.0222329354480122,0.023959006040017,0.0251220304523615
"5663",2018-07-02,0.0178848965871495,0.0199865626014541,0.0214950329974176,0.023185556995625,0.024987381556244
"5664",2018-07-03,0.0198005497710451,0.0215475669923576,0.0227531096009568,0.0242055725398175,0.0256878746391116
"5665",2018-07-05,0.0169633145340581,0.0189650109003468,0.0204931216413667,0.0223913438335576,0.0242193039114089
"5666",2018-07-06,0.0135533165081603,0.0163551984141703,0.0182847236739292,0.0208251680212704,0.0232699279013341
"5667",2018-07-09,0.0121477521080546,0.0145558226701572,0.016383126285656,0.0190949890060201,0.0218210235393502
"5668",2018-07-10,0.0119895279961456,0.014291967250292,0.0160101974532327,0.0186084548005344,0.0215158202259709
"5669",2018-07-11,0.0137594581634224,0.0158267552758873,0.0173367195713979,0.0195545402730985,0.0219952166674846
"5670",2018-07-12,0.011930758091911,0.0143269368704424,0.0159913123855451,0.0185960926363249,0.0213919885918783
"5671",2018-07-13,0.0114341347710874,0.0138555394531572,0.0156415396398387,0.0182874414137331,0.0211950834873483
"5672",2018-07-16,0.0119159275159717,0.0141415810180925,0.0159270564098729,0.0184150782159436,0.021289817542715
"5673",2018-07-17,0.0107964382616586,0.0131798498318788,0.0150910379721688,0.0178711961358256,0.0210512723663537
"5674",2018-07-18,0.0105509898053277,0.0130687259680363,0.014919778015204,0.0178063325215623,0.02105579525272
"5675",2018-07-19,0.0122350639420192,0.0145210720738888,0.016264366714811,0.0187559619458094,0.021692111941059
"5676",2018-07-20,0.0118875984251178,0.014450032278329,0.0162362654801566,0.0189209410722858,0.0219992317115298
"5677",2018-07-23,0.0117846471043007,0.0145456780915941,0.0166449383267698,0.0186008363223102,0.0216595896356761
"5678",2018-07-24,0.0114740329543289,0.0139733594120153,0.0160246303965989,0.0180607549698197,0.0212290176211141
"5679",2018-07-25,0.0107283759556171,0.0132323638604107,0.0151425150222372,0.0172009741531596,0.0204165275856286
"5680",2018-07-26,0.0112193152466749,0.0137038190046332,0.015405307657929,0.0176391635630724,0.0208897567729376
"5681",2018-07-27,0.0123190788558112,0.0147145192435183,0.0163481080435988,0.0183274017846558,0.0211358189623752
"5682",2018-07-30,0.014312995034468,0.0163477886681978,0.0177368565205341,0.0193916698565649,0.0219009473241372
"5683",2018-07-31,0.0122012303216986,0.0147305601065627,0.0165374904992469,0.0186765768281616,0.0216508750025704
"5684",2018-08-01,0.0121697694846812,0.0149364082044983,0.0165028135450047,0.0186522479873509,0.0216596935646805
"5685",2018-08-02,0.0109122963551653,0.0140373918228871,0.0156454360843605,0.0181611158478731,0.0213149533669873
"5686",2018-08-03,0.00983238393195135,0.013123905955499,0.0149052060760198,0.0175221327142241,0.0207422958166016
"5687",2018-08-06,0.0095539941034178,0.0127116796020433,0.0144300872610581,0.0170590475586606,0.0203068655202508
"5688",2018-08-07,0.00920864995145431,0.0122506467380577,0.013981972171249,0.0165996569971771,0.0198947723761268
"5689",2018-08-08,0.00883892647187256,0.0120857134142379,0.0139037987486497,0.0165935898953104,0.0200355824771608
"5690",2018-08-09,0.0097180199791655,0.0127934570238712,0.0144186520705552,0.017135702621035,0.0203665701459745
"5691",2018-08-10,0.0124182698224599,0.0149307161975816,0.0163924876925688,0.0186834468254507,0.0213895107300216
"5692",2018-08-13,0.0155114652898454,0.017216353304414,0.0184723963511442,0.0203732613983732,0.0227438055661814
"5693",2018-08-14,0.012709003185597,0.0150554993396644,0.0164923902730942,0.0187861588994812,0.0215523397674404
"5694",2018-08-15,0.0161363343055578,0.0176779951272997,0.0188121428286533,0.0204947555871826,0.0225255428082803
"5695",2018-08-16,0.013597345372741,0.0159173214926353,0.0173013994327309,0.0193028846441238,0.0216524696207065
"5696",2018-08-17,0.0119458581890055,0.0147831850587896,0.0163551569365676,0.0186127859008652,0.0212006807829282
"5697",2018-08-20,0.0119046877832757,0.014589789038454,0.0163723174922171,0.0182241411704277,0.0210243120450235
"5698",2018-08-21,0.012231163477536,0.0147338014605437,0.0164229547976108,0.0182535831940344,0.0210448188022869
"5699",2018-08-22,0.0113722935681965,0.014371268407236,0.0163638619583134,0.0182891297768851,0.0210423075181818
"5700",2018-08-23,0.0118968729908683,0.0147492288215005,0.0166114051129919,0.0187242504678956,0.0214396123824706
"5701",2018-08-24,0.0111631235880869,0.0141505807549835,0.0160689163570146,0.0181899289579776,0.0209705901422275
"5702",2018-08-27,0.0108397617186597,0.0137911054744924,0.01580933183448,0.0179476287482356,0.0207333084304787
"5703",2018-08-28,0.0113829164678977,0.0143494662990558,0.0164847461146093,0.0186049341189666,0.02116950676082
"5704",2018-08-29,0.0109745864139275,0.0138727626322635,0.0162057415292815,0.018500040587127,0.0211697535670422
"5705",2018-08-30,0.0130357089373105,0.0154106230256806,0.0175943640202295,0.0197295917609823,0.0220695695790196
"5706",2018-08-31,0.0121472652363475,0.0147283393461927,0.017060769189099,0.0194212301531148,0.0219017014048411
"5707",2018-09-04,0.0130914897086485,0.0157114833021269,0.0176861171264666,0.0198223609883866,0.0221481078675169
"5708",2018-09-05,0.0136027849107907,0.0163681962143151,0.0183488609480098,0.0203771999899904,0.0225970170994577
"5709",2018-09-06,0.0153758060546433,0.0175465244768912,0.0192200327142676,0.0211215668923303,0.0231229855489367
"5710",2018-09-07,0.0155763846827242,0.0180857150772418,0.0199051284966379,0.0217457220154836,0.0235128085192028
"5711",2018-09-10,0.0145626990408752,0.0172421651312574,0.0191264029935086,0.0212214176715507,0.0232994200271774
"5712",2018-09-11,0.0128448579548587,0.0156996721761001,0.0177756156743116,0.0200832979744769,0.0224773461731938
"5713",2018-09-12,0.0123025325198212,0.014964011384878,0.0170307602021916,0.0193605300894347,0.02178453828968
"5714",2018-09-13,0.0110575346936043,0.0138269400281577,0.0156758952387994,0.0182064371251069,0.0210236692224381
"5715",2018-09-14,0.0105631599760021,0.013244183795646,0.0150855995041121,0.017689219628069,0.0206840072639675
"5716",2018-09-17,0.0134269009916558,0.0150749909984383,0.0165810636264597,0.0187509114741133,0.0212528277692712
"5717",2018-09-18,0.0124017819408258,0.0146905352626707,0.0162903940086406,0.0185027020309947,0.0210635770980618
"5718",2018-09-19,0.0108869392259485,0.0135619862024682,0.0153807733603852,0.0178235168236625,0.0205233895027156
"5719",2018-09-20,0.0110773995600698,0.0134165190127505,0.0152016966862973,0.01757301098051,0.0202425149649852
"5720",2018-09-21,0.0106925281118498,0.013458711982432,0.0152400201323014,0.0178551856406467,0.0205438450591577
"5721",2018-09-24,0.0119049234717878,0.0142984505346372,0.0160312365357136,0.0181614493876803,0.0207714982556807
"5722",2018-09-25,0.0122532143633075,0.0149340902780911,0.0165604659238589,0.0185693964425024,0.021011619978021
"5723",2018-09-26,0.0129471907148064,0.0154912375905801,0.0169803596885317,0.0189857267183238,0.0213240990576106
"5724",2018-09-27,0.0117738437485124,0.0145486509988568,0.0161325849941528,0.018345368133207,0.020928276260353
"5725",2018-09-28,0.0117777238375563,0.014531929604733,0.0162030508336385,0.0185602474707461,0.0212078875807522
"5726",2018-10-01,0.0114395648426881,0.0144245743586947,0.016039557677114,0.0180959443400476,0.0208591883600235
"5727",2018-10-02,0.0118890779636434,0.0148900515114016,0.0164094279505347,0.0183110685914752,0.0209472327298623
"5728",2018-10-03,0.0116714097981248,0.0147292274836391,0.0162395455466451,0.0182188878787971,0.0208825371970384
"5729",2018-10-04,0.0158441894185911,0.0175535838096629,0.0185026892037972,0.0199233976650596,0.0220081061216577
"5730",2018-10-05,0.0183267775900957,0.0194636824890865,0.020268644766207,0.0214727868419847,0.023198836893118
"5731",2018-10-08,0.0196050066802479,0.0200703838464865,0.0207827600642148,0.0218933585979568,0.0235169273603486
"5732",2018-10-09,0.0198704831760146,0.020403246703983,0.021044708715407,0.0220540646498003,0.0237047013658815
"5733",2018-10-10,0.0376934282110676,0.0321739920223468,0.0309019990122618,0.0292872975329816,0.0281589340850685
"5734",2018-10-11,0.0500981768507882,0.0394789982074921,0.0373635586962665,0.0337410301765045,0.0308352856628284
"5735",2018-10-12,0.0345569181202862,0.0302809322236546,0.0298681489174989,0.0286716379540318,0.0275751367649282
"5736",2018-10-15,0.0347880925273327,0.0310660302536782,0.0307688776352907,0.0294973825164122,0.0283631089692686
"5737",2018-10-16,0.025382454408546,0.0246405198424643,0.0251509411505183,0.0254550157350119,0.0257448758879519
"5738",2018-10-17,0.0248803624445276,0.0247223041632213,0.0253469613762041,0.0256313486481491,0.02584471415186
"5739",2018-10-18,0.0331389764673986,0.0307942178928864,0.0305615867757878,0.0294016201007662,0.0283262796417709
"5740",2018-10-19,0.0315680404654523,0.0303191272124499,0.0303071798490352,0.0295736004864178,0.0283736758820406
"5741",2018-10-22,0.0311431691518768,0.030383608807945,0.030263066624843,0.029563151886091,0.0283755195941108
"5742",2018-10-23,0.0357505148359976,0.0330835325443744,0.0325272929802273,0.0313497219176559,0.0293819431549526
"5743",2018-10-24,0.0544025970802331,0.0452649755837532,0.0419090376622952,0.0384201808744723,0.0337466622598012
"5744",2018-10-25,0.0426282056047622,0.0379199975977421,0.0364886220813554,0.0345071590111301,0.0315664097543663
"5745",2018-10-26,0.0516717821431641,0.0438362731504893,0.0413219242670572,0.0382108751698554,0.0336703690874537
"5746",2018-10-29,0.0505513371245719,0.0447736248144972,0.0421734620505782,0.0384870301185268,0.0335893767170671
"5747",2018-10-30,0.0440192817015419,0.0406646525215574,0.0387053234118367,0.0360045930768142,0.0324836915171949
"5748",2018-10-31,0.0374243644140927,0.0365472116058142,0.0356029820882224,0.033822977083725,0.0311237414388875
"5749",2018-11-01,0.0310998216773578,0.032335448010951,0.0323912959737404,0.0313419520972287,0.0297477419027299
"5750",2018-11-02,0.0324458325078598,0.0337915313988752,0.0337584529824896,0.0326217097720884,0.0306589946908972
"5751",2018-11-05,0.0326737764658651,0.0334197281225898,0.0330159893947935,0.0316136386550191,0.0297353322759096
"5752",2018-11-06,0.0324971336511448,0.0319589726490896,0.0313524189553064,0.0301962693063255,0.0285950165931532
"5753",2018-11-07,0.0222953923060639,0.0243083720127865,0.0250743258595522,0.0255044949439626,0.0256435997347646
"5754",2018-11-08,0.0228795383531201,0.0243937292867818,0.0248972913202346,0.0250803360143815,0.0253631222854745
"5755",2018-11-09,0.0245895728992028,0.0261410113427292,0.0267572177517054,0.0268358685604195,0.0266040473614058
"5756",2018-11-12,0.0348833064858809,0.0331928351791416,0.0327061008407004,0.0312168880704961,0.0292827277823816
"5757",2018-11-13,0.0341669829723669,0.033048271014353,0.0329065236279357,0.031728489486383,0.029743824580595
"5758",2018-11-14,0.0373166433250873,0.035717149799752,0.0354368852718985,0.0337966459114005,0.0311777757449095
"5759",2018-11-15,0.0339926398914981,0.0335544175174514,0.0337148033870926,0.0327358196958837,0.0308421835830285
"5760",2018-11-16,0.029452474442525,0.0299102053466967,0.0307666362216419,0.0307705255063864,0.0294084227794359
"5761",2018-11-19,0.0362998820952863,0.0352220781295467,0.0353898563741302,0.0342567613147634,0.031795480286975
"5762",2018-11-20,0.0429242551840525,0.0407871813214876,0.0402803513248765,0.0382582761135393,0.0346012191767539
"5763",2018-11-21,0.0362932930529027,0.0361824072691952,0.0367595334861161,0.0360218259220126,0.0335687343715991
"5764",2018-11-23,0.0390478110210826,0.0381698448635268,0.0382877324182221,0.0371256192101144,0.0341629968975668
"5765",2018-11-26,0.0306832808473714,0.0318954996307213,0.0328674500156948,0.0330170373477085,0.0316299613932481
"5766",2018-11-27,0.0313518828814816,0.0318214721508812,0.0324326821264317,0.0326098020321114,0.031673595412913
"5767",2018-11-28,0.0298886211252541,0.0297518232198528,0.030170858989444,0.0306277940014194,0.0306677690845355
"5768",2018-11-29,0.0318778157583616,0.0317302066639792,0.0318373483849851,0.0315715116408878,0.0309130284433838
"5769",2018-11-30,0.0301700317509749,0.030147545578276,0.0303666953511652,0.0305343613208556,0.0300143615657498
"5770",2018-12-03,0.023056672976523,0.0251749713444564,0.0260260719635319,0.0270798443553823,0.0276656633075016
"5771",2018-12-04,0.0369876466666188,0.0359296455247332,0.0348862417815003,0.0333592194186166,0.031540714379615
"5772",2018-12-06,0.0381647104066859,0.037345475464636,0.0360162548751042,0.0340775052208548,0.0321369476504811
"5773",2018-12-07,0.0471901357155034,0.0447532244863962,0.0422167673945517,0.0387354686814527,0.0353407761182221
"5774",2018-12-10,0.0432639278915592,0.0422778963323015,0.0406083647683202,0.0381531329003306,0.0352750397051452
"5775",2018-12-11,0.0409204360836488,0.0412860861851261,0.0401628906923583,0.0379949612504177,0.035385719250039
"5776",2018-12-12,0.0385827848949001,0.0397009036729784,0.0389147366137507,0.0376714082964554,0.0354133663044994
"5777",2018-12-13,0.0357278812548744,0.0379312913138641,0.0378197535389827,0.0373278522572668,0.0353041567704809
"5778",2018-12-14,0.0402158855244839,0.0414493832630358,0.0411775564681792,0.0401653643481257,0.037437571213328
"5779",2018-12-17,0.0508710485994339,0.0480150002578685,0.0466939602315046,0.0441107798158314,0.0400742063158478
"5780",2018-12-18,0.0529143164536018,0.0495297527868351,0.047868550907593,0.0445432760849103,0.0399477216191971
"5781",2018-12-19,0.0496815928039679,0.047385141777208,0.046457462927936,0.0444143335436786,0.0401241284675435
"5782",2018-12-20,0.0646186734229268,0.056848856539146,0.0540641247232452,0.0489594358516337,0.0425794013464095
"5783",2018-12-21,0.071319534103245,0.0610100028881249,0.0568949828771063,0.0498265375165859,0.0426658326346318
"5784",2018-12-24,0.100871662521796,0.0773405183080528,0.0672389881247246,0.0568993022475282,0.0460086265469379
"5785",2018-12-26,0.0737569241452341,0.0600450146958515,0.0539847789141093,0.047297431910885,0.039973157270866
"5786",2018-12-27,0.076883725072375,0.0630151876807429,0.0567851967871472,0.0492234452873318,0.0413053240946906
"5787",2018-12-28,0.0680869746539854,0.0590610829212696,0.0542126953237647,0.0476571162580269,0.0403018871748938
"5788",2018-12-31,0.0568469586380698,0.0516184928609531,0.0485526696560432,0.0439307503320877,0.0380647763286536
"5789",2019-01-02,0.0454238096691023,0.0449292667469578,0.0439605577861211,0.0408822575062228,0.0369317164056331
"5790",2019-01-03,0.0545850240764908,0.0507182407374938,0.0489166351539195,0.0446171877486753,0.0390338911182219
"5791",2019-01-04,0.0396798822453394,0.0406473822668105,0.0409641265832536,0.0389932614082922,0.0357949512173038
"5792",2019-01-07,0.0388110055029632,0.039671615439192,0.0397214860561823,0.037795106761977,0.034931888027082
"5793",2019-01-08,0.0355747902976467,0.0371519852784554,0.037809095647363,0.0365572903048087,0.0345392298980338
"5794",2019-01-09,0.0339299601841373,0.0354575551746812,0.0361591775144137,0.0351331625842531,0.0334966200220813
"5795",2019-01-10,0.0324213444309386,0.0342135360912632,0.0352039222241461,0.0347384019698279,0.0333833284218976
"5796",2019-01-11,0.0283992942034055,0.0311008117134462,0.0328849432253487,0.033057941405798,0.0321578643085861
"5797",2019-01-14,0.0294813248519585,0.0312982922136679,0.0326555282697354,0.0326222628336622,0.0317412072117058
"5798",2019-01-15,0.0274235903772837,0.0290998698473802,0.0302167231996465,0.0302552632552476,0.0299648345565847
"5799",2019-01-16,0.0276130681051421,0.02938883752184,0.0303351500387138,0.0300920804192842,0.0295700792623699
"5800",2019-01-17,0.0257807175959589,0.0282932962013517,0.0295129802129051,0.0297989753183367,0.0296343408977162
"5801",2019-01-18,0.025186509171757,0.0276146747193179,0.0286446893205809,0.0286686911872006,0.0286142062528372
"5802",2019-01-22,0.034617000133631,0.0351397310072512,0.034346897839986,0.0328101908787771,0.0309767037205009
"5803",2019-01-23,0.0320313487957341,0.0335395490682283,0.0330847565034098,0.0317699831924358,0.0300852073765051
"5804",2019-01-24,0.0278654358254792,0.0302100248877912,0.0306083690853398,0.03010249080416,0.0293938132069257
"5805",2019-01-25,0.0252183378393675,0.0281454035690285,0.0288646459958322,0.0288769972147222,0.0289785998146354
"5806",2019-01-28,0.0293950638141077,0.0314780397607771,0.0312250545951601,0.0303440635966617,0.0296556416752101
"5807",2019-01-29,0.0303110080379669,0.0317364233709824,0.031419973761179,0.0305025284668522,0.0297545393406095
"5808",2019-01-30,0.0253876221531743,0.0277822591583385,0.0282523649670816,0.0281295651893557,0.028093449658311
"5809",2019-01-31,0.0225695257537742,0.0251542786869383,0.0259808259334781,0.0264582789952804,0.0268921903138986
"5810",2019-02-01,0.0211681576869006,0.0238474272404402,0.0247939464996651,0.0257902493634451,0.0266415382340286
"5811",2019-02-04,0.0199092937434529,0.0226244925323041,0.0235690712478269,0.0247439584286148,0.0258386498481129
"5812",2019-02-05,0.0197465945947987,0.0222454164170429,0.0230369915035047,0.02404831595461,0.0250657501034868
"5813",2019-02-06,0.0196404773827205,0.0222279417513467,0.0230048951802219,0.0240192515202882,0.0251102523147662
"5814",2019-02-07,0.0221231557079205,0.0241562405803889,0.0246691758895871,0.025272463064054,0.0259597471350686
"5815",2019-02-08,0.0204145056490809,0.0230781677136256,0.0239376015462305,0.024950872764736,0.0257407875079037
"5816",2019-02-11,0.0213570002119758,0.0231843867921589,0.0238651432948037,0.0248241950056427,0.0256248403436952
"5817",2019-02-12,0.0196260393305284,0.0217832291520818,0.0226787624088769,0.0238534226821723,0.0248429742504868
"5818",2019-02-13,0.01995458048092,0.0220329039773792,0.022855897041321,0.024056512973568,0.0249250161333044
"5819",2019-02-14,0.021567546694271,0.0233279392196483,0.0239939887795275,0.0250042502886232,0.0257235493183739
"5820",2019-02-15,0.0182533636836645,0.02065302040675,0.0217170411705516,0.0233274768676532,0.0245962823021818
"5821",2019-02-19,0.0184637898153623,0.0206121785991543,0.0216127006672408,0.0230420461982896,0.0241556870962835
"5822",2019-02-20,0.0168900026313205,0.0189623787330694,0.0202431949831485,0.021689718964349,0.0233324778338016
"5823",2019-02-21,0.0176545332204434,0.0191473197122905,0.0204942402925398,0.0219511166764118,0.0233984101544359
"5824",2019-02-22,0.0154814513898321,0.0175263306997015,0.0190607429309521,0.0208797930718279,0.0226812756387582
"5825",2019-02-25,0.0176481789686328,0.0187871109564469,0.0200337150153317,0.0214629790076695,0.0228964397978176
"5826",2019-02-26,0.0181203762151794,0.0193164618572304,0.0206311178248176,0.0219860852211336,0.0232854311192404
"5827",2019-02-27,0.0177928828799089,0.0191071233815416,0.0204143906775323,0.021752727551518,0.0230287727403198
"5828",2019-02-28,0.0183953547861255,0.0194044920728443,0.020720126389468,0.0221123662029502,0.0232428654147047
"5829",2019-03-01,0.0147252356969731,0.0167485939742644,0.0185247690520408,0.0204778895073706,0.0221545217954436
"5830",2019-03-04,0.0175413556131171,0.0184956062081772,0.0198480554622156,0.0215530439509474,0.0227716832802968
"5831",2019-03-05,0.0176068705617891,0.0187744513418244,0.0202066807859091,0.0217807568903695,0.0228627866576127
"5832",2019-03-06,0.0203165668851848,0.0206656449880243,0.0218452001718076,0.0231377766678086,0.0239493822147979
"5833",2019-03-07,0.0233281461178584,0.0227351390824349,0.0234864666286695,0.0245689970277609,0.0252146052802426
"5834",2019-03-08,0.0220498123886685,0.0225854780944113,0.0236585418112741,0.0248144503770943,0.0254154196850075
"5835",2019-03-11,0.0173298964697073,0.0186818877083295,0.020260358579359,0.0221351455265611,0.0237394852385954
"5836",2019-03-12,0.0158361245022196,0.0174608347241729,0.0192800652045465,0.0212739182516783,0.0231659004761881
"5837",2019-03-13,0.0152793068474915,0.0166863044805409,0.0184482666786563,0.0206110851777324,0.0227297319551306
"5838",2019-03-14,0.0151681059034949,0.0166900594437499,0.0184246402246435,0.0204732555779289,0.0225864488349432
"5839",2019-03-15,0.014031433068932,0.0159364792868834,0.0177822683543346,0.0199770964365235,0.0221669401017349
"5840",2019-03-18,0.0151295379353226,0.0167639129428847,0.0184830261320413,0.0203295962499477,0.0222707762785734
"5841",2019-03-19,0.0160040150343318,0.0174042885383982,0.019145468380964,0.0205900382202575,0.0225442479606227
"5842",2019-03-20,0.0166047986414713,0.0180921997539377,0.0196953594270023,0.0209892307090021,0.0228614721321012
"5843",2019-03-21,0.0164942819580425,0.0176414315996766,0.0191753769580644,0.0204435205915954,0.0223580136082506
"5844",2019-03-22,0.0254397427045401,0.024670753949499,0.0249381221482658,0.0248147144613275,0.0250460702579866
"5845",2019-03-25,0.0240198692397463,0.0243272215048119,0.0246865403556796,0.0246776116536462,0.0249214726719607
"5846",2019-03-26,0.0192777914943043,0.020970680310081,0.0220544678381121,0.0228338048682176,0.0237559356434748
"5847",2019-03-27,0.0206596530485748,0.0222041189198493,0.0231230999117618,0.0238190990151621,0.02465563779129
"5848",2019-03-28,0.0183482852938344,0.0204123878032049,0.0216592529479306,0.0228065993064576,0.0240977214109217
"5849",2019-03-29,0.0159314504649949,0.0186517762147869,0.0202259413855649,0.021636013387993,0.023092559065211
"5850",2019-04-01,0.0149249531711674,0.0176860532722467,0.019104165364612,0.0204960657302845,0.0222951938176196
"5851",2019-04-02,0.0144038864568069,0.0176067491878251,0.0191389509503386,0.020509671350053,0.0223367540690298
"5852",2019-04-03,0.0154740567726548,0.0180734763331408,0.0193535136680614,0.0204973211240351,0.0222582285518042
"5853",2019-04-04,0.0149582481424036,0.0174643508318874,0.0188537825582916,0.0203343561683707,0.0222202642065557
"5854",2019-04-05,0.0131880672228868,0.0160595734632808,0.0176462752519809,0.0194418293906562,0.0216180160673442
"5855",2019-04-08,0.0142373182899804,0.0167076237263138,0.0181394434745683,0.0196717397723414,0.0216483426682043
"5856",2019-04-09,0.0167946561387213,0.0188261780078153,0.0200446559670664,0.0211469596340118,0.0226781655626878
"5857",2019-04-10,0.0148074582049791,0.017302682224717,0.0186621303674331,0.0201412371623491,0.0220141392370423
"5858",2019-04-11,0.0143247019119355,0.0167455622668696,0.0182269748643906,0.0199787914669116,0.0219913293352698
"5859",2019-04-12,0.0123296120260228,0.0149988921080545,0.0166308220209172,0.0189046579066977,0.0213565046010879
"5860",2019-04-15,0.0129269238410664,0.0150208400107476,0.0166243534148185,0.0189956709114786,0.0216094761445777
"5861",2019-04-16,0.0127156403218972,0.0149458252448533,0.016557537929483,0.0188527983955146,0.0215169949148171
"5862",2019-04-17,0.0133031567487627,0.0155990767445472,0.0171510000284467,0.019267556769076,0.0217928307368401
"5863",2019-04-18,0.012543744697273,0.0152016532682945,0.0168852825273735,0.0191291238617137,0.0216447275186541
"5864",2019-04-22,0.0130534638845476,0.0155253320405661,0.0173530127574917,0.019372429567601,0.0217469626767618
"5865",2019-04-23,0.0125577753647395,0.0149888324984194,0.0167306217449445,0.0187455756925534,0.0212261728324294
"5866",2019-04-24,0.014111247055398,0.0161466804268456,0.0176642465300692,0.0194327699157871,0.0217665587520114
"5867",2019-04-25,0.0142689818061133,0.0165434599348293,0.0178912316672684,0.0197354422966576,0.0219852010834484
"5868",2019-04-26,0.0129592276415308,0.015631896037747,0.017142172107802,0.0191602333381411,0.0214844513738532
"5869",2019-04-29,0.0139125775212372,0.0163418819621268,0.017714300731286,0.0196498620799993,0.0219572851915202
"5870",2019-04-30,0.0139635711868817,0.0165783494983242,0.0179158718751117,0.0197699724934896,0.0220431289193441
"5871",2019-05-01,0.0171076555376846,0.0188291105738304,0.0198048333470262,0.0212742566827918,0.0230033902414611
"5872",2019-05-02,0.0173111166264228,0.0189607850738635,0.0198457745005297,0.0213668725571161,0.0228978568975725
"5873",2019-05-03,0.0138928191972826,0.0164417661671003,0.0177460912767413,0.0198228760359059,0.0220501797903707
"5874",2019-05-06,0.0192941151916749,0.0199810916846564,0.0205101855435849,0.0215591176437776,0.0230709094682333
"5875",2019-05-07,0.034233883365193,0.0305841599038753,0.0289150485788993,0.0272339808198925,0.0263598090896019
"5876",2019-05-08,0.0333673736362512,0.0296630113084213,0.0280268047092649,0.0264283732225081,0.025665325595478
"5877",2019-05-09,0.0314423733010946,0.0282349731806257,0.026949010664783,0.0257953434020456,0.0253954020166182
"5878",2019-05-10,0.0226370128626309,0.0227501959725895,0.0227967073166786,0.0232232551814031,0.0239095629777121
"5879",2019-05-13,0.0350874083779373,0.031808084424265,0.0302843760221817,0.0283576166390809,0.0269626215582704
"5880",2019-05-14,0.0289690871262482,0.0278897806233429,0.0270757575413824,0.0260924137710939,0.0256270656351465
"5881",2019-05-15,0.024068364190158,0.0246562248982323,0.024495892784594,0.0243293160578115,0.0245626369145932
"5882",2019-05-16,0.0207775240322075,0.0219687213786601,0.0222100939330632,0.0227188566512733,0.0234712287518436
"5883",2019-05-17,0.0224017455751225,0.023210568891719,0.0232675669406297,0.0234898099655378,0.0240014804610772
"5884",2019-05-20,0.0242107730032043,0.0244921867096575,0.0243337066538013,0.0242932590255079,0.0245227244742129
"5885",2019-05-21,0.0200289272655153,0.0214646946547416,0.0218761520845795,0.0224986550113864,0.0233224992829052
"5886",2019-05-22,0.0197250490980001,0.0212420238057426,0.0217271859671379,0.0224536397827526,0.0233319952575766
"5887",2019-05-23,0.0256436450783796,0.0253760872272301,0.0251820360465912,0.0251996277249617,0.0251220660521995
"5888",2019-05-24,0.0234524052883967,0.0243429261775394,0.0245062996567363,0.0248460625799422,0.0250080026561137
"5889",2019-05-28,0.0271811539046879,0.0267087955986267,0.0264366249989173,0.0263321102037755,0.0260181375622302
"5890",2019-05-29,0.0281452395603417,0.0276293358291056,0.0274355222987694,0.0273815932746495,0.0269067680262028
"5891",2019-05-30,0.0270962442224584,0.0270586736857669,0.0270707421668368,0.0272840525624448,0.026800227928301
"5892",2019-05-31,0.0313929756067972,0.0300301907115415,0.0297332187077917,0.0294125437892354,0.0282243018127373
"5893",2019-06-03,0.0322367163553042,0.030198591029533,0.0298126829351611,0.029378045608046,0.0282840351397726
"5894",2019-06-04,0.0259233450597245,0.0256565516726962,0.0258224533847928,0.0260598749560616,0.0258811468722055
"5895",2019-06-05,0.0230863343844181,0.0237781830483893,0.024498726546318,0.025052265803495,0.0252739275884212
"5896",2019-06-06,0.0224398323934993,0.0230223228718129,0.0237611284541514,0.0244809202222418,0.0248429903338594
"5897",2019-06-07,0.0231841725018888,0.0236242126670521,0.0240658769944551,0.0245316743478027,0.0247361010065067
"5898",2019-06-10,0.0228312861259063,0.02330058858403,0.0237187650733829,0.024236112069461,0.0246345222527663
"5899",2019-06-11,0.0229792637089119,0.0236187609503443,0.0240686079261889,0.0246114675551952,0.0250866646746099
"5900",2019-06-12,0.0225465879797801,0.0235123330792644,0.0240472929206194,0.024605671892109,0.0250389072397888
"5901",2019-06-13,0.0223480052606361,0.0231304980175265,0.0235758780959138,0.0241675452939926,0.0245955037561995
"5902",2019-06-14,0.0212107450028054,0.0225453338976847,0.0232108862325566,0.0238993765108198,0.024474015983304
"5903",2019-06-17,0.0214818072019458,0.022600875516091,0.0232508828930262,0.0239212240229534,0.0246632231859857
"5904",2019-06-18,0.0209647941258171,0.0222456265811371,0.0229084791706698,0.0235714496770316,0.0244293167243433
"5905",2019-06-19,0.0185728964489812,0.0205811857429977,0.021603542304387,0.0227258698728336,0.0239543007003519
"5906",2019-06-20,0.0193611029542616,0.0208146791808824,0.0215553401519753,0.022280370144097,0.0234557884538206
"5907",2019-06-21,0.0209540993199859,0.0223901876256857,0.0230670315838668,0.0234489158713712,0.0243180825719963
"5908",2019-06-24,0.0209395621175027,0.0221324853216817,0.0227567844046128,0.0231169139954938,0.0241654365270074
"5909",2019-06-25,0.0234469348333131,0.0241471008273529,0.0244970183389603,0.0246084252366203,0.0251729323594692
"5910",2019-06-26,0.0230726395135057,0.0236973633020948,0.0242180061159794,0.0245397718574027,0.0251614920322322
"5911",2019-06-27,0.0218993341887356,0.0227247511970131,0.0233434494871341,0.0237904947157841,0.0246602046323006
"5912",2019-06-28,0.0209614816691861,0.021514355179926,0.0220718731856381,0.0227100850968545,0.0239385451390463
"5913",2019-07-01,0.0166633304667931,0.0184160076126047,0.0194198756280329,0.020521365615372,0.0224910353265941
"5914",2019-07-02,0.0140954667625772,0.0163300053187676,0.0176945941793303,0.0192890246810919,0.0216715904823637
"5915",2019-07-03,0.0133610065920382,0.0157083505022786,0.0171740502255171,0.0186698286849748,0.0212176023626242
"5916",2019-07-05,0.0143838450001224,0.0164065340321347,0.0177617682555646,0.0190044112491378,0.0212528931658489
"5917",2019-07-08,0.0163800730077555,0.018014708141276,0.0191883322331578,0.0201664769649704,0.0220830842864306
"5918",2019-07-09,0.0167710800917325,0.0182988770755527,0.0194974256598711,0.0204904290607942,0.0223081754246512
"5919",2019-07-10,0.0146602915263261,0.0171462845158535,0.0186050817475577,0.0199765376717346,0.0219371164658964
"5920",2019-07-11,0.0143616565150703,0.0165468751909242,0.0180597259149656,0.019744734098339,0.0218236588047548
"5921",2019-07-12,0.0130399591897537,0.0155785299781267,0.0173856429970707,0.0194359892463038,0.0218040831062152
"5922",2019-07-15,0.0137405692735139,0.0162660737599994,0.0180508544666065,0.0200175947357475,0.0223046460989371
"5923",2019-07-16,0.0140689778129592,0.0166621414789451,0.0184749839743309,0.0203869360317508,0.0225604665926511
"5924",2019-07-17,0.0160425512515276,0.0181909738765892,0.0198346337785617,0.0214589128017753,0.0233535060810645
"5925",2019-07-18,0.0154971380020984,0.0176111730380977,0.0193116182983882,0.0210307765579711,0.0230692042831834
"5926",2019-07-19,0.0170172444691087,0.0187063647584619,0.0202244460117271,0.0217800807851688,0.0237027455005321
"5927",2019-07-22,0.0151489787778802,0.0175655890430179,0.0195110654400395,0.0210146789245371,0.0232062564809286
"5928",2019-07-23,0.0134035486887064,0.0161589755845701,0.018260049188883,0.0199039593198601,0.0223775346902471
"5929",2019-07-24,0.0125478305006755,0.0154177716336476,0.0175661247764705,0.0193516210918703,0.0219559954969603
"5930",2019-07-25,0.0140905660306427,0.0168357981902122,0.0187856482776636,0.0203351577455777,0.0226371688985184
"5931",2019-07-26,0.0123119626407871,0.0153062948992038,0.0174780366867378,0.0191388771922099,0.0217085301077069
"5932",2019-07-29,0.0135031200098039,0.0162435879548698,0.0182121290294784,0.0196926382780562,0.022114752964312
"5933",2019-07-30,0.0157055928428882,0.017946416641109,0.019631980244721,0.0207393335613148,0.0227315407144595
"5934",2019-07-31,0.0199707360870914,0.0214766388466814,0.0227212812233049,0.0232043070070501,0.0242037169058823
"5935",2019-08-01,0.026867861515907,0.0264073932781405,0.0262480902995294,0.0254872363833881,0.0254920220567189
"5936",2019-08-02,0.027776663628665,0.0273973947933758,0.0272008153474325,0.026227137026273,0.0257560582753711
"5937",2019-08-05,0.0466159677643447,0.040304561976445,0.0368010907787058,0.0326813864482691,0.0295756521411052
"5938",2019-08-06,0.0340121142926315,0.0328541750379864,0.0315218254729367,0.0293334326304352,0.0275091864861748
"5939",2019-08-07,0.0323056205420586,0.0321176588067093,0.0310598214696151,0.0292287539525868,0.0275758040378669
"5940",2019-08-08,0.024748998113175,0.026151887539185,0.0261793633114702,0.0255830976343526,0.0253347088019208
"5941",2019-08-09,0.0281832557119652,0.0288209544800608,0.0284853974426417,0.0272241619716146,0.026255565057375
"5942",2019-08-12,0.0371201877170012,0.0355372849103958,0.0338840828778692,0.0309864986552166,0.0284433998142847
"5943",2019-08-13,0.0279950675960475,0.0291860148261625,0.0290899560957495,0.0279274594704291,0.0267211424858689
"5944",2019-08-14,0.0437960762360224,0.0410939407646325,0.0387089689851458,0.0347537838030892,0.0308187728210966
"5945",2019-08-15,0.0400871044042825,0.0387867364661717,0.0370524021592863,0.0340535900706867,0.0307284692535202
"5946",2019-08-16,0.030444308312497,0.0321572967976462,0.0320606066236548,0.0307717357023603,0.028878063002707
"5947",2019-08-19,0.0245677271424802,0.0268859523440151,0.0275086813951387,0.0277256819336455,0.0271380669435891
"5948",2019-08-20,0.0273538678866602,0.0290911191893646,0.0294842128851295,0.0291805572639542,0.0282952520682279
"5949",2019-08-21,0.0229012345949684,0.025492790033253,0.0265325001769459,0.026951513876545,0.0269599102568718
"5950",2019-08-22,0.0247774789552529,0.0269428499986013,0.0275986679705459,0.0278771888150673,0.0276213847336982
"5951",2019-08-23,0.0378663349771766,0.0374532052651876,0.0361907133223464,0.0345519670707903,0.0321033648285962
"5952",2019-08-26,0.0339228697187573,0.0342421886504589,0.0334256873192081,0.0323873584430488,0.0307766127465266
"5953",2019-08-27,0.0360150556152174,0.0360647447888697,0.0350817089200282,0.0336999890950108,0.0317177529576748
"5954",2019-08-28,0.0330189011702933,0.0340667152434933,0.0336248630398196,0.0327120622245205,0.0311118843948729
"5955",2019-08-29,0.0283573386358561,0.0299740153090318,0.0302305602003183,0.0300989614203463,0.0295033755909486
"5956",2019-08-30,0.0297831577224642,0.0309228571958948,0.0309366357626476,0.0307008774168287,0.0300924548059557
"5957",2019-09-03,0.0333606291099393,0.0339161266594206,0.0334934748686624,0.0327791556303569,0.0316458296838421
"5958",2019-09-04,0.0259774091021905,0.0284746271692003,0.0292893357315473,0.0296641063967829,0.0298056352910339
"5959",2019-09-05,0.0218942920114252,0.0250540311557832,0.0263359027305952,0.0273546100110213,0.0281350833709692
"5960",2019-09-06,0.0196819561515521,0.0233909701365338,0.0250641317578877,0.0265452556020183,0.0276160578589553
"5961",2019-09-09,0.0200527931299047,0.0236663114223869,0.0251713621295942,0.0266084304426347,0.0276726136218888
"5962",2019-09-10,0.0196566637862597,0.0231123084905071,0.0247146263055609,0.0263358636696734,0.0275238947583441
"5963",2019-09-11,0.018470934647901,0.0220789134041588,0.0239226009392621,0.0256849236043977,0.0270828865761287
"5964",2019-09-12,0.0176930697390955,0.020984608042646,0.0230075121173217,0.024992782674117,0.0266452074967754
"5965",2019-09-13,0.0168231701609535,0.0204696310591986,0.0227881486685327,0.0249352212778453,0.0266944266824261
"5966",2019-09-16,0.0190578117044822,0.0222265395813822,0.0242614030048084,0.0262187982962146,0.0277309168202013
"5967",2019-09-17,0.0184195014941288,0.022215784518018,0.0244479666157699,0.0264465625697352,0.0279472067341409
"5968",2019-09-18,0.0176082943534286,0.0212319364182172,0.0235697708252432,0.025852297906824,0.0277105036422128
"5969",2019-09-19,0.0173526610265431,0.0210032087604576,0.0233309394044242,0.0256383962453424,0.0274885586892701
"5970",2019-09-20,0.0201798826914609,0.023511431723097,0.0255465364078528,0.0274185350605735,0.0288253440894581
"5971",2019-09-23,0.0200365934248974,0.0234103527587873,0.0254755910016443,0.0270454352288759,0.028898315433971
"5972",2019-09-24,0.0257505199750112,0.0275136360869043,0.0285898390859773,0.0293609607168303,0.0300732130184642
"5973",2019-09-25,0.0221367748392214,0.025040732113681,0.0266893394627603,0.0278685253600506,0.0292634031158028
"5974",2019-09-26,0.0226945702094002,0.0254184966077042,0.0270617611088485,0.0282559801236911,0.0294928500160455
"5975",2019-09-27,0.0260680651026878,0.0279041689638705,0.0290479779507762,0.0298342264228857,0.0305641499457035
"5976",2019-09-30,0.0237985650593725,0.0258230959108923,0.0272783149341146,0.0283940063032205,0.0294924773912305
"5977",2019-10-01,0.0294704851763351,0.0299370120195817,0.0305383225008787,0.0308484937037782,0.0310501449725347
"5978",2019-10-02,0.0368065446136533,0.0357861733032967,0.0351862267807525,0.0342472589959054,0.0331367450593548
"5979",2019-10-03,0.0326701070276008,0.0325683580913858,0.0327371081148913,0.0327542890902218,0.0324865683783134
"5980",2019-10-04,0.025446108696679,0.0270539867869884,0.0281279664247549,0.029222452123702,0.0302797304401351
"5981",2019-10-07,0.0279318949586125,0.0283396740528324,0.0289543342435255,0.0297350601807124,0.0304928822375023
"5982",2019-10-08,0.0366757314173683,0.034775732261984,0.0343579764393638,0.0338258928504865,0.0330364652666299
"5983",2019-10-09,0.0308600849168267,0.030721377261294,0.0311723930341636,0.0316517297663483,0.0317332120109041
"5984",2019-10-10,0.0282116085721471,0.0285845570076139,0.0293214347707681,0.030293810947781,0.030773079750882
"5985",2019-10-11,0.0223781754821617,0.0241899230882805,0.0256983942346538,0.0275492783584248,0.0288643994236813
"5986",2019-10-14,0.0199050554673531,0.0227056744476562,0.024307466348204,0.0265663918146218,0.0282115568897996
"5987",2019-10-15,0.0167170662636972,0.02026469554099,0.0221990740360341,0.024898723162381,0.026967991499491
"5988",2019-10-16,0.0171169209245542,0.0204018204575244,0.0222557580095467,0.0249922555309784,0.0272860452287643
"5989",2019-10-17,0.0168689118207255,0.0201350143626952,0.0219938074847603,0.0246588108151514,0.0270255029840478
"5990",2019-10-18,0.0180270961266839,0.0210860309971973,0.0228667030773499,0.0254415268751138,0.0279625131413674
"5991",2019-10-21,0.0168564966334977,0.0197917456079563,0.0216210216155967,0.0245982861913797,0.0272908239734634
"5992",2019-10-22,0.0177954028368793,0.0206227224434581,0.0226786142227614,0.0249418671255263,0.0276295326120012
"5993",2019-10-23,0.0167355326792911,0.0199792046235139,0.0221383886188735,0.0246007525061634,0.0274874617831588
"5994",2019-10-24,0.015521034243587,0.0191082321086063,0.021370130427235,0.024124257942795,0.0272320984756239
"5995",2019-10-25,0.0138896320411442,0.0177031678275595,0.0202375379052661,0.0232133399952992,0.0265630078847155
"5996",2019-10-28,0.0149800896819264,0.0184614047684538,0.0208768802000287,0.0235959905435243,0.026741069888506
"5997",2019-10-29,0.0154336884308667,0.0188386093341187,0.021285430415134,0.02406429728908,0.0270665083939831
"5998",2019-10-30,0.0137758075735841,0.0177703511382237,0.020382655877855,0.0232332135803058,0.0264094385314706
"5999",2019-10-31,0.0153270263718143,0.0185930421742224,0.021095193090662,0.0239894480747438,0.0269733906850151
"6000",2019-11-01,0.0132144024424116,0.0166749980030107,0.0194750109649489,0.0228389836595419,0.0262165192292146
"6001",2019-11-04,0.0140085790034397,0.017347329357221,0.019941270899856,0.023091156878858,0.0262693228616393
"6002",2019-11-05,0.0147198272843886,0.0181445744504107,0.0206548178537292,0.0236500476045714,0.0267373062838088
"6003",2019-11-06,0.0140253982169595,0.0178549629496231,0.0206462541334716,0.0238205505643176,0.0269976462907077
"6004",2019-11-07,0.014209388928083,0.0179207241837609,0.0206273874402886,0.0238728826277358,0.0271018887679468
"6005",2019-11-08,0.013000900779715,0.016996046855334,0.0199197916264605,0.0232983714889948,0.0267718414188452
"6006",2019-11-11,0.0144021677351675,0.0177789577972119,0.0204959542403679,0.0236857728301833,0.0269801850954953
"6007",2019-11-12,0.0142915739578413,0.0175027255376974,0.0202594963933295,0.0234323946814537,0.0267048294082119
"6008",2019-11-13,0.0148949207215486,0.0179502858792401,0.0206179290870784,0.0235930291249299,0.0266677204717676
"6009",2019-11-14,0.0147192207156563,0.0177622065935722,0.0204397839908251,0.023445181912038,0.0266002460745651
"6010",2019-11-15,0.0125366242896286,0.0158403495662551,0.0187906107513392,0.0221690926898083,0.0257252640285327
"6011",2019-11-18,0.0136932329014351,0.0167091370078493,0.0197493815357717,0.0224409769730989,0.0258693569565024
"6012",2019-11-19,0.0141716609114121,0.0173388860515597,0.0203410398515126,0.0229086956367272,0.0260903428161571
"6013",2019-11-20,0.0145465523359145,0.0178234841466618,0.0208838923936767,0.0234963231910763,0.0267322798138997
"6014",2019-11-21,0.0154925717302838,0.0185697496090065,0.0214274805079175,0.0242791846551781,0.0274186888900925
"6015",2019-11-22,0.0137869284637009,0.0173752933155528,0.0205024184351636,0.0235027791321254,0.0269068858367721
"6016",2019-11-25,0.0124204222735707,0.0161038148504342,0.0192597251223594,0.0222948280994628,0.0259248822928924
"6017",2019-11-26,0.0121864287406944,0.015892477624874,0.0189357516514091,0.0218754857729629,0.0255293082676391
"6018",2019-11-27,0.0121460570068575,0.0159567520222101,0.019013853671184,0.0219109118322015,0.0253943803749934
"6019",2019-11-29,0.0144088151735976,0.0177799009857351,0.0205422998391227,0.0231162004320996,0.0261945876951753
"6020",2019-12-02,0.0192283912362374,0.0217419456761011,0.0233939219204097,0.0253569768276635,0.0275730965945605
"6021",2019-12-03,0.0223340826978383,0.0243110763992036,0.0255451422021439,0.0269804938880402,0.0285514166041692
"6022",2019-12-04,0.0197730202248893,0.0223698632895548,0.0239136791183173,0.0255983081255163,0.0275344254110208
"6023",2019-12-05,0.019099918702758,0.021937830391267,0.0234680516432583,0.0252733954578252,0.0274034078029394
"6024",2019-12-06,0.0163432370627616,0.0197041404624438,0.0216270225032305,0.0238903670220215,0.0266344920564223
"6025",2019-12-09,0.020590396296077,0.0226730447838274,0.0239749254522741,0.0255885584185477,0.0275210579525691
"6026",2019-12-10,0.0210865952588751,0.0229607854834735,0.024210592893468,0.0258051863003764,0.0276687612863404
"6027",2019-12-11,0.0192619373779518,0.0219287136033434,0.0234421966960847,0.0252404831327567,0.0272460660765222
"6028",2019-12-12,0.0161557592190001,0.0193008124801496,0.0211361580954006,0.0234004673193585,0.025971328681993
"6029",2019-12-13,0.0132602564706227,0.0168700521244242,0.0192902159069946,0.0220254567093214,0.025155807400485
"6030",2019-12-16,0.0126856082290214,0.0162193546325399,0.0186305273004121,0.0212094429643273,0.0246217190989599
"6031",2019-12-17,0.0125590253607138,0.0161709427007838,0.0186406353578597,0.0213315519974804,0.0245536396875045
"6032",2019-12-18,0.0132412665258224,0.0168362121922324,0.0191488055832707,0.0216620968250018,0.0246255085376785
"6033",2019-12-19,0.0125886950894076,0.0162629266405218,0.0187117331570938,0.0212545900164395,0.0243484700001328
"6034",2019-12-20,0.0126600744986112,0.0163589223998364,0.0188734235619576,0.0212719971112522,0.0243596027158621
"6035",2019-12-23,0.0133269793500019,0.0171275560985554,0.0197343797349596,0.0218138989997688,0.0246927665551805
"6036",2019-12-24,0.0132882385650817,0.0170963429927552,0.019712997285101,0.0216600036087764,0.0245902546944855
"6037",2019-12-26,0.0129655133077821,0.0168849109326144,0.0195269232195416,0.0213788746186339,0.0243626286752254
"6038",2019-12-27,0.014843279160977,0.0182239829462846,0.0205682353147115,0.0222247407937397,0.0247902438698402
"6039",2019-12-30,0.018566413005773,0.0210654310601368,0.0227380769868971,0.0238757110494434,0.0258768357017891
"6040",2019-12-31,0.016275355955543,0.0190222954570804,0.0209333715475399,0.0224176798292521,0.0250534353757402
"6041",2020-01-02,0.0131245973417763,0.0168609747337696,0.0188971449062351,0.0207589215989011,0.0238181291169069
"6042",2020-01-03,0.0168547621730841,0.0196700655216764,0.0211919596165168,0.0224726396236116,0.0250610367584136
"6043",2020-01-06,0.0160108676039635,0.0190514845412349,0.0206026297549621,0.021964484106478,0.0245176790025156
"6044",2020-01-07,0.0161541199665319,0.0190819286289083,0.0206289030821724,0.0220178504583235,0.0244559061936955
"6045",2020-01-08,0.0162463075964476,0.0187612679021389,0.0201069026997125,0.0214116461638784,0.0240021077156373
"6046",2020-01-09,0.0135357161985796,0.0167764178949269,0.0182955163632032,0.020213072135654,0.023022239277164
"6047",2020-01-10,0.0136113629202918,0.0169196311164578,0.0183427864405179,0.0201860555586221,0.0230892851752745
"6048",2020-01-13,0.0130337266176705,0.0163554991201045,0.0176412770525817,0.0194474442304975,0.0224548491512236
"6049",2020-01-14,0.0134869965943997,0.016598605124019,0.0178695128138947,0.019635389938079,0.0224984282079802
"6050",2020-01-15,0.0131942333352476,0.016447228873536,0.0177031267730865,0.0194272991805407,0.0223632490926655
"6051",2020-01-16,0.0126447825726052,0.0158154872471949,0.0170507211561574,0.0188300850828302,0.0218332035249877
"6052",2020-01-17,0.0123395506849344,0.0155441094483143,0.0168897249230771,0.0187844980896812,0.0216348812642316
"6053",2020-01-21,0.014445594625571,0.017036088131935,0.0180844766049308,0.0196096160131806,0.0221554363726205
"6054",2020-01-22,0.0145321527249431,0.0171717517358049,0.018260305233239,0.0198289647319973,0.0223674534600252
"6055",2020-01-23,0.014933355235897,0.0174311491526045,0.0183639097605297,0.0199976278289489,0.0223599410132383
"6056",2020-01-24,0.0191170357114788,0.0206921600580479,0.0210790449814085,0.021905699840393,0.0236589335005434
"6057",2020-01-27,0.0279589862515822,0.0273136551800466,0.0262749883562419,0.0253532530297862,0.0257214314339714
"6058",2020-01-28,0.0234382667674806,0.0239563154599841,0.0236590142521097,0.0235211481718627,0.0245785008678131
"6059",2020-01-29,0.0236500888931481,0.0238941764324402,0.0235729548513106,0.0234620575609931,0.024484915103446
"6060",2020-01-30,0.0215550131508893,0.0224642657214571,0.0225588583328874,0.0227031694669392,0.0238714842280452
"6061",2020-01-31,0.0296279333683503,0.0285877784613929,0.0274023628647651,0.0259923996299163,0.025849656779492
"6062",2020-02-03,0.0270162578657852,0.0265345225837363,0.0257550367950579,0.0250294977242089,0.0255100066625617
"6063",2020-02-04,0.0216673120782921,0.0221817809329329,0.0221559352888266,0.0224542605598931,0.0238324102086932
"6064",2020-02-05,0.0189592621131803,0.0201041550996628,0.0204784679278424,0.0212210335414653,0.022925995532907
"6065",2020-02-06,0.0180114331219858,0.0191170473718786,0.0197511877730396,0.0208595826027116,0.0226851785500843
"6066",2020-02-07,0.0198420467028418,0.0205638375003406,0.0210147773521665,0.0219280467551689,0.0235270556984987
"6067",2020-02-10,0.0190615526569416,0.0198219353683921,0.0203743708658632,0.0213606684060942,0.0230627217919925
"6068",2020-02-11,0.0191283782164085,0.019884460412889,0.0205133135183455,0.021584235559069,0.0231874181617446
"6069",2020-02-12,0.0160440125508966,0.0177139800370092,0.018817286153231,0.0204854774962297,0.0224665174448273
"6070",2020-02-13,0.0173507135691628,0.0188704197981076,0.019675341479283,0.0211631305766902,0.0228327361132087
"6071",2020-02-14,0.0159220975669123,0.0179481250749568,0.0189700932571813,0.0207039188749791,0.0225546693539624
"6072",2020-02-18,0.0181098634427067,0.0195067699557773,0.0202243195964809,0.0216310649916214,0.0230739172369574
"6073",2020-02-19,0.0172712353435596,0.0187111604398588,0.0195449062268482,0.0213856930250003,0.0229703563588021
"6074",2020-02-20,0.019302561499356,0.0202950742809191,0.0208815985688019,0.0222620784012571,0.0236313752520696
"6075",2020-02-21,0.0248993148516874,0.0246990565917027,0.0245478064150429,0.024776949709915,0.0252821050485105
"6076",2020-02-24,0.0503014795956118,0.0410174699221381,0.0363894263690041,0.0324738290075751,0.0297884781479642
"6077",2020-02-25,0.0644953860127016,0.0518007710918801,0.0446827682362572,0.0385301132026954,0.0336272181425759
"6078",2020-02-26,0.0596893417259105,0.0489934876569577,0.0428677180338064,0.0374782659965793,0.0331446689102731
"6079",2020-02-27,0.112581045450895,0.0812819134777066,0.0656016187554705,0.0514590876320178,0.0412141783215459
"6080",2020-02-28,0.151366307701378,0.103750160105862,0.0797764242131243,0.0595757420447181,0.0447985460182251
"6081",2020-03-02,0.0805153341797644,0.0668639917260722,0.056650804101673,0.0455768240477925,0.0374786541379595
"6082",2020-03-03,0.114604410529026,0.0888432023979318,0.0729993686321359,0.0561426541215599,0.0434774442848215
"6083",2020-03-04,0.0771356098885379,0.0670029945006332,0.0581365965273169,0.0475721574478113,0.0390995736215449
"6084",2020-03-05,0.125611113615643,0.101380123911562,0.0845908569442966,0.0648419845756271,0.0495932918926282
"6085",2020-03-06,0.133679555977975,0.114343806975607,0.0971582052100882,0.0750963377587103,0.0578657506550326
"6086",2020-03-09,0.236528577970041,0.187415981523847,0.154096142552341,0.111025557814713,0.0779832476066075
"6087",2020-03-10,0.174890960341186,0.147981437490037,0.12390764001071,0.0915081412201555,0.0661008153341929
"6088",2020-03-11,0.230268604888413,0.188716230947809,0.157235344997897,0.114024875883171,0.0793551218163972
"6089",2020-03-12,0.434315831564395,0.320984599193884,0.253701158421856,0.171675792200754,0.113588755962203
"6090",2020-03-13,0.238971057716597,0.200479867463894,0.165756913208034,0.117536483840814,0.0825341002674036
"6091",2020-03-16,0.555052856919487,0.444717241451832,0.352464234926936,0.226452835295006,0.1426894670148
"6092",2020-03-17,0.437916878446213,0.361904389741871,0.292057850337142,0.197509129844417,0.126670299172235
"6093",2020-03-18,0.484354751873889,0.421176676444103,0.34862681887748,0.235386041192193,0.161547497133191
"6094",2020-03-19,0.415361077192104,0.339842278431728,0.278771441154165,0.192460299253652,0.13265077321714
"6095",2020-03-20,0.353492980260148,0.30293672961209,0.252051555450442,0.17593462102241,0.119740870554779
"6096",2020-03-23,0.309697389853341,0.244067936255505,0.195872684782144,0.140517483795247,0.0985324390766664
"6097",2020-03-24,0.301707049059794,0.22281653311607,0.172233395153528,0.120076396429139,0.082464838144045
"6098",2020-03-25,0.350469889883644,0.257564131428409,0.199724470963637,0.141872835783685,0.0949507094618972
"6099",2020-03-26,0.295094011889337,0.214282443128369,0.165787986148693,0.117482389797347,0.0817100710713003
"6100",2020-03-27,0.332633326840299,0.245766524472875,0.190397756891139,0.134768598220501,0.0934861830932168
"6101",2020-03-30,0.251198086748889,0.199342797314799,0.165625457163204,0.121536098004794,0.0868697151143007
"6102",2020-03-31,0.21782497517055,0.175289257099766,0.150494624149954,0.117402773148703,0.0862627154106002
"6103",2020-04-01,0.262672687351218,0.211148412120303,0.18243923313967,0.14036608778488,0.101780932127248
"6104",2020-04-02,0.211413991606949,0.179062293301702,0.157541926347472,0.123993493522955,0.0925502772913439
"6105",2020-04-03,0.185153324772896,0.16197528905781,0.146237701096999,0.119127612485659,0.0909310074027597
"6106",2020-04-06,0.159377323033109,0.136556105961387,0.125944480229082,0.103831617260706,0.0792961294445089
"6107",2020-04-07,0.174830016345231,0.146120614391057,0.133710482336924,0.107482536522193,0.0808744452255062
"6108",2020-04-08,0.15432441803443,0.134654126956587,0.126061037254545,0.103604174038357,0.0781325558913745
"6109",2020-04-09,0.14453902893352,0.127293838680021,0.1198203606079,0.0991570738711766,0.0758629187563129
"6110",2020-04-13,0.14657024552535,0.12839744479572,0.120765199261777,0.100097024608885,0.0768937215443119
"6111",2020-04-14,0.12191410580448,0.108729927726709,0.104115653897601,0.0896781029679316,0.0710438215356292
"6112",2020-04-15,0.139528477693681,0.124947600539078,0.118708898791606,0.100473880628335,0.0783587094623205
"6113",2020-04-16,0.133932142230599,0.122489677196394,0.11710948838853,0.0999807153093183,0.0783134656655999
"6114",2020-04-17,0.11813384363579,0.110880162292132,0.106957939191928,0.0931540419651892,0.0739538719099682
"6115",2020-04-20,0.149706949988668,0.134344757047459,0.125898271606338,0.105300507808128,0.0811281960629411
"6116",2020-04-21,0.169626022432704,0.153351096441233,0.143669536945702,0.119726304828888,0.0914772590028904
"6117",2020-04-22,0.141330640514726,0.132825032962059,0.126911029844435,0.109557365954032,0.0860822094416697
"6118",2020-04-23,0.133503452806846,0.129479313345957,0.124390791319167,0.109761626805624,0.0868099546605745
"6119",2020-04-24,0.10347930827331,0.109954206859788,0.10920762575026,0.0996142303140639,0.0807024762761792
"6120",2020-04-27,0.0892296277002725,0.094644857045818,0.0950061044318636,0.0886438259225906,0.0737900776759614
"6121",2020-04-28,0.0951170049307868,0.0977529540398973,0.0963631730468632,0.0887580083059726,0.0731072668074382
"6122",2020-04-29,0.0805950226334295,0.0851942930265232,0.0847497044307781,0.0794829830497747,0.0671747705608634
"6123",2020-04-30,0.0923106328114668,0.0938579494099307,0.0915026734803554,0.0847719078863045,0.0707675150156169
"6124",2020-05-01,0.111654146779331,0.111053226761326,0.106341770487827,0.0965349958069427,0.0790999283934703
"6125",2020-05-04,0.101765581343692,0.10367522606181,0.100658588311482,0.0929699193727472,0.0767935750151261
"6126",2020-05-05,0.0899186289512645,0.0944691126097689,0.0932347582055117,0.0881794243950645,0.0745291253626906
"6127",2020-05-06,0.0934402930657359,0.0970117205451316,0.0948810451686207,0.089445551918277,0.0756314836971368
"6128",2020-05-07,0.08396706819107,0.089945179070833,0.0894401507667344,0.085642364549634,0.0730531738395033
"6129",2020-05-08,0.0659751863532092,0.0748376635365383,0.0766563153197403,0.0759643432533179,0.0668779460927152
"6130",2020-05-11,0.0630060408309186,0.0687299427708847,0.0704882512203262,0.0710299429442262,0.0633783299436055
"6131",2020-05-12,0.0837621564043554,0.0845150236776535,0.0830334261342388,0.0799940528557121,0.0689849300581714
"6132",2020-05-13,0.100610787062796,0.0993730180116355,0.0957304474364685,0.0901727673868995,0.0754638416011238
"6133",2020-05-14,0.0890383543220875,0.090416014133975,0.0887273677513603,0.0856804786998279,0.0726935305490898
"6134",2020-05-15,0.0812511649991499,0.0839938982376798,0.0836451908209321,0.082087704190004,0.0709518227089355
"6135",2020-05-18,0.0705161840120656,0.0730486693819018,0.0733747208420261,0.0725505781716792,0.0637687735834448
"6136",2020-05-19,0.077735153710369,0.0786508100335411,0.0773308445749547,0.0751940459592077,0.0653956871125609
"6137",2020-05-20,0.0664171085186394,0.0693523820089069,0.070135432005642,0.0698705275835851,0.0619346538897741
"6138",2020-05-21,0.0709888308630579,0.0741270785527359,0.0746754356768256,0.0739121333975135,0.0648508550439969
"6139",2020-05-22,0.0666567800198094,0.0720143926921581,0.0732763379237477,0.0730088517785761,0.0641451452276977
"6140",2020-05-26,0.065859514128607,0.0692671078156663,0.0701810477774151,0.0696670377181529,0.060957740699072
"6141",2020-05-27,0.0610936434067131,0.06455312050251,0.0654655397439017,0.065341394636958,0.0577261789832281
"6142",2020-05-28,0.0676776085146113,0.0701825159029642,0.0701796765209892,0.068714099819761,0.0597974704843412
"6143",2020-05-29,0.061390878230671,0.0660937726150392,0.0671617141472478,0.0664545306422308,0.0583667407885313
"6144",2020-06-01,0.0639502775518193,0.0680840744305362,0.0684214264166847,0.0671741061317912,0.0584292618376828
"6145",2020-06-02,0.0569467893853609,0.062881408789395,0.0644007035129914,0.0642241684887487,0.0564612146093008
"6146",2020-06-03,0.0525753975582663,0.0592719292945584,0.0613574705805235,0.0619841088325949,0.055121074122322
"6147",2020-06-04,0.0536711589079775,0.0590665479246851,0.060875493661128,0.0618719422678101,0.0555222040301335
"6148",2020-06-05,0.0473095495629503,0.0517427909040721,0.0535762340285546,0.0554215784880964,0.0505821214447676
"6149",2020-06-08,0.0546853900798616,0.0564471110981683,0.0566380511064336,0.0570549602621965,0.0511234913444837
"6150",2020-06-09,0.0622211983790755,0.064147929841356,0.0636219437638436,0.0626044813733736,0.054947576726317
"6151",2020-06-10,0.0620857625233769,0.0639027522461938,0.0636927155279246,0.0632249500151605,0.0550987032188444
"6152",2020-06-11,0.130837776953107,0.11818604006528,0.110130430556644,0.0958377308298979,0.0748138696509374
"6153",2020-06-12,0.101351448356905,0.0996539103180116,0.0952702693966368,0.0846855126706178,0.0701133614677564
"6154",2020-06-15,0.0983467753543462,0.0959307227524281,0.0918492119857532,0.0824522895566947,0.0674472389312539
"6155",2020-06-16,0.0943370972555264,0.0917568117518675,0.08814751046028,0.0802294860188178,0.0664031988383776
"6156",2020-06-17,0.0915156883366197,0.090792966829103,0.0879724815831949,0.0814075598493619,0.0676926871639538
"6157",2020-06-18,0.0854185082850474,0.0873513629318053,0.0857179763593778,0.0810502041527304,0.0674764960218851
"6158",2020-06-19,0.0866139354995027,0.0893228052024437,0.0873369606804685,0.0828976393179707,0.0690245418891552
"6159",2020-06-22,0.0799809908518799,0.0819691713833792,0.0809372289278035,0.0777487735652415,0.0652652059727518
"6160",2020-06-23,0.0770903855358372,0.0789146195603487,0.0781569650272882,0.0751313347223106,0.0633539401375914
"6161",2020-06-24,0.0943942656760991,0.0918477309343379,0.089294923137589,0.0836085642181447,0.0691629062825513
"6162",2020-06-25,0.080065485398652,0.0820384012964602,0.0812399821835677,0.0777766773011795,0.0656354607579652
"6163",2020-06-26,0.0958624567445634,0.0937567637808484,0.0912269124648362,0.085382055344197,0.0704907298230189
"6164",2020-06-29,0.0794897591758088,0.0812112181425448,0.0806172248378268,0.0773501593982896,0.0651912825605299
"6165",2020-06-30,0.0682107176194559,0.0711935253553399,0.0717373173581021,0.0709161761108752,0.0604694201191441
"6166",2020-07-01,0.0626523212677965,0.06783231940457,0.0693199634016582,0.0691413745634409,0.0592238134255906
"6167",2020-07-02,0.0593720252376898,0.0657521863635225,0.0678814650802968,0.0676770540673251,0.0581208649198136
"6168",2020-07-06,0.0609248611031677,0.0652783217241766,0.0670138137300989,0.0664073101320434,0.056957956034554
"6169",2020-07-07,0.067919086804821,0.0707095423278154,0.0716757442933384,0.0699845387240804,0.0590519578170314
"6170",2020-07-08,0.0616824602770836,0.0659938452341196,0.0679051537863435,0.0678657659650238,0.0578761944727856
"6171",2020-07-09,0.0671916537246137,0.0699976788669834,0.0716261255563859,0.0706113909366059,0.0592624003585905
"6172",2020-07-10,0.0600217469543836,0.0650476871224513,0.0676060487478872,0.0680112022626712,0.0573075714345565
"6173",2020-07-13,0.0800450622721761,0.0805030826826265,0.0811998494062814,0.0779606967336239,0.0634013643498171
"6174",2020-07-14,0.0679390863968213,0.0704854558149018,0.0721932232385806,0.0710034870586931,0.0592754201387034
"6175",2020-07-15,0.062262773416743,0.0669293556897661,0.0696122236267838,0.0694476765346846,0.0581834265354372
"6176",2020-07-16,0.0603185835391859,0.0651524797587223,0.068288256855553,0.0687802331689398,0.0576451077314848
"6177",2020-07-17,0.0529102294494766,0.0593872297935628,0.063599187763132,0.0656781036272255,0.0558942738349866
"6178",2020-07-20,0.0488866489404715,0.0547870550275768,0.0596725006845887,0.0612858935730707,0.0526864254552762
"6179",2020-07-21,0.0514589278438162,0.0563614509741483,0.0611268322391493,0.0626051083633134,0.053981658911901
"6180",2020-07-22,0.0472904274662294,0.0534771625411436,0.0588460909801621,0.0606192415050782,0.0525045514940808
"6181",2020-07-23,0.0543578692075273,0.0587448668567757,0.0634194583555698,0.0640218107646168,0.0547470209685899
"6182",2020-07-24,0.0529530246786762,0.0594782859001881,0.0649536827575609,0.0658558473743173,0.0563334689005872
"6183",2020-07-27,0.0485187566955098,0.0560233099109829,0.0625835787916367,0.0635902796020702,0.0549090220608844
"6184",2020-07-28,0.0516109894595757,0.0581783901593723,0.064562582001204,0.065125817574857,0.0564379395925952
"6185",2020-07-29,0.0453368758636556,0.053910419710251,0.061348569048428,0.0627904707364039,0.0551502256689676
"6186",2020-07-30,0.0498338140922554,0.0582743489187175,0.0651639027830618,0.0657345559002983,0.0569450677527224
"6187",2020-07-31,0.0442946349536816,0.0546237976132211,0.0625192173652018,0.0635689574649478,0.0554998963825138
"6188",2020-08-03,0.0461918689244283,0.0555051341470403,0.062525358420869,0.0630615450244546,0.0548364127602607
"6189",2020-08-04,0.0439011272261969,0.0532231235152048,0.0601701300276707,0.0608905748459197,0.0537040224206953
"6190",2020-08-05,0.0410900512157832,0.0509990737878357,0.058322207644956,0.0594646929970702,0.0528305117456158
"6191",2020-08-06,0.0397385663052394,0.0493609765852739,0.057359313763407,0.0587780819527848,0.0524655400026721
"6192",2020-08-07,0.0389261747665752,0.0491394885133897,0.0575938890269093,0.059071732416727,0.0527000824322003
"6193",2020-08-10,0.0398869706853795,0.0492341418606376,0.0575146055888821,0.0585032255740774,0.0523869022765974
"6194",2020-08-11,0.0482974794456271,0.0563753780758915,0.0628470904594805,0.0623628218132612,0.0547473754144386
"6195",2020-08-12,0.0401976525132728,0.0500702113175561,0.0577934924067638,0.0585087151496733,0.0523946838842403
"6196",2020-08-13,0.0401773082466264,0.0501196625891322,0.0582961227616718,0.0592175184499666,0.053415593824793
"6197",2020-08-14,0.0390473022376783,0.0499065435277001,0.0578239471998703,0.0596928266550227,0.0543429643880025
"6198",2020-08-17,0.0380952622246659,0.048253558241549,0.055751415286686,0.0575232297198405,0.0529130791810504
"6199",2020-08-18,0.037603331395352,0.0473955523681451,0.0545307367747622,0.056389684213906,0.052281251343799
"6200",2020-08-19,0.0405877217296882,0.050114952241628,0.0570733226053682,0.0585385801316069,0.0537495453653703
"6201",2020-08-20,0.0395338858255456,0.0492324530852767,0.0563982130698198,0.057688216892856,0.0531579454414403
"6202",2020-08-21,0.0379033774106433,0.0483599334623604,0.0557433204820372,0.0574522024065175,0.0531819828103027
"6203",2020-08-24,0.0377508335092226,0.0477008501708138,0.0559388569943055,0.0571168212270705,0.0525027369937932
"6204",2020-08-25,0.0369789940503933,0.0471931087799489,0.0557177443565267,0.0567760671277271,0.0521883758344987
"6205",2020-08-26,0.0410035409750641,0.0503465570120185,0.0586423048968507,0.058686284226517,0.0530037435871561
"6206",2020-08-27,0.0444150750317413,0.0533253424785099,0.0616341632448534,0.0607676261982139,0.0541961550261903
"6207",2020-08-28,0.0390061193945051,0.0500149805601341,0.0596983850071715,0.0594176343686676,0.053290899004028
"6208",2020-08-31,0.0500659372329661,0.0605254676745351,0.069255884440713,0.0661829067363366,0.0574434672981182
"6209",2020-09-01,0.0495750070106147,0.0613847483863411,0.0703404433195818,0.0664524604160359,0.0576516653240338
"6210",2020-09-02,0.0533006087468685,0.0663314575272882,0.0765154927702804,0.0712618995572352,0.0605179290231677
"6211",2020-09-03,0.0812414146097677,0.0869816213325567,0.0917061149597106,0.0815956535954299,0.0663795754084809
"6212",2020-09-04,0.0698125564773859,0.0760362314232614,0.0820673426486464,0.0748079023992465,0.0628200289570611
"6213",2020-09-08,0.0785333020299634,0.0809990186833983,0.0821764768227409,0.0740963297431224,0.0624919192202632
"6214",2020-09-09,0.0663134084986844,0.071921092050692,0.0743508320524472,0.0687135552416955,0.0589524472544986
"6215",2020-09-10,0.0716990928882759,0.0766619876090263,0.0779611808565286,0.0715043725023179,0.0610154320228151
"6216",2020-09-11,0.0597735214314546,0.068300856890505,0.0710078429018761,0.066733201712353,0.0589919832480654
"6217",2020-09-14,0.0557294397252152,0.06495524173458,0.0676900964125646,0.0645424358008748,0.0575358816487735
"6218",2020-09-15,0.0546330920695672,0.0646494963329582,0.0673038041194565,0.064537319262672,0.0573996957587852
"6219",2020-09-16,0.0556889154180821,0.0656358357846576,0.0681770037186987,0.0653194642318785,0.0581933365407713
"6220",2020-09-17,0.0573636107385689,0.0672221846794578,0.0694183796313597,0.0669273503301813,0.0595350050267034
"6221",2020-09-18,0.0550014434162966,0.0662189549185264,0.0687124277692691,0.0671042840334975,0.0600794759924339
"6222",2020-09-21,0.0628820974493835,0.0728542649519655,0.0737458265217754,0.0701418404111049,0.0613248336237463
"6223",2020-09-22,0.0582735083311923,0.0723140780324649,0.0743447032080237,0.0708019613401346,0.0611904103583628
"6224",2020-09-23,0.0695423786105178,0.0820631715089294,0.0822940180791933,0.0761803777406874,0.0646337638204144
"6225",2020-09-24,0.0674587920617552,0.0799402533076501,0.0808836905995441,0.0754201046557093,0.0639550860451537
"6226",2020-09-25,0.0577514032898545,0.0736603371959656,0.075835025498766,0.0716085663521753,0.0615773597877121
"6227",2020-09-28,0.0607728543849731,0.0747938498040232,0.0760050587852044,0.0708606255136707,0.0606823482429547
"6228",2020-09-29,0.0625638153073126,0.0744987780986381,0.0748765676284325,0.0699865755390143,0.0597893126370015
"6229",2020-09-30,0.06099726183536,0.0745353431990314,0.0750128306912679,0.06967466218376,0.0595761738594795
"6230",2020-10-01,0.0635782543902952,0.0758523150489195,0.0764555919544639,0.0710458161693658,0.0609789215078899
"6231",2020-10-02,0.0659794269128659,0.0790007935493142,0.0792908364839766,0.073485248588642,0.0625527495819364
"6232",2020-10-05,0.0651812443668111,0.0744070393186569,0.074541099590306,0.0699469141959197,0.0602136970714912
"6233",2020-10-06,0.0702712328493607,0.0765773821013564,0.0767410341876011,0.0719421739279362,0.0615733410146247
"6234",2020-10-07,0.063200858242493,0.0705028008170317,0.0710967241254118,0.0673966974503022,0.0592348179668037
"6235",2020-10-08,0.0565910412444892,0.0637776701757692,0.0655045385345544,0.0636368708765731,0.0569209656030324
"6236",2020-10-09,0.0508754596127089,0.0572824300310311,0.0591921681729097,0.0585414818836146,0.0542095953830592
"6237",2020-10-12,0.053315589443828,0.057131878338527,0.0582390887273759,0.0572341093757799,0.0530926737452219
"6238",2020-10-13,0.0571042854446965,0.0592144563286435,0.0596256891139105,0.0579633227022722,0.0536650057403666
"6239",2020-10-14,0.0589695228854283,0.0594761745860743,0.0593653969085858,0.0575387606740429,0.0532559329124112
"6240",2020-10-15,0.0617706180753223,0.0618591817423461,0.0610352666540532,0.0585270368562422,0.0534821375388597
"6241",2020-10-16,0.0618691675198806,0.0625350196798091,0.0617288019416232,0.0593935528436879,0.0545930771024886
"6242",2020-10-19,0.0727772297877598,0.0709677611568597,0.0685123391034641,0.0645113517979166,0.0581151108919938
"6243",2020-10-20,0.0728200007570348,0.0703363141347024,0.0677243634058667,0.0636655403179832,0.0574858202837976
"6244",2020-10-21,0.0704079905863495,0.0683251200175168,0.0657422145649013,0.0618695192734965,0.0562404720903141
"6245",2020-10-22,0.0665971539553357,0.065455221547843,0.0631373657247493,0.0597172487257889,0.0545215944107303
"6246",2020-10-23,0.0630974745373387,0.0636035883433331,0.0616997435392321,0.0585179903579577,0.0532005303787519
"6247",2020-10-26,0.0893731163754899,0.081716166266212,0.0745253893681714,0.0672118807111211,0.0579367864103253
"6248",2020-10-27,0.0904810687036261,0.0827249033409044,0.0752128823324065,0.0675043561803987,0.0575945405823956
"6249",2020-10-28,0.133345866503053,0.114251517157583,0.0990213928731564,0.0845000066766752,0.0657469318732098
"6250",2020-10-29,0.108469626364468,0.0957437219393992,0.0856363302727591,0.07542410778332,0.0617130547044898
"6251",2020-10-30,0.116400353193496,0.103425229882075,0.0920515549384271,0.0801976847867734,0.0634774867382373
"6252",2020-11-02,0.107247786495147,0.0946287697005644,0.084352691703903,0.0737632774895163,0.0597906586362611
"6253",2020-11-03,0.0938868184013686,0.083711195316366,0.0757793994824332,0.0675321946471873,0.0565982204019543
"6254",2020-11-04,0.0711128527570795,0.0682445887210532,0.0645761947315079,0.0598876038987063,0.0524600487856609
"6255",2020-11-05,0.0637606525679023,0.0643102297775748,0.0628170925759857,0.0589515431397357,0.0526521121843588
"6256",2020-11-06,0.0520338018495066,0.0560059330570477,0.0572063145410769,0.0552176216654865,0.0506545648554004
"6257",2020-11-09,0.054229288354845,0.0546439713534144,0.0545987347422166,0.0523995817364111,0.0484335486989709
"6258",2020-11-10,0.0515487733119093,0.0530482716148059,0.0532652695649746,0.0515442337250756,0.0479949745715693
"6259",2020-11-11,0.0461710383089563,0.04915055406633,0.0500044681185768,0.0492660139422628,0.047400972011772
"6260",2020-11-12,0.0537164498128536,0.0555150234978706,0.0554469795903978,0.053514053069285,0.0499320812295128
"6261",2020-11-13,0.0444996357942518,0.0486127542620262,0.0502439735656141,0.0496231526227376,0.0475529031413343
"6262",2020-11-16,0.042687187639911,0.0474723558650817,0.0494601077789586,0.0493343856802047,0.0477412923873695
"6263",2020-11-17,0.043107974888502,0.0475699203349455,0.0493676915436538,0.0492188794993525,0.0478133902298844
"6264",2020-11-18,0.0454738436830222,0.0501151139500565,0.0517641709706712,0.0511602571913162,0.0489620544839743
"6265",2020-11-19,0.0430276712895389,0.0479558455609232,0.0498746061624449,0.0496449956132483,0.0477436868336438
"6266",2020-11-20,0.0453332526258118,0.0495775455923735,0.051032273762769,0.0506635364765417,0.0486614673296425
"6267",2020-11-23,0.0422328348422931,0.0470591376627769,0.0489240957128329,0.0489878598047369,0.0477367688912022
"6268",2020-11-24,0.0389440718837374,0.0443486188230469,0.0468019270857367,0.0472015145526044,0.0463948110588504
"6269",2020-11-25,0.0375016051657817,0.042510141359283,0.045312515985772,0.046173318110757,0.0458935910493069
"6270",2020-11-27,0.0368391393654615,0.0426284788060128,0.0454311382824271,0.0462436890559142,0.0459387665759367
"6271",2020-11-30,0.0377797508547747,0.0431299560269591,0.0454625120504583,0.0462462471994972,0.0458284554815791
"6272",2020-12-01,0.0380234934945296,0.0438149040451242,0.0458296563462284,0.0465297860229822,0.0460852108145449
"6273",2020-12-02,0.0382495232604963,0.043943731612248,0.0458257050765786,0.0465690703484103,0.0461900479845445
"6274",2020-12-03,0.0389820192250662,0.0443618443037064,0.0461044193065093,0.0467839777961373,0.0461685536954514
"6275",2020-12-04,0.0349829716256606,0.0414320963379503,0.0440608170136723,0.0453353218033941,0.0455028686752815
"6276",2020-12-07,0.036650058594875,0.0423761432534183,0.0450924294388134,0.046258230645183,0.0461526578932887
"6277",2020-12-08,0.0341357094810283,0.0400884007530091,0.0430946848587929,0.0447970246249787,0.0453513974928871
"6278",2020-12-09,0.0379994751875007,0.0429160025891174,0.0455682514272742,0.0465646234704289,0.0464014560907548
"6279",2020-12-10,0.0395742177183506,0.0439303914552834,0.0463486143070584,0.0474338849289448,0.0470836804909291
"6280",2020-12-11,0.0429392240562409,0.0473046719537345,0.0493483682022339,0.0495477431098218,0.0484066186738862
"6281",2020-12-14,0.0480738674805068,0.0506117338191381,0.0523585405397482,0.0516933454384193,0.0497195015328979
"6282",2020-12-15,0.0419342826869041,0.0460886932018106,0.0484392904652412,0.0489021479612457,0.0480621566161428
"6283",2020-12-16,0.0401750702183169,0.0442452865955631,0.0467892663372774,0.0477436189622556,0.0473447090121053
"6284",2020-12-17,0.0375779502035329,0.042173684050533,0.0452404562657097,0.0466551985952955,0.0466394544560826
"6285",2020-12-18,0.0377121971273021,0.0433058488383148,0.0462175685843687,0.047217149402869,0.046985590980492
"6286",2020-12-21,0.0489974289239628,0.0514850489827469,0.0531027615523529,0.0517740952543289,0.0490209750627287
"6287",2020-12-22,0.0453291601539972,0.0494149227360769,0.0516673220202824,0.0511569053548078,0.0488567862519522
"6288",2020-12-23,0.040375474070139,0.044908767801657,0.0476427909181221,0.0481439308121645,0.0470223676666368
"6289",2020-12-24,0.0357874315039638,0.0416880820278379,0.044922604347425,0.0464396092471571,0.0462300486534288
"6290",2020-12-28,0.0367482079954697,0.0419144549096376,0.0449453663155807,0.0463254715887693,0.0458156348866157
"6291",2020-12-29,0.0415023547649478,0.0466928328470996,0.0491461480406769,0.0495265430798725,0.0477914286498243
"6292",2020-12-30,0.0393531873165811,0.043941012255487,0.0464504311691598,0.0475156109769081,0.0465986219252615
"6293",2020-12-31,0.0388607199302652,0.0433595443847047,0.045724261516655,0.0468442676244687,0.0462204818422499
"6294",2021-01-04,0.0533103516148433,0.0548138425258368,0.0551580761309206,0.0533020715783741,0.0499783336296611
"6295",2021-01-05,0.0473792941611171,0.0502311707044835,0.0513477963587373,0.0505638607837577,0.0485088681359973
"6296",2021-01-06,0.0495209916056677,0.0512934477672746,0.0520433350777534,0.0506337593241688,0.0486275097280345
"6297",2021-01-07,0.0383150699986235,0.0432508547958002,0.045508871471477,0.0460990924511182,0.0453589051343005
"6298",2021-01-08,0.0367425408585062,0.0422076297266882,0.0446063924942779,0.0455626198182622,0.0452806621709924
"6299",2021-01-11,0.046535920654422,0.0497539255528869,0.0510648077001093,0.0506230401155544,0.0485670575451713
"6300",2021-01-12,0.0419797387488064,0.046455848823671,0.0483709223784973,0.0485869731659258,0.047714506195505
"6301",2021-01-13,0.038875786967922,0.0443404555816986,0.0468240869798339,0.047672808227573,0.0471068165138367
"6302",2021-01-14,0.0426762555030957,0.0473909781464053,0.0492069930337871,0.0496626240862451,0.0483872697740015
"6303",2021-01-15,0.044680666542761,0.0496426578937633,0.0513734972826091,0.0514846010249719,0.0497177152200682
"6304",2021-01-19,0.0426042721331273,0.0477884051337186,0.0499615405762564,0.0503332684488968,0.0488203783324105
"6305",2021-01-20,0.0372935392549278,0.0438563100784711,0.0467170210769637,0.0478566399086692,0.0472135654879722
"6306",2021-01-21,0.0362764690109548,0.043215067489041,0.0466002689054718,0.0481951047085305,0.0479259599025185
"6307",2021-01-22,0.0367882522054816,0.0440479009428698,0.0475065887170997,0.0490837518320352,0.0488060235414506
"6308",2021-01-25,0.0414284444617099,0.0481200721865559,0.0510927231818282,0.0516388635823892,0.0503920471548143
"6309",2021-01-26,0.0426625488327764,0.049381316347852,0.0527093448601708,0.0531807517468047,0.0513788518948016
"6310",2021-01-27,0.0772528177006405,0.0766787362660673,0.0737875864534085,0.0690381686801998,0.0616922031629762
"6311",2021-01-28,0.0654685359467353,0.0687413938696012,0.0677349036852013,0.0642969713480952,0.057925262540678
"6312",2021-01-29,0.0779227060108986,0.0790997266743175,0.0755762071581577,0.070086920191292,0.0609618841270809
"6313",2021-02-01,0.0638476477074562,0.0683419243481217,0.0679488876074474,0.0647087803678227,0.0582322015246268
"6314",2021-02-02,0.0508905121427632,0.0574649834739497,0.0593407886091886,0.0585913170285509,0.0549768854836586
"6315",2021-02-03,0.0441656926937361,0.0515144418026834,0.0546131087199412,0.0551236491890717,0.0532936140309901
"6316",2021-02-04,0.0376737081180103,0.0456165048397907,0.0499838861159412,0.0517967575368057,0.0514972777298253
"6317",2021-02-05,0.0354969243307223,0.0444855740605325,0.0494598704283124,0.0517329112137761,0.0519816933977942
"6318",2021-02-08,0.0367985429252637,0.0444151243268649,0.0492567109387998,0.0512982347218381,0.051396449395843
"6319",2021-02-09,0.0379090334617755,0.0457959576714785,0.0505928946113932,0.0524819742676526,0.0521414008414164
"6320",2021-02-10,0.0398095584441173,0.0471670905046977,0.0521308170663473,0.0539595035958557,0.0533873129607398
"6321",2021-02-11,0.0370477596390988,0.0450634156462427,0.0508412201302175,0.0532236769578237,0.0530381458392938
"6322",2021-02-12,0.0330383122134595,0.0417394442201332,0.0481542490753577,0.0511851701369042,0.0518838777256077
"6323",2021-02-16,0.0370547056217662,0.0445106477179122,0.0505173464228217,0.0534092493049146,0.0540353847048718
"6324",2021-02-17,0.0365369624544853,0.0441266541928245,0.0503329566846652,0.0533679344621466,0.0541368172510313
"6325",2021-02-18,0.0402178652475187,0.0469419466049243,0.0523684480046272,0.0550773346721154,0.054659374794212
"6326",2021-02-19,0.0379792874052479,0.0451254733909723,0.0507174061545496,0.0538223049337607,0.054116023244113
"6327",2021-02-22,0.0447230369371357,0.0504508187343123,0.0544052953766779,0.0565408592729606,0.0554868144540875
"6328",2021-02-23,0.0423589942567291,0.0472963254599924,0.0518640068559078,0.0545394123605546,0.0540569601268133
"6329",2021-02-24,0.0366317397998607,0.0429907109279027,0.0477719173620185,0.0513060565730532,0.0520256700987772
"6330",2021-02-25,0.0667196636934959,0.0646035424554154,0.0643909180254806,0.0628412443323986,0.058233807596703
"6331",2021-02-26,0.0574080210406893,0.057374049474849,0.0581493565623475,0.0584410639924608,0.0554358598656347
"6332",2021-03-01,0.0415748696588443,0.0464309114960858,0.0489678285441369,0.0514619533561579,0.0513744275782995
"6333",2021-03-02,0.0460668445982454,0.0496461068657916,0.0516422809525585,0.0536530885046949,0.0528596259841254
"6334",2021-03-03,0.0545922413939232,0.0554530943423194,0.0561539309049949,0.0568770094464052,0.0544871084532258
"6335",2021-03-04,0.0639453688102029,0.0617205504494841,0.0611154966567246,0.0600906844200774,0.0560177983364542
"6336",2021-03-05,0.0484177320666268,0.0514409859396419,0.0528005024261854,0.0535083405106942,0.051808905998682
"6337",2021-03-08,0.0541326532459043,0.0549720518519508,0.0550696509137908,0.0547049268554239,0.0517403793477607
"6338",2021-03-09,0.0460173298063533,0.0499489286781025,0.0511700516379442,0.0520660086869927,0.0504438366420534
"6339",2021-03-10,0.0416625999664583,0.0476475574961231,0.0496098921479221,0.0509991070718413,0.0498928080709394
"6340",2021-03-11,0.037968480563225,0.0445990239494626,0.0471370149023986,0.0492076850906801,0.0488217542620124
"6341",2021-03-12,0.0345124984571088,0.0430002249809316,0.0461771367941051,0.0488654857838857,0.0490036825553563
"6342",2021-03-15,0.0321765860057962,0.0398928589960706,0.0432816052816432,0.0469359734148985,0.0477853562696882
"6343",2021-03-16,0.0324781654312659,0.0401164866773841,0.0434931024690873,0.0469645318276743,0.0478894196843502
"6344",2021-03-17,0.0300218924121379,0.0373437003470356,0.0406023898305645,0.0444830829293873,0.0463072524087607
"6345",2021-03-18,0.0370346945063523,0.0431034685486531,0.0454879506194671,0.0478526321174854,0.0482467358208291
"6346",2021-03-19,0.0337573249538059,0.0404579431499767,0.0433593166624065,0.0464274329903517,0.0476395668583117
"6347",2021-03-22,0.0285239607774804,0.0344825214556792,0.0378911822272601,0.0419866197146859,0.0444972864698648
"6348",2021-03-23,0.0332580176780075,0.0380904591111751,0.0407583147602544,0.0437170485159607,0.0444081559822409
"6349",2021-03-24,0.0353171394616793,0.0395259058703671,0.0420385145158917,0.0449590638595261,0.0456108680619311
"6350",2021-03-25,0.0315301220103898,0.0361650579908035,0.0390446674080644,0.0424087186153344,0.0435857495777975
"6351",2021-03-26,0.0275537969999729,0.0326557878119135,0.0357162102080975,0.0395457751958595,0.041366913758944
"6352",2021-03-29,0.0332745619634126,0.0361820353791062,0.038289980455571,0.0410856654183323,0.0418902956805967
"6353",2021-03-30,0.0298830083789406,0.0334500138344183,0.0357286232714462,0.0388800370464133,0.0401463917981802
"6354",2021-03-31,0.0281780193950631,0.0324780973691764,0.0348838982579121,0.0378748271913992,0.0393633783406159
"6355",2021-04-01,0.0237280397144529,0.0286318271540913,0.0315875480238643,0.0353918904622557,0.0380962285974758
"6356",2021-04-05,0.0254720015944498,0.0289346458807127,0.0314343623529541,0.0349307244636829,0.0379083462891941
"6357",2021-04-06,0.0260303250062487,0.0296943700867448,0.0320878392954085,0.0355018292532557,0.0384321818605523
"6358",2021-04-07,0.0238664374198955,0.0282158115755731,0.0308663941096604,0.0346093996711007,0.0376397774821135
"6359",2021-04-08,0.0234712175882568,0.0283447892559204,0.0311838482491221,0.0350460824819303,0.0379356845862395
"6360",2021-04-09,0.0229153475971036,0.0282172494909208,0.0311125193668575,0.0350400206940636,0.0379921159790657
"6361",2021-04-12,0.0241512148878975,0.0289087771396826,0.0319473144961809,0.0355820150511676,0.0382966538389485
"6362",2021-04-13,0.0232730531034434,0.0281472784562273,0.0312290140057148,0.0349943199389097,0.0379783488711351
"6363",2021-04-14,0.0246151913581154,0.0293637478002176,0.0324401939632107,0.0359232087294379,0.0386324755944285
"6364",2021-04-15,0.0224789182062646,0.0277287078465975,0.0311054633368098,0.0347252524698973,0.0377558588197689
"6365",2021-04-16,0.0218543137554091,0.0274633881952128,0.0308032084796918,0.0345034175847703,0.0378546605359107
"6366",2021-04-19,0.0259523724476887,0.0307110894413745,0.0337493340161271,0.0364463536835018,0.0387003432377625
"6367",2021-04-20,0.0289137771797256,0.0331909943179324,0.0358037672469393,0.0378436517878537,0.0395364339990251
"6368",2021-04-21,0.0248423522680819,0.0297179588543413,0.0329554051225072,0.0356577182794668,0.0378538641002459
"6369",2021-04-22,0.0296566864699547,0.0340008647966471,0.0367757635952169,0.0387374428131778,0.0399892355195235
"6370",2021-04-23,0.0240356986361434,0.0297082170182891,0.0332143958987962,0.0360691296747613,0.0382668222039555
"6371",2021-04-26,0.0258371884442128,0.0305686534587157,0.0341061336813325,0.0365628942884705,0.0386077146186899
"6372",2021-04-27,0.0250947275765514,0.0298389058997924,0.0332269039871407,0.0360038465577318,0.0383398861875194
"6373",2021-04-28,0.0247041708340985,0.0295528958568908,0.0330502860547584,0.0359646095751401,0.0383202512377764
"6374",2021-04-29,0.024568068263755,0.029685522498596,0.0331157771478559,0.0360191083575536,0.0382294212735772
"6375",2021-04-30,0.0276713631456899,0.0323295149861455,0.0353352117444919,0.0376444142735743,0.0392039436427724
"6376",2021-05-03,0.0271776220118198,0.0317223419315287,0.0347334896694921,0.0369380731457401,0.0387473428138824
"6377",2021-05-04,0.0305909567087499,0.0347380957249717,0.0373180894353693,0.0388794258307392,0.0399402142141206
"6378",2021-05-05,0.0296446737279156,0.03369176220695,0.0362730882426171,0.0380245105711826,0.0393307715833983
"6379",2021-05-06,0.0272640380654966,0.0316481690423905,0.0346873151889604,0.036770171787748,0.0383763248861925
"6380",2021-05-07,0.0232876827282062,0.0284724875370197,0.03223409279226,0.0349565218468308,0.0371057403526771
"6381",2021-05-10,0.030205858199637,0.0333988913899267,0.0363041040418205,0.0379630887153357,0.0388507584953211
"6382",2021-05-11,0.0368453184365459,0.0391060942702056,0.0410244538758971,0.0413733396246944,0.0408943589745277
"6383",2021-05-12,0.0574060031663104,0.0556852123177001,0.0544388572951598,0.0509277569447457,0.0463458736282907
"6384",2021-05-13,0.0426082043500365,0.0434735286104734,0.0444479402882887,0.0437696481127781,0.0423643862343022
"6385",2021-05-14,0.0293930855642551,0.0330578296128005,0.0361284620687944,0.0377084284142749,0.0375653710743361
"6386",2021-05-17,0.0329335317259762,0.0364776764960087,0.0391513796060217,0.0403402347266807,0.0401853526424544
"6387",2021-05-18,0.0365038762671623,0.0392253502168243,0.0417288723328466,0.0427789599035394,0.0422830798699131
"6388",2021-05-19,0.0384608423851871,0.0416699648029766,0.0438502819940837,0.0443102676812601,0.0430128772461193
"6389",2021-05-20,0.0341382459707547,0.0379554677591092,0.0407143421066532,0.0418765722661871,0.0416455697749636
"6390",2021-05-21,0.0327379379522287,0.0367782517827011,0.0394434627462211,0.0409202935359181,0.041076436426516
"6391",2021-05-24,0.0271603136600336,0.032520556498924,0.0355170919284858,0.0375681115229473,0.0388016310278022
"6392",2021-05-25,0.0279188026712777,0.0330300690175719,0.0359924618072974,0.0380343352642043,0.0390569543935692
"6393",2021-05-26,0.0241968526561284,0.0296663352283405,0.0330844070573616,0.0359513889582775,0.0378288492954175
"6394",2021-05-27,0.0222186985557778,0.0272528687001443,0.0306391653033295,0.0339079538004032,0.0364153202856452
"6395",2021-05-28,0.0215870436500089,0.027075445742916,0.0302142149740164,0.03331819423869,0.0357723143245647
"6396",2021-06-01,0.0249779443117388,0.0299390941500462,0.0325916079647332,0.0350692179040709,0.0370835216731592
"6397",2021-06-02,0.0229806762790526,0.028947215104717,0.0319721335670979,0.0349915763624786,0.0374388698210215
"6398",2021-06-03,0.0252450607735542,0.0304114262085934,0.0335473813658094,0.0363207925249014,0.0384353561245486
"6399",2021-06-04,0.0210128265521702,0.0269368455069189,0.0304976495867787,0.0340143171266545,0.0368708587749624
"6400",2021-06-07,0.0211481127014253,0.0270066381657461,0.030230330352396,0.0339025598065153,0.0368619319731816
"6401",2021-06-08,0.0225229439183221,0.0278389873398555,0.0307197741837218,0.0340969764373272,0.0367823377194402
"6402",2021-06-09,0.0252458711610351,0.0297950814504966,0.0322576099749832,0.0352382855121514,0.0375567389695648
"6403",2021-06-10,0.0201842148709451,0.0253286728016324,0.0283993106553844,0.0320590277319016,0.0352283656940007
"6404",2021-06-11,0.0188836272891523,0.0241688804175764,0.0270620606979773,0.0311107028560948,0.0345291018824997
"6405",2021-06-14,0.0204785837477487,0.0255454672619418,0.0282848010312046,0.0321969131006975,0.0352134404905465
"6406",2021-06-15,0.0222940344761499,0.0271422766932171,0.0296474497370408,0.0333082658813265,0.0361605552175483
"6407",2021-06-16,0.0248430439020914,0.0288367773882898,0.0311015181353174,0.0342132962120295,0.0365752426031194
"6408",2021-06-17,0.0226298928253191,0.027777070611798,0.0301508243095688,0.0330876787358653,0.0358682310921341
"6409",2021-06-18,0.0308018669106167,0.0343345871526599,0.0355695560350007,0.0368065877717686,0.0383421885795455
"6410",2021-06-21,0.023747534858234,0.0288142941110428,0.0307922405984907,0.0332645891249351,0.0361093403362583
"6411",2021-06-22,0.0205007757021573,0.0263596539724899,0.0286466597741261,0.0316497182139109,0.034954153248154
"6412",2021-06-23,0.0199251455371292,0.025469506324508,0.0276596396770038,0.0307163403818185,0.034317748001895
"6413",2021-06-24,0.0185895982695423,0.0238467664730129,0.0264871576579488,0.029887488839263,0.0338748512323867
"6414",2021-06-25,0.0168723311070936,0.0228305759334617,0.0257999958933625,0.0295599053874978,0.0337055832445092
"6415",2021-06-28,0.0176915924944157,0.0232458569478655,0.0261462338895552,0.0299083191190286,0.0340392454919866
"6416",2021-06-29,0.0183257747291233,0.0241193038008815,0.027021767058464,0.0306833715126631,0.0348352960996152
"6417",2021-06-30,0.0176735356662388,0.0240787704573002,0.0272565191440565,0.0310529363976671,0.0350199628460888
"6418",2021-07-01,0.0171995305226909,0.0232912658314358,0.0265655855485369,0.0306875355233042,0.0350439011943518
"6419",2021-07-02,0.0162585165807773,0.0227378506962375,0.0260011246551368,0.0301836168598431,0.0345031490748801
"6420",2021-07-06,0.0195702944067408,0.0253882109422195,0.0281209897589972,0.0315643965176895,0.0353648733956305
"6421",2021-07-07,0.019675886400544,0.026020085104753,0.028898033957211,0.0324175122814542,0.0359665909650711
"6422",2021-07-08,0.0266895924449732,0.0307244492586064,0.0327268814857146,0.0349580699253887,0.0370142430156878
"6423",2021-07-09,0.0196412141520614,0.0254587891722794,0.0283977729117851,0.0320319232671787,0.0356144177876943
"6424",2021-07-12,0.020121332686106,0.0257629045213022,0.0290072209625115,0.0325075921054614,0.0359658613396854
"6425",2021-07-13,0.022797070248184,0.0279765192049501,0.0308608040736353,0.0339376612231173,0.0370360221192591
"6426",2021-07-14,0.0210524756091658,0.0269081175178622,0.030105563189249,0.0337878273729214,0.0373586101000925
"6427",2021-07-15,0.0224815059795749,0.0281054108798967,0.0311555691969958,0.0346103734358564,0.037655642858947
"6428",2021-07-16,0.0263651716102636,0.0312594074462281,0.0336468201947038,0.0363853600821254,0.0388372047011771
"6429",2021-07-19,0.0387670928985925,0.040952146231427,0.0414847982587029,0.0414798787632419,0.0415081466179396
"6430",2021-07-20,0.0305283965363319,0.0342291898206511,0.0360693313056033,0.0380053671145878,0.0395313331220471
"6431",2021-07-21,0.0247904871210073,0.0297925296973266,0.0326327781561854,0.0357244026280926,0.0381837822415872
"6432",2021-07-22,0.0245871871043365,0.029608054536326,0.0325201170762062,0.0354437533354105,0.0385232558991542
"6433",2021-07-23,0.0218777302639358,0.0280335414193636,0.0315368995856367,0.034099678101542,0.037273783694442
"6434",2021-07-26,0.0230239208351857,0.0287570838339832,0.0322573057511667,0.0346961742620944,0.0377892106433375
"6435",2021-07-27,0.0262910827906142,0.0313757747433906,0.0343387709503516,0.0362174116438265,0.038688507743138
"6436",2021-07-28,0.0242211315540201,0.0297184167838403,0.0328846108553811,0.0354002035028133,0.0381070320425129
"6437",2021-07-29,0.0224813088277825,0.0281044028044187,0.0316706676730639,0.0344415262030384,0.0372762353635873
"6438",2021-07-30,0.024977036045058,0.0302021476853815,0.033300793026504,0.0357133903406659,0.0381397127320007
"6439",2021-08-02,0.0283284434868107,0.0330724579743242,0.0355538244918498,0.0370561392922323,0.0389512631022864
"6440",2021-08-03,0.0229727103784018,0.0291217347341943,0.0324010593176748,0.0348567304032649,0.0374466563399627
"6441",2021-08-04,0.0238456648657776,0.0298601855912411,0.0329960680799398,0.035337496520316,0.037823083821971
"6442",2021-08-05,0.0221243927105432,0.0282697523966295,0.0315605768095612,0.0341714200037395,0.0368500164283557
"6443",2021-08-06,0.0197646433646041,0.0265162017967818,0.029964491037557,0.0329717840754931,0.0362346891256816
"6444",2021-08-09,0.0214974465201718,0.0278951702681946,0.0311874216099422,0.0341700401008519,0.0373747635748255
"6445",2021-08-10,0.0213093918256594,0.0277190742346792,0.0309757703025871,0.0340626249672715,0.0374310354992865
"6446",2021-08-11,0.0198616350343537,0.0266281697058392,0.0299348980755972,0.0332658628419626,0.0371157436566891
"6447",2021-08-12,0.0189784287238814,0.0254133294122465,0.0291012593898602,0.0327482514535003,0.0368434339828166
"6448",2021-08-13,0.0179841678255047,0.024852853162224,0.0286336842756693,0.0324432218098268,0.0366445106207685
"6449",2021-08-16,0.0198920355105806,0.0264155953515743,0.029678926965406,0.0331600600857577,0.0368963634989821
"6450",2021-08-17,0.0239834907452397,0.029745764334726,0.0324497655727232,0.0353504140764442,0.0384675418457609
"6451",2021-08-18,0.0336531324480511,0.0367016952303744,0.037920309313377,0.0395213696388801,0.0411755230492812
"6452",2021-08-19,0.0358621199836934,0.0386656023053087,0.0393717229541093,0.0401554000082562,0.0413639102336925
"6453",2021-08-20,0.0251964940858854,0.0308911296126891,0.0341061179101462,0.0367243607955484,0.0394523916640426
"6454",2021-08-23,0.021630197017875,0.0280253728820444,0.0315110353544377,0.0349524176847169,0.0381991685887664
"6455",2021-08-24,0.0213789609280315,0.0278997855565703,0.0315282481725174,0.0352766841477641,0.0386160413602428
"6456",2021-08-25,0.0196458883373007,0.0262198538054065,0.0299598881795645,0.033963805769544,0.0378790094598537
"6457",2021-08-26,0.0255345145791452,0.0301114054932166,0.0329867578107708,0.0361747526841149,0.0391343139429199
"6458",2021-08-27,0.0192126964238733,0.0255846623640682,0.0295355056305079,0.0336577373919241,0.0374354233104162
"6459",2021-08-30,0.0194549636074851,0.0259737184078052,0.0296351849953784,0.0338265552489839,0.0375194019504121
"6460",2021-08-31,0.0201392595977963,0.026556100376515,0.0300431535594719,0.0342645360833578,0.0380182975305858
"6461",2021-09-01,0.0193748218779261,0.0257545121099325,0.0292634695844594,0.0336708285023102,0.0378027002498818
"6462",2021-09-02,0.0197489522832442,0.0251792367992738,0.0288405186881665,0.0334247195505614,0.037916637632039
"6463",2021-09-03,0.0193408051541934,0.0254285053550091,0.0291855837530442,0.0338166597752623,0.0382455195712432
"6464",2021-09-07,0.0234218323709677,0.0290360479546446,0.031941022130879,0.0361413655315437,0.0400913103617261
"6465",2021-09-08,0.0232807811820671,0.0292398928383911,0.032116683319866,0.03639933442614,0.0404870713240698
"6466",2021-09-09,0.0263750789688432,0.0309497638519566,0.0336102699869554,0.0375718843830548,0.041377068057167
"6467",2021-09-10,0.0328452028596148,0.0350703005143909,0.0367603908611888,0.0398162518683826,0.0427842508245612
"6468",2021-09-13,0.0293791492459322,0.0329590163480806,0.0349342670558873,0.0387017834662486,0.0420697382659766
"6469",2021-09-14,0.0305147032417754,0.0338212818828738,0.0356453773844762,0.0394164249502753,0.0425416515662745
"6470",2021-09-15,0.0252309924051659,0.0298023766712063,0.0322742959795954,0.0371667707704504,0.0410763090703195
"6471",2021-09-16,0.0262829926795232,0.0303857574287783,0.0327037918990328,0.0373234519107127,0.0413942911683446
"6472",2021-09-17,0.0322511847138962,0.0348580914912396,0.0363637263251651,0.039956173749718,0.0429868471545911
"6473",2021-09-20,0.0476256377177875,0.0461778090653742,0.0454791504271569,0.0460234546676222,0.0460374924490603
"6474",2021-09-21,0.0439158290928389,0.0437052451416211,0.0435773275885554,0.0448920502956361,0.0455903321739639
"6475",2021-09-22,0.0341956753013102,0.0365464846437654,0.0377345689907014,0.0407071954907212,0.0430592402293374
"6476",2021-09-23,0.026867071453225,0.030666755021092,0.0329486797837587,0.03718952280109,0.040922400646113
"6477",2021-09-24,0.0243968787781086,0.0288915932667803,0.0316972571041044,0.0365114646190204,0.0407117018998852
"6478",2021-09-27,0.026799947541939,0.0305399209667811,0.0330625112259133,0.0375955908865114,0.0415457611328355
"6479",2021-09-28,0.0426710724901539,0.0418708029009235,0.0421392075655658,0.044276759941027,0.045643445352656
"6480",2021-09-29,0.0415384850247385,0.0411526592186053,0.0414580264990835,0.0437644502064923,0.0451559618023426
"6481",2021-09-30,0.0440809536214279,0.0429993653887472,0.0430478178384473,0.044833035751232,0.0457086411506686
"6482",2021-10-01,0.0363180124153916,0.0378942919633891,0.0392874021004784,0.0421801576409283,0.0442931944067943
"6483",2021-10-04,0.042951257792733,0.0425757991540118,0.043122628740578,0.0448775408456333,0.0461750249145818
"6484",2021-10-05,0.0372486561786128,0.0384513096158686,0.0397185795171831,0.0422540657224078,0.044593556067562
"6485",2021-10-06,0.0359187791127857,0.0376084558412355,0.0390845313947195,0.041828311144295,0.0443431004933865
"6486",2021-10-07,0.0312656456638952,0.0341055625083247,0.0365126058190901,0.0400141874884389,0.0430439000274897
"6487",2021-10-08,0.0291277880005638,0.0326332240344399,0.0355322037547554,0.0393713390284713,0.0426951582212914
"6488",2021-10-11,0.0326529158763331,0.0349272446190506,0.0372012463176922,0.0404093699968518,0.0431710021452761
"6489",2021-10-12,0.0314153530384016,0.0338440295842093,0.036187329720746,0.039610430603585,0.0426429452588152
"6490",2021-10-13,0.028477228003989,0.0317248185234089,0.0342439249150496,0.0379984717618062,0.041450872730362
"6491",2021-10-14,0.0230221554063761,0.0274978042988313,0.031047221068182,0.0353078952561588,0.0397049299333424
"6492",2021-10-15,0.0213505302571786,0.0268766749643206,0.030390295391181,0.0349379726770551,0.03986112452057
"6493",2021-10-18,0.021599116488584,0.0271626943213569,0.0307081183273652,0.0355285904048858,0.0403648700326146
"6494",2021-10-19,0.0199386129878773,0.0258370985217661,0.0294118004403171,0.034131112411664,0.0390776967667326
"6495",2021-10-20,0.0196188669775478,0.0256481071097146,0.0292647604003566,0.0338335997952706,0.0385999323020464
"6496",2021-10-21,0.0183595860849691,0.0242626033693813,0.0282707538573065,0.0329984342206241,0.0380939420162362
"6497",2021-10-22,0.0193871686222691,0.0254551998052785,0.0295315046400248,0.034056327512078,0.0386161938756606
"6498",2021-10-25,0.0190643186512009,0.024924322596484,0.0285029605055277,0.0330763662017073,0.0377433798115216
"6499",2021-10-26,0.0208227090018977,0.0261749074939393,0.0293864003268538,0.0335694550362152,0.038009180301992
"6500",2021-10-27,0.0243639578124969,0.0294955428143538,0.0323272868928377,0.036088625851738,0.0395117446878875
"6501",2021-10-28,0.0212162635370126,0.0266627180011298,0.0301027067075662,0.0345628282383785,0.0388101900546852
"6502",2021-10-29,0.0210581093420522,0.0268287914138934,0.0301947226705892,0.0346187040826283,0.0390659271611656
"6503",2021-11-01,0.0211185433664936,0.0272009264286263,0.0304812605091619,0.0349188876393079,0.0388085544750432
"6504",2021-11-02,0.0200562719257892,0.0262019666521452,0.029505810513897,0.0341684595899296,0.0385190138080657
"6505",2021-11-03,0.0181232947567937,0.0245619000310799,0.027939538831373,0.0329153524969723,0.0378188240694052
"6506",2021-11-04,0.018371961343635,0.0247439641466835,0.02817107517364,0.033272188693445,0.03819908338039
"6507",2021-11-05,0.0203821011393803,0.0266279103339599,0.0298857150666118,0.0347499937152512,0.0391196794828249
"6508",2021-11-08,0.0222253229742836,0.028156999783228,0.0310443910252442,0.0356615906538863,0.0395666617764891
"6509",2021-11-09,0.0241835296252642,0.0294341571846636,0.0320765821199182,0.0365012483857931,0.0400845013633909
"6510",2021-11-10,0.0266141832458508,0.031250185209387,0.0335056326894996,0.0374279181062674,0.0404453390290007
"6511",2021-11-11,0.0245766853902075,0.0293569304526369,0.0320335623964305,0.0363539409074823,0.0398553945528824
"6512",2021-11-12,0.0211297901632628,0.0270849020646035,0.0302700640036713,0.0352171425150468,0.0391438584045228
"6513",2021-11-15,0.0221969930467673,0.0277634069085523,0.0308444067835807,0.0358386966422995,0.0396025365758077
"6514",2021-11-16,0.0216143032199681,0.0273624019208528,0.0305596344007945,0.0357613401980819,0.0397954296576537
"6515",2021-11-17,0.0230081747726063,0.0290817563580206,0.0324066636922798,0.0376763844788594,0.0415860353875498
"6516",2021-11-18,0.0236079826975342,0.0296065181407031,0.0329623131213005,0.0378032060833378,0.0416780435931653
"6517",2021-11-19,0.0248792615646558,0.0305315755756313,0.0337657118509295,0.0383012726362295,0.0421743299164059
"6518",2021-11-22,0.0288919483391491,0.0334267597999774,0.0362894700675902,0.0401226422112687,0.0432288036502108
"6519",2021-11-23,0.0278792879500779,0.0321253171874825,0.0350187798783203,0.0393881114595734,0.042750166591414
"6520",2021-11-24,0.0262435919953615,0.0307020003292757,0.0340180076666517,0.0387449930751137,0.0422770190874159
"6521",2021-11-26,0.0531695298904279,0.0515144139483283,0.0516731300859143,0.0513836563304363,0.049810073600205
"6522",2021-11-29,0.0376978191832358,0.0389576686102472,0.0407016596929457,0.043366033132297,0.0449797988817454
"6523",2021-11-30,0.0545306220610275,0.0518152787673242,0.051720398897547,0.0515394262111338,0.0503566300656125
"6524",2021-12-01,0.0708039468637181,0.0637238163362374,0.0612574392301059,0.0577831050443732,0.0537332048472751
"6525",2021-12-02,0.056739405043022,0.0548914709816522,0.0543297946573947,0.0530129343752635,0.0508004405831995
"6526",2021-12-03,0.0653958418760652,0.0631128445293623,0.0618453867169297,0.0588060028477143,0.0546773282995144
"6527",2021-12-06,0.0524540157361869,0.0529383562823905,0.0535310786497631,0.0529245015652744,0.0510342446812624
"6528",2021-12-07,0.0362555139780414,0.0401540434511431,0.0425283401279715,0.0447654532364156,0.0456363426302829
"6529",2021-12-08,0.0298887416203775,0.0351945687589324,0.03837561744059,0.041945887340978,0.0440668259253182
"6530",2021-12-09,0.0343583174954671,0.0383436871750159,0.0409700673402982,0.0438066082456936,0.0452453373620278
"6531",2021-12-10,0.0270297944036202,0.0327077653993149,0.0363405978950254,0.0408105971776416,0.0435606044821625
"6532",2021-12-13,0.0326439768408262,0.0375611368502691,0.0405291322330513,0.0441317002650694,0.0459551125953582
"6533",2021-12-14,0.0377171735104416,0.0410762515284416,0.0433378769379582,0.0462696393833131,0.0473054682068056
"6534",2021-12-15,0.0287093808489272,0.0338928248194171,0.0370977468499531,0.0415218752630587,0.0442560058307711
"6535",2021-12-16,0.034239379687011,0.0386706071493079,0.0414863081482739,0.0448435955884934,0.0464400827733848
"6536",2021-12-17,0.038001296419027,0.0419836216287497,0.0443764361402461,0.0470828235828673,0.0483520935281944
"6537",2021-12-20,0.0438189996038375,0.0460717300298446,0.0475423198963656,0.0490185965604487,0.0491291958209044
"6538",2021-12-21,0.0362111094796486,0.0402074871933761,0.042607054319365,0.0453863241469566,0.0468151663496734
"6539",2021-12-22,0.0283314109261237,0.0346539450919163,0.0381413491977531,0.0422865998377752,0.0447231144186993
"6540",2021-12-23,0.0254121024618005,0.0324563995761028,0.0366863845487537,0.0412249124528397,0.0441694979383296
"6541",2021-12-27,0.0237760851433118,0.0306432682441137,0.0349100392731229,0.0398432587893008,0.0432399466570599
"6542",2021-12-28,0.023999327272323,0.0305075098821846,0.0346479383122724,0.0395913061316875,0.0432527980254612
"6543",2021-12-29,0.0215296967055566,0.0283862519241271,0.0325366870482044,0.0380666749066239,0.0424729072240002
"6544",2021-12-30,0.0232384139179692,0.0294269617159745,0.0332778960506236,0.03859726302226,0.042706673689064
"6545",2021-12-31,0.0227888008600998,0.0290519789694692,0.0329285297994223,0.0376721270913779,0.0419901711801565
"6546",2022-01-03,0.0210372367201509,0.0275172837906492,0.0313642410241546,0.0364644502335658,0.0412529453313215
"6547",2022-01-04,0.0215786173255475,0.0280823002788687,0.0318096304206781,0.0368833504631061,0.0416262573971719
"6548",2022-01-05,0.0310747246668028,0.0351507609222195,0.0377968144608067,0.0413239290434717,0.0447531365722048
"6549",2022-01-06,0.0308717729341602,0.0348880489328938,0.0375210513066163,0.0409976593451794,0.0441882417029353
"6550",2022-01-07,0.0285555536163733,0.0333015364966293,0.0361227199398251,0.0399692015594942,0.0436686422043411
"6551",2022-01-10,0.0298917228420254,0.0334838047271242,0.0359111106535572,0.0396955061062785,0.0432652839992807
"6552",2022-01-11,0.0273758190102672,0.0311857585065846,0.0336895676784359,0.0378517577915128,0.0419666280549298
"6553",2022-01-12,0.0257922161765382,0.0302642905344369,0.0328517532589215,0.0372608652936515,0.0415106728381381
"6554",2022-01-13,0.0340019299936284,0.0363709171364792,0.0382087188555802,0.0411392686186595,0.043828988637369
"6555",2022-01-14,0.0305365202534684,0.0340569072459629,0.0363092916403756,0.0396162391253968,0.0427402151262458
"6556",2022-01-18,0.044370231800492,0.0440041591468259,0.0442955882881109,0.0453230235680855,0.0462875614653231
"6557",2022-01-19,0.0466969357609882,0.0461017790933642,0.0458925401061295,0.0462675212163089,0.0465205902382368
"6558",2022-01-20,0.0524548875369099,0.051398390501154,0.0503139400787766,0.0493983881240916,0.0484983063638062
"6559",2022-01-21,0.066246310467366,0.0612577735736747,0.0581937075046277,0.0549041463010754,0.0517551175558379
"6560",2022-01-24,0.0697264716019566,0.063636964394945,0.0600746236888704,0.0557512608842032,0.0523842957292158
"6561",2022-01-25,0.0763860312721993,0.0683653386664041,0.0640552704811182,0.0591145706771372,0.0538531761033488
"6562",2022-01-26,0.0755451461633007,0.0681963512669555,0.0636021763907487,0.0587331670093774,0.0537247083270281
"6563",2022-01-27,0.0753272490066057,0.0680436029302487,0.063523680783356,0.0583414611324723,0.0528790541018027
"6564",2022-01-28,0.0582861718541428,0.0562295212166588,0.0538649601366377,0.051739130971671,0.0492727741943905
"6565",2022-01-31,0.0483381989431737,0.0493407758320842,0.0480744692776363,0.0471459869430976,0.0464644716892087
"6566",2022-02-01,0.0391765483578245,0.0424391332847256,0.0424366571566595,0.0429166653704855,0.0438420018190862
"6567",2022-02-02,0.0349423854630329,0.0399339168847136,0.0408445500028883,0.042137294931263,0.0433856304335467
"6568",2022-02-03,0.0520345842319975,0.0527243688757242,0.0513595573150614,0.0500977191942353,0.0482145174064218
"6569",2022-02-04,0.0444652149061177,0.0479691111313829,0.0478034557160865,0.0476433507447217,0.0469796640478286
"6570",2022-02-07,0.0450101050395441,0.047265898198048,0.0470663836035636,0.0473294710552105,0.0470015153972572
"6571",2022-02-08,0.0392723238270805,0.0422957223112325,0.0429148800198438,0.044075425863629,0.0447786021672663
"6572",2022-02-09,0.0342765214807973,0.0382794337713304,0.039535677727668,0.0413151687805282,0.0428516682911512
"6573",2022-02-10,0.0475562573494502,0.0478774226808543,0.0470996523106583,0.0468730080094065,0.0462101161383597
"6574",2022-02-11,0.0619571395525576,0.059162097640751,0.055864571392825,0.0528282054081072,0.0491504159570544
"6575",2022-02-14,0.06542673685018,0.0611516926327191,0.0574387073004254,0.0539134145907243,0.0495913475259669
"6576",2022-02-15,0.0520561703735468,0.0509407128057298,0.0494688059761846,0.0482313252520982,0.0462685569885459
"6577",2022-02-16,0.0472192065896699,0.0472855523746427,0.0467346331844078,0.0463785349943846,0.0452254698858561
"6578",2022-02-17,0.0625995041286788,0.0583897936796235,0.0555758036250124,0.0527949875634336,0.0490485080274566
"6579",2022-02-18,0.0638356877120703,0.0601347625017904,0.0571523375636509,0.0539263441023068,0.0500141159313581
"6580",2022-02-22,0.0697807705479124,0.063025874882587,0.0592513941155938,0.0554677496188925,0.0508613490274341
"6581",2022-02-23,0.0770547744193629,0.0687625939496901,0.0643168530385584,0.0595366473924085,0.0534140463391253
"6582",2022-02-24,0.0688341453613076,0.0624531168965374,0.0589740732387908,0.0552979017237082,0.0505323017932393
"6583",2022-02-25,0.0595298071066002,0.0557870840087399,0.0537774747695203,0.0515513963079993,0.0482269725257331
"6584",2022-02-28,0.0676009341641447,0.0611502683198949,0.0580560608866396,0.0542918859555021,0.0496123649642961
"6585",2022-03-01,0.0883956337560474,0.0765901099310873,0.0707574731627494,0.0630322313105234,0.0550744162838213
"6586",2022-03-02,0.071203421157222,0.0656334602384251,0.0622246027643657,0.0573384962485193,0.0516201436736742
"6587",2022-03-03,0.0739471218418413,0.0671921992796911,0.063705097834987,0.0586746162385875,0.0524556646331188
"6588",2022-03-04,0.0768297667421605,0.0708140944672915,0.0670475777544272,0.0613505144171489,0.0542713767859483
"6589",2022-03-07,0.0978061412926652,0.0860776631165688,0.0805337650989757,0.0713276882161942,0.0606185210708289
"6590",2022-03-08,0.0949082902651169,0.0846057862827629,0.0797172536501812,0.0714057422879003,0.0610579852676794
"6591",2022-03-09,0.0802951603904112,0.0741660528180243,0.0708885615291078,0.0651508453379578,0.0572211199998432
"6592",2022-03-10,0.0744184750287516,0.0700698024529972,0.0675692308733659,0.0635894368275586,0.0568564609695095
"6593",2022-03-11,0.0771482018006266,0.072797342353583,0.0705436560038791,0.0668146235432523,0.0593649911940501
"6594",2022-03-14,0.0836350348772729,0.077282092404449,0.0742990142500956,0.0695805457340465,0.0613831851309836
"6595",2022-03-15,0.0730667720588129,0.0688891330062886,0.0669689549064938,0.0641109335599011,0.0576980917507145
"6596",2022-03-16,0.0573493254541544,0.0567116592909124,0.0563538368852556,0.0560773778060651,0.0523394801852507
"6597",2022-03-17,0.0520432632714636,0.0518702095107663,0.0515381589108823,0.0519355059040733,0.0493586943218698
"6598",2022-03-18,0.046671101248004,0.0467943103975614,0.0467672324909657,0.0481338079207521,0.0471583977609149
"6599",2022-03-21,0.0456457907483692,0.0468528669507781,0.0469627485032216,0.0481858684355273,0.0469068913598394
"6600",2022-03-22,0.0416303671660958,0.0436136835999441,0.0440197643079024,0.0458244690775976,0.0452001250457764
"6601",2022-03-23,0.0442921039020248,0.0458109801241827,0.0461804505996658,0.0476789015611901,0.0464768176812914
"6602",2022-03-24,0.0374540980568959,0.0412244900217949,0.0425005170771189,0.0449724099989245,0.0448081231656923
"6603",2022-03-25,0.0343574723441145,0.0394331468234483,0.0412957552123832,0.0441527306862207,0.0442314053206235
"6604",2022-03-28,0.0307842332288266,0.0372538762575392,0.0398860724017174,0.0431939718576015,0.0439114495233517
"6605",2022-03-29,0.0289119846924764,0.0349682271491264,0.0374846757857868,0.0411716064150087,0.0426206994041355
"6606",2022-03-30,0.0311541742044365,0.0369157603137619,0.0393765925510646,0.0429175597232468,0.0440579763956182
"6607",2022-03-31,0.0366379873401235,0.0414054516773818,0.043483772472186,0.0459587670340164,0.0458267373438918
"6608",2022-04-01,0.029654487527942,0.0366054714688048,0.0396819079522474,0.0437219926625394,0.0447806124763824
"6609",2022-04-04,0.0265036469790517,0.0332761369339977,0.0366519394183634,0.0413732877259506,0.0435490941633242
"6610",2022-04-05,0.0353293995417107,0.0401431774768662,0.0426033146865753,0.0459541134437531,0.0465345220751207
"6611",2022-04-06,0.0379365461646761,0.0422748839006654,0.0445857211509585,0.0476018662938289,0.0475954185997175
"6612",2022-04-07,0.0363948215785019,0.0409557700420148,0.0435701580661638,0.0470042932514714,0.0472187126723499
"6613",2022-04-08,0.0361254861091274,0.0404994338911691,0.0432605602459332,0.0469446894628461,0.0470776397613497
"6614",2022-04-11,0.046924502965813,0.0479714570202469,0.0491379642964648,0.050986657745691,0.049599385256553
"6615",2022-04-12,0.0472955861485257,0.0484130001517315,0.0496099433692016,0.0515311501465735,0.0500685183899553
"6616",2022-04-13,0.0376511132719467,0.0413561789051908,0.0437380779670983,0.0474178822243529,0.047483971803473
"6617",2022-04-14,0.0414696454709219,0.0444312693973111,0.0464762551454883,0.049812015390771,0.0491195628594785
"6618",2022-04-18,0.0420779053569816,0.0445765645660673,0.0464926329191141,0.0496763731876418,0.0489580710610916
"6619",2022-04-19,0.0361457050042991,0.0399647617765406,0.0424600516656287,0.0457847623239345,0.0463557061261784
"6620",2022-04-20,0.0356190457904449,0.0395730006529266,0.04227180775686,0.0456663814575671,0.0463437253729295
"6621",2022-04-21,0.0430545080650481,0.0455361385472513,0.0474013714253358,0.0494808616148737,0.0485653347233978
"6622",2022-04-22,0.06234583002818,0.0598323905424388,0.0590358437911351,0.0579853330373457,0.0534991864032678
"6623",2022-04-25,0.0584259026599962,0.0568264339553564,0.0566155150855009,0.0561375319975375,0.0523544226314308
"6624",2022-04-26,0.0799763172833737,0.0720836195976613,0.0689654491958039,0.0652838260068815,0.05768351953411
"6625",2022-04-27,0.0762051473563026,0.0701615208342992,0.067222080995497,0.0636444464709169,0.0561859776711093
"6626",2022-04-28,0.0647661465831675,0.0627108239373893,0.0612909925211432,0.0588375723208756,0.0531997325157545
"6627",2022-04-29,0.0861763992154282,0.0772316356927562,0.0730033640587531,0.0674585252030121,0.0582623423966089
"6628",2022-05-02,0.0801091510424968,0.0736166025980332,0.0697370631642969,0.0644838923161402,0.0565063932894701
"6629",2022-05-03,0.0699867768071887,0.0666763080250967,0.0641181850395256,0.0603217989766124,0.0539926701706231
"6630",2022-05-04,0.0527500550133893,0.0543975755905942,0.0541313375449904,0.0528537151767143,0.0494109337358969
"6631",2022-05-05,0.0798393603514645,0.0743927797155941,0.0706305639938157,0.0649664778382668,0.0566307989062121
"6632",2022-05-06,0.0732023268439093,0.0717800688987305,0.0690852963074045,0.0644103961024606,0.0568036557865038
"6633",2022-05-09,0.0973126976209484,0.0881733633210751,0.0818633643745065,0.0734989815325963,0.0622781064873268
"6634",2022-05-10,0.089436656633983,0.0828919441448098,0.0777803752248962,0.0708470141353326,0.0606613556871643
"6635",2022-05-11,0.0907618917606376,0.0838456098712246,0.0792381275603735,0.0724501334866158,0.0616973537057796
"6636",2022-05-12,0.0867288678404613,0.0800157365631855,0.0755664514539631,0.0695088535119199,0.0597124722438378
"6637",2022-05-13,0.0721425255035474,0.0694346913763948,0.0670936739984957,0.0635022890272081,0.0565741269953652
"6638",2022-05-16,0.0673694648726086,0.065857581578914,0.064741932678753,0.0625663816587923,0.0565861866980731
"6639",2022-05-17,0.060426472160305,0.0602047166705186,0.0598336270337125,0.058718860727985,0.0541030231065332
"6640",2022-05-18,0.0801961745344529,0.0753089601581235,0.0722348628835732,0.0683803927878094,0.0600577462892651
"6641",2022-05-19,0.0737245466248652,0.0693742871913908,0.0676012121526868,0.0653308297949368,0.0582463186679422
"6642",2022-05-20,0.0748750780384895,0.0704388481325628,0.0682231453771451,0.065221393890338,0.0577883957328036
"6643",2022-05-23,0.0712505684833903,0.0685357870738404,0.0667666014353453,0.0639257085706868,0.0568945208899131
"6644",2022-05-24,0.0760386420705866,0.0718766517577507,0.0693653535605626,0.0659225136782626,0.0583816831689675
"6645",2022-05-25,0.0709743564165134,0.0680412513946447,0.0658983414347218,0.0629914651040618,0.0565003345986599
"6646",2022-05-26,0.064471667765606,0.064075623661831,0.0631096397996029,0.0609225036698048,0.0551021440343429
"6647",2022-05-27,0.0567133057438923,0.0582812157610672,0.0582866316374323,0.0569646079385529,0.0527215642808757
"6648",2022-05-31,0.0604338006603841,0.0597620721472905,0.0590570940454583,0.0576073432047162,0.0532995016120043
"6649",2022-06-01,0.0577737392043315,0.0585952018753961,0.0582056273019509,0.0571163334868674,0.0532636213515712
"6650",2022-06-02,0.0524836415134897,0.0543860707166676,0.0546655968648325,0.0541584634703886,0.0510551597603108
"6651",2022-06-03,0.0549919455559296,0.0569092213923782,0.0568664912201391,0.0562165105597521,0.0527248797758288
"6652",2022-06-06,0.0548579052805974,0.0558525395604237,0.0556631385533472,0.055476564610865,0.052437363581012
"6653",2022-06-07,0.0510674358681582,0.0532479623909656,0.053433471181114,0.0538256055530691,0.0516277424254709
"6654",2022-06-08,0.0515649317333949,0.0538962467468975,0.0540008761955533,0.0544780090058588,0.0521748484668386
"6655",2022-06-09,0.0610213136568488,0.060528803982019,0.0594466182372601,0.0585936890538611,0.054468835945644
"6656",2022-06-10,0.0684251855847762,0.0675144714163016,0.0655902865792946,0.0636977612215793,0.057677706342873
"6657",2022-06-13,0.0983997131412892,0.0878772628683887,0.0822636851165294,0.0759761054272971,0.0647516121132151
"6658",2022-06-14,0.0878381134176073,0.0806397918133412,0.076281732758622,0.071860059975447,0.0622294984746202
"6659",2022-06-15,0.0757988412500714,0.0717737189470493,0.0684799283265981,0.0654200679343161,0.0584472085162646
"6660",2022-06-16,0.0927099221424632,0.083860349061352,0.0787578700497684,0.0740781908678426,0.0637230261619637
"6661",2022-06-17,0.0814595956588549,0.0770799907338055,0.0733612472821186,0.0699106437645788,0.0614239211828916
"6662",2022-06-21,0.0768335088548361,0.0726999081405759,0.0692906374309526,0.0663275032916439,0.0590220622303671
"6663",2022-06-22,0.0739586755388152,0.0705522079662163,0.0676806338754086,0.0649115626218512,0.0583625918248512
"6664",2022-06-23,0.0719089776769751,0.0690981545435149,0.0664593519647793,0.0639225120587761,0.0579051071359336
"6665",2022-06-24,0.06445825511614,0.0642163217375138,0.0624628543231001,0.0605588867244864,0.055971415160698
"6666",2022-06-27,0.063167622999712,0.0618836194794807,0.0603420705856545,0.059303254706811,0.0553954236860877
"6667",2022-06-28,0.0679395020413086,0.0655190209450552,0.0634664128691183,0.0619717925770422,0.0570849406753205
"6668",2022-06-29,0.0673186645277914,0.0650092710589236,0.0632141828861156,0.0619187248212191,0.0572890215847178
"6669",2022-06-30,0.0702633490121635,0.067828507759157,0.0657882431668115,0.0639699299417044,0.0586399158097742
"6670",2022-07-01,0.0623303845035487,0.0623554741060961,0.0615607942290828,0.0606996170249629,0.0563150714649171
"6671",2022-07-05,0.066550753288575,0.063998746880876,0.0623496242479433,0.0605739970464864,0.0561208118195668
"6672",2022-07-06,0.0641102109675878,0.0624878933228439,0.0612820340752207,0.059885364510286,0.0560471887219081
"6673",2022-07-07,0.0594084773879052,0.0595113328427964,0.058886463110311,0.0581546480066203,0.0550494375437724
"6674",2022-07-08,0.054837117022386,0.0568915488505023,0.057211493690233,0.0573304031413242,0.0548296083988939
"6675",2022-07-11,0.0612861862808122,0.0610563539518441,0.0604923316413434,0.0598035874806971,0.0566562433308792
"6676",2022-07-12,0.0641197807437347,0.0624430694589455,0.0614776244887148,0.0607581201692229,0.0576567287894781
"6677",2022-07-13,0.0620549500908633,0.0609089778310604,0.0604178940751013,0.0602029511575154,0.0577650918858414
"6678",2022-07-14,0.0609124343591144,0.0606678468360481,0.0606323412094732,0.0610060477710514,0.0582284422790771
"6679",2022-07-15,0.051724636235611,0.0538590654629023,0.0550485469202729,0.0567471653491905,0.0556007248418006
"6680",2022-07-18,0.0573971325447233,0.0581208663462422,0.0585770945206421,0.0596105527175611,0.0575879089839608
"6681",2022-07-19,0.0546868736322039,0.0558339760211984,0.0563898910883582,0.057032214680748,0.0554455613052362
"6682",2022-07-20,0.0525524245708669,0.0546333739757358,0.0555910932603322,0.0564157211405844,0.0551787799597731
"6683",2022-07-21,0.0481463748323052,0.0514641628771881,0.0532189895042272,0.0544169717494835,0.0539206826612078
"6684",2022-07-22,0.0472170845567572,0.0509707021836225,0.053051426154855,0.0545958635847588,0.0544854392489794
"6685",2022-07-25,0.0479013609814285,0.0507729097910223,0.0529015653920859,0.05435645555049,0.0544117706885344
"6686",2022-07-26,0.0540998350021284,0.0548375712211271,0.0559218762424994,0.0565102534622525,0.0556472119218694
"6687",2022-07-27,0.0464160104275579,0.0494047698672315,0.0510996126974063,0.0525244543528733,0.0530073565168316
"6688",2022-07-28,0.0430706490524472,0.0463851932464575,0.0483701140861816,0.0503321220237264,0.0513683112907456
"6689",2022-07-29,0.0396889919798761,0.0442203888218271,0.0464474418991415,0.0486273139358709,0.0501106717801795
"6690",2022-08-01,0.0447087331743918,0.0488543767798771,0.050261379280496,0.0511286108203685,0.0514956073037989
"6691",2022-08-02,0.0487921385133357,0.0520356899560442,0.0529277787666286,0.05339282767019,0.0530155552941463
"6692",2022-08-03,0.041626518008711,0.0464685421604705,0.0480967919060926,0.0495602331068689,0.0503498562647668
"6693",2022-08-04,0.040827234294002,0.0465677875951628,0.0485131158414341,0.0502203133411285,0.0509023760187967
"6694",2022-08-05,0.0379851955543503,0.0447326863790385,0.0471579184855493,0.0496116975180168,0.0508070464821908
"6695",2022-08-08,0.0407620378551575,0.0466019760003443,0.0485951402965741,0.050850950690604,0.0518004377038926
"6696",2022-08-09,0.0423937988474588,0.0475134022081836,0.0492578199340623,0.051361119185809,0.0521387080781958
"6697",2022-08-10,0.0351794168310769,0.0417493869207039,0.0442101761178775,0.0474922299310071,0.0493826459260152
"6698",2022-08-11,0.0360980641229613,0.0424340469780874,0.0450237908455177,0.0480446526650704,0.0496862768086537
"6699",2022-08-12,0.0333680000888649,0.0400476105779204,0.0426801955688707,0.046005158259518,0.0481098510829248
"6700",2022-08-15,0.0350092243161496,0.0404618622069491,0.0429735215054157,0.0459064343314552,0.0479958310828538
"6701",2022-08-16,0.0344447107496431,0.0402764882552624,0.0428935777592752,0.0457307037922147,0.0476867322650129
"6702",2022-08-17,0.0359668231061162,0.0418817474999289,0.0446503218868411,0.0474460133969983,0.0491869738185908
"6703",2022-08-18,0.0334577772082233,0.0399609307750498,0.0431238818074811,0.0459660397704192,0.0481379597487278
"6704",2022-08-19,0.0362703259716746,0.0430805144534805,0.0461409886876957,0.0484101990419879,0.0498072907557532
"6705",2022-08-22,0.0490787627128316,0.0514419318814618,0.0528346708728811,0.0530519272153656,0.05270422900437
"6706",2022-08-23,0.0482029574658886,0.0505097594244805,0.0519943780780796,0.052378248123611,0.0521814090932361
"6707",2022-08-24,0.044050252896272,0.0470098881415547,0.0491865798089482,0.0503950275497134,0.0509139932953772
"6708",2022-08-25,0.0399359888526471,0.04341861407294,0.0461649696972809,0.0480608372150557,0.0493107240403874
"6709",2022-08-26,0.0547132307662454,0.0546425899945592,0.0552063972728859,0.0547328425592189,0.0537329270657793
"6710",2022-08-29,0.0582228641465569,0.0559869414610608,0.0559457067341384,0.0552168185822989,0.054042651324377
"6711",2022-08-30,0.0598040552451257,0.0573769254031616,0.0572048462486207,0.0562751997468872,0.0548540330367891
"6712",2022-08-31,0.0583538694307003,0.0562285377039977,0.0566677326940759,0.056280606769191,0.0552278518761306
"6713",2022-09-01,0.0551223081268867,0.0542004872100246,0.0549798038780814,0.0548433812215488,0.0543222413411827
"6714",2022-09-02,0.0570677395857404,0.0561746094149188,0.0567284709155074,0.0563342232405559,0.0554053438503404
"6715",2022-09-06,0.0619613428125213,0.0596371851132014,0.0591373348959393,0.057764823987817,0.0559610230420544
"6716",2022-09-07,0.0532729875772863,0.0534045987183471,0.0541341550867268,0.0540836548451275,0.0537118376574314
"6717",2022-09-08,0.0489628996139715,0.0505947408191517,0.0519375242884628,0.0525430408251639,0.0527051227515708
"6718",2022-09-09,0.0460822641503744,0.0486759185920592,0.0503000665052834,0.0514319368559297,0.0519551688131535
"6719",2022-09-12,0.050373269565924,0.0506478518654648,0.0512295300129415,0.0516016271883608,0.0518712224159279
"6720",2022-09-13,0.0614434644195924,0.0604963843186069,0.059758585401274,0.0585352158635176,0.0568035193259544
"6721",2022-09-14,0.058936441822443,0.0587890320554513,0.0581471981428085,0.0571310190133227,0.0557270465806571
"6722",2022-09-15,0.0601188944213974,0.0600544207011236,0.0593010059753165,0.0582599608941087,0.0565559568107363
"6723",2022-09-16,0.0600738743009392,0.0601433832952126,0.0594257747116183,0.0584157930265964,0.0565541277599504
"6724",2022-09-19,0.0596161818172353,0.0586610417924975,0.0577521544420484,0.056977351855285,0.0554926275600643
"6725",2022-09-20,0.0667665112785546,0.0634953746562943,0.0614428732678063,0.0596243249837221,0.057145302002776
"6726",2022-09-21,0.0710807584160432,0.0666668484323137,0.0639679976814329,0.0614945905571006,0.0581191831130894
"6727",2022-09-22,0.0669447071219385,0.0650488296541079,0.0628368138084252,0.0608037159628502,0.0576524869843096
"6728",2022-09-23,0.0777363906688325,0.0728755476836984,0.069163670559867,0.0654716906732866,0.0603507279181794
"6729",2022-09-26,0.0878199713622679,0.0800273179438853,0.0747129730220494,0.0697989452085205,0.0635632754836872
"6730",2022-09-27,0.089972051714369,0.0819425935346844,0.0763625383516207,0.070942641089374,0.064393738823537
"6731",2022-09-28,0.0782080383077981,0.0744212690220294,0.0707850606678699,0.0671349923931611,0.0622287437029756
"6732",2022-09-29,0.0844739762608797,0.0789550115584019,0.074422949039341,0.069864410926855,0.0638520231539052
"6733",2022-09-30,0.0853249859394574,0.0804982568471934,0.0761357549593262,0.0710919818734764,0.0642597363775197
"6734",2022-10-03,0.0754826859962687,0.0729687124868218,0.0696881696508179,0.0661439801043496,0.0609093106955355
"6735",2022-10-04,0.0705336510727513,0.0685460486648636,0.0659520988264902,0.0633196445276977,0.0592502691219785
"6736",2022-10-05,0.0694731269583605,0.0683897510876553,0.0661299626733477,0.0639088007110513,0.0599407441485209
"6737",2022-10-06,0.0769891432015674,0.0731453627151373,0.06979811859583,0.0664250149143846,0.0615351489452566
"6738",2022-10-07,0.0809177171138509,0.0775276802802643,0.0736737007573594,0.0699091020627975,0.0640793529532781
"6739",2022-10-10,0.0885356073653561,0.0831034930245235,0.078222835199656,0.0733719336457101,0.0662303268766201
"6740",2022-10-11,0.094217636705301,0.0862397563697485,0.0805013673146922,0.0750986331745901,0.067273675073527
"6741",2022-10-12,0.0949919960838225,0.0859800144059055,0.0802100685098476,0.0749939140341983,0.0674480875313509
"6742",2022-10-13,0.0884641585900059,0.0814149717404867,0.0765245085019246,0.0719462004864491,0.0652309404096556
"6743",2022-10-14,0.0886355273983486,0.0831220439117608,0.0783167159473872,0.0740148793560618,0.0671763316102675
"6744",2022-10-17,0.0853812459560931,0.0794721685769404,0.0750361056446955,0.0714763280432592,0.0655197871441235
"6745",2022-10-18,0.0829756843474795,0.0771424538222378,0.0730496664539042,0.0699810760747489,0.064454847546128
"6746",2022-10-19,0.0847567852011473,0.0785618950561273,0.0742569745505242,0.0710368441810302,0.065415247821416
"6747",2022-10-20,0.0811989172481035,0.0763318836343319,0.072677119113362,0.0705226188365224,0.0655870486026868
"6748",2022-10-21,0.0810233640954584,0.0764013341219545,0.0726319778881225,0.0701834012599409,0.0654053756047061
"6749",2022-10-24,0.0817988795342443,0.0764273307785487,0.0721816211635708,0.0696639061230437,0.0652287070700597
"6750",2022-10-25,0.0744391202731874,0.0708673920170685,0.0674575919814522,0.0658068681088692,0.0625517723606825
"6751",2022-10-26,0.0701223384055793,0.0677537261500121,0.0651130783032352,0.0643910785580857,0.0617932744196293
"6752",2022-10-27,0.0679909367942854,0.065865825513867,0.0633798166651952,0.0630325179883836,0.0610372225327315
"6753",2022-10-28,0.062764218972814,0.0622962795278365,0.060106034024232,0.0598123619808932,0.0580710983589574
"6754",2022-10-31,0.0619713329237866,0.0618335808272157,0.0600267878009048,0.0598128593536368,0.0580918351139241
"6755",2022-11-01,0.0612208236191325,0.0610341810993846,0.0592629588507045,0.059112310453202,0.0576844050450038
"6756",2022-11-02,0.0618475190838927,0.0631752864547385,0.0615940314896091,0.0614634465090926,0.0596509688561652
"6757",2022-11-03,0.0593010321496916,0.0612898487716511,0.0600266191969373,0.0602229393910541,0.0586155804583596
"6758",2022-11-04,0.0561842928746084,0.0588363754948469,0.0582653693110341,0.0589158871104879,0.0577320756157991
"6759",2022-11-07,0.0564278157357614,0.0576732242048204,0.0574553514306633,0.0581191988225553,0.0570481124007847
"6760",2022-11-08,0.060242720925584,0.060008251254754,0.0594781429957257,0.0596525639876522,0.0581451893095974
"6761",2022-11-09,0.0637429961522579,0.0632600532365306,0.0625245945688004,0.062233766928328,0.0598463800289546
"6762",2022-11-10,0.0525316123110222,0.0542984827232958,0.0551073191038675,0.055687923292581,0.0549703703568294
"6763",2022-11-11,0.0469099499045944,0.0508588511412262,0.0526931736340819,0.0545840475614755,0.0545192822076042
"6764",2022-11-14,0.0509046304860314,0.0526510718857786,0.0541798939177429,0.0556527917653915,0.0551920613837204
"6765",2022-11-15,0.0512236552325119,0.0526148859859057,0.0541659405635266,0.0554531490319793,0.0546712818220332
"6766",2022-11-16,0.0507326405676112,0.0518897613269675,0.0535765331087294,0.0550367795765274,0.0543723223685491
"6767",2022-11-17,0.0497648135089767,0.0508766306305041,0.0528740576271535,0.054545069447708,0.0541574088881639
"6768",2022-11-18,0.0469816251529976,0.0488856484272948,0.0513300535212344,0.0533618020703926,0.0534390662972148
"6769",2022-11-21,0.0453907189686165,0.0471366865665124,0.0499167772849722,0.0523014079654373,0.0526602704940299
"6770",2022-11-22,0.041189286684589,0.0437002751819301,0.0467458273512758,0.0495647442740046,0.0506652352887607
"6771",2022-11-23,0.0374977538364022,0.0413686647391555,0.0448158750271522,0.0480450177181862,0.0496192462190092
"6772",2022-11-25,0.0377041212054669,0.0419722673366722,0.0454466187531469,0.0485823048390585,0.0499434377119069
"6773",2022-11-28,0.0447134118504324,0.0474050699650319,0.0500778555060006,0.0522949792800113,0.0525740927341893
"6774",2022-11-29,0.0438117368603127,0.0464231125001818,0.0491767687443511,0.0516179472327767,0.0520442258313317
"6775",2022-11-30,0.0385066861767762,0.0421994518835104,0.0451674361763296,0.0479325559214473,0.049115607948904
"6776",2022-12-01,0.0366884522996188,0.0413139338034833,0.0445317381527707,0.0471765815878245,0.048478746915718
"6777",2022-12-02,0.0330157848033037,0.0391969339128699,0.042862932708501,0.0459661157044924,0.0477342829717389
"6778",2022-12-05,0.0387382089089156,0.0435085058257042,0.0462735328373918,0.048444597996938,0.0489341106582307
"6779",2022-12-06,0.0445258252975563,0.0477590044887672,0.049554508552422,0.0507576018868739,0.0505613336816013
"6780",2022-12-07,0.0466050877751454,0.0496579010224553,0.0511650127579392,0.0520385726569195,0.0515860422518509
"6781",2022-12-08,0.0440630036078137,0.0477949264240063,0.0495743252682576,0.050735928001758,0.0507070848032958
"6782",2022-12-09,0.0454796517004331,0.0496894539875989,0.0513958853547808,0.0523393569440362,0.0518100377082735
"6783",2022-12-12,0.0523799442224681,0.0525515528862069,0.0529133743813468,0.0525879206449544,0.0516557538958036
"6784",2022-12-13,0.0423056257163128,0.0456665268413587,0.0476279030049224,0.0491047621086867,0.0497183948974731
"6785",2022-12-14,0.0370719767783903,0.0425209316537956,0.0455961099522101,0.0480958208863529,0.048966755096893
"6786",2022-12-15,0.0420915527957004,0.0469512631722636,0.0499223236691807,0.052202364410469,0.0520681978330154
"6787",2022-12-16,0.042284460014164,0.0478710662454712,0.0508273587232634,0.0532750550146641,0.0529298244457631
"6788",2022-12-19,0.0439427382796348,0.0482142202361813,0.0506885981123852,0.0529963549860428,0.0528773320359074
"6789",2022-12-20,0.0416358144249716,0.0462166402321016,0.048891296445088,0.0516819550060283,0.0519560783728572
"6790",2022-12-21,0.0372084475954452,0.0426310817692352,0.0456036251009973,0.0486599652022887,0.0494897502423333
"6791",2022-12-22,0.0435885167842821,0.047834649330952,0.049881836016589,0.0518711879640228,0.0514281349143628
"6792",2022-12-23,0.039925464147335,0.0450915140113481,0.0477307817323355,0.0500129278817582,0.0501073697359088
"6793",2022-12-27,0.043643428351098,0.0479619114662515,0.0498002726810758,0.0513945249470476,0.050851865365654
"6794",2022-12-28,0.0456158222511428,0.0490780159311027,0.0504725917983836,0.0520017645170603,0.051411455946678
"6795",2022-12-29,0.0420908233447484,0.0465713918031434,0.0481913041444553,0.0497896756911783,0.0495895741748786
"6796",2022-12-30,0.0420787018192797,0.0468745201822953,0.0488622445445752,0.0503147658419493,0.0498163954782524
"6797",2023-01-03,0.0453746955159783,0.048310941859524,0.0494508918072671,0.0504012218406346,0.0496033313229629
"6798",2023-01-04,0.0421520536580471,0.0453243312649197,0.0466404922138331,0.0476984722170915,0.0476764836985398
"6799",2023-01-05,0.0445881302821424,0.0464014650860846,0.0474286246333684,0.0483377696214734,0.0480894256787594
"6800",2023-01-06,0.0389196360483783,0.0423655712685674,0.0436111688065583,0.0447389957634148,0.0452655001146724
"6801",2023-01-09,0.0434412853444828,0.0448148950293595,0.045301409969942,0.0456626480808725,0.045753550667616
"6802",2023-01-10,0.0393268160425759,0.0411429043682588,0.0419567235206997,0.0429424441302713,0.0437484868338921
"6803",2023-01-11,0.0410969091169072,0.0415192381377128,0.0418852776210355,0.042358739651548,0.0428207236059779
"6804",2023-01-12,0.0326115850122808,0.0360101722731132,0.0376432706175718,0.0393638634459908,0.0409206204937845
"6805",2023-01-13,0.0296883802391209,0.0333178382798119,0.0351644475674623,0.0372559788633553,0.0392100276920805
"6806",2023-01-17,0.0327540974155625,0.0352493480931701,0.0363313664434823,0.0378907403140708,0.0393593726933289
"6807",2023-01-18,0.0359732977635512,0.0382681423909778,0.0391278645598806,0.0401909736770582,0.0408017895208254
"6808",2023-01-19,0.0371986723853478,0.0389769848717586,0.0395603868770805,0.0403204432700687,0.0406821493366116
"6809",2023-01-20,0.0343466667657963,0.0359639651402461,0.0365623805695302,0.0374792161024942,0.0383817377279921
"6810",2023-01-23,0.0345832494317973,0.0360533249638559,0.0361260244792093,0.0366735071052079,0.037193326093126
"6811",2023-01-24,0.0333835651022216,0.0348932773717949,0.0348822880000566,0.0354786893946995,0.0362243781778332
"6812",2023-01-25,0.0326741757481282,0.0343442380298202,0.0341942834531243,0.0344706395177092,0.0350117417843495
"6813",2023-01-26,0.0310931009854124,0.0331857933453404,0.0332242313440341,0.0336351881597634,0.0340951886196852
"6814",2023-01-27,0.0297380980297869,0.032381610339017,0.0324290590972469,0.0330649154473143,0.0336716470354459
"6815",2023-01-30,0.0355258827293302,0.0364430721293251,0.0354771904689664,0.0352576986523452,0.0350764102963459
"6816",2023-01-31,0.03242618092661,0.033974667159234,0.0333897354354018,0.0337304950207579,0.0342365181670298
"6817",2023-02-01,0.0286823063046234,0.0317305746816201,0.0316259195776066,0.0323383772597809,0.0335189420367524
"6818",2023-02-02,0.0287557715225047,0.0321262160079863,0.0320624158716199,0.0326120187100797,0.0334570408530805
"6819",2023-02-03,0.029301047025893,0.0331304850950631,0.0332384417329464,0.0338326482638938,0.0344371293042859
"6820",2023-02-06,0.0327462135926839,0.0353487072266591,0.0350218141350573,0.035138501638545,0.0353127121416783
"6821",2023-02-07,0.0299207751522748,0.0331241187617833,0.0331450164366117,0.0336046492955111,0.0340429210691444
"6822",2023-02-08,0.0337447202005577,0.0365570468194754,0.0362660764719379,0.0360252292232512,0.0358626395118372
"6823",2023-02-09,0.0380352249979065,0.0391999894866897,0.0385229778504377,0.0378057424371791,0.0371972921528516
"6824",2023-02-10,0.037100359126736,0.0389865010490762,0.0385766034233904,0.0380106766056011,0.0372719183103335
"6825",2023-02-13,0.0365400864417231,0.0369159817002733,0.0368522605969321,0.0367403669819414,0.0365107402625899
"6826",2023-02-14,0.0309624483178026,0.0331266515381077,0.0338323720334723,0.0346258194988454,0.0351730380811237
"6827",2023-02-15,0.0292844457273732,0.0316075931181899,0.0325867996862439,0.0337115737867411,0.0345618426367255
"6828",2023-02-16,0.0348330101596622,0.0355413663614719,0.03605288382292,0.0363091384814292,0.0362460486580168
"6829",2023-02-17,0.0337150188578528,0.0349674731751756,0.0356117624655172,0.0361533077740698,0.0363793631923456
"6830",2023-02-21,0.0446753398616333,0.0420468826700152,0.0414199423634605,0.0405695396610557,0.0391760990817458
"6831",2023-02-22,0.0417558643770925,0.0399411969947601,0.0396455962018605,0.0392115308581838,0.0384571855410251
"6832",2023-02-23,0.0376312870072289,0.036613258358445,0.0367833271620363,0.0369250150981545,0.0368710408047556
"6833",2023-02-24,0.04001601197326,0.0390629679087891,0.0391580880595136,0.0389702365156464,0.038272101098613
"6834",2023-02-27,0.0386975114727463,0.0370151666100499,0.0373956222913561,0.0376514179353435,0.037301936579871
"6835",2023-02-28,0.0370593627339015,0.0355532484287626,0.0360127603833693,0.03636802093449,0.0363471627751843
"6836",2023-03-01,0.0385569807680783,0.0369850196353815,0.0371215929083908,0.0373015837284271,0.0370083180961465
"6837",2023-03-02,0.0355492967358333,0.0346848111159152,0.0351130264426717,0.0356750471939542,0.0358800569439808
"6838",2023-03-03,0.031358236986522,0.0320377631602919,0.0329054340465715,0.0340809730323522,0.034836344588094
"6839",2023-03-06,0.0324341697440898,0.0322975310731965,0.0328659592535541,0.0339616844943692,0.0346285634653033
"6840",2023-03-07,0.0355121618366219,0.034491912029317,0.034575519651352,0.0351978425371672,0.035408068332009
"6841",2023-03-08,0.0333233124792033,0.0329229338581047,0.0330922162051681,0.034015974978364,0.0344370956348245
"6842",2023-03-09,0.0443232177421494,0.0414320033182627,0.0402423824966529,0.0392907396267006,0.0377132871232924
"6843",2023-03-10,0.0497456347791551,0.0466679884231865,0.0450773815579902,0.0430176718064326,0.0401136980596917
"6844",2023-03-13,0.0586942366302764,0.0529432273294084,0.0501000050056659,0.0468664846136748,0.0426605333222352
"6845",2023-03-14,0.0455891547439595,0.0445907227450935,0.043395330652038,0.0422478364884933,0.039656535488918
"6846",2023-03-15,0.0538602822397367,0.0511646370823762,0.0495845488408231,0.047538030363914,0.0433725399335983
"6847",2023-03-16,0.0429733057128237,0.0431595974122879,0.0427231010580051,0.0424825635966656,0.0404226007726372
"6848",2023-03-17,0.0535374049724496,0.0526504811609801,0.0510422318559114,0.0490576908893555,0.0446845649826586
"6849",2023-03-20,0.04901370964971,0.047737802812438,0.0464373169155731,0.0453698966035138,0.0423570569027314
"6850",2023-03-21,0.040484026987013,0.0409970348794946,0.0405963031070602,0.0406404725302429,0.0389673336445135
"6851",2023-03-22,0.0437114190689256,0.0438744461772558,0.0432289017468629,0.0425579881986145,0.0402629716520836
"6852",2023-03-23,0.0441348485461118,0.0445501902711357,0.0437866796046354,0.0433601932315433,0.0410902104113498
"6853",2023-03-24,0.0410661383585554,0.0421271349023409,0.0419081929588071,0.0421255432080502,0.0406160251554203
"6854",2023-03-27,0.0377789823195701,0.0392129221318191,0.0394211282175628,0.040146176212945,0.0392941616663579
"6855",2023-03-28,0.0353555526980457,0.0373923207364209,0.0380690306882444,0.0394519218467638,0.0389960737963396
"6856",2023-03-29,0.0322145282806295,0.0345747468359149,0.0355557042446315,0.037328740529069,0.0372185330205686
"6857",2023-03-30,0.0311687387938358,0.0340211767613492,0.0353045693360208,0.0371838268332309,0.0370867609922581
"6858",2023-03-31,0.0297983398117492,0.0331382685826825,0.0344835742215983,0.03622894624643,0.0361528176127891
"6859",2023-04-03,0.0288036751872854,0.0316572467907092,0.0331810034589749,0.0352882836363931,0.0355817924876402
"6860",2023-04-04,0.0298823384773649,0.0328144671315936,0.0345467538259372,0.0363073068779915,0.0364223160221499
"6861",2023-04-05,0.0299051872404921,0.0330321512294435,0.0349142223969579,0.036884561218235,0.0371033037675779
"6862",2023-04-06,0.0281138381520109,0.0314561240379468,0.0335297657643205,0.0357746014977657,0.0362784417343984
"6863",2023-04-10,0.0302909842587879,0.0322875477574743,0.0339758469731696,0.0358598981477779,0.0361140993002474
"6864",2023-04-11,0.0311252123526281,0.0325051370168958,0.0339484386910472,0.0357875091308191,0.0361993765482814
"6865",2023-04-12,0.0308321801467212,0.0322818190040521,0.0337803711491773,0.0357427956820394,0.036400224828492
"6866",2023-04-13,0.0266688408318045,0.0292430157403161,0.0312729458061543,0.0338476006525587,0.034790946088073
"6867",2023-04-14,0.02460150515761,0.0278990100352246,0.0302941084446377,0.0332930825292811,0.0345466926586438
"6868",2023-04-17,0.0242593335955474,0.0266667174071599,0.0289131609107496,0.0320551717846506,0.0335401097965955
"6869",2023-04-18,0.0237032476955607,0.0262851159744712,0.0287812792786189,0.0319758148739859,0.033374827263993
"6870",2023-04-19,0.0231243900126765,0.0262538677886776,0.0289458775535548,0.0322130908194457,0.0335727888252854
"6871",2023-04-20,0.0254858749584451,0.0281960411591223,0.0306552816414496,0.0334818317559338,0.0346542238342327
"6872",2023-04-21,0.02338117301424,0.027041187893799,0.0298591463774202,0.0330461195987202,0.0344802465957528
"6873",2023-04-24,0.0236922052247064,0.0275195722282164,0.0299923164523464,0.0332546546967324,0.0348392917019167
"6874",2023-04-25,0.0321966854349995,0.0340818883699044,0.0354399297234886,0.0374098411382787,0.0375241813776338
"6875",2023-04-26,0.0302226649367928,0.0325634825547404,0.0341357399522332,0.0364577348953272,0.0367578570920682
"6876",2023-04-27,0.0235882729829849,0.0276858090047732,0.0300445444955513,0.0333609202194566,0.0346605546334137
"6877",2023-04-28,0.0204607768398632,0.0253875875545077,0.0281076931014304,0.032010448910759,0.0338235783590386
"6878",2023-05-01,0.0211297632721402,0.025841085194079,0.0281218489201584,0.031533047610057,0.0334497375649798
"6879",2023-05-02,0.0260609571332723,0.0297849181426006,0.0313132880936665,0.0340354979189378,0.0350675554714381
"6880",2023-05-03,0.0287386050720149,0.0320058398601222,0.0334247564691485,0.0355987779883787,0.0360074567213518
"6881",2023-05-04,0.0331473712284143,0.0358009938661985,0.0366451552451463,0.037935213412838,0.0375250656226655
"6882",2023-05-05,0.0238095810193149,0.0287866942147687,0.030859581256365,0.0338123527083088,0.0349227368189399
"6883",2023-05-08,0.0240269507594211,0.0287299156408695,0.030671310662868,0.0336881678298142,0.034807995093016
"6884",2023-05-09,0.0263174527713236,0.0304235503155191,0.0320565151812184,0.0345522824315225,0.0351986727495227
"6885",2023-05-10,0.023549486053461,0.0281115768283505,0.0302560129254417,0.0333001984989945,0.0343365191788641
"6886",2023-05-11,0.0231724900433123,0.0275479658623373,0.0297060714807471,0.0328124291146207,0.0341151552085664
"6887",2023-05-12,0.0227005162831223,0.0274197055363093,0.0297946629189103,0.0330737687315129,0.0343579474469114
"6888",2023-05-15,0.0231711382955039,0.0265145034477843,0.0287947020784663,0.0320658720434567,0.0336179480083684
"6889",2023-05-16,0.0260717962554386,0.0285830536739208,0.0306534746461465,0.0335213483122369,0.0346520303899498
"6890",2023-05-17,0.0224869640578377,0.0256612450563792,0.0280418687135963,0.0312569578770702,0.0328215585541844
"6891",2023-05-18,0.0207075451155819,0.0234848917270097,0.0261580777257024,0.0296001662110173,0.0317657588224911
"6892",2023-05-19,0.0222133515184705,0.0250733204468605,0.0275648871992466,0.0306007484695797,0.0324072356308964
"6893",2023-05-22,0.0240456241394273,0.0263035433981697,0.0283869268634138,0.0310283264878524,0.0325692056658085
"6894",2023-05-23,0.0279999071231775,0.0289129343508469,0.0305172223086076,0.0325282330124567,0.0334920022756088
"6895",2023-05-24,0.0324613155574391,0.0319567006420247,0.0329470167052504,0.0340899108294002,0.0344012177682218
"6896",2023-05-25,0.0283072861937549,0.0292178864872684,0.0306409011961606,0.0323972979471749,0.0331803079718072
"6897",2023-05-26,0.0247303068915866,0.0266442897370376,0.0284722175658018,0.0307325331691909,0.0319313208465074
"6898",2023-05-30,0.0237509606260928,0.0262371500728128,0.028185980877709,0.0305245865747719,0.0317987419860385
"6899",2023-05-31,0.0231651855011455,0.0259542592508146,0.0279839322965938,0.0305404337563959,0.0319873319349676
"6900",2023-06-01,0.0189672771097646,0.0225651661811616,0.0249455785252339,0.0279921678849656,0.0303754907500316
"6901",2023-06-02,0.0165729300066139,0.0203183390351569,0.0228146815652666,0.0261417514460467,0.0288977998304388
"6902",2023-06-05,0.0174264197581446,0.0210065922272178,0.0232841844753042,0.026401522545248,0.0291409113497665
"6903",2023-06-06,0.0155673421057977,0.0190679176715292,0.0213173682617506,0.0245898890697307,0.0278181477412169
"6904",2023-06-07,0.0154141217237506,0.0190210270560916,0.0212322258632031,0.0244983266847308,0.0276619487718843
"6905",2023-06-08,0.0144388960229597,0.0180526215285116,0.0202958470456522,0.0236092856387238,0.0268673495533483
"6906",2023-06-09,0.0146537435205343,0.0183575805969559,0.0205539316671371,0.0237378911019293,0.0268614227835393
"6907",2023-06-12,0.0167881843255374,0.0195891036710247,0.0213110016495262,0.023951804382337,0.0266728203892671
"6908",2023-06-13,0.0162106694286226,0.0193924518276676,0.0212632065944488,0.0239627290595196,0.0266541077203384
"6909",2023-06-14,0.0150488195618805,0.0186563364431811,0.0207528178626018,0.0237151701123325,0.0265387898128891
"6910",2023-06-15,0.0160986205855756,0.0193247378000173,0.0211405593381294,0.0237109940514371,0.0268075820952404
"6911",2023-06-16,0.0148409359522413,0.0188127393444347,0.0208276767567934,0.0236219440433762,0.0268736865671105
"6912",2023-06-20,0.0163130203727842,0.0202389558391799,0.0220246375638619,0.024691393090798,0.0277641638996565
"6913",2023-06-21,0.0150823226529677,0.0190925229933731,0.0212100551981672,0.0242003223808825,0.0274668730306142
"6914",2023-06-22,0.013802852413522,0.0179260151534301,0.0201328753539696,0.0233414320178098,0.026955833910165
"6915",2023-06-23,0.0146302617554908,0.0187366229177034,0.0208818165396765,0.0238796429947614,0.027325525215337
"6916",2023-06-26,0.0160969718406798,0.0195317464163324,0.0214074734132588,0.0241391556244507,0.0273313385598863
"6917",2023-06-27,0.0148461026302048,0.0181427967975525,0.0198615058001356,0.022633935930283,0.0260581185688792
"6918",2023-06-28,0.0142565762206567,0.0171953128370152,0.0188095240925056,0.0214702967791373,0.0249823713934874
"6919",2023-06-29,0.0141286559838985,0.0174242829726366,0.0190666046732975,0.0216687704549879,0.0249609112650878
"6920",2023-06-30,0.0135353054041061,0.0169297613319079,0.0185773670140727,0.0212002465412354,0.0244923048463939
"6921",2023-07-03,0.0144681894095092,0.0175466989186012,0.0190788388555635,0.0212886416238875,0.0245725563146744
"6922",2023-07-05,0.0159957422330167,0.0187009589462828,0.0202083933615557,0.0221983884578122,0.0253242419403129
"6923",2023-07-06,0.0183381092532333,0.0207902517257321,0.022027791119335,0.0236281806951998,0.0263136749029554
"6924",2023-07-07,0.0173011582778326,0.0203262126367248,0.0217758241177387,0.0235130890521705,0.026206912172003
"6925",2023-07-10,0.0181434350050785,0.0205501634493422,0.021769334054345,0.0232656204211472,0.0258717780099245
"6926",2023-07-11,0.0176265995674728,0.0198253198470596,0.0210046827850349,0.0224994859723311,0.0251468685890004
"6927",2023-07-12,0.014699272445619,0.0174745273131615,0.0190985289525763,0.0210509158617844,0.0240548252728674
"6928",2023-07-13,0.014748555664211,0.0172504684401405,0.0187853319098229,0.0206112315347093,0.0236444181689227
"6929",2023-07-14,0.0142796890236154,0.017109842722163,0.0188436234424384,0.0207565230104418,0.023812405132469
"6930",2023-07-17,0.015060117653069,0.0177579025353054,0.0193851265190186,0.0211264657230858,0.0240424975758976
"6931",2023-07-18,0.0148592449869774,0.0174808537150226,0.0191417548130322,0.0209426315064177,0.0238559385196846
"6932",2023-07-19,0.015666517402516,0.0184432381344512,0.0200735616910472,0.0218106048708109,0.0245528495146681
"6933",2023-07-20,0.0160410427418433,0.0187437317306429,0.0203806317016605,0.0220379086196084,0.0249930762731624
"6934",2023-07-21,0.0150914776173202,0.0180387084106221,0.019656647735111,0.0215605176320859,0.0247004462485661
"6935",2023-07-24,0.0153900625606991,0.0180197652072678,0.0192495489261474,0.0210968181318613,0.0244143933300614
"6936",2023-07-25,0.0157098447228702,0.0183296970789309,0.0195044104698624,0.0213280485185457,0.0244426107505529
"6937",2023-07-26,0.0139262220407004,0.0169857697880702,0.0185455363900368,0.0207934181312453,0.0242521036434654
"6938",2023-07-27,0.0164199764531489,0.0192633354164735,0.0204641954007847,0.0222644756779103,0.0252634395906443
"6939",2023-07-28,0.0138538325237568,0.0171655285832724,0.0187779870644217,0.0211254420900561,0.0245314955293648
"6940",2023-07-31,0.0147309955207016,0.0179129969994315,0.0193361307752394,0.02169258289946,0.0249809409848335
"6941",2023-08-01,0.0154034988716391,0.0186465786893133,0.0200260672900396,0.0221578098828609,0.0254619523593463
"6942",2023-08-02,0.0199925351889365,0.0227670406496785,0.0236434550333997,0.0250018637844096,0.0274757910879718
"6943",2023-08-03,0.0205733296169871,0.0230213508689098,0.0238316056238485,0.0251453289311194,0.0276403133095917
"6944",2023-08-04,0.0225029230484285,0.0246914657466185,0.0251621300726682,0.0261021900332376,0.028269979864206
"6945",2023-08-07,0.0195669778073293,0.0220578681163179,0.0228355259121641,0.024296650703425,0.0269356595748265
"6946",2023-08-08,0.0205138370580402,0.0231072616399509,0.0238217052975414,0.0251320528519807,0.0274949195641977
"6947",2023-08-09,0.0215870942760281,0.0237112173282892,0.024346492982096,0.0256512643388318,0.0279902922149548
"6948",2023-08-10,0.020846669145112,0.0233482103726966,0.024041521305206,0.02531298322448,0.027671603671512
"6949",2023-08-11,0.0191695148309656,0.0221666343200197,0.0232246499778133,0.0249341909159286,0.0275044879319341
"6950",2023-08-14,0.0183817581736844,0.0212154851608826,0.0223789333021863,0.0242345447497995,0.0269903620203636
"6951",2023-08-15,0.0222856610395511,0.0244390594214183,0.0251686708948651,0.0264185825370009,0.0284899721047818
"6952",2023-08-16,0.0237576483529553,0.0260082598271183,0.026529230506862,0.0276491266387046,0.0294119897774188
"6953",2023-08-17,0.0264946229512821,0.028289938366869,0.028535410745425,0.0291761402259701,0.0306010960491723
"6954",2023-08-18,0.0243953053896579,0.0264705837951979,0.0271069792002592,0.0283292517123927,0.0301718005972503
"6955",2023-08-21,0.0234291964092914,0.0253124499356217,0.0260076877182198,0.0273613835266117,0.0295408529862616
"6956",2023-08-22,0.023404851232694,0.0250708843025985,0.0258602490016079,0.0273280321130143,0.0294736311999016
"6957",2023-08-23,0.0207157785582141,0.0229986983516518,0.0241520477163783,0.0259082237089664,0.0283425995747289
"6958",2023-08-24,0.0235199888526817,0.0253613925709611,0.0262321123594721,0.0274744953389453,0.029295464750052
"6959",2023-08-25,0.0199960425233943,0.0226717392393326,0.0238866737709239,0.0255974488855979,0.0280123345973391
"6960",2023-08-28,0.01903079810206,0.0213982683735691,0.0227207354600611,0.0247131531161092,0.0273857199838586
"6961",2023-08-29,0.0172429117643373,0.0196853687866343,0.0211677107276635,0.0232704494397606,0.0262139388828135
"6962",2023-08-30,0.0156920194085511,0.0184025310187994,0.0200966462251007,0.02259651603855,0.025843697647027
"6963",2023-08-31,0.0149654368063779,0.0178600685147621,0.0195988445085704,0.0222007500703845,0.0256549377249813
"6964",2023-09-01,0.0138236491020662,0.0171508580532702,0.0190334077949165,0.0217290124545691,0.025265320269463
"6965",2023-09-05,0.0160886744345717,0.0185858661069602,0.0200677786804565,0.0224468522143586,0.0256756329373049
"6966",2023-09-06,0.0171590928968148,0.0196160342015314,0.0210202550080233,0.0233025883198848,0.0262626240782909
"6967",2023-09-07,0.0174179310740611,0.0197862283342612,0.0211485637609496,0.0234730892909046,0.026436210524307
"6968",2023-09-08,0.0160265338496737,0.0187738200253259,0.020273957321157,0.0228229513105346,0.02601904838942
"6969",2023-09-11,0.0157596909309411,0.0180925567001583,0.0195376649040918,0.0221687185957374,0.0253747904793993
"6970",2023-09-12,0.016828250407094,0.0188123838207138,0.0201122805115297,0.0226604302637773,0.0257323932143803
"6971",2023-09-13,0.0150366515726757,0.0177128851792527,0.0192889805311734,0.0220788787108838,0.0252652807464746
"6972",2023-09-14,0.0131545687369468,0.0161441666119256,0.0179091021102532,0.0207445822638255,0.0248316014260412
"6973",2023-09-15,0.0155138885702295,0.0180933440557438,0.0195530258821305,0.0221619796389914,0.0258789781422434
"6974",2023-09-18,0.0165560587973981,0.018710772388353,0.0198436156124918,0.0222315848050715,0.0258017321599719
"6975",2023-09-19,0.0167785502306428,0.0187020195467906,0.0197708242148591,0.0221907790547749,0.0259002386744279
"6976",2023-09-20,0.0190109160795777,0.0205476753562738,0.0213142773646586,0.0233174649394818,0.0266283935397865
"6977",2023-09-21,0.0245854770975016,0.0246664658002946,0.0246817243698387,0.0258387492082267,0.0281287188205362
"6978",2023-09-22,0.0241960252743366,0.0247301408606645,0.0248066786218398,0.0261411972946043,0.0284699199373538
"6979",2023-09-25,0.0237941352264568,0.0246758975217201,0.0248656643774991,0.0261959235485889,0.0284844157255947
"6980",2023-09-26,0.0301486870233306,0.0301526923989266,0.0297049875035794,0.030007416345644,0.0310891231007861
"6981",2023-09-27,0.0278857119423347,0.0281386621123869,0.0280949615865194,0.0291580197712973,0.0306070486949754
"6982",2023-09-28,0.0249290834597581,0.0257124305192425,0.0259639739603176,0.0274159231564943,0.0297303885748471
"6983",2023-09-29,0.0256207363004074,0.0262710140580632,0.0263211505404904,0.0277003682429157,0.029735031682897
"6984",2023-10-02,0.0262975804629029,0.0267859732642847,0.0267697233234424,0.0280803983320064,0.029926113454535
"6985",2023-10-03,0.0329461999862187,0.0323078064854802,0.0316531547816788,0.0317190623092278,0.0323669995665634
"6986",2023-10-04,0.0281325956365842,0.0288994553253978,0.0289616134637004,0.029922319317723,0.0314319954318319
"6987",2023-10-05,0.0279359751411969,0.028679271707599,0.028909106544578,0.0299862200183134,0.031576420315358
"6988",2023-10-06,0.0255149097675747,0.0267893441716891,0.0271595857679308,0.028472959583552,0.0304260203434703
"6989",2023-10-09,0.0262711664930806,0.0270050166459487,0.0272462046050978,0.028587105824128,0.0304811958751788
"6990",2023-10-10,0.0241184640473762,0.0251821307185706,0.0256170105090798,0.0273003144757657,0.0295828521177198
"6991",2023-10-11,0.0221264265308445,0.0236490871169951,0.0243563853844808,0.0263215512660547,0.0289083987226724
"6992",2023-10-12,0.0230928789526,0.0243333117352888,0.0249350780783537,0.0267505464905597,0.0291569427815937
"6993",2023-10-13,0.0291214799588628,0.029735179822051,0.0295288998715551,0.0301982149800183,0.0312322091369252
"6994",2023-10-16,0.0241021020072471,0.0252397202559092,0.025786585849941,0.0275137540537829,0.0295496912754686
"6995",2023-10-17,0.0255809403260797,0.0264332868643199,0.0266732106532171,0.0282006620059577,0.0298782896069847
"6996",2023-10-18,0.030992085244461,0.0308914153770632,0.030446333310449,0.0310615040878067,0.0317574938298875
"6997",2023-10-19,0.0346075473835955,0.0339961295966227,0.0331753570376399,0.0329932030109584,0.0329156569303347
"6998",2023-10-20,0.0367298452309952,0.0357225686287552,0.034763210971383,0.0344847004895413,0.034059501879244
"6999",2023-10-23,0.0352784760903624,0.0343224182442748,0.0332495015858961,0.0331362016163851,0.0333637601368762
"7000",2023-10-24,0.0304289724044263,0.0306015721588537,0.0301588057641064,0.030890554408662,0.032032562496633
"7001",2023-10-25,0.0352580239700959,0.0347441488234384,0.0337953631007809,0.0336477045929553,0.0336605375828494
"7002",2023-10-26,0.0369495680468409,0.0359589634780439,0.0348511437452242,0.0345952478211309,0.0342383381634429
"7003",2023-10-27,0.0377172026973527,0.0370661320735607,0.0359520008507231,0.035504304510797,0.0347102194569033
"7004",2023-10-30,0.0326596373195756,0.0329044558821395,0.0324144267711087,0.0328062869172277,0.0331242148505193
"7005",2023-10-31,0.0276613157001328,0.0284933878690907,0.0286062882437876,0.0298442333589718,0.0311583330768309
"7006",2023-11-01,0.0240670690054827,0.0256640992139518,0.0262031594482163,0.0277117243199073,0.0295128239057892
"7007",2023-11-02,0.0207432906036578,0.0229392317293742,0.0238023699567367,0.0255605457904714,0.0277021956390175
"7008",2023-11-03,0.0188611709496287,0.0214895907907841,0.0225149270574306,0.0243887604265348,0.0266208857353349
"7009",2023-11-06,0.0185330566924235,0.0207137907666956,0.0216951971922336,0.023610954404907,0.0260480216496693
"7010",2023-11-07,0.0182093073069259,0.0204379715112342,0.0214833296602695,0.0235226730164391,0.0260017591854602
"7011",2023-11-08,0.0173709440546455,0.0194875373411908,0.0206795709490869,0.0229114506393748,0.0254660229941992
"7012",2023-11-09,0.0196148791566238,0.021421312420159,0.0224225466091101,0.0242865074276086,0.0264194313909944
"7013",2023-11-10,0.0167037678355423,0.0188678000143817,0.0201916528319871,0.0223764518074206,0.0248658499100394
"7014",2023-11-13,0.0181809602854468,0.0195144762695962,0.0206596537483906,0.0226436722992085,0.024913366447497
"7015",2023-11-14,0.0164734096686607,0.0182249273750688,0.019740321701942,0.0218810401937697,0.0240847441945194
"7016",2023-11-15,0.015894795747786,0.0180312232327406,0.0196126213984878,0.0219555400686951,0.0244167232736889
"7017",2023-11-16,0.015425241572079,0.0173246081578057,0.0190567994224502,0.0214841380231458,0.024294759076286
"7018",2023-11-17,0.0148928385886537,0.0169340002537858,0.0187243016036673,0.0212636363450684,0.0242571350104815
"7019",2023-11-20,0.0144328698908725,0.0166141300771961,0.018313211380178,0.0209733868151217,0.0240057462353692
"7020",2023-11-21,0.0143516156252798,0.016438139313516,0.0181741511351559,0.020815565496085,0.0240109071476177
"7021",2023-11-22,0.0133365958673533,0.0159613499440863,0.0178754951941559,0.0206775481292109,0.0238208322705815
"7022",2023-11-24,0.0127305780810112,0.0154326950316086,0.0173760605383634,0.0203031116576742,0.0236339526258189
"7023",2023-11-27,0.0131579099377421,0.0159617469422878,0.0178438141018012,0.0206512098381536,0.0238729506229355
"7024",2023-11-28,0.0129848812386225,0.01578378041818,0.0177025553645818,0.0206637655920162,0.0239904553411007
"7025",2023-11-29,0.0139124274208893,0.016515048340936,0.0184559204420262,0.0212899163573279,0.0244185033060847
"7026",2023-11-30,0.0135249620915407,0.0161279694329024,0.0181334108050728,0.0210090100788021,0.0242356881920378
"7027",2023-12-01,0.0132907296840606,0.0160950175917727,0.0181963786207429,0.0209211614474634,0.0240938225433891
"7028",2023-12-04,0.0142673103394149,0.0170746351075356,0.0190368315076483,0.0216394133361305,0.0248008095455626
"7029",2023-12-05,0.0141541004332985,0.0169808348778817,0.0190738942918312,0.0216401659782337,0.0247484566849102
"7030",2023-12-06,0.0145554363311119,0.0174417545917183,0.0194734673873604,0.0220184426019337,0.025107588983976
"7031",2023-12-07,0.0144176795651365,0.0171775502397727,0.0191365016382046,0.0215724639399848,0.0246287104217402
"7032",2023-12-08,0.0130001340291376,0.0161047353060179,0.0181917527998064,0.0209180203050773,0.0242078522836854
"7033",2023-12-11,0.0133624753752582,0.0161011036167833,0.0180492501636277,0.0206388789313846,0.0238814140874249
"7034",2023-12-12,0.0117904015869021,0.0149045903443298,0.0170125164205725,0.0198504816977487,0.0233046787426268
"7035",2023-12-13,0.0117824158605755,0.0145334004804844,0.0164321456366401,0.0193120554059249,0.0227317989637761
"7036",2023-12-14,0.0117736495387418,0.0144375490842713,0.0164535450274046,0.0190668493255365,0.0227461795522753
"7037",2023-12-15,0.0119978701264903,0.0151191506394056,0.0171900808664414,0.0196950324247671,0.0231488167377989
"7038",2023-12-18,0.0131032311964877,0.0161273882751701,0.0180279810567156,0.0202878561605061,0.0234991296907227
"7039",2023-12-19,0.0133880498234783,0.0165814349884626,0.0186380928880817,0.0208234696976126,0.0239906125563104
"7040",2023-12-20,0.0160176298814529,0.0191097175763495,0.0210227107404999,0.0229150788238699,0.0259175504800506
"7041",2023-12-21,0.0154810736545907,0.0182372882361142,0.0200323666758309,0.0220586488091864,0.0252038269763236
"7042",2023-12-22,0.0145639831231039,0.0176458303049715,0.0196307205614399,0.0219059878388295,0.0252882850321655
"7043",2023-12-26,0.0143030897555212,0.0174760429964046,0.019403079183354,0.0217280609726556,0.0251993493456369
"7044",2023-12-27,0.0129821014917709,0.0161546849528639,0.0180993871928202,0.0206130785979102,0.0243854351147687
"7045",2023-12-28,0.0130157716264292,0.0161922628179112,0.0180759238135472,0.020595072773391,0.0243934150603703
"7046",2023-12-29,0.0129292663256742,0.0162113480129544,0.018058940884889,0.0205553049554736,0.0244690395175091
"7047",2024-01-02,0.0143755778264933,0.0171352599778467,0.0187142925084684,0.0211297918587288,0.0249256280892838
"7048",2024-01-03,0.0157932505165067,0.0184061007637206,0.019949470899892,0.021933621493375,0.0256787042222984
"7049",2024-01-04,0.0160526445024861,0.0184505807519829,0.0200343977699812,0.0219698411478403,0.0257207138577428
"7050",2024-01-05,0.0147190546397914,0.0172613978488041,0.0189948141767603,0.0210646263822542,0.0249458052177638
"7051",2024-01-08,0.0140695956755952,0.0162390958015561,0.017812260253,0.0199167412627518,0.0238476902444847
"7052",2024-01-09,0.0135134618930577,0.0157069613682052,0.0174139905629175,0.0196118105046144,0.0236236903191502
"7053",2024-01-10,0.0135006603533805,0.015490780696218,0.0171407221234893,0.0192865235739322,0.0231895924098853
"7054",2024-01-11,0.0128409334330568,0.0149305202367307,0.0166648700860397,0.0188687404040013,0.022868295758039
"7055",2024-01-12,0.0131421413607783,0.0154112102000732,0.0170573919283526,0.019097429777667,0.0229008005440472
"7056",2024-01-16,0.0159329177495182,0.0176328544286741,0.0188015270293125,0.0203887134286199,0.02370903232304
"7057",2024-01-17,0.0175813276005443,0.0190137729375928,0.0199739047978363,0.0212569535849736,0.0242572910576232
"7058",2024-01-18,0.0161609807563615,0.0177676437679209,0.0188901589692902,0.0202068587434841,0.0235942633835482
"7059",2024-01-19,0.014404369151499,0.0164528103951739,0.0176363408439345,0.0190919927937431,0.0225971132670385
"7060",2024-01-22,0.0142224533678429,0.0161378982565247,0.0169867716450189,0.0186834352137971,0.0223727752536696
"7061",2024-01-23,0.0129144173126271,0.0151780302023299,0.0161197900070855,0.0179992884773582,0.0218534572758949
"7062",2024-01-24,0.0137417513582691,0.0159517850007438,0.0168431857942075,0.0186210821209361,0.0222897550459276
"7063",2024-01-25,0.0141977898819756,0.0164019664690294,0.0172264718186337,0.0189636114614534,0.0224988800632447
"7064",2024-01-26,0.0137511464022441,0.0161431843089464,0.0170443214369758,0.018910100642403,0.0226161301940072
"7065",2024-01-29,0.0145767445662742,0.0168318147063026,0.0174970385124315,0.0193284863136954,0.0228553006748379
"7066",2024-01-30,0.0141781045350112,0.0165920552557622,0.017345280715023,0.0192858210624059,0.022995367193254
"7067",2024-01-31,0.0167645159010053,0.0189409304108574,0.0193910728923974,0.020945255798065,0.0242524779377957
"7068",2024-02-01,0.0151987448330158,0.017575744675007,0.0181858033388265,0.0198553257049323,0.0235424011790101
"7069",2024-02-02,0.0145262805960824,0.0172157235672515,0.0180374569029943,0.0197892338098266,0.0234051298983259
"7070",2024-02-05,0.0143184432805168,0.0167053536242619,0.0174994011266491,0.0193613211058855,0.0231279123633026
"7071",2024-02-06,0.0135209033293796,0.01606037556259,0.0169944403387765,0.0189290064285609,0.0226713199503484
"7072",2024-02-07,0.0131778310143485,0.0157243959237581,0.0167610892925374,0.0187658473086623,0.0224830630294392
"7073",2024-02-08,0.012948014770088,0.0156767927623421,0.0167826510932439,0.0188303443060403,0.0225727707793232
"7074",2024-02-09,0.0130853093982674,0.0158787413641443,0.017090386264894,0.0192152216113217,0.0228213309784081
"7075",2024-02-12,0.0152639770681478,0.0173456886500303,0.0183867667356967,0.0202107190029726,0.0234459661845922
"7076",2024-02-13,0.0186687355129391,0.0198422978130616,0.0204067140855289,0.0217713089675055,0.0245497876019297
"7077",2024-02-14,0.0159582680329602,0.0178358982280089,0.0187823252703932,0.0206202963498674,0.0238093401230569
"7078",2024-02-15,0.0155992774350931,0.0174230614043122,0.0185116066140682,0.0203686647471542,0.0237297328883615
"7079",2024-02-16,0.0161740907670016,0.0177488166500749,0.0187881924379299,0.0205673093052888,0.0239063466310751
"7080",2024-02-20,0.0185791557752349,0.0192564024054906,0.0199062153272741,0.0213894237793701,0.0245816113865403
"7081",2024-02-21,0.0180843740280655,0.0187631604726228,0.0194431861751393,0.0209064859757992,0.0241294940746776
"7082",2024-02-22,0.0162831096851832,0.0175841572033636,0.0185641307765726,0.0202633400321344,0.0235008918963037
"7083",2024-02-23,0.0146981927171116,0.016482576685287,0.0177418551358451,0.019740984169004,0.0232914291399665
"7084",2024-02-26,0.0150749535862161,0.0164606347439105,0.0176876773244007,0.0197369556976439,0.0233363917886719
"7085",2024-02-27,0.0143391333672189,0.015755971373001,0.0170300226720497,0.0191767504891938,0.0229198796211955
"7086",2024-02-28,0.0147378147337146,0.0161347629779362,0.0174126481179913,0.0195446515234965,0.0233014643586235
"7087",2024-02-29,0.0141659785132141,0.015742959359071,0.0171167635674481,0.019377984725388,0.0232338470028324
"7088",2024-03-01,0.0136721562469502,0.0156415124498443,0.0171797868843801,0.0194325040238753,0.0233956178996702
"7089",2024-03-04,0.0145882131314632,0.0164168434709123,0.0178574900006717,0.0200223206541467,0.0239908794060131
"7090",2024-03-05,0.0169039617336526,0.0183181011034089,0.0194521766572975,0.0212482052168967,0.0247757656351299
"7091",2024-03-06,0.0168204456922121,0.0182818575767005,0.0193943268392162,0.0212075437810907,0.0248425010412138
"7092",2024-03-07,0.0166870376558909,0.018223556115566,0.0193082503436711,0.021109727350758,0.0247068798127932
"7093",2024-03-08,0.017292702457728,0.0190545933686724,0.0201470854062607,0.0219218043970166,0.0253104579253351
"7094",2024-03-11,0.0184104055479568,0.0195363901689913,0.0205302332349963,0.022316344470216,0.0257391602482544
"7095",2024-03-12,0.0153106422907562,0.0173561675876219,0.0187960689871721,0.0211198214784073,0.0249369208720511
"7096",2024-03-13,0.0149624471852102,0.0171960952820536,0.0186602404158802,0.0210944712094725,0.0249871039562481
"7097",2024-03-14,0.0163481440321068,0.0182252999388831,0.0195410728845016,0.021654283873076,0.0255575712264513
"7098",2024-03-15,0.0173414910044023,0.0190563799908593,0.0203051932360142,0.0223012605079551,0.0259947050024516
"7099",2024-03-18,0.0172537089683702,0.0187639385608011,0.0198308023434952,0.0219121780834195,0.0257904679002303
"7100",2024-03-19,0.0160657464926192,0.017815440566153,0.0189486794791239,0.0212130843627908,0.025210469020875
"7101",2024-03-20,0.014157547242312,0.0165159623432469,0.0179311783237884,0.0205028087243725,0.0247275464136824
"7102",2024-03-21,0.0136173862283451,0.0162674038116522,0.0178607127710292,0.0205269925136424,0.0248813520223454
"7103",2024-03-22,0.013453259012451,0.0162278903316283,0.0178419604419298,0.0206447642768098,0.025081586534106
"7104",2024-03-25,0.0140403407441427,0.016811973377204,0.0183361783967474,0.021144885504109,0.0254231277664527
"7105",2024-03-26,0.0142582945918061,0.0168585887372211,0.0182579689275841,0.0209948205831769,0.0252312175591084
"7106",2024-03-27,0.0127304067185493,0.015865032932079,0.0173848411452263,0.0203122084458242,0.0246926279425714
"7107",2024-03-28,0.0130728837781013,0.0161533065714225,0.0176289132466321,0.0205529530731775,0.024938643100063
"7108",2024-04-01,0.0146737529949426,0.0172958188949181,0.0184292984582534,0.0212324086745709,0.025274305745158
"7109",2024-04-02,0.0170014409449773,0.019011898841521,0.0199163953249352,0.0221367872242621,0.0260349602637687
"7110",2024-04-03,0.0166043908037974,0.0186508814418384,0.0196124734639108,0.0219292956176605,0.0259075948410876
"7111",2024-04-04,0.0218389421650866,0.0222507278067443,0.0225619828939198,0.0240566115118119,0.0271939030817998
"7112",2024-04-05,0.0201888931139351,0.0214957851837427,0.0220114271422723,0.0236452807457489,0.0269345278839534
"7113",2024-04-08,0.0189270863966532,0.0202725810198938,0.0208962425812477,0.0228023551193337,0.0263450466300725
"7114",2024-04-09,0.018974991460801,0.0201257274796199,0.0207394211414521,0.0227011245651635,0.0262196702376791
"7115",2024-04-10,0.0204097415378377,0.0212731100593685,0.0217957349641149,0.0235944269199781,0.0269456402764661
"7116",2024-04-11,0.0188316746077569,0.0201814823008504,0.0208839838929343,0.022916436037402,0.0264656318644898
"7117",2024-04-12,0.0247103403964045,0.0246128323125695,0.0246966770785061,0.0257253221232622,0.028324979740016
"7118",2024-04-15,0.030143757464674,0.0283689400765294,0.0277458115867927,0.0280050971243332,0.0297112558847813
"7119",2024-04-16,0.0281079456283881,0.0268206912814133,0.0264174516732389,0.0271177880743348,0.0291574782533148
"7120",2024-04-17,0.0274900671577333,0.0267284583269604,0.0263774285126894,0.0271263228998097,0.0290883820866657
"7121",2024-04-18,0.0272448807302449,0.0266449382561684,0.0263007605835667,0.0268858624134252,0.0289042092950983
"7122",2024-04-19,0.0291806785212936,0.0284770492032878,0.0278767001340395,0.0281141960906207,0.0296125889570373
"7123",2024-04-22,0.023727651043948,0.0238478040335932,0.0237279666069137,0.0247413546161741,0.0272100902235901
"7124",2024-04-23,0.0205140397724613,0.0212174872195477,0.0215536328972287,0.0230581634833389,0.0259493113176517
"7125",2024-04-24,0.0200321676751541,0.0207733708541325,0.0211424442564769,0.0227568659245789,0.0257016734630529
"7126",2024-04-25,0.021454624030338,0.0217203244544726,0.0217663871973209,0.0230566984059484,0.0257122768249446
"7127",2024-04-26,0.0183030165975155,0.0196047312967613,0.0202100435352357,0.0220284696303866,0.0250236574615208
"7128",2024-04-29,0.0178181294765911,0.0191004836785437,0.0196828503207987,0.0216191280535375,0.0246699447157652
"7129",2024-04-30,0.0211468960813849,0.0213288061352513,0.0213264492604638,0.0228783658408477,0.0255751255422486
"7130",2024-05-01,0.0202385609621353,0.0209932330926381,0.0211633646828335,0.0227712040591006,0.0255855640982758
"7131",2024-05-02,0.0188584184367109,0.019878583235948,0.0201868641313238,0.0219228735352817,0.024885078734074
"7132",2024-05-03,0.0157139179088561,0.0176645096485678,0.0184291256980352,0.0205984101591226,0.0239057827618446
"7133",2024-05-06,0.0155793526333417,0.0170723721289543,0.0177978062854816,0.0200355629246517,0.0233163180101134
"7134",2024-05-07,0.0147381073897486,0.0165910893230103,0.0174483999587054,0.0197725361013284,0.0231566324286335
"7135",2024-05-08,0.0142146576305068,0.0161795155919925,0.0171545382953484,0.0196634842990505,0.0230636756547066
"7136",2024-05-09,0.0134953454994236,0.0156122990104653,0.0166863091658384,0.0191815030556531,0.022567727413417
"7137",2024-05-10,0.0129957189321324,0.01522847663213,0.0164122553881511,0.0190217454735324,0.0224641579373089
"7138",2024-05-13,0.0149008813925005,0.0161097249487276,0.0171072932822169,0.019509984271753,0.0226936439712899
"7139",2024-05-14,0.0143298609605917,0.0155559932748461,0.0166078544928471,0.0191402267569145,0.0223763239782365
"7140",2024-05-15,0.0122242185304657,0.013936564077704,0.0152706018798048,0.0180993290182392,0.021564872378113
"7141",2024-05-16,0.0121277016136584,0.0140558869008766,0.0155884757342069,0.0182914085938156,0.0217982063153596
"7142",2024-05-17,0.0114302436290456,0.0135501691422296,0.0151502987118385,0.0179106460454944,0.0215700734110235
"7143",2024-05-20,0.0123185560666337,0.0139651802536606,0.0152719503189988,0.0180341340261238,0.0216751223728246
"7144",2024-05-21,0.0117525260192752,0.0134599072080325,0.0148519039017704,0.0176489192036026,0.0213466632918663
"7145",2024-05-22,0.0126868826889363,0.0141650972329945,0.0154891577819082,0.018180763645892,0.021635605498203
"7146",2024-05-23,0.0134894819786345,0.0147600252886351,0.015928751607689,0.018468321309514,0.0217569880247593
"7147",2024-05-24,0.0113767408032468,0.013332169159643,0.01481872004161,0.0176338037243981,0.0211127607046403
"7148",2024-05-28,0.0131072418661113,0.0145952944230267,0.0158270576137859,0.0184460811509905,0.0215223872596241
"7149",2024-05-29,0.0155712644783414,0.0162887909713775,0.0171781749984368,0.0194863719242416,0.0221902088459543
"7150",2024-05-30,0.0160150866987008,0.0167090324654081,0.0175248932755838,0.0197371279642055,0.0223353600242123
"7151",2024-05-31,0.0135279790697846,0.0149614426020129,0.0161248518716265,0.0186405161117008,0.0215172425987348
"7152",2024-06-03,0.0144181705252952,0.0155173710525384,0.0165136868465456,0.0190007877781233,0.0217090769826961
"7153",2024-06-04,0.0145398631082592,0.0156773511526162,0.0167182077046552,0.0192577249834423,0.021952110619726
"7154",2024-06-05,0.0133428570416886,0.0148139719098658,0.0159636063422576,0.0187205893666044,0.0214813829665889
"7155",2024-06-06,0.0130715698899833,0.0148916056222333,0.0160815069220318,0.0188284564688908,0.0215411767164877
"7156",2024-06-07,0.0123756650161441,0.0145203641162758,0.0158963573960981,0.0186349996224617,0.0214267680568812
"7157",2024-06-10,0.0132156956936217,0.0150304476808232,0.0162795018758305,0.0189841091316036,0.0216023826464649
"7158",2024-06-11,0.0132775625640899,0.0150276420967155,0.016256370030062,0.0189381251397838,0.0215014365974471
"7159",2024-06-12,0.0111811667984276,0.0135197713733812,0.0150894227834478,0.0181859957040937,0.0210463825543057
"7160",2024-06-13,0.0109085487730694,0.0135444506601337,0.0152987327144585,0.0183444072004407,0.0210951742535443
"7161",2024-06-14,0.0121018705937465,0.0147292540207373,0.0163728951554221,0.0192503383969567,0.0216876494514599
"7162",2024-06-17,0.013024461808197,0.0153200757276448,0.016897475061666,0.0196225750044707,0.0220785619921619
"7163",2024-06-18,0.0125227727829596,0.0151629198245414,0.0168511140561642,0.0196286015207445,0.022105099818561
"7164",2024-06-20,0.0142824606779658,0.016724810236069,0.018282576524716,0.0208471223549622,0.0230940771547221
"7165",2024-06-21,0.013755586887976,0.0161902540008147,0.0178025753251007,0.0205978170572856,0.0231436822329969
"7166",2024-06-24,0.0145681067979915,0.0168039834766929,0.0181871241919881,0.0210451180692512,0.0234191379647177
"7167",2024-06-25,0.013635331248387,0.0158780332620548,0.0172804913621019,0.0202966592096091,0.0228540899381001
"7168",2024-06-26,0.0126778711356605,0.0152132705229941,0.0167189953599877,0.0199081151101902,0.0226540557143121
"7169",2024-06-27,0.0123074710102508,0.0149049048256956,0.0164204452872895,0.0196069002834485,0.0222862855236254
"7170",2024-06-28,0.012698431408201,0.0151763276131163,0.0166279431547445,0.0196955323808541,0.0223956930428617
"7171",2024-07-01,0.0117719996405262,0.0143704035027421,0.0157960050827292,0.0190828376604817,0.0218516923787422
"7172",2024-07-02,0.0112283617314503,0.0138417676417988,0.0153451036801425,0.0186959619245914,0.0214828850391294
"7173",2024-07-03,0.011308482169273,0.0139606658331265,0.0155092400044286,0.0189031054292667,0.0217208670565547
"7174",2024-07-05,0.0117650954346971,0.0144084315072717,0.0158907754698549,0.019244304557875,0.0219132665195034
"7175",2024-07-08,0.0122824956120695,0.0146383207587425,0.0160247492214424,0.0193906098501248,0.0219776475406916
"7176",2024-07-09,0.0124831480452348,0.014908003017,0.0162914317836017,0.0196198641111073,0.0221232049771219
"7177",2024-07-10,0.013011842948613,0.014972817405363,0.0163644140240878,0.0196850979232382,0.0221093986879598
"7178",2024-07-11,0.0134080754614059,0.0155474984030345,0.0169590830404405,0.0202489751418145,0.0226020082479446
"7179",2024-07-12,0.0122820916188506,0.0146584345203956,0.016230382614943,0.0197697446985148,0.0221658992880845
"7180",2024-07-15,0.0138887544045638,0.0158280661591894,0.0173340633355742,0.0207199949207913,0.0228885413661205
"7181",2024-07-16,0.0139537965159433,0.0159064366395083,0.0174156118180257,0.0208193545628792,0.0230117416449237
"7182",2024-07-17,0.0168388456078965,0.0182462655114504,0.0194263706062194,0.022188526836143,0.023968307500157
"7183",2024-07-18,0.0198831661250623,0.0201046905866136,0.0209078407728141,0.0232085391551818,0.0245813786279722
"7184",2024-07-19,0.0215331796797358,0.0216110579476566,0.0221354808459408,0.023885353248974,0.0247551185317471
"7185",2024-07-22,0.0178387040225629,0.0189442722512913,0.0199177420323827,0.0221431293404083,0.0236620185735268
"7186",2024-07-23,0.0177843610153501,0.018928349804472,0.0200187368390434,0.0223648369453699,0.0238958408074335
"7187",2024-07-24,0.0272193483714105,0.0261291897701826,0.0261681397734078,0.0266877907512203,0.0263626031980714
"7188",2024-07-25,0.027532294367055,0.026452092912154,0.0264586791156919,0.02693024841235,0.0264599174780635
"7189",2024-07-26,0.0222440384104007,0.0226950831563075,0.0233547810297337,0.024443340930524,0.0249660120518513
"7190",2024-07-29,0.0226080240861871,0.0226255378333943,0.0233142099307657,0.0242779001591886,0.0248216891767377
"7191",2024-07-30,0.0243533558349929,0.0241285075108178,0.0246047493851576,0.0251690775111387,0.0252810838350982
"7192",2024-07-31,0.0217404158438927,0.0219951026350776,0.0227747606198452,0.0237108727502016,0.0241920837588129
"7193",2024-08-01,0.0271289610738763,0.0268154846374171,0.0270791802993659,0.026701559774696,0.0262146210257394
"7194",2024-08-02,0.04171119159752,0.0393634177238859,0.0381473972690442,0.0346865480679378,0.0309939962769739
"7195",2024-08-05,0.0961668963269234,0.0769355961525676,0.0674720371243132,0.0521230785208547,0.039493194382254
"7196",2024-08-06,0.0515480429408708,0.0462307704367143,0.0436397354638204,0.038304903567598,0.0328496409120175
"7197",2024-08-07,0.0563913333625846,0.050004768015122,0.0466291714759098,0.0405128148551757,0.0343567437903197
"7198",2024-08-08,0.0406229352515619,0.0383622108408734,0.0372199775457928,0.0339988884807662,0.0305607072031903
"7199",2024-08-09,0.030761028779183,0.0304824991080669,0.0306092217893775,0.0293590850937204,0.0277921350035339
"7200",2024-08-12,0.0326337655327543,0.0313876892167967,0.0312851641233362,0.0295683304469431,0.0278237895767601
"7201",2024-08-13,0.0250522567115972,0.0255920045807485,0.0265065152288138,0.0261925456794872,0.0258646359740742
"7202",2024-08-14,0.0202511658611204,0.0218752587631335,0.0233834663897711,0.0240958887844641,0.0246628598275204
"7203",2024-08-15,0.0183323742840233,0.0201089313544884,0.0218664183408077,0.0228608087929858,0.0238107291602799
"7204",2024-08-16,0.0174044764498232,0.0198605185759108,0.0218580673151344,0.0230442121802508,0.024052341004952
"7205",2024-08-19,0.0168083005712365,0.019067215790319,0.0211332427355283,0.0221677535236895,0.0233911312525247
"7206",2024-08-20,0.0195419251077783,0.0211183107538743,0.0229907734667549,0.0236340553637746,0.02452790027649
"7207",2024-08-21,0.0201191747756317,0.0215654447708945,0.0233775895354536,0.0238745964116696,0.0247440195276461
"7208",2024-08-22,0.0235210135771324,0.0242436028843632,0.0256593393267958,0.0255158965312431,0.0258137417826997
"7209",2024-08-23,0.0186546708612659,0.0206492462148638,0.0225432048720044,0.0232989252418905,0.0243998801873595
"7210",2024-08-26,0.0196759157595493,0.0213333275583198,0.0229360494120904,0.0234435269825424,0.024375831081265
"7211",2024-08-27,0.0184548780191208,0.0206282320348646,0.0223620066251435,0.0230203730292577,0.0241402211991877
"7212",2024-08-28,0.0220049942427567,0.0233557093254496,0.0244948769120763,0.024392879771801,0.0249685642793462
"7213",2024-08-29,0.019464540678857,0.0216175887752962,0.0231696246417657,0.0236831919662169,0.0246061383604157
"7214",2024-08-30,0.0163747270927716,0.0195246610746125,0.0213571099014367,0.0222697908311726,0.0235802118337864
"7215",2024-09-03,0.0302965977050064,0.0312172440589294,0.03087458498506,0.0287053478913459,0.027466658684354
"7216",2024-09-04,0.03003480964286,0.0312493612030288,0.0309934930479707,0.0289473536668429,0.0278242771222458
"7217",2024-09-05,0.0294296001090191,0.0301182566879737,0.0299392938517792,0.0282984063075618,0.0273935129873127
"7218",2024-09-06,0.0360887186148061,0.0356046828699959,0.034566106349571,0.0318868262886323,0.0297008100275446
"7219",2024-09-09,0.0296835241148262,0.0309722815427338,0.0306226420884819,0.0289772020127114,0.0279084900769011
"7220",2024-09-10,0.0281118917560682,0.0296267779277485,0.0294451556115169,0.0281506743173673,0.027601566173828
"7221",2024-09-11,0.0242136065353035,0.0267666394255243,0.0271730963888497,0.0263822197676902,0.0264408242300362
"7222",2024-09-12,0.0219314648504306,0.0254791604258314,0.0262658462532539,0.0258011857226727,0.0261449855833017
"7223",2024-09-13,0.020715143009007,0.0249256039611949,0.0258867383443914,0.0256547496184785,0.0260558919797776
"7224",2024-09-16,0.0224409482101235,0.0262810842553821,0.0267920094819133,0.026199591300942,0.02644059053345
"7225",2024-09-17,0.0235310141474295,0.0272189573844713,0.0274574938002453,0.0267207686859483,0.0267180594426682
"7226",2024-09-18,0.0246952752880225,0.0281036421583996,0.0279715011025814,0.0271282909312814,0.0269825984620969
"7227",2024-09-19,0.0196885768317709,0.0241605103274314,0.0246039679017403,0.0244377134894369,0.0251627155809565
"7228",2024-09-20,0.0190754747085801,0.0239347521560604,0.0243666663413661,0.0244257466310848,0.0253631842290364
"7229",2024-09-23,0.0185929946507681,0.0239068466337469,0.0239356887886179,0.0241692750441981,0.0252522236200303
"7230",2024-09-24,0.017493406421126,0.0233171376385237,0.0234493452259462,0.0238654018113849,0.0251247356162657
"7231",2024-09-25,0.0180289297580084,0.0241202502380007,0.0242692677014541,0.0245983904321873,0.0257791569270522
"7232",2024-09-26,0.0179099166294262,0.0241657603026621,0.0241882886472916,0.0244627797508031,0.0256516500556155
"7233",2024-09-27,0.020597939793419,0.0267086758773731,0.0262836677138768,0.0261365035235345,0.0268316860383015
"7234",2024-09-30,0.0207124403196186,0.0260778298004954,0.0254405865300936,0.0253969247239751,0.0261781667907258
"7235",2024-10-01,0.0272624053673011,0.0306597911042709,0.0290877041736749,0.0279117197442187,0.0276739721561697
"7236",2024-10-02,0.0261670814624824,0.029667278085019,0.0283793534764587,0.027500954087085,0.0274633461630419
"7237",2024-10-03,0.0292756070883601,0.0319092713829284,0.0302483311914364,0.0287793135905618,0.0281578193474444
"7238",2024-10-04,0.0246032716652184,0.0285218426428982,0.0275650989285571,0.0269354869659462,0.026972141286327
"7239",2024-10-07,0.034637742016094,0.0344506363514057,0.0323792957560011,0.0303597414851637,0.0289902870980023
"7240",2024-10-08,0.0300326335148039,0.0305114650125551,0.029265997069503,0.0282570044362938,0.0277623557091996
"7241",2024-10-09,0.0282748225104954,0.0289005321431424,0.0279839555258174,0.0272756249126492,0.0270282694389674
"7242",2024-10-10,0.0285707497034584,0.0291048868553607,0.0282458891890066,0.0275375264311202,0.0273063584421633
"7243",2024-10-11,0.0282630090045713,0.0284705079490838,0.0277284311297628,0.0272474345409297,0.0271171810351576
"7244",2024-10-14,0.0282972995234194,0.0271064895791737,0.0264692684539764,0.0262701348580127,0.0264066779445129
"7245",2024-10-15,0.0302315109917094,0.0286755119905726,0.0277651573948694,0.0271689973685652,0.0269953019760317
"7246",2024-10-16,0.0278543521483011,0.0272018395479151,0.0266501147850455,0.0264785453867737,0.0265949888444436
"7247",2024-10-17,0.0261570357835761,0.0256279077204691,0.0252549170737355,0.0254549679229226,0.0259872003518271
"7248",2024-10-18,0.0242430547351682,0.0241449899481237,0.0240140778711569,0.0244765219256405,0.0253882622736724
"7249",2024-10-21,0.0256702899948898,0.0248227785474405,0.0242990164981621,0.0245426963716211,0.0254808900260187
"7250",2024-10-22,0.0253506560749479,0.0245362786436346,0.0240071254600378,0.0242426311502264,0.0252588870754786
"7251",2024-10-23,0.0290445655380503,0.0274505841050805,0.0263722875408299,0.0259356576914488,0.0262497230444266
"7252",2024-10-24,0.028105497116524,0.0269249977779237,0.0259995248987539,0.0256739213819022,0.0261152551034977
"7253",2024-10-25,0.0305390732856219,0.0291401894090038,0.0278089905954835,0.0270080085740796,0.0269410803440609
"7254",2024-10-28,0.0296012285931549,0.0278473692112874,0.026646455016307,0.0261351827494684,0.0263871931805325
"7255",2024-10-29,0.0295088527263364,0.0274973523425904,0.0264743959346898,0.0260242450118006,0.0263396243036168
"7256",2024-10-30,0.0310822623343091,0.0289283942360673,0.0277485473829693,0.0270142976872985,0.0269460969492283
"7257",2024-10-31,0.0384073329847461,0.0344507463441213,0.0320891000285716,0.0303195598493467,0.0290277535812036
"7258",2024-11-01,0.0355877459863622,0.0327446159001659,0.0308273017280773,0.0292354935159276,0.0283962072349095
"7259",2024-11-04,0.0357125513074281,0.0320639553930751,0.0301237230341965,0.0287885353912776,0.0281440033819344
"7260",2024-11-05,0.0303018936661073,0.0279010025841856,0.0266763054976899,0.0261711666225863,0.0264280552661682
"7261",2024-11-06,0.019260008532713,0.0206294356007966,0.0213751641607244,0.0227832490006248,0.0243846772433442
"7262",2024-11-07,0.0171126621897388,0.0190752471496838,0.0201300483222242,0.021925103291183,0.024035416972088
"7263",2024-11-08,0.016541592838324,0.0187662842838995,0.0200324114351845,0.0219007573264221,0.0241097539743342
"7264",2024-11-11,0.0171936741199373,0.0189002780526747,0.0201090838060775,0.0219507496786478,0.0241549807259362
"7265",2024-11-12,0.0168011120587151,0.0186407050799979,0.0200391776743983,0.0220209922084897,0.0241942825661387
"7266",2024-11-13,0.0155557012370607,0.0178176676426772,0.0194912459627938,0.0217203474203545,0.0240079999843175
"7267",2024-11-14,0.0153692492932517,0.0176317447212668,0.0193627626219062,0.0216057367764442,0.024155558276045
"7268",2024-11-15,0.0197837929291942,0.0212075985823807,0.022188233504283,0.0237795045674122,0.0256637657291564
"7269",2024-11-18,0.0188696602254451,0.0198245790983955,0.0209263988977107,0.0228029629449406,0.024960547831647
"7270",2024-11-19,0.0199090387275451,0.0206929852333175,0.0216676975514366,0.0232524580814053,0.0250702038823083
"7271",2024-11-20,0.0222219428617019,0.022506014650576,0.0231400839272505,0.0242246697800868,0.0256415768902852
"7272",2024-11-21,0.0205344876563035,0.0214235404073502,0.0223478479134447,0.023702679024161,0.0252639828974304
"7273",2024-11-22,0.017054873244218,0.0191039933931459,0.0206731313563431,0.0225391263003578,0.024456138142903
"7274",2024-11-25,0.0157908945314952,0.01795076957867,0.019617707432336,0.0217430102156937,0.0239464180960596
"7275",2024-11-26,0.0143751986297063,0.0170950942038484,0.0189151287270564,0.0212629979623996,0.0236361286215283
"7276",2024-11-27,0.0142543358125749,0.0169778034028352,0.0187479176612049,0.0211854004519006,0.0236975002498628
"7277",2024-11-29,0.013598734284065,0.0166068102787082,0.0184037704225033,0.0209247913181258,0.0234101283874607
"7278",2024-12-02,0.0133492016840583,0.0167677631518791,0.0184352410415744,0.0207324564246672,0.0233743840685168
"7279",2024-12-03,0.0128629709320606,0.0164611439719446,0.0181670557095112,0.0206293356381747,0.0233418287478635
"7280",2024-12-04,0.0127991159831298,0.0164989130914702,0.0184388681082728,0.0210994594370803,0.0238598003419892
"7281",2024-12-05,0.0127034324098585,0.0167640948614974,0.0187435353684792,0.021431491123244,0.0240937930792405
"7282",2024-12-06,0.0116808542873716,0.0162652361678514,0.0183839281906185,0.020991807787874,0.0238793737670302
"7283",2024-12-09,0.0144622117777119,0.0183131854855218,0.0200178081017423,0.0222670614957398,0.0247762192973022
"7284",2024-12-10,0.0146826780260064,0.0183599539609134,0.0200440822457369,0.0224021083885237,0.0248439734233445
"7285",2024-12-11,0.0129634249020918,0.0175328315781072,0.0195566042954715,0.0222623763376878,0.0248742117485388
"7286",2024-12-12,0.0136467742805666,0.0182246027829122,0.0202480312296097,0.022904077394873,0.0252796262295537
"7287",2024-12-13,0.0134716538797703,0.0180540985620255,0.0200718106089803,0.0228506897863664,0.0253188977102966
"7288",2024-12-16,0.015294738198694,0.0191404707741298,0.021073279611368,0.0235797586766195,0.025672160930196
"7289",2024-12-17,0.0170158675467511,0.0203117124427371,0.0220097146103752,0.0243079077567868,0.0261043087784171
"7290",2024-12-18,0.0361418337566785,0.0325699690575322,0.0315310531166724,0.0308376007959466,0.0297022293533128
"7291",2024-12-19,0.0365886541339815,0.0350006036878039,0.034020820081682,0.0326117140989799,0.0302930225267121
"7292",2024-12-20,0.0245580938298948,0.0259625607557068,0.0266028150225469,0.0273854929248852,0.0275354691237397
"7293",2024-12-23,0.0199055796000183,0.0219566309278291,0.0230748473383649,0.0245954351561728,0.0259530180498341
"7294",2024-12-24,0.0144059302337747,0.0177876940132715,0.0194760261949247,0.0217695198136529,0.0242072221890621
"7295",2024-12-26,0.014896868126379,0.0180375106458957,0.0197147765395295,0.0220328159000084,0.024208949419762
"7296",2024-12-27,0.018031726128192,0.0203337552404965,0.0215770167594966,0.0233737023896754,0.0248217629809315
"7297",2024-12-30,0.0211727770668445,0.0224811183062684,0.0232436786635731,0.0245979485147844,0.0256928825981808
"7298",2024-12-31,0.0212677662786308,0.0226205634121849,0.0235186718162007,0.0248954804358998,0.0257926875352325
"7299",2025-01-02,0.0232174301610487,0.0239249042805052,0.0244654604831897,0.0254732380709386,0.0261375293067534
"7300",2025-01-03,0.0185387748592374,0.0206727412780472,0.021814649331754,0.023460334888535,0.0247520663371899
"7301",2025-01-06,0.0190697577271187,0.0207978268944433,0.0218749361522136,0.0234664999090155,0.0247746383362107
"7302",2025-01-07,0.0234247903026256,0.0240774611754853,0.0246138513007685,0.0254264082547751,0.0259324322300546
"7303",2025-01-08,0.0224426571222516,0.0235838449428417,0.0242839992112253,0.0251111566201486,0.0257851549106469
"7304",2025-01-10,0.027661708879675,0.0281029008337197,0.02824374635283,0.0281327669528173,0.0277062044920388
"7305",2025-01-13,0.0270229876601299,0.0270857731607453,0.0271816061412911,0.0273928617024229,0.0272713982871686
"7306",2025-01-14,0.0268067333907733,0.0264410132400821,0.0266533638821592,0.0270683495544249,0.027072450389014
"7307",2025-01-15,0.0191181831394708,0.020668876175842,0.0218247229915278,0.0236286775628891,0.0249870182787726
"7308",2025-01-16,0.0189551996958068,0.0204189693729926,0.0216146469432206,0.0234670995959416,0.0250254974891958
"7309",2025-01-17,0.0188382469008786,0.0203357426675773,0.0215228521138537,0.0233678987747377,0.0249714764835179
"7310",2025-01-21,0.01693217855141,0.0186166748229532,0.0199226465648302,0.0221592662921092,0.0242264697019665
"7311",2025-01-22,0.0164747728686978,0.0188033584532551,0.0202372170695158,0.0224013958800352,0.0243532990543807
"7312",2025-01-23,0.015985601763187,0.018376832187458,0.0198706272496815,0.0220600448113027,0.0241057588383514
"7313",2025-01-24,0.0157743695822272,0.0182826999761191,0.0198102118376615,0.0219905775162422,0.0241519815699695
"7314",2025-01-27,0.0235888661658895,0.0236054789054621,0.0239723507236127,0.0247756639888656,0.0256784667112003
"7315",2025-01-28,0.0193332933743278,0.0206038996159004,0.0214766766542859,0.0229568694070224,0.0245099558166436
"7316",2025-01-29,0.0199820348397657,0.0209425988877496,0.0216828012166285,0.0230868359307011,0.0246085560254574
"7317",2025-01-30,0.0183232802652552,0.0201314791981522,0.021159028120544,0.0229137127459211,0.0245482272312547
"7318",2025-01-31,0.0200090777633562,0.021350213547716,0.022179992930689,0.0237722333594925,0.0251195454248121
"7319",2025-02-03,0.0250746187938191,0.0246117278381431,0.0246536911064912,0.0252469932041879,0.0261151454199417
"7320",2025-02-04,0.0205734916993238,0.0216177607910011,0.0222693199688494,0.0235381970499485,0.0250279836112245
"7321",2025-02-05,0.0183973248300676,0.020119840106816,0.0211533332611038,0.0228156586724412,0.0245522619942263
"7322",2025-02-06,0.0170678263916049,0.0192313061434325,0.02052578157688,0.0223654566633615,0.0242483598354985
"7323",2025-02-07,0.0194788694560551,0.0211258115467142,0.0221327681072257,0.023581697939884,0.0250519033933246
"7324",2025-02-10,0.017910629097451,0.019831135177955,0.0211364878159342,0.0228969772451932,0.0245353700108236
"7325",2025-02-11,0.0179630483395714,0.0199639908070466,0.0212708650513354,0.0230230368010849,0.024646570747175
"7326",2025-02-12,0.0183675691427872,0.0201294266258392,0.0214554860139504,0.0232673493212513,0.0248039135764087
"7327",2025-02-13,0.0163447584333188,0.0186940159953681,0.020286108228635,0.0224008232468198,0.0242635709350376
"7328",2025-02-14,0.0156092857056501,0.0183192446498195,0.0201069123234846,0.0223676040022356,0.0243258797748564
"7329",2025-02-18,0.0167422816831709,0.018802977257751,0.0203679236415565,0.0225443853751353,0.0244373426134582
"7330",2025-02-19,0.0160388760287211,0.0183760155067804,0.0200771839178402,0.0223555095248747,0.0243303233206008
"7331",2025-02-20,0.0164748117251923,0.0186259950469073,0.0202975141843431,0.0224824179185568,0.0246074015099331
"7332",2025-02-21,0.0237812167039687,0.0238021164416213,0.0243166477729547,0.0253767947854952,0.0262290305471731
"7333",2025-02-24,0.026834976835875,0.0257686698105644,0.0256984460228774,0.0261436365983576,0.0268091342292454
"7334",2025-02-25,0.0279573616353736,0.0266736211399794,0.0264424776431051,0.0266485226383831,0.0270073949865752
"7335",2025-02-26,0.0278714365681961,0.0264057089597042,0.0262169575700623,0.0264191942592417,0.0267571634800008
"7336",2025-02-27,0.0340307159212014,0.0311603532183671,0.0301381486700198,0.0294099071204322,0.0285803559536039
"7337",2025-02-28,0.0271242932868829,0.0268103131463536,0.026656781284664,0.0267279169556509,0.0270090784408114
"7338",2025-03-03,0.0387291108015422,0.0343901541657617,0.0326989502335955,0.0309381123016201,0.0296476118304796
"7339",2025-03-04,0.0422179837432558,0.036870644688019,0.034713248337738,0.0325211191236609,0.0306877275751496
"7340",2025-03-05,0.0364126933168664,0.032740436841482,0.0312352680216767,0.0300349680940508,0.0293229958963828
"7341",2025-03-06,0.04859919709853,0.0413785840099879,0.0379390690186229,0.0348704775083834,0.0322761983236043
"7342",2025-03-07,0.0409465270546495,0.0362748283849022,0.0339521127697969,0.0320449192354227,0.0305634491857079
"7343",2025-03-10,0.0592509720290209,0.048290313005609,0.0433629013501638,0.0387270594830758,0.034413937125545
"7344",2025-03-11,0.0575486350593262,0.0483498913293391,0.0438741826234396,0.0394935855130974,0.0350961806013377
"7345",2025-03-12,0.046825286793136,0.0409020971555596,0.0381458211752694,0.0353798285173848,0.0324511272283076
"7346",2025-03-13,0.0512672134317776,0.0445748249038931,0.0411397899198751,0.037749802851805,0.0339930905039194
"7347",2025-03-14,0.0382180231722563,0.0354157464682784,0.0339620606049422,0.032591603992037,0.0307980130608725
"7348",2025-03-17,0.0353212258362593,0.0329151417922755,0.0318503389667184,0.0310713083498772,0.0298258153035866
"7349",2025-03-18,0.039743124706557,0.0358387703328344,0.0341807494519382,0.0327656584364016,0.0308674397944167
"7350",2025-03-19,0.0335811440500738,0.0315958298204755,0.0307926357101625,0.030371281865966,0.0294492609526837
"7351",2025-03-20,0.0324185453808268,0.0309412295596341,0.0303992632356609,0.0300300309736318,0.0291432474473814
"7352",2025-03-21,0.0303621949259301,0.0296233819445097,0.0292082367955339,0.0291322333890799,0.0285768425924936
"7353",2025-03-24,0.0254297920684062,0.0256970963120424,0.0258507523008873,0.0263833043646255,0.0267809652468097
"7354",2025-03-25,0.0238974539041612,0.0252517023617903,0.0255994964247964,0.0261983124699964,0.0265633152278734
"7355",2025-03-26,0.0276683150434239,0.0281537727583681,0.0281213634990544,0.0282138172141176,0.0278333203797736
"7356",2025-03-27,0.0283388032486616,0.0285660937323823,0.0283350922308514,0.028345292020479,0.027863396469113
"7357",2025-03-28,0.0374138152304629,0.0356263763617683,0.0340282342209305,0.0326768171136485,0.0306112450869279
"7358",2025-03-31,0.0375433820411264,0.0352307877681647,0.0335604076761054,0.0322267785424282,0.030312996614132
"7359",2025-04-01,0.0367075505430245,0.0345546475243881,0.0331291224291574,0.0320341009677749,0.0303054765300638
"7360",2025-04-02,0.0352138394119554,0.0332763514590886,0.0320245847166177,0.0309183324367538,0.0294158803306222
"7361",2025-04-03,0.0666181479469898,0.0560048553972192,0.0509742454167425,0.044621066029708,0.0375679715116832
"7362",2025-04-04,0.142246807851052,0.103679315201439,0.0867721539081096,0.0667412041473318,0.0496328305425037
"7363",2025-04-07,0.164945158098251,0.111284497947573,0.0935709779276348,0.0705108409235568,0.0518451498452826
"7364",2025-04-08,0.193229261495723,0.133054289276688,0.1113821257941,0.080661743120426,0.0565820026597235
"7365",2025-04-09,0.0785723102406863,0.0638385630740331,0.0587736112481826,0.0496154842555307,0.0408250332931451
"7366",2025-04-10,0.130385225117515,0.0976667915184249,0.0859525031927561,0.0671083255281835,0.0512540085361973
"7367",2025-04-11,0.108825770816079,0.0842076573353705,0.0756299188663465,0.0612405868419155,0.048601395781165
"7368",2025-04-14,0.0735296053305579,0.062230709019643,0.0585861427476979,0.0508859929432206,0.0432232614484332
"7369",2025-04-15,0.0682464494424868,0.0595611826442894,0.0566347635689156,0.0498017416476142,0.0426236720724841
"7370",2025-04-16,0.0831010962069698,0.0692313444591461,0.0650189165382334,0.0560403617842869,0.046629493541791
"7371",2025-04-17,0.0724431271623035,0.0632784753753104,0.0600764413821008,0.0532317512448334,0.0580820202979154
"7372",2025-04-21,0.0925413859778889,0.0754018816782798,0.0696918265232528,0.0600429056137243,0.0495251163008134
"7373",2025-04-22,0.0762593816401706,0.0648114312932672,0.0609668931120675,0.0538157455645751,0.0456058749533726
"7374",2025-04-23,0.0655952551973347,0.0582936374249418,0.0556021759647409,0.0499676445418762,0.0431436086865075
"7375",2025-04-24,0.0572641779871955,0.0518971523518892,0.0500145513301033,0.0458184733088919,0.0405790399248954
"7376",2025-04-25,0.0498856771352716,0.0472729332837084,0.0461362444124974,0.042981582507155,0.0387364050067871
"7377",2025-04-28,0.0498120297001897,0.0476412406175988,0.0464697802717116,0.0432594175548815,0.0390378490591145
"7378",2025-04-29,0.0465529737136517,0.0458531058646805,0.0453552555250042,0.0428336597286051,0.0389290885865287
"7379",2025-04-30,0.0495579594354714,0.0480667610104878,0.0472428900141934,0.0442455249348931,0.0399676073143346
"7380",2025-05-01,0.0463103835362167,0.0459157839807493,0.045374415813943,0.042950844606975,0.0391151314229158
"7381",2025-05-02,0.0401295129279474,0.0414436475265385,0.041763220693429,0.040358615220282,0.0375079366768403
"7382",2025-05-05,0.0431219485280919,0.0437333570139059,0.0435828734660036,0.0415751655371459,0.0383956366776788
"7383",2025-05-06,0.0469328332269008,0.0465975542562134,0.0460887738677017,0.0435431615901885,0.0397528348784103
"7384",2025-05-07,0.0441422467367008,0.0444463647178894,0.0442682304288561,0.0424215820784163,0.0390645953944888
"7385",2025-05-08,0.0406456958925328,0.0414776924022811,0.0417484144005702,0.0406394482413838,0.0379692005077477
"7386",2025-05-09,0.0390158585294937,0.0399826834452011,0.0404227902647595,0.0397001140316541,0.0374564640938405
"7387",2025-05-12,0.0269645562386219,0.0288044981425833,0.0301603191169975,0.0316395091710132,0.0317884180090249
"7388",2025-05-13,0.0261261145829946,0.027919571515494,0.0292811656638244,0.0306248728253843,0.0308017217219969
"7389",2025-05-14,0.0275446537122901,0.0296395219029067,0.030788702574539,0.0315754578751836,0.0312231193124802
"7390",2025-05-15,0.0258444915329896,0.0283234177411446,0.0296392352861868,0.0306525250883861,0.0307271710363941
"7391",2025-05-16,0.024375833149757,0.0276825567370818,0.0291392662709249,0.0303986127318416,0.0306461372304227
"7392",2025-05-19,0.0272173762869699,0.0295322039166068,0.0304606312825865,0.0313464535930112,0.0312614507494565
"7393",2025-05-20,0.0268035730647247,0.0294469002250115,0.0305841789361358,0.031463586371569,0.0313105774631275
"7394",2025-05-21,0.0344221920397231,0.0352480642946932,0.0356125896790595,0.0352616917062056,0.0336125952253683
"7395",2025-05-22,0.0337154447572208,0.0349747954547271,0.035354657637833,0.0351383188576583,0.0335153799986144
"7396",2025-05-23,0.039463401548106,0.0394594663122108,0.0390820290932781,0.0378024365541946,0.0353125211392298
"7397",2025-05-27,0.0287054900157384,0.0313208185813076,0.0321755171253142,0.0326879056173961,0.031984279028231
"7398",2025-05-28,0.0297388940561063,0.0323833117683943,0.0332098325094975,0.0334843326651545,0.0324506836350459
"7399",2025-05-29,0.0286874628743008,0.0316526276576719,0.0327016814364374,0.0332047964959413,0.0322757927708698
"7400",2025-05-30,0.0282739609011572,0.0313664851210206,0.032501925434011,0.033144561507406,0.0321855484746316
"7401",2025-06-02,0.0275642019551435,0.0307701274059646,0.031738759226024,0.0324327399520676,0.0317512047595545
"7402",2025-06-03,0.025272956223625,0.0291775641271007,0.030432979180387,0.0315338377758762,0.0312862321187167
"7403",2025-06-04,0.0250114287093515,0.0291823290128734,0.030427742104823,0.0316400282812643,0.0313982538747703
"7404",2025-06-05,0.027589198758614,0.0309016355857462,0.0317945365430661,0.0325348997499354,0.031987439766535
"7405",2025-06-06,0.0227069975023723,0.0271952877152183,0.0287417178983991,0.030344632204934,0.0303610333741385
"7406",2025-06-09,0.0238024550903082,0.0273963896375089,0.0288204354894073,0.0303713462439683,0.030447762049381
"7407",2025-06-10,0.0228089641364501,0.0266365185670196,0.0281454184532668,0.0297737361480756,0.0299832677927205
"7408",2025-06-11,0.0245988678389739,0.0278527525833837,0.0290948134996505,0.0303192996785554,0.0303755081545607
"7409",2025-06-12,0.025479721578565,0.0283245529466581,0.0294185416560653,0.030554665303984,0.0304665015361192
"7410",2025-06-13,0.0334873868865283,0.034757615710216,0.0348190525352956,0.034296885464291,0.0327464393046987
"7411",2025-06-16,0.0277434270659107,0.0298681144456682,0.0306907846005893,0.0312907533290119,0.0306913344698265
"7412",2025-06-17,0.0345128277580509,0.03476326732501,0.0345022800453255,0.0338679647640626,0.0323274272538267
"7413",2025-06-18,0.0318495615887596,0.0329715410661626,0.0331037554925267,0.0329055104311174,0.031641684920452
"7414",2025-06-20,0.0325585194467218,0.0338539109381563,0.0338456089302109,0.0336223009429186,0.0320822668732445
"7415",2025-06-23,0.0296091851704708,0.0313828047680327,0.0315995137005869,0.0319603252057249,0.0309928745496975
"7416",2025-06-24,0.0235740081056683,0.0264502615840275,0.0274479602834815,0.0290685860879575,0.0293222642445472
"7417",2025-06-25,0.0221256366602884,0.0255716448210832,0.0268525350087767,0.0287747206482858,0.0292273305670803
"7418",2025-06-26,0.0212116913471594,0.0250144367572688,0.0263446354966282,0.0283799523977705,0.029009231656122
"7419",2025-06-27,0.0208840280079642,0.0250467439048795,0.0264881573396219,0.0283705491251013,0.0290345674881806
"7420",2025-06-30,0.021837081286032,0.0253341618195135,0.0264887723524259,0.0282798960442803,0.028954202036416
"7421",2025-07-01,0.0222100740207068,0.0257018248965064,0.0268549871507948,0.0285663681548739,0.0292496449519376
"7422",2025-07-02,0.0217932120225341,0.0253254855083325,0.0265169839786075,0.0282374245170555,0.0289945930322437
"7423",2025-07-03,0.0214722457739032,0.0250011527429072,0.0262441909698186,0.0280370662721828,0.0288394851824094
"7424",2025-07-07,0.0256444428131019,0.0279645612845726,0.0285912439886254,0.0296153807446833,0.0298130285041055
"7425",2025-07-08,0.0231631169918993,0.0262495782222394,0.0271765384283024,0.0286089659998589,0.0291998955176625
"7426",2025-07-09,0.0206743727953105,0.024099434275319,0.0254927577595297,0.0276128648725286,0.0286171741053196
"7427",2025-07-10,0.0201522309623869,0.023506494020318,0.0249467397944898,0.0272410120129042,0.0284045561875535
"7428",2025-07-11,0.0214406425292234,0.0245989779153972,0.0259342963890479,0.0280113115343027,0.0288682705394106
"7429",2025-07-14,0.0238993468089854,0.0259930280988388,0.0270932837153803,0.0287091581038925,0.0292084836924283
"7430",2025-07-15,0.0244299351308516,0.0265733360043896,0.0277042937223444,0.0292327355877663,0.0296052428852323
"7431",2025-07-16,0.0236916905022645,0.0262795909400497,0.0275704016543327,0.0292443588032214,0.0295758828206631
"7432",2025-07-17,0.0220792498314264,0.0251598963600339,0.026630011040198,0.0285659632253421,0.0291882820798499
"7433",2025-07-18,0.0214417125969849,0.0247383085446852,0.0263017281210503,0.0283180428636323,0.02903118791553
"7434",2025-07-21,0.0220811265349918,0.0249842752780512,0.0264139339641489,0.0280591855618503,0.0290694657961202
"7435",2025-07-22,0.0212665979998126,0.0244162331754664,0.0260517218566849,0.0279852273192112,0.0290918561042055
"7436",2025-07-23,0.0185803695300254,0.0221334509695099,0.0240377921575109,0.0264869896338069,0.028122783196881
"7437",2025-07-24,0.0185297921801209,0.0221243532403197,0.0239947891801735,0.0263508758770084,0.0280200211898927
"7438",2025-07-25,0.0173745327505825,0.0212983418846949,0.0232450667820855,0.0257087765497474,0.0275869952180525
"7439",2025-07-28,0.0175746559929466,0.0211096698032338,0.0229643539544668,0.0253311589386587,0.0272191550336613
"7440",2025-07-29,0.0194419510341892,0.0226067885250325,0.0241370537148136,0.026249636803125,0.0278802201772121
"7441",2025-07-30,0.0195036403544587,0.0225939833782303,0.0242069983976727,0.02629162760617,0.0278678384551223
"7442",2025-07-31,0.0213184591977398,0.0237197558944065,0.0250534887024194,0.0268149323724243,0.0280873890864624
"7443",2025-08-01,0.0305408670559862,0.0305866854215476,0.0306137986401187,0.0305486700664411,0.0302989065000297
"7444",2025-08-04,0.0228552965788088,0.0250086009606497,0.0260867325204818,0.0273544971293158,0.0283157715196219
"7445",2025-08-05,0.0243007676251155,0.026333936879799,0.0271922556141938,0.0281400154310745,0.0287575264181365
"7446",2025-08-06,0.0212625326959092,0.0240998193886656,0.0253942194960258,0.0269491361593398,0.0281379353615777
"7447",2025-08-07,0.0218348468689662,0.0244764005862396,0.0257070406035684,0.0272240470444554,0.0284195076986054
"7448",2025-08-08,0.0182184017626894,0.0219303091710333,0.0238539521314132,0.0260761649165854,0.0277757872839327
"7449",2025-08-11,0.0203255022549495,0.0231862582874885,0.0247760780833292,0.0266502916556972,0.0280745841673305
"7450",2025-08-12,0.0170475335470805,0.0206253359769133,0.0226634023218147,0.0252400793528368,0.0272948496745779
"7451",2025-08-13,0.0161295316291641,0.0201912762930562,0.0224464567003327,0.0252817722606395,0.0274240118327902
"7452",2025-08-14,0.0166058981206585,0.0204597391218159,0.0226476409936762,0.02534874486532,0.0274336704254749
"7453",2025-08-15,0.0174909017109468,0.0211912007647644,0.0233414828882902,0.0258956235114079,0.0277608920673489
"7454",2025-08-18,0.0175528283124942,0.020956946494439,0.0229101881008098,0.025336964274283,0.0274483901192284
"7455",2025-08-19,0.0192487240988716,0.0223333551992005,0.0240479353895206,0.0262292138248669,0.0280022004653482
"7456",2025-08-20,0.0198761509241832,0.0229188131191794,0.0246219678347288,0.0267058400850408,0.02829045775621
"7457",2025-08-21,0.022530946876969,0.0244847453643291,0.0257570732613817,0.0275404794968635,0.0288523226087636
"7458",2025-08-22,0.0162041113535903,0.0196769949840679,0.0218205836845828,0.0245974909236881,0.0269592361185154
"7459",2025-08-25,0.0172879693743622,0.0208573225859585,0.0228871819115487,0.0255465217821425,0.027574067217193
"7460",2025-08-26,0.0170611558363901,0.0205658366351614,0.0225796114701079,0.0253367266279886,0.0274615655435283
"7461",2025-08-27,0.0173190016878094,0.0206941154739059,0.0225742376391474,0.0253256910911733,0.0273988812453756
"7462",2025-08-28,0.0158128221197806,0.0199033663671513,0.0218375041468024,0.0248056471418989,0.0271123496959238
"7463",2025-08-29,0.0181282800446517,0.0215241910423776,0.0231982270372051,0.0258084543506401,0.0276948438199391
